replicate,RZ_ratio,log_RZ_ratio,coupling_advantage
0,1.00085014901,0.000849787835304,0.000424803663015
1,1.00225168332,0.00224915208462,0.00112394394364
2,1.00209539394,0.00209320166844,0.00104605333859
3,1.00325688902,0.00325159684302,0.00162447752719
4,1.00206007471,0.00205795566955,0.00102844861861
5,1.00301501297,0.00301047693447,0.00150410616401
6,1.00257167842,0.00256837731777,0.00128336444148
7,1.00163533126,0.00163399555918,0.000816664127776
8,0.998114927078,-0.00188685190817,-0.000943871120336
9,1.00090700232,0.000906591246076,0.000453192900099
10,1.0018955745,0.00189378016098,0.000946441921543
11,1.00391333807,0.00390570088086,0.00195094486864
12,1.00109557781,0.00109497809942,0.000547339204926
13,1.0005835509,0.000583380702416,0.000291647813714
14,1.00317046251,0.00316544719313,0.0015814717501
15,1.00359991699,0.00359345279604,0.00179511325142
16,1.00326144254,0.00325613556952,0.00162674320134
17,1.00243008964,0.00242714174762,0.00121283479447
18,1.00265977365,0.00265624271363,0.00132723979396
19,1.00220496264,0.00220253527656,0.00110066146561
20,1.00383867192,0.00383132302205,0.00191382780262
21,1.00672510995,0.00670259727794,0.00334568930562
22,1.00147281353,0.0014717300054,0.000735594320447
23,1.00328186248,0.00327648892203,0.00163690327106
24,1.00335292238,0.00334731387378,0.00167225715415
25,0.999732019594,-0.000268016319612,-0.000134017139301
26,1.00016460382,0.000164590273397,8.22917505469e-05
27,1.00153372514,0.00153255018977,0.000765981581101
28,1.00062721189,0.000627015276551,0.000313458499891
29,1.00111878755,0.00111816217663,0.000558924831607
30,1.00081436542,0.000814034001015,0.000406934180325
31,1.00124847684,0.00124769814573,0.000623654519491
32,1.00154839013,0.00154719261379,0.000773297158419
33,1.00382423471,0.00381694091275,0.00190665048461
34,1.00082879401,0.000828450747694,0.000414139594361
35,1.00225801712,0.0022554716321,0.00112710016099
36,1.0005510136,0.00055086184315,0.000275392993961
37,1.00122482411,0.00122407462729,0.000611850057012
38,1.00189832655,0.00189652700051,0.000947814040502
39,1.00152212269,0.00152096543217,0.000760193622391
40,1.00089440743,0.000894007689936,0.000446903953634
41,1.00456912712,0.00455872034567,0.00227676440404
42,1.00158944731,0.00158818547304,0.000793777528325
43,1.00356508784,0.00355874797898,0.00177779184214
44,1.00348068772,0.0034746441431,0.00173581380114
45,1.00646874657,0.0064479140201,0.00321876564107
46,1.00004449934,4.44983455774e-05,2.22489252777e-05
47,1.00117147795,0.00117079230838,0.00058522484329
48,1.00289630905,0.00289212282603,0.00144501637
49,1.00250030311,0.00249718254782,0.00124781210815
50,1.00188967515,0.00188789195598,0.000943500601134
51,1.00526314132,0.00524933939584,0.00262122826394
52,1.00262418636,0.00262074919614,0.00130951643216
53,1.00098531359,0.000984828486663,0.000492293027335
54,1.00208804932,0.00208587237293,0.00104239251754
55,1.0035756277,0.00356925034529,0.00178303367602
56,1.00226467891,0.00226211838852,0.0011304197879
57,1.00433764213,0.00432826168097,0.0021617907977
58,1.00035660623,0.00035654265812,0.000178255439671
59,1.000202332,0.000202311531651,0.000101150649753
60,1.00418535102,0.00417661679631,0.00208612939924
61,1.00085785681,0.000857489057402,0.0004286526309
62,1.00243887631,0.00243590707322,0.00121721213223
63,1.00149345509,0.0014923409945,0.000745892181272
64,1.00033025901,0.000330204489266,0.000165088616008
65,1.00193008249,0.00192822227458,0.00096364653147
66,1.00149688124,0.00149576203475,0.000747601424074
67,1.00221143006,0.00220898844432,0.00110388449292
68,1.00178290583,0.00178131833591,0.00089026264881
69,1.0026035556,0.00260017221945,0.0012992413639
70,1.00193702363,0.0019351500217,0.000967107061085
71,1.00308572571,0.00308097462519,0.00153930137107
72,1.00507268594,0.00505986321159,0.00252673402595
73,1.0018937923,0.00189200133593,0.000945553350397
74,1.00103917195,0.00103863238542,0.000519181371393
75,0.998546616827,-0.00145444035829,-0.00072748466785
76,1.00351704866,0.00351087830435,0.00175389927005
77,1.00118998498,0.00118927751077,0.000594461992801
78,1.00143238177,0.00143135689311,0.00071542240982
79,1.0014359438,0.00143491381625,0.000717199597459
80,1.00240806915,0.00240517439342,0.00120186437851
81,1.00174560351,0.0017440817167,0.000871660741221
82,1.0020393552,0.00203727853439,0.00101812063033
83,1.00051501436,0.000514881787896,0.000257407758885
84,1.00118624906,0.00118554602621,0.000592597357891
85,1.00181967595,0.00181802234528,0.000908598147141
86,1.00268493575,0.00268133774585,0.0013397705779
87,1.00093849613,0.000938056018153,0.000468918032634
88,1.0061877991,0.00616873328026,0.003079614868
89,1.00272917462,0.00272545718333,0.00136180049869
90,1.00471052219,0.0046994623937,0.00234697273947
91,1.00278316644,0.00277930059951,0.00138868518289
92,1.00459957543,0.00458902970753,0.00229188446676
93,1.00209679496,0.00209459975061,0.00104675164819
94,1.00110951977,0.00110890470922,0.000554298674307
95,1.00325615423,0.00325086443997,0.00162411192048
96,1.00058923464,0.00058906111416,0.000294487187213
97,1.00406854958,0.00406029541366,0.00202808835081
98,0.999840762045,-0.000159250634564,-7.96284874616e-05
99,1.00254681743,0.00254357978966,0.0012709815128
100,1.00268340637,0.00267981246768,0.00133900896028
101,1.00088526128,0.000884869669622,0.000442336974952
102,1.00279710247,0.00279319785522,0.00139562413718
103,1.00018469894,0.000184681880264,9.23366768386e-05
104,1.00332304095,0.0033175318538,0.00165739093507
105,1.00142771162,0.00142669340546,0.000713092331458
106,1.00465170671,0.00464092095435,0.00231777028999
107,1.00054264675,0.000542499573078,0.000271213001641
108,1.00169436041,0.00169292660155,0.000846105151775
109,1.00159639603,0.0015951231447,0.000797243604658
110,0.997616346179,-0.00238649924644,-0.0011939618288
111,1.00438461068,0.00437502628115,0.00218512227737
112,1.00122861269,0.00122785855949,0.000613740863725
113,1.00140679943,0.00140581081,0.000702658424865
114,1.00427996117,0.00427082818889,0.00213313571981
115,0.999539128324,-0.000460977910196,-0.000230515519718
116,1.00215095321,0.00214864322292,0.0010737447346
117,1.00480564581,0.00479413555405,0.00239419710425
118,1.00338659555,0.00338087395132,0.00168900899183
119,0.999793974554,-0.000206046672445,-0.000103028643308
120,1.00296325235,0.0029588705709,0.00147834146055
121,1.00226906819,0.00226649774527,0.00113260698863
122,1.00114049046,0.00113984059338,0.000569757922964
123,1.00182128056,0.00181962404422,0.000909398268643
124,1.00198051315,0.00197855451825,0.0009887880857
125,1.00254949358,0.00254624913484,0.00127231448815
126,1.00341908739,0.00341325560467,0.0017051723412
127,1.00177231675,0.00177074805155,0.000884982197838
128,1.00250404053,0.0025009106442,0.00124967382862
129,1.00529805193,0.00528406662385,0.0026385462136
130,1.00013072027,0.000130711722843,6.53537257737e-05
131,1.00016285779,0.000162844525543,8.1418948069e-05
132,0.99934229682,-0.000657919561348,-0.000329013893876
133,1.00239896667,0.00239609374088,0.0011973294988
134,1.00399140888,0.00398346433975,0.00198974998757
135,1.00398850502,0.00398057202519,0.00198830670673
136,1.00222649176,0.00222401680402,0.00111139034978
137,1.00117499269,0.00117430292575,0.000586979123184
138,1.00496290996,0.00495063531778,0.00247225658636
139,1.00180584662,0.00180421804052,0.000901702242248
140,1.00181696516,0.00181531647685,0.000907246441284
141,1.00170435698,0.00170290621164,0.000851090722484
142,1.0027690505,0.00276522374729,0.0013816565062
143,1.00228898593,0.00228637019479,0.00114253191024
144,1.00273431045,0.00273057902103,0.0013643579268
145,1.00419207059,0.00418330834137,0.00208946818647
146,1.00301684027,0.0030122987437,0.00150501569812
147,1.00186575469,0.00186401633266,0.000931573981617
148,1.00212179138,0.00211954355843,0.00105921041942
149,1.00271314581,0.00270947187692,0.00135381869798
150,1.00213713349,0.0021348530678,0.00106685703685
151,1.00106829195,0.00106772173411,0.000533718388698
152,0.999046173228,-0.000954281954526,-0.000477254827126
153,1.00000123762,1.23762222646e-06,6.18810921726e-07
154,1.00090448609,0.000904077286291,0.000451936489071
155,1.0029166343,0.00291238917337,0.0014551348498
156,1.00319258559,0.00318750011036,0.00159248070999
157,1.00380212752,0.00379491769891,0.00189565981246
158,1.00048986316,0.000489743212836,0.000244841627813
159,1.00118150723,0.00118080980135,0.000590230645999
160,1.00331551165,0.00331002746449,0.00165364495224
161,1.00274087116,0.00273712182403,0.00136762485959
162,1.00228234257,0.00227974198051,0.00113922158409
163,1.00240816679,0.00240527180274,0.00120191302463
164,1.00034857648,0.000348515740229,0.000174242688094
165,1.00423006386,0.00422114229069,0.00210834545617
166,1.00326194087,0.00325663228377,0.00162699115442
167,1.00107359325,0.00107301735646,0.000536364783186
168,1.00493325905,0.00492113040102,0.0024575404913
169,1.00170567312,0.0017042201103,0.000851747112474
170,1.00280388782,0.00279996426102,0.00139900261268
171,0.999720391252,-0.000279647846236,-0.000139833698938
172,1.00206926561,0.00206712763151,0.00103302987264
173,1.00082875225,0.000828409025184,0.000414118741745
174,1.00227471385,0.00227213060107,0.00113542022266
175,1.00290660858,0.00290239256123,0.00145014380447
176,1.00057913385,0.000578966219041,0.000289441213328
177,1.00073095679,0.000730689770101,0.000365278154735
178,1.00443081948,0.00442103229586,0.00220807475635
179,1.00186518472,0.00186344742516,0.000931289792817
180,0.999627279886,-0.00037278959133,-0.000186412168254
181,1.0037555979,0.0037485632503,0.0018725262562
182,0.999612338477,-0.000387736683068,-0.000193887135215
183,1.00096136155,0.000960899737539,0.000480334471213
184,1.00413766274,0.00412912615015,0.00206243333064
185,1.00259800081,0.00259463184293,0.00129647477095
186,1.00225892936,0.00225638181425,0.00112755473903
187,1.00262768889,0.00262424254844,0.00131126081948
188,1.00330832555,0.00330286508473,0.00165006967797
189,1.00155760593,0.00155639411827,0.000777894342331
190,1.00647432291,0.00645345450058,0.00322152696073
191,1.00205020659,0.00204810778067,0.00102352972609
192,1.00319099795,0.00318591752379,0.00159169067651
193,1.00092976789,0.000929335924633,0.000464560020879
194,1.00186462157,0.00186288532433,0.0009310090041
195,1.00238630239,0.0023834596955,0.00119102001974
196,1.00246492776,0.00246189480388,0.00123019009695
197,1.00311721526,0.00311236681325,0.00155497318108
198,1.00164785286,0.00164649664122,0.000822909544686
199,1.00470401033,0.00469298104291,0.00234373966461
200,0.999296455392,-0.000703792211846,-0.000351958028621
201,1.00127488834,0.00127407636268,0.0006368353156
202,1.00176618089,0.00176462302712,0.000881922391209
203,1.0002175219,0.000217498249391,0.000108743211724
204,1.00124886968,0.00124809049573,0.000623850572129
205,1.00243635339,0.00243339029414,0.00121595527363
206,1.00037417887,0.000374108877826,0.000187036945322
207,1.00205245825,0.00205035483092,0.00102465210062
208,0.99806850059,-0.00193336716055,-0.000967150969439
209,1.00154420547,0.00154301440958,0.000771209669629
210,1.00436973189,0.00436021233554,0.00217773146234
211,1.00188426684,0.00188249383276,0.000940804082451
212,1.00321837067,0.00321320280011,0.0016053115069
213,1.00593650554,0.00591895392294,0.00295510202643
214,1.00144423844,0.00144319653,0.000721337975584
215,1.00076091015,0.000760620800274,0.000380238091303
216,1.00401066636,0.00400264507894,0.00199932122883
217,1.00210235736,0.00210015049621,0.00104952411202
218,1.0032302793,0.00322507315538,0.00161123713914
219,1.00421577922,0.00420691772037,0.00210124814092
220,1.00161448283,0.00161318095131,0.000806265269001
221,1.00252853956,0.00252534818251,0.00126187725374
222,0.999692019131,-0.000308028305343,-0.00015402601346
223,1.00324418439,0.00323893337687,0.00161815605986
224,1.00218203906,0.00217966186524,0.00108923728257
225,1.00303204753,0.0030274601443,0.00151258496065
226,1.00126736554,0.00126656311475,0.00063308107693
227,1.00088496106,0.000884569710234,0.000442187061588
228,1.00633365907,0.00631368573927,0.00315186528038
229,1.00342753145,0.00342167084723,0.00170937277892
230,1.0047944641,0.00478300726152,0.00238864626421
231,1.00466466079,0.00465381497491,0.00232420233685
232,1.00319994617,0.00319483723793,0.00159614342494
233,1.00065390166,0.00065368795709,0.000326790570871
234,1.00330054139,0.00329510655881,0.00164619680856
235,1.00105306389,0.00105250980454,0.000526116454446
236,1.00071766358,0.000717406183486,0.00035863876548
237,1.00075432033,0.000754035968414,0.000376946921858
238,1.0024926311,0.00248952964937,0.0012439904263
239,1.00362123924,0.00361469833792,0.00180571689696
240,1.00016355126,0.000163537886246,8.17656001341e-05
241,1.0015816729,0.00158042337463,0.000789899552282
242,1.00306619211,0.0030615009324,0.00152957946528
243,1.00555825125,0.00554286117434,0.00276759371878
244,0.999167962257,-0.000832384078647,-0.000416278659247
245,1.00018469194,0.00018467488921,9.23331816345e-05
246,1.00425936347,0.00425031805864,0.00212290247767
247,1.00234673092,0.00234398164445,0.00117130430921
248,1.00267890134,0.00267531947502,0.00133676546951
249,1.00309367408,0.00308889851781,0.00154325721091
250,1.00300894192,0.0030044241157,0.0015010843021
251,1.00463154613,0.00462085352099,0.00230775977894
252,1.00196924566,0.00196730923836,0.000983170989563
253,0.999292353949,-0.00070789655028,-0.000354010922222
254,1.00174386856,0.00174234978426,0.000870795529458
255,1.00307188077,0.00306717218797,0.00153241075174
256,1.00313390205,0.00312900160966,0.00156327761142
257,1.00231211894,0.00230945010284,0.00115405861299
258,1.0014865064,0.0014854026409,0.000742425586089
259,1.00325500848,0.00324972241079,0.00162354183312
260,1.0013457858,0.00134488103897,0.000672214482027
261,1.00426818991,0.00425910701876,0.00212728761903
262,1.00286716402,0.00286306154939,0.00143050662328
263,1.00153955652,0.00153837261831,0.000768890561197
264,0.996440964032,-0.00356538440397,-0.00178428214238
265,1.00266703247,0.0026634822465,0.00133085474956
266,1.00412519964,0.004116714331,0.00205624020113
267,1.00356480014,0.00355846130329,0.00177764875911
268,1.00202152701,0.00201948647518,0.00100923361843
269,1.0016455586,0.00164420615391,0.000821765242805
270,1.00149503544,0.00149391898514,0.000746680587776
271,1.0004103846,0.000410300410587,0.000205129163429
272,1.00243892749,0.00243595812907,0.00121723762908
273,1.00269819508,0.00269456148794,0.00134637356872
274,1.00072499817,0.00072473548728,0.000362302096379
275,1.00044470356,0.000444604710746,0.000222277648035
276,1.00101267087,0.00101215846085,0.000505951193931
277,1.00303519386,0.00303059695451,0.00151415099218
278,1.00067439772,0.000674170412248,0.000337028399289
279,1.00221520255,0.00221275260469,0.00110576449374
280,1.00169576428,0.00169432809598,0.000846805305839
281,1.00260044777,0.00259707245499,0.00129769349414
282,1.00032352083,0.000323468505715,0.000161721174578
283,1.00025143463,0.000251403030248,0.00012569361502
284,1.00103145014,0.00103091855839,0.000515326452884
285,1.00019916825,0.000199148415456,9.95692503812e-05
286,0.998871858836,-0.00112877799436,-0.000564548294618
287,1.0020552023,0.00205309326335,0.00102601991293
288,1.00364680048,0.00364016702102,0.00181842816296
289,1.00606183248,0.00604353348624,0.00301720580119
290,1.0012397527,0.00123898484399,0.000619300576182
291,1.00065492918,0.000654714806467,0.000327303827645
292,1.00357955974,0.00357316835986,0.00178498918842
293,1.00209926588,0.00209706549734,0.00104798323029
294,0.999532345639,-0.00046776374541,-0.000233909225203
295,1.00061073959,0.000610553166571,0.000305229991131
296,1.00295696457,0.00295260135424,0.00147521148134
297,1.00180877202,0.00180713816426,0.00090316098651
298,1.00086562692,0.000865252479137,0.000432532670331
299,1.00167956376,0.00167815486694,0.00083872550644
300,1.00321308961,0.003207938672,0.00160268366467
301,1.00065971136,0.000659493843509,0.000329692561214
302,1.00291648449,0.00291223980491,0.00145506027425
303,1.00181992736,0.0018182732986,0.000908723509785
304,1.00356873641,0.00356238358088,0.00177960640977
305,0.998490846349,-0.00151029357017,-0.000755431980204
306,1.00564252288,0.00562666347299,0.00280937802733
307,0.999861138263,-0.000138871378831,-6.94381001287e-05
308,0.999758179575,-0.000241849668351,-0.000120932145878
309,1.00333260706,0.0033270662303,0.00166215021088
310,1.0003630572,0.000362991307235,0.000181479184278
311,1.00142532231,0.00142430750407,0.000711900230738
312,0.998834441266,-0.00116623852621,-0.000583289310191
313,1.00078432462,0.000784017195066,0.000391931772202
314,1.00164211177,0.00164076498275,0.000820046069665
315,1.0036076836,0.00360119151675,0.00179897565836
316,0.999928476316,-7.15262414873e-05,-3.57637602517e-05
317,1.00084644095,0.000846082925194,0.000422951993174
318,1.00338259062,0.0033768825276,0.00168701664875
319,1.00152437526,0.00152321458297,0.000761317342266
320,1.00453933303,0.00452906132747,0.00226196854853
321,1.00087754423,0.000877159411834,0.000438483543896
322,1.0021472577,0.00214495563674,0.00107190291957
323,1.00172937373,0.00172788008066,0.000863566951585
324,1.00187720113,0.00187544139158,0.000937281173135
325,1.00180780548,0.00180617337003,0.000902679024961
326,1.00202198065,0.00201993919981,0.00100945975227
327,1.00200021864,0.00199822086638,0.000998611488541
328,1.00005623098,5.62293966166e-05,2.81143030939e-05
329,1.0012557527,0.00125496490161,0.000627285624862
330,1.00007523674,7.52339136727e-05,3.76162493275e-05
331,1.00303428287,0.00302968872917,0.00151369756701
332,1.00206009932,0.00205798022662,0.00102846088452
333,1.00001633497,1.63348337581e-05,8.16738352571e-06
334,1.00284598226,0.002841940117,0.00141996095857
335,1.00201316277,0.00201113906876,0.00100506411876
336,1.00150975077,0.00150861224662,0.000754021705965
337,1.00462881777,0.00461813773375,0.00230640501809
338,1.00285511538,0.00285104727882,0.00142450806322
339,1.00455439259,0.00454405272778,0.00226944726562
340,1.00319350751,0.00318841909936,0.00159293947265
341,1.00459666623,0.00458613382731,0.00229043984412
342,1.00005631434,5.63127579415e-05,2.81559825835e-05
343,1.00180719629,0.00180556527563,0.00090237525217
344,1.00062026236,0.000620070071872,0.000309986980041
345,0.998528671801,-0.00147241166539,-0.000736476898723
346,0.999758024934,-0.00024200434681,-0.000121009494463
347,1.00186883252,0.00186708842959,0.000933108597963
348,1.00243095576,0.00242800576441,0.00121326627882
349,1.00032359459,0.000323542242667,0.000161758037091
350,1.00375953099,0.00375248161787,0.00187448176945
351,1.00311886289,0.00311400932629,0.00155579316024
352,1.00243425439,0.00243129639249,0.0012149095953
353,1.00464695179,0.00463618804101,0.00231540931543
354,1.00322926712,0.00322406423648,0.00161073349237
355,1.00216511945,0.00216277895944,0.00108080498882
356,1.00303160379,0.00302701774152,0.00151236409382
357,1.00284198843,0.00283795761736,0.00141797253427
358,1.00245343912,0.00245043434805,0.00122446690191
359,1.00406414338,0.00405590705469,0.00202589861891
360,1.00348977267,0.00348369754773,0.00174033263571
361,1.00244557777,0.00244259221446,0.00122055062865
362,1.00410502835,0.00409662570438,0.002046216491
363,1.00223713765,0.00223463898294,0.00111669552246
364,1.0014218073,0.00142079749138,0.000710146472241
365,1.00362315881,0.00361661097908,0.00180667149024
366,1.00287034289,0.0028662313239,0.00143208924208
367,1.00398851742,0.00398058437616,0.00198831286994
368,1.00036262633,0.000362560592149,0.000181263865795
369,1.00179973166,0.00179811407947,0.000898653009044
370,1.00376651222,0.00375943667856,0.00187795277519
371,1.00202589205,0.00202384270026,0.00101140953038
372,1.00257687368,0.00257355922958,0.0012859520689
373,1.00364988862,0.00364324394411,0.00181996382574
374,1.003191611,0.00318652862533,0.00159199574089
375,1.00266866899,0.00266511441054,0.00133166974516
376,1.00296384098,0.00295945746728,0.00147863447488
377,1.00495950954,0.00494725168255,0.00247056894993
378,0.998779790453,-0.00122095460904,-0.000610663683712
379,1.00293797604,0.00293366862152,0.00146575903512
380,1.00085542361,0.000855057940617,0.000427437592821
381,1.0021068475,0.00210463120839,0.00105176211429
382,0.99843348695,-0.00156774131404,-0.000784177963916
383,0.997390163639,-0.00261324792096,-0.00130747796548
384,1.00295878731,0.00295441871875,0.00147611882268
385,1.00422705916,0.00421815024002,0.00210685258385
386,1.00238682646,0.00238398251742,0.00119128111932
387,1.0006027514,0.000602569816754,0.000301239526637
388,1.00449064414,0.00448059128463,0.00223778805296
389,1.00286521399,0.00286111708748,0.00142953578263
390,1.00373945132,0.00373247694938,0.00186449813447
391,1.00261469517,0.00261128279964,0.00130478942092
392,1.00315306382,0.00314810333778,0.00157281349929
393,1.00132895014,0.00132806786371,0.000663813510115
394,1.00246447254,0.00246144070918,0.00122996332889
395,1.00248454415,0.00248146277575,0.00123996199892
396,1.00296243558,0.00295805621552,0.00147793488473
397,1.00365256924,0.00364591480447,0.0018212968246
398,0.999820899239,-0.000179116801465,-8.95624112056e-05
399,1.00027088566,0.00027084898121,0.000135415321122
400,1.00283737075,0.00283335300853,0.00141567349181
401,1.00361149664,0.00360499084437,0.00180087190292
402,1.00275085383,0.00274707715907,0.00137259570716
403,0.999471824437,-0.000528315097078,-0.000264192441217
404,1.00107223841,0.00107166397483,0.000535688455092
405,1.00013220852,0.00013219977784,6.60977043703e-05
406,0.999304314785,-0.000695927315791,-0.000348024204271
407,1.00153761043,0.00153642951951,0.000767919758343
408,1.00155639142,0.00155518150118,0.00077728850525
409,1.00273309094,0.00272936284167,0.00136375066659
410,1.00113811208,0.00113746491935,0.000568570762027
411,1.00268201073,0.00267842056148,0.00133831393883
412,1.00067869336,0.000678463150685,0.000339174042817
413,1.00269497964,0.00269135469308,0.00134477232878
414,1.00123485635,0.00123409454308,0.000616856937021
415,1.00280189557,0.00279797757379,0.00139801065827
416,1.00105056369,0.00105001223334,0.000524868325076
417,1.00345368276,0.00344773249274,0.00172238124239
418,1.00552361966,0.00550842041671,0.00275042085111
419,1.00029943305,0.000299388226546,0.000149682909668
420,1.00445530572,0.00444541022548,0.0022202367329
421,1.00257958345,0.00257626203168,0.0012873017312
422,1.00565764516,0.0056417007975,0.00281687553864
423,0.999390016316,-0.000610169799763,-0.000305131443013
424,0.999720739099,-0.000279299901782,-0.000139659702399
425,1.00077205697,0.000771759086754,0.000385805101442
426,1.00104148198,0.00104094000949,0.000520334583726
427,1.00231561172,0.00231293482355,0.00115579896104
428,1.000666811,0.000666588778377,0.000333238852784
429,0.999235096766,-0.00076519592173,-0.0003826711608
430,1.00177450285,0.00177293028184,0.000886072346774
431,1.00396497399,0.00395713419317,0.00197661102299
432,1.00145453638,0.00145347956505,0.00072647577113
433,1.0002676925,0.000267656678512,0.000133819384643
434,1.00395733397,0.003949524323,0.00197281360156
435,1.00191378081,0.0019119518634,0.000955519132282
436,1.0000670234,6.70211494165e-05,3.35100132353e-05
437,1.00170443844,0.00170298753312,0.000851131348617
438,0.998677978403,-0.00132289623811,-0.000661666924102
439,1.00132343423,0.00132255926778,0.0006610610367
440,1.00560153348,0.00558590323325,0.00278905495583
441,1.00173848934,0.00173697991867,0.000868112931085
442,1.00081510344,0.000814771423942,0.000407302741679
443,1.00127418469,0.00127337360836,0.000636484162146
444,1.001310444,0.00130958611673,0.000654578728172
445,1.00215728075,0.00215495715669,0.00107689830673
446,1.00413317097,0.00412465288527,0.00206020130861
447,1.00140861101,0.00140761985067,0.000703562309226
448,1.0041264336,0.00411794321752,0.00205685338076
449,1.0036462996,0.00363966796483,0.00181817908858
450,1.00019148677,0.000191468440425,9.57296378381e-05
451,1.00190316722,0.0019013584881,0.000950227491708
452,1.00303960938,0.00303499910637,0.00151634873293
453,1.00111372451,0.00111310478197,0.000556397544433
454,0.999519260178,-0.00048085541442,-0.000240456612268
455,1.00094561347,0.000945166659773,0.000472471679973
456,0.9991643376,-0.000836011760036,-0.00041809325665
457,1.00203069679,0.00202863770743,0.00101380460623
458,1.00214461701,0.00214232059733,0.00107058681126
459,1.00514897957,0.0051357688993,0.00256459025469
460,1.00327681142,0.00327145437037,0.0016343901126
461,0.999376860838,-0.000623333393652,-0.000311715269937
462,1.00147458518,0.00147349904988,0.000736478191646
463,1.00595256583,0.00593491930348,0.00296306109527
464,1.00254261263,0.00253938565995,0.00126888711107
465,1.00419167406,0.00418291347082,0.00208927116371
466,1.00563189805,0.00561609820316,0.00280411021942
467,1.00000615463,6.1546128823e-06,3.07730170623e-06
468,1.00414808738,0.00413950778428,0.00206761342855
469,1.00095523699,0.000954781040941,0.000477276587747
470,0.999743481545,-0.00025655136141,-0.000128283908382
471,1.00320032097,0.00319521084347,0.00159632992953
472,1.00271742857,0.00271374303168,0.0013559513819
473,1.0017668238,0.00176526480751,0.000882242998352
474,1.00286782761,0.00286372323298,0.00143083699175
475,1.0014808806,0.0014797851803,0.000739618937123
476,1.00087608424,0.00087570070694,0.000437754510993
477,1.00311353513,0.00310869811916,0.00155314168472
478,0.999741793605,-0.000258239736354,-0.000129128204506
479,1.00277452735,0.00277068545154,0.0013843835815
480,1.00213030388,0.00212803799707,0.00106345313104
481,1.00016599184,0.000165978069124,8.29855910672e-05
482,1.00214177753,0.00213948719624,0.00106917162641
483,1.0022413979,0.00223888971134,0.00111881851102
484,1.00316008554,0.00315510296085,0.00157630780016
485,1.000344932,0.000344872525219,0.000172421396332
486,1.00279172459,0.00278783496382,0.00139294643018
487,1.00076012466,0.000759835913242,0.000379845796933
488,1.0031223587,0.00311749426344,0.00155753291638
489,0.998655593106,-0.0013453114201,-0.000672881993634
490,1.00291984782,0.00291559334462,0.0014567346029
491,1.00164729092,0.00164593562204,0.000822629265887
492,1.00310869055,0.00310386856596,0.0015507306557
493,0.998883187963,-0.00111743613623,-0.000558874180128
494,1.00410397474,0.00409557640898,0.00204569291671
495,1.00183599029,0.00183430691932,0.000916733002979
496,1.00115399997,0.00115333462598,0.000576501072354
497,1.00427081248,0.00426171844534,0.00212859055385
498,1.00197733469,0.00197538233478,0.000987203561018
499,1.00341729988,0.00341147417989,0.00170428314723
500,1.00308484913,0.00308010074608,0.001538865104
501,1.00134070243,0.001339804489,0.000669677910087
502,1.00097261277,0.000972140086449,0.000485951930319
503,1.00051287028,0.0005127388091,0.000256336544722
504,1.00566806989,0.00565206682744,0.0028220439403
505,1.00413018735,0.00412168154117,0.00205871869625
506,0.998574912321,-0.00142610408203,-0.000713306323057
507,1.00094579097,0.000945343993449,0.000472560304915
508,1.00047301696,0.000472905119958,0.000236424607276
509,1.00446936918,0.00445941121406,0.00222722165998
510,1.00118377843,0.00118307831209,0.000591364231251
511,1.00128908132,0.00128825116633,0.000643918178817
512,1.00355855768,0.0035522409935,0.00177454412815
513,0.999478229798,-0.000521906371181,-0.000260987236835
514,1.00211578363,0.00211354850832,0.00105621606489
515,1.004396566,0.00438692933591,0.00219106078227
516,0.999821566145,-0.000178449776159,-8.92288687384e-05
517,1.0008352115,0.000834862900475,0.000417344337851
518,1.00000055159,5.51592965276e-07,2.75796444682e-07
519,1.00037332344,0.00037325376808,0.000186609470326
520,1.00103441523,0.00103388058647,0.000516806702621
521,1.00262877976,0.0026253305644,0.00131180411398
522,1.00051198919,0.000511858168968,0.000255896337429
523,1.00516904666,0.00515573299601,0.00257454665348
524,1.00060121592,0.000601035263495,0.000300472480847
525,1.00080783137,0.000807505246358,0.000403671126057
526,1.00216660863,0.00216426492089,0.00108154716625
527,1.00378087536,0.00377374581878,0.00188509388381
528,1.00070000971,0.0006997648171,0.000349821206838
529,1.00214477918,0.0021424824265,0.00107066763921
530,1.00198083326,0.00197887399268,0.000988947664956
531,1.00282309361,0.00281911616356,0.00140856512139
532,1.00214423609,0.00214194049472,0.0010703969634
533,1.00262519317,0.00262175336943,0.00131001786119
534,1.00060942088,0.000609235255176,0.000304571236349
535,1.00291808524,0.00291383589188,0.00145585715621
536,1.00339926004,0.00339349561191,0.00169530914319
537,1.00108790664,0.00108731529569,0.000543509892801
538,1.00112393572,0.00112330458106,0.000561494593406
539,1.00113342086,0.00113277901972,0.0005662291416
540,1.00151285917,0.00151171594932,0.000755572385982
541,0.998308165762,-0.00169326700613,-0.000846991998373
542,1.00097794576,0.000977467878574,0.00048861452831
543,1.00285271219,0.00284865093233,0.00142331159607
544,0.998202489819,-0.00179912764106,-0.000899968549414
545,1.00088552235,0.000885130508165,0.000442467336526
546,1.00399415389,0.00398619843148,0.00199111431242
547,1.00059644711,0.000596269308362,0.000298090216461
548,1.00004444624,4.44452488969e-05,2.22223775278e-05
549,1.00219689647,0.00219448682592,0.00109664166151
550,1.00167606176,0.00167465873115,0.000836978903165
551,1.00365835965,0.00365168412887,0.00182417622882
552,1.00338272836,0.00337701980667,0.00168708517249
553,1.00032273806,0.000322685991647,0.000161329980742
554,1.0024141687,0.00241125927384,0.0012049031575
555,1.00890349991,0.00886409745683,0.00442224169422
556,1.00044826337,0.000448162929562,0.000224056360405
557,1.00019834207,0.000198322397955,9.91562826684e-05
558,1.00039811621,0.000398036982279,0.000198998688273
559,1.00267873099,0.00267514957996,0.00133668063553
560,1.00271741654,0.00271373103679,0.00135594539259
561,1.00370727058,0.00370041559309,0.00184849721724
562,1.00347015177,0.00346414468512,0.00173057317094
563,1.00159296616,0.00159169873797,0.000795532764869
564,1.00041201075,0.000411925895302,0.000205941738739
565,0.999255656429,-0.000744620732188,-0.0003723796822
566,1.00209069045,0.00208850800164,0.00104370895735
567,1.001290043,0.00128921161143,0.000644398092025
568,0.999871626868,-0.000128381372979,-6.41927467557e-05
569,1.00101384883,0.00101333523541,0.000506539283344
570,1.00259160243,0.00258825001737,0.00129328799002
571,1.00319428289,0.0031891920039,0.00159332530925
572,1.00298406281,0.00297961932935,0.00148870044917
573,1.00107309832,0.00107252295682,0.000536117715924
574,1.00125738212,0.00125659227602,0.000628098801323
575,0.99999279672,-7.20330556974e-06,-3.60165927082e-06
576,1.00275618683,0.0027523955156,0.00137525123192
577,0.998393783958,-0.00160750739018,-0.000804076791647
578,1.00216374629,0.00216140876113,0.00108012062989
579,1.004746932,0.00473570085135,0.00236504927919
580,1.00189977844,0.00189797614311,0.000948537924782
581,0.999705038843,-0.000295004666802,-0.000147513212405
582,1.00058975592,0.000589582081961,0.000294747594371
583,1.00034530485,0.000345245248197,0.000172607725671
584,1.00323074991,0.00322554225234,0.00161147130968
585,1.00015778178,0.000157769333639,7.88815555059e-05
586,1.00403722612,0.00402909839304,0.00201252135425
587,1.00219205891,0.00218965985593,0.00109423082034
588,1.00089607084,0.000895669610091,0.000447734542007
589,1.00248722354,0.0024841355225,0.00124129671435
590,1.00235800274,0.00235522701611,0.00117692039337
591,0.997700665069,-0.0023019824605,-0.00115165387486
592,1.00590890028,0.00589151120003,0.00294142111914
593,1.00307458856,0.00306987167477,0.00153375842587
594,1.0034706015,0.00346459285649,0.00173079686881
595,1.00054813345,0.000547983276569,0.000273954106003
596,1.00245248481,0.00244948237306,0.00122399149713
597,1.00613686804,0.0061181141568,0.00305438293067
598,1.00006665692,6.66546960167e-05,3.33267926586e-05
599,1.00320138042,0.00319626691399,0.00159685712173
600,1.00299924705,0.00299475828207,0.00149625862824
601,1.00161465048,0.00161334833017,0.00080634889095
602,1.00508822953,0.00507532823872,0.00253444697169
603,1.00091445039,0.000914032534185,0.000456911851065
604,1.00036659501,0.00036652782592,0.000183247121155
605,1.00018027005,0.00018025380733,9.01228423578e-05
606,1.00048239726,0.000482280943871,0.000241111399909
607,1.00194592219,0.00194403133992,0.000971543415755
608,1.00425964226,0.00425059566436,0.00212304098585
609,0.999409796775,-0.000590377463007,-0.000295232303984
610,1.00361731434,0.00361078759702,0.00180376505545
611,1.00087824225,0.000877856819995,0.000438832095015
612,1.00006711994,6.71176865309e-05,3.35582801738e-05
613,1.00490644645,0.00489444907102,0.00244423252275
614,1.00250295896,0.0024998317712,0.00124913506609
615,1.00392187068,0.00391420019513,0.00195518622592
616,1.00371382024,0.00370694103889,0.00185175390369
617,1.00297920056,0.0029747715353,0.00148628015766
618,1.00180727058,0.00180563942815,0.000902412294975
619,1.00456423058,0.00455384606245,0.00227433280826
620,1.0051129922,0.00509996524475,0.00254673417843
621,1.00007511521,7.51123912957e-05,3.75554904227e-05
622,1.00188658173,0.00188480436731,0.000941958262177
623,1.00166341225,0.00166203031111,0.000830669958089
624,1.00198960834,0.00198763169455,0.000993322175856
625,1.00311224092,0.00310740792573,0.00155249758972
626,1.00062677937,0.000626583026633,0.000313242442655
627,1.00232183741,0.00231914610711,0.00115890100851
628,1.00153448955,0.00153331342222,0.000766362904943
629,1.00142319516,0.00142218338162,0.000710838925031
630,1.00288226719,0.00287812142165,0.00143802575947
631,1.00160641309,0.00160512418738,0.000802240126869
632,1.00273138248,0.00272765903617,0.00136289992526
633,1.00302306381,0.00301850354336,0.00150811342398
634,1.00218245273,0.00218007464168,0.00108944344596
635,1.00486786597,0.00485605622536,0.00242508283664
636,1.00171438644,0.00171291855222,0.000856092619546
637,1.00303449791,0.00302990310989,0.00151380459511
638,1.00443113519,0.00442134661916,0.00220823157096
639,1.00426805059,0.00425896829132,0.00212721840287
640,1.00090232084,0.000901913992369,0.000450855330361
641,1.00089476051,0.000894360445829,0.000447080252741
642,0.999408793158,-0.000591381674059,-0.000295734557874
643,0.999797955995,-0.000202064418465,-0.000101037313158
644,1.00282073105,0.00281676025195,0.00140738882412
645,1.00356446902,0.00355813135487,0.00177748407815
646,1.0029130924,0.00290885757273,0.0014533716174
647,1.00139134529,0.00139037826335,0.000694947543697
648,1.00016271705,0.000162703808248,8.13485951475e-05
649,1.0022517427,0.0022492113241,0.00112397353009
650,1.0037466366,0.00373963543515,0.00186807069747
651,0.999496408627,-0.00050371821745,-0.000251890827893
652,1.00109542294,0.00109482340132,0.000547261898209
653,1.00370291902,0.00369608008938,0.00184633347012
654,1.00210627103,0.00210405595084,0.001051474788
655,0.999699979492,-0.000300065522957,-0.000150044016956
656,1.00114499706,0.00114434205179,0.000572007367267
657,1.00585530964,0.00583823393847,0.00291486049002
658,1.00064193513,0.000641729176301,0.000320813116614
659,1.00262852745,0.00262507890965,0.00131167845166
660,1.00365461795,0.00364795606354,0.00182231559474
661,1.00195411508,0.00195220827738,0.000975627904011
662,1.00806720955,0.00803484356794,0.00400936274088
663,1.00145912502,0.00145806153467,0.000728765088969
664,0.997642236019,-0.00236054788309,-0.00118097073895
665,1.00020541345,0.000205392359414,0.000102690906635
666,0.999814372659,-0.000185644572114,-9.28265941789e-05
667,1.00175873435,0.00175718958976,0.000878208943486
668,1.00335615289,0.00335053358267,0.00167386431521
669,1.00251749986,0.00251433627045,0.00125637823041
670,1.00234086625,0.00233813068809,0.00116838225338
671,1.00356263674,0.00355630558412,0.001776572815
672,1.0012432019,0.00124242976141,0.000621021966691
673,1.00236772084,0.00236492220779,0.00118176227224
674,1.00167504106,0.00167363974498,0.000836469836388
675,1.00376336197,0.0037562982352,0.00187638649921
676,1.00477366312,0.00476230531942,0.00237831996452
677,1.00186364644,0.00186191200252,0.000930522796162
678,1.00072820991,0.000727944895419,0.000363906217774
679,1.00194532122,0.00194343153699,0.00097124380561
680,1.00553658383,0.00552131329082,0.00275684953703
681,1.00007206263,7.20600318475e-05,3.60293668505e-05
682,0.999670187766,-0.000329866634319,-0.000164946919407
683,1.00110820956,0.00110759595064,0.000553644657524
684,1.00157966672,0.00157842036174,0.000788898836425
685,1.00102427391,0.00102374970323,0.000511743866034
686,1.00193502516,0.00193315540642,0.000966110717451
687,1.00336746387,0.00336180665678,0.00167949140161
688,1.00350465645,0.00349852945347,0.00174773565491
689,1.00096292396,0.000962460641568,0.000481114548045
690,1.00188150062,0.00187973281872,0.000939424873264
691,1.00482672809,0.00481511678802,0.00240466254974
692,0.999947128393,-5.28730052486e-05,-2.64368520717e-05
693,1.00496212291,0.00494985215678,0.00247186597387
694,1.00112362867,0.00112299787245,0.0005613413252
695,1.00267613885,0.00267256436949,0.00133538975726
696,1.00280920423,0.00280526579065,0.00140164966556
697,1.003155857,0.00315088773291,0.00157420350622
698,1.00418916636,0.0041804162353,0.00208802515388
699,1.00333635261,0.00333079933599,0.00166401365949
700,1.0010056229,0.00100511760426,0.000502432540609
701,1.00434340059,0.00433399524639,0.00216465137892
702,0.99973170647,-0.000268329527207,-0.000134173764098
703,0.999247532214,-0.000752751031713,-0.000376446354008
704,1.00268719806,0.00268359400153,0.00134089719367
705,1.00006393701,6.3934965017e-05,3.19669715541e-05
706,1.00263148316,0.0026280268752,0.00131315049995
707,1.00069504717,0.00069480573697,0.000347342531096
708,1.00213828537,0.00213600248869,0.00106743113399
709,0.999836882097,-0.000163131208458,-8.15689307934e-05
710,1.00428407466,0.00427492414043,0.00213517932488
711,1.00587805389,0.00586084553321,0.00292613326885
712,1.0031086075,0.00310378577365,0.00155068932374
713,1.00147563737,0.00147454968426,0.000737003121814
714,1.00216976581,0.00216741526319,0.00108312063254
715,1.0032006642,0.00319555298159,0.00159650072549
716,1.00039404326,0.000393965646432,0.000196963423373
717,1.00069516306,0.00069492154328,0.000347400414137
718,1.00258969635,0.00258634886428,0.0012923386424
719,1.00344501557,0.00343909510125,0.00171806997578
720,1.00140063166,0.00139965169461,0.00069958102631
721,1.00303582168,0.00303122288168,0.00151446348185
722,1.00198717137,0.00198519955699,0.00099210731429
723,1.00284582459,0.00284178289723,0.0014198824603
724,0.999368690491,-0.000631508868351,-0.000315804289854
725,1.00151670247,0.00151555343846,0.00075748967896
726,1.00238184368,0.00237901158803,0.00118879861243
727,0.998601032591,-0.00139994687773,-0.000700218477441
728,1.00290402492,0.00289981638325,0.00144885758257
729,1.00177202616,0.00177045797402,0.000884837287418
730,1.00290339426,0.00289918755489,0.00144854362388
731,1.00108813765,0.00108754605261,0.000543625208547
732,1.00438420489,0.00437462226619,0.00218492071128
733,1.00139724058,0.00139626534372,0.000697889033947
734,0.998816079485,-0.00118462190252,-0.00059248640203
735,1.00154490943,0.00154371728403,0.000771560835759
736,1.00039006814,0.000389992081162,0.000194977030089
737,1.00421624525,0.00420738179307,0.00210147968968
738,1.00422776061,0.00421884874342,0.00210720109967
739,1.00020060214,0.000200582020645,0.000100285981347
740,0.998545389532,-0.00145566944046,-0.000728099656192
741,0.999290411972,-0.0007098399045,-0.000354982943788
742,1.00076071875,0.000760429547087,0.000380142501066
743,1.00312355353,0.00311868537116,0.00155812754246
744,1.00112993599,0.00112929809644,0.000564489663945
745,1.00292254949,0.00291828714002,0.00145807953762
746,1.002037011,0.00203493910985,0.00101695210829
747,0.999907204105,-9.28002005904e-05,-4.64011767964e-05
748,1.00055606422,0.000555909669531,0.000277916208899
749,1.00246320617,0.0024601774482,0.00122933247508
750,1.00119856106,0.00119784335897,0.000598742361696
751,1.00117838871,0.00117769495959,0.00058867414314
752,1.00705511289,0.00703034202151,0.00350900002994
753,1.00312379199,0.00311892308551,0.00155824621444
754,1.00080749452,0.000807168667839,0.000403502904717
755,1.00501069864,0.00499818686456,0.002495973298
756,1.00207134795,0.0020692056644,0.00103406781522
757,1.00467397278,0.00466308369065,0.00232882591282
758,1.00178330697,0.00178171876916,0.00089046268717
759,1.00023603154,0.000236003684344,0.000117994880228
760,1.00174861861,0.00174709156041,0.000873164350165
761,1.00470087103,0.00468985644209,0.00234218102461
762,1.00274375742,0.0027400001872,0.00136906207188
763,0.999221516479,-0.000778786696688,-0.000389469171775
764,1.00328553108,0.00328014551425,0.00163872857275
765,1.00182561801,0.00182395359065,0.000911561070875
766,1.00195395125,0.00195204476641,0.000975546228285
767,1.00297649672,0.00297207572424,0.00148493425459
768,0.999854835741,-0.000145174796669,-7.25900328635e-05
769,1.00480608868,0.00479457630413,0.00239441695165
770,1.0041107857,0.00410235950096,0.00204907751889
771,1.00351299886,0.00350684268935,0.00175188499955
772,1.00134330839,0.00134240695686,0.000670978271763
773,1.00317428782,0.00316926040071,0.00158337533684
774,0.999641552298,-0.000358511960097,-0.000179272047362
775,1.00242743917,0.00242449769495,0.00121151437066
776,1.0003935854,0.000393507966098,0.000196734628253
777,1.00061902765,0.000618836132289,0.000309370201312
778,1.00133769249,0.00133679858077,0.000668175961342
779,1.0023997006,0.00239682591565,0.00119769514779
780,0.999934547187,-6.54549548176e-05,-3.27280129586e-05
781,1.00287034163,0.00286623006459,0.00143208861333
782,1.00619810837,0.00617897910392,0.00308472199015
783,0.996550922029,-0.00345503975272,-0.00172901289844
784,1.00128335057,0.00128252777736,0.000641058322937
785,1.00457177249,0.00456135367792,0.00227807807157
786,1.00002617295,2.61726027384e-05,1.30862157439e-05
787,1.00022261589,0.000222591117766,0.000111289365762
788,1.00124091752,0.00124014821498,0.000619881901271
789,1.00196343969,0.00196151466223,0.000980276545833
790,1.0012453745,0.00124459966047,0.000622106241857
791,1.00137981769,0.00137886661467,0.000689195702801
792,1.00042771013,0.000427618683902,0.000213786486363
793,1.00371707538,0.00371018413164,0.00185337244605
794,1.00211650707,0.00211427042214,0.00105657664049
795,1.00190830738,0.00190648887211,0.000952790242909
796,0.997793097857,-0.00220934093995,-0.00110528084313
797,1.00074532973,0.000745052113214,0.000372456677391
798,1.00154524275,0.00154405009535,0.000771727113015
799,1.00305971259,0.00305504119627,0.00152635453235
800,0.998944598953,-0.00105595837458,-0.000528118592834
801,0.999362687818,-0.000637515351617,-0.000318808484435
802,1.00469887679,0.00468787152972,0.00234119089245
803,1.00181123638,0.00180959807393,0.000904389829741
804,1.00186552086,0.00186378293882,0.000931457393401
805,1.00241828813,0.00241536877588,0.00120695543063
806,1.00028509632,0.000285055691951,0.000142517689364
807,1.00267447467,0.00267090462633,0.00133456099354
808,1.00168395144,0.00168253518488,0.000840913826069
809,1.00152963098,0.00152846228173,0.000763939190622
810,0.999559961923,-0.000440134922197,-0.000220091677719
811,1.00119282445,0.00119211359775,0.000595879192311
812,1.00318122275,0.00317617336754,0.00158682634138
813,1.00174073407,0.0017392207443,0.000869232370628
814,1.00205289457,0.00205079026378,0.00102486959395
815,1.00113289363,0.00113225239168,0.000565965976642
816,1.00296692026,0.00296252763483,0.00148016728765
817,1.00132205636,0.00132118320993,0.000660373462367
818,1.00145884522,0.00145778214293,0.000728625494898
819,1.0054888861,0.00547387706347,0.00273319653013
820,1.00426640333,0.00425732803269,0.00212640001781
821,0.999560876901,-0.000439219541906,-0.000219633886944
822,1.00364903193,0.00364239036271,0.00181953781169
823,1.00056156097,0.000561403348671,0.000280662281306
824,1.00022324669,0.000223221771218,0.000111604657346
825,1.00440856017,0.00439887093315,0.00219701848072
826,1.00187209223,0.00187034204533,0.000934733886519
827,0.998706047985,-0.0012947898942,-0.000647604552441
828,1.00135163129,0.00135071866309,0.000675131327761
829,1.00147945011,0.00147835680489,0.000738905277391
830,0.998581262544,-0.00141974481712,-0.000710124427608
831,1.00662749159,0.00660562632412,0.00329736487454
832,0.999020922305,-0.000979557304887,-0.000489898613592
833,1.00224921095,0.00224668526584,0.00112271191977
834,1.00284434541,0.00284030791732,0.00141914601723
835,1.00345054463,0.00344460516028,0.00172082026817
836,0.998247872703,-0.00175366406742,-0.000877216563301
837,1.00349689574,0.0034907958199,0.00174387558883
838,1.00040505411,0.000404972096557,0.000202465549362
839,1.00179134117,0.00178973863226,0.000894469039993
840,1.00148748366,0.0014863784473,0.000742913126938
841,1.00186056448,0.00185883577297,0.000928986111459
842,1.00426766025,0.00425857960976,0.00212702447548
843,1.00074368821,0.000743411808247,0.000371636830042
844,0.999528349485,-0.00047176177739,-0.000235908710779
845,1.00038584645,0.000385772033823,0.0001928674156
846,1.00108419852,0.00108361120519,0.000541658852446
847,1.0032026142,0.00319749675892,0.00159747106207
848,1.00085138977,0.000851027542988,0.000425423253349
849,1.00332825035,0.00332272398607,0.00165998269514
850,1.000893993,0.000893593630111,0.000446697016222
851,0.999437786726,-0.000562371375632,-0.000281225224217
852,0.999754835747,-0.000245194310641,-0.000122604670659
853,1.00077033836,0.000770041796741,0.000384946787336
854,1.00191792007,0.00191608320881,0.00095758282907
855,1.00252224398,0.00251906846487,0.00125874135212
856,1.00170291455,0.00170146623422,0.000850371346288
857,1.00353378857,0.00352755941305,0.00176222516119
858,1.00156285362,0.00156163363778,0.000780512060764
859,1.0051376626,0.00512450983778,0.00255897514556
860,1.00073882687,0.000738554068669,0.000369208859962
861,1.00351222812,0.00350607464994,0.00175150165253
862,0.998476976164,-0.00152418481529,-0.000762382873846
863,1.00143669078,0.00143565972343,0.000717572283494
864,1.0024593878,0.00245636845337,0.00122743031712
865,1.00145278949,0.00145173520763,0.000725604225655
866,1.00128120541,0.00128038536183,0.000639987801303
867,0.999384086062,-0.000616103690882,-0.000308099298283
868,1.00467359566,0.00466270831905,0.00232863866408
869,1.00178559696,0.00178400467754,0.000891604622947
870,1.00110592489,0.00110531380435,0.000552504215479
871,1.00291286263,0.0029086284649,0.00145325722997
872,1.0037482882,0.0037412808689,0.00186889187711
873,1.00115525481,0.0011545880189,0.000577127407326
874,1.00233433714,0.00233161681014,0.00116512911445
875,1.00297658661,0.00297216534655,0.00148497899921
876,1.00017279389,0.000172778961712,8.63857493923e-05
877,1.00051758752,0.000517453616872,0.000258693341541
878,1.00146398889,0.00146291830208,0.000731191700011
879,1.00594265438,0.00592506645131,0.00295814925439
880,1.00078991538,0.000789603556068,0.000394723854067
881,1.00255272723,0.00254947455881,0.00127392514696
882,1.00243786787,0.00243490109473,0.00121670975511
883,0.999968005993,-3.19945183445e-05,-1.59973871292e-05
884,1.0033871281,0.00338140470553,0.00168927392067
885,1.00523769709,0.00522402806822,0.00260860569365
886,1.00162352929,0.00162221279092,0.000810777537587
887,1.0061565661,0.00613769187055,0.00306414184086
888,1.00506022576,0.00504746584405,0.00252055098544
889,1.00253815568,0.00253494000761,0.00126666710296
890,1.00202009399,0.0020180563472,0.00100851927585
891,1.00268411841,0.00268052260171,0.00133936355179
892,1.0015130514,0.00151190789117,0.000755668284386
893,1.00282412101,0.00282014067244,0.00140907665415
894,1.00198659522,0.00198462454652,0.00099182009425
895,1.00123301286,0.00123225332309,0.000615936894487
896,1.00199734477,0.0019953527301,0.000997178851453
897,1.00174041158,0.00173889882288,0.00086907154982
898,1.00213880117,0.00213651719367,0.00106768821174
899,1.00101332094,0.00101280787834,0.000506275738338
900,1.00435208361,0.00434264068497,0.00216896473171
901,1.0007664706,0.000766177013702,0.000383015137818
902,1.0020215621,0.00201952149678,0.00100925111156
903,1.00147939839,0.00147830515807,0.000738879473061
904,1.0017908983,0.00178929655343,0.000894248198263
905,1.00291437572,0.0029101371648,0.00145401048337
906,1.00098342892,0.000982945672954,0.000491352083485
907,1.0031888268,0.00318375327616,0.00159061027452
908,1.00076248138,0.000762190834449,0.00038102280959
909,1.00045252211,0.000452419756194,0.000226184294571
910,1.00236495446,0.00236216235609,0.00118038397618
911,1.00124284098,0.00124206929605,0.000620841845922
912,1.00110266314,0.00110205565244,0.000550876038267
913,0.997674518349,-0.00232818978273,-0.00116477271281
914,1.00187421615,0.00187246199985,0.000935792872424
915,0.999850627646,-0.000149383511628,-7.46945453125e-05
916,1.00154229979,0.00154111166413,0.000770259030157
917,1.00125772971,0.0012569394353,0.00062827227192
918,1.00329509748,0.00328968053874,0.001643488261
919,1.00274408441,0.00274032628156,0.00136922489583
920,1.00282811564,0.00282412404487,0.00141106553195
921,1.00129763627,0.00129679506753,0.000648187369512
922,1.00386969862,0.00386223059988,0.00192925189646
923,1.00413616212,0.00412763171243,0.00206168765259
924,0.999595871788,-0.000404209894239,-0.0002021253717
925,1.00083164137,0.000831295748295,0.000415561504537
926,1.00151059221,0.00150945241376,0.000754441472691
927,1.00335995162,0.00335431959615,0.00167575415152
928,1.00300442256,0.00299991830433,0.00149883477568
929,1.00240446158,0.00240157548913,0.00120006708744
930,1.0008504782,0.000850116745893,0.000424968048435
931,1.00235211159,0.00234934970397,0.00117398519155
932,1.00402395648,0.00401588202277,0.00200592644644
933,1.00239362161,0.00239076145912,0.00119466654662
934,1.00436515274,0.00435565309101,0.00217545680189
935,1.00198938787,0.00198741166034,0.000993212268032
936,1.00171742628,0.00171595319137,0.000857608639008
937,1.00086790358,0.000867527173209,0.00043366952478
938,1.00380250001,0.00379528878526,0.00189584500389
939,1.00282726445,0.00282327525949,0.00141064173801
940,1.00424175499,0.00423278410902,0.00211415407594
941,1.00181234416,0.00181070384369,0.000904942214445
942,1.00305350657,0.00304885408488,0.00152326569374
943,1.00157416089,0.00157292319416,0.000786152417217
944,1.00392680459,0.00391911481439,0.00195763872804
945,0.998639173865,-0.00136175290022,-0.000681108299095
946,1.00277344337,0.00276960447573,0.00138384384169
947,1.0014923999,0.00149128738224,0.000745365767943
948,1.00215392878,0.00215161240565,0.00107522773079
949,1.00572734734,0.00571100843869,0.00285143114499
950,1.00090713885,0.000906727648714,0.000453261070507
951,0.999241153072,-0.000759134998296,-0.000379639544006
952,1.00345847079,0.00345250403016,0.00172476289906
953,1.0027885175,0.00278463679566,0.00139134957226
954,1.00096152396,0.000961061996402,0.000480415561672
955,1.00456515965,0.00455477091112,0.00227479418079
956,1.00081006484,0.000809736916523,0.000404786510087
957,1.00042471989,0.000424629725634,0.000212292325611
958,0.999079710361,-0.000920713365436,-0.000460462663118
959,1.00322508755,0.00321989811187,0.00160865378316
960,1.00182956806,0.00182789643875,0.000913530695911
961,1.00031741785,0.000317367483482,0.000158671152142
962,0.99734476787,-0.00265876351096,-0.00133026577509
963,1.00130726435,0.00130641062535,0.000652992020529
964,1.00290734976,0.00290313159681,0.00145051278634
965,1.00341447868,0.0034086625856,0.00170287974498
966,1.0018915551,0.0018897683586,0.000944437916812
967,1.00126797681,0.00126717360504,0.000633386128787
968,1.00150463072,0.00150349989934,0.000751467456471
969,0.998583797345,-0.00141720641744,-0.000708854327284
970,1.00245405565,0.00245104937709,0.00122477403984
971,1.00273317142,0.00272944309824,0.00136379074014
972,1.00331736212,0.0033118718166,0.00165456560292
973,1.00366924775,0.00366253247916,0.00182959049463
974,1.00260910179,0.00260570399408,0.00130200365384
975,1.00389829644,0.00389071777184,0.00194346790173
976,1.00186514637,0.00186340914519,0.000931270670658
977,0.998420489313,-0.00158075942885,-0.000790692146782
978,1.00346988069,0.00346387454677,0.00173043833551
979,1.00125807286,0.00125728214643,0.000628443519816
980,1.00260169068,0.00259831214601,0.00129831253509
981,1.0039667151,0.00395886842613,0.00197747642515
982,1.00291353,0.00290929389804,0.00145358946297
983,1.00345320869,0.00344726005601,0.00172214543086
984,1.00064928469,0.000649073998376,0.000324484342753
985,0.999162961127,-0.000837389385355,-0.000418782357535
986,1.00048326772,0.000483150985679,0.00024154631583
987,1.00203866138,0.0020365861338,0.00101777478245
988,1.00292037446,0.00291611845287,0.00145699677452
989,1.00486915033,0.00485733435351,0.00242572035073
990,0.999754401211,-0.000245628953054,-0.000122822018533
991,1.00127264789,0.00127183875897,0.000635717225609
992,1.00371947614,0.00371257599285,0.00185456615943
993,1.00159255158,0.00159128481583,0.000795325968424
994,1.00211617428,0.00211393833509,0.00105641077239
995,1.00121645356,0.00121571427688,0.000607672430717
996,0.999291305251,-0.000708945991631,-0.000354535828792
997,1.00125261862,0.00125183475024,0.000625721529705
998,1.00280236923,0.0027984499111,0.00139824649673
999,1.00261764147,0.00261422141224,0.00130625680901
1000,1.00343346791,0.00342758701302,0.00171232580098
1001,1.00142593684,0.001424921156,0.000712206838228
1002,1.00189997443,0.0018981717618,0.000948635641348
1003,1.00152506944,0.00152390770715,0.00076166364045
1004,1.00066085055,0.000660632280207,0.000330261591734
1005,1.00403097345,0.00402287084212,0.00200941384049
1006,0.999128919731,-0.000871459879509,-0.000435824883834
1007,1.0002996038,0.000299558923775,0.000149768245504
1008,1.00058221007,0.000582040648229,0.000290977981808
1009,1.00278393309,0.00278006512708,0.00138906691575
1010,1.00523584855,0.00522218915766,0.00260768863644
1011,1.00087620297,0.000875819326849,0.000437813794982
1012,1.00162261677,0.00162130174935,0.000810322386022
1013,1.0010999469,0.00109934239991,0.000549520158414
1014,1.00125271378,0.00125192978641,0.000625769018054
1015,1.00359569132,0.00358924227626,0.0017930117685
1016,1.00073666492,0.000736393720541,0.000368129084125
1017,1.00200797755,0.00200596425699,0.00100247931004
1018,1.00297268218,0.00296827249287,0.00148303546088
1019,0.999045992906,-0.000954462448078,-0.000477345116977
1020,1.00230353492,0.00230088584717,0.00114978141782
1021,1.00304687433,0.00304224201205,0.00151996468784
1022,1.00166633812,0.00166495131601,0.000832129246278
1023,1.00206821098,0.00206607518028,0.0010325041905
1024,1.00470846864,0.0046974184722,0.00234595317671
1025,1.00118187293,0.0011811750665,0.000590413170759
1026,1.00139679901,0.00139582439224,0.000697668712048
1027,1.00336383442,0.00335818938477,0.00167768580156
1028,1.00511060316,0.00509758834698,0.00254554875551
1029,0.999462319031,-0.000537825571144,-0.000268948945856
1030,1.00142263124,0.00142162025635,0.000710557562503
1031,1.00068534945,0.000685114708014,0.000342498687936
1032,1.00184395922,0.00184226121544,0.000920706497151
1033,1.00355405214,0.00354775141726,0.00177230332099
1034,1.00234159521,0.00233885794628,0.00116874545755
1035,1.00225895877,0.00225641115959,0.00112756939515
1036,1.00172792746,0.00172643630891,0.000862845688847
1037,1.00167790664,0.00167650052529,0.000837899029041
1038,1.00051329533,0.000513163637861,0.000256548904631
1039,1.00405277155,0.00404458118909,0.00202024714264
1040,0.999328502922,-0.000671722633487,-0.00033591772447
1041,1.00266954604,0.00266598913431,0.00133210652453
1042,1.00247027086,0.0024672247594,0.00123285179274
1043,1.00379170588,0.00378453548459,0.00189047853242
1044,1.00184742442,0.00184572003351,0.000922434312415
1045,1.00094599365,0.000945546479844,0.000472661500263
1046,1.00113277897,0.00113213785964,0.000565908743032
1047,1.00462334465,0.00461268981789,0.00230368733901
1048,1.00136830269,0.00136736741815,0.000683450050622
1049,1.00275460673,0.00275081975825,0.00137446443646
1050,1.00092226495,0.000921839923483,0.000460813754454
1051,1.00135084929,0.00134993771149,0.000674741115508
1052,1.00000061974,6.19741238135e-07,3.0987057098e-07
1053,1.00037752918,0.00037745793226,0.000188711157939
1054,0.999966109006,-3.3891568593e-05,-1.69459278772e-05
1055,1.00029528206,0.000295238477754,0.000147608343693
1056,0.999803306142,-0.000196713204537,-9.83614394376e-05
1057,1.00425391231,0.00424489000171,0.00212019420714
1058,1.00195790209,0.00195598789456,0.000977515867066
1059,1.00068413816,0.000683904245086,0.00034189366358
1060,1.00027313431,0.000273097018156,0.000136539186755
1061,1.0013294436,0.00132856067249,0.00066405975091
1062,1.00168702316,0.00168560173179,0.000842445809001
1063,1.00026423889,0.00026420398907,0.000132093269451
1064,1.00323316778,0.0032279523275,0.00161267440465
1065,1.00160787967,0.00160658841338,0.000802971652275
1066,0.999380518723,-0.000619673234561,-0.000309884621603
1067,1.00317698419,0.00317194823651,0.00158471712591
1068,0.999596358333,-0.000403723152269,-0.000201881951554
1069,1.00003807701,3.80762817706e-05,1.90379596611e-05
1070,1.00266549744,0.00266195130222,0.00133009029586
1071,1.00139686786,0.00139589314795,0.000697703065919
1072,1.00347223617,0.00346622187253,0.00173160996675
1073,1.00083305902,0.000832712222151,0.000416269446898
1074,0.999720927144,-0.00027911180381,-0.000139565640283
1075,0.998728509614,-0.00127229941607,-0.000636352094176
1076,1.0017139979,0.00171253068412,0.000855898851502
1077,1.0020276546,0.00202560167828,0.00101228812947
1078,1.0010172485,0.00101673145069,0.000508236529386
1079,1.00066959815,0.00066937406434,0.000334631030713
1080,0.99893265776,-0.00106791225491,-0.000534098707403
1081,1.00121762115,0.00121688044656,0.000608255161064
1082,1.00196117212,0.00195925152936,0.000979146088008
1083,1.00077466791,0.000774368009448,0.00038710905867
1084,1.00515462877,0.00514138915177,0.00256739317016
1085,1.00024518235,0.000245152292983,0.000122568634343
1086,1.00467998556,0.00466906847784,0.00233181133318
1087,1.00260142838,0.00259805052538,0.0012981818946
1088,1.00357274616,0.00356637906328,0.00178160059378
1089,1.00220330402,0.00220088030418,0.00109983488986
1090,1.00254209541,0.00253886975224,0.0012686294845
1091,1.00193316098,0.00193129483094,0.000965181328042
1092,1.00080982151,0.000809493779797,0.000404664990926
1093,1.00072032341,0.000720064102674,0.000359967247575
1094,1.00286600867,0.00286190949612,0.00142993142048
1095,1.00216525933,0.0021629185336,0.00108087470047
1096,1.00170273921,0.0017012911884,0.000850283897802
1097,1.00219435123,0.00219194716102,0.00109537322081
1098,1.00445564259,0.00444574559781,0.00222040404674
1099,0.999834702156,-0.000165311506995,-8.26591695786e-05
1100,1.00316618245,0.0031611806539,0.00157934185192
1101,1.00383508354,0.00382774835577,0.00191204388853
1102,1.00282754472,0.00282355473247,0.00141078127738
1103,1.00113441233,0.00113376937383,0.000566724038147
1104,0.999629328903,-0.000370739812621,-0.000185387088373
1105,1.00371336042,0.00370648291993,0.00185152526834
1106,1.00242503166,0.00242209601609,0.00121031498535
1107,1.00124528735,0.00124451262132,0.000622062749353
1108,1.00035220313,0.000352141124112,0.000176055062544
1109,1.00437337513,0.00436383971773,0.00217954120206
1110,1.00188769801,0.00188591854721,0.00094251482722
1111,1.00168009841,0.00167868862723,0.000838992162706
1112,1.00279169325,0.002787803715,0.00139293082753
1113,1.00112000707,0.00111938033408,0.000559533569715
1114,1.00206679358,0.00206466069568,0.00103179767818
1115,1.00498178097,0.00496941295874,0.00248162215131
1116,1.00076219222,0.000761901901696,0.000380878398248
1117,1.00246951473,0.00246647048871,0.00123247512227
1118,1.00071963103,0.000719372220497,0.000359621430954
1119,1.00200301688,0.00200101351446,0.00100000641722
1120,1.00045423827,0.000454135134022,0.000227041789122
1121,1.0046181126,0.00460748183041,0.00230108934067
1122,0.998852510601,-0.001148148269,-0.000574238946593
1123,1.00278151249,0.00277765124163,0.00138786164883
1124,1.00128868039,0.00128785075524,0.000643718102166
1125,1.00025773633,0.000257703121688,0.000128843259838
1126,1.00072907425,0.000728808605658,0.000364337915645
1127,1.00106152285,0.00106095983363,0.000530339237219
1128,1.00340107231,0.0033953017426,0.00169621067716
1129,1.00585610053,0.00583902022086,0.00291525248519
1130,0.999173204078,-0.000827137905769,-0.000413654484315
1131,1.00242054115,0.0024176163598,0.00120807786559
1132,1.00122033309,0.00121958908959,0.000609608657888
1133,1.00282175792,0.0028177842348,0.00140790009484
1134,1.0020761546,0.00207400236787,0.00103646368402
1135,1.00108838117,0.00108778930898,0.000543746770603
1136,1.00133547841,0.0013345874469,0.000667071132507
1137,1.00153924688,0.00153806345216,0.000768736096972
1138,0.999702572273,-0.000297471967823,-0.000148747045656
1139,1.00263125725,0.00262780155366,0.00131303798712
1140,1.00408865352,0.00408031769477,0.00203807913788
1141,0.997606106482,-0.00239676346193,-0.00119910007727
1142,1.00476712879,0.00475580201843,0.00237507604222
1143,1.00248831498,0.00248522425124,0.00124184040286
1144,1.0029026453,0.00289844075932,0.00144817076691
1145,1.00129612644,0.00129528719028,0.000647433919292
1146,1.00286086136,0.00285677688062,0.00142736877909
1147,1.00079705631,0.000796738828367,0.000398290075624
1148,1.00363272058,0.00362613818631,0.00181142647626
1149,1.00340788999,0.0034020962873,0.00169960218125
1150,1.00415853364,0.00414991083692,0.00207280418662
1151,1.00115412829,0.0011534627989,0.000576565121863
1152,1.00214490117,0.00214260415769,0.00107072843964
1153,1.00485502278,0.00484327516355,0.00241870778294
1154,1.00307268825,0.00306797719431,0.00153281263803
1155,0.998318285604,-0.0016831300651,-0.000841919247761
1156,1.0022447423,0.0022422266271,0.00112048510081
1157,0.999939920524,-6.00812809197e-05,-3.00410916845e-05
1158,1.00034005009,0.000339992285975,0.000169981694462
1159,0.99609613886,-0.00391150109615,-0.00195766427557
1160,0.999959768462,-4.02323468108e-05,-2.0116375737e-05
1161,1.00135209135,0.00135117810218,0.000675360892188
1162,1.00004566994,4.56688926798e-05,2.2834185636e-05
1163,1.00332242432,0.0033169172619,0.00165708414838
1164,1.00261915582,0.00261573181267,0.00130701102245
1165,1.00361842811,0.00361189735295,0.00180431893239
1166,0.999989804792,-1.01952594827e-05,-5.09764273438e-06
1167,1.00222108218,0.00221861922614,0.00110869455661
1168,1.00283425624,0.00283024731146,0.0014141228404
1169,1.00247313705,0.00247008387589,0.00123427958753
1170,0.998879780657,-0.00112084725792,-0.000560580695623
1171,1.00403271094,0.0040246013575,0.00201027735914
1172,1.00229380434,0.00229117759169,0.0011449328595
1173,1.00029772729,0.000297682980075,0.000148830413692
1174,1.00333147139,0.0033259343377,0.00166158520511
1175,1.0033671965,0.00336154018736,0.00167935839065
1176,1.00270886627,0.00270520390213,0.00135168759735
1177,1.00268534531,0.00268174621295,0.0013399745378
1178,1.00354121249,0.00353495715978,0.00176591750948
1179,1.00044863367,0.00044853306734,0.000224241387811
1180,1.00244834196,0.0024453496529,0.00122192766413
1181,0.999920048679,-7.9954517421e-05,-3.99780578118e-05
1182,1.00096699724,0.000966530003251,0.000483148247903
1183,1.00167960532,0.00167819635807,0.000838746234602
1184,0.999043121692,-0.000957336408499,-0.000478782784155
1185,1.0012829981,0.00128217576129,0.000640882427717
1186,1.00033054979,0.000330495166946,0.000165233930843
1187,1.00174860236,0.00174707533824,0.000873156246162
1188,1.00161433025,0.00161302861588,0.000806189162693
1189,1.00370229275,0.00369545613665,0.00184602206972
1190,1.00004866301,4.86618264978e-05,2.43306172546e-05
1191,1.0051853403,0.00517194271925,0.002582630616
1192,0.999106145904,-0.000894253821456,-0.000447226886865
1193,0.999704372287,-0.000295671419392,-0.000147846637933
1194,1.00217625483,0.00217389021487,0.00108635459657
1195,1.00279552773,0.00279162750689,0.00139484005851
1196,1.00164464425,0.00164329330163,0.000821309191637
1197,0.999817341485,-0.000182675199244,-9.13417710275e-05
1198,1.0022907898,0.00228816993918,0.0011434307539
1199,1.00082385312,0.000823513941274,0.00041167221037
1200,1.0012108356,0.00121010313445,0.000604868560435
1201,1.00608901708,0.00607055392361,0.00303067516577
1202,1.00399231267,0.00398436453761,0.00199019919081
1203,1.00470563212,0.00469459524649,0.00234454487444
1204,1.00372385395,0.00371693756791,0.00185674290018
1205,1.00157474301,0.00157350440064,0.000786442791956
1206,1.00179141552,0.00178981285297,0.000894506117152
1207,1.00339993283,0.00339416612286,0.00169564383025
1208,1.00251210582,0.00250895575767,0.00125369135039
1209,1.00394186022,0.00393411144325,0.00196512233542
1210,0.998496657409,-0.00150447374419,-0.000752519873207
1211,1.00169856498,0.00169712405165,0.000848202098881
1212,1.00196389288,0.0019619669641,0.000980502475055
1213,1.0026177827,0.00261436227611,0.00130632714894
1214,0.997951109875,-0.00205099197224,-0.00102602198692
1215,1.00114319603,0.00114254308252,0.000571108396741
1216,1.00231109667,0.00230843019731,0.00115354924861
1217,1.00230531309,0.00230265993506,0.00115066744147
1218,1.00087701217,0.000876627816603,0.000438217862794
1219,1.00355636416,0.00355005525522,0.00177345319776
1220,1.0026821294,0.00267853890824,0.00133837303301
1221,1.00267898437,0.00267540228594,0.00133680681962
1222,1.00355875975,0.00355244234614,0.00177464462581
1223,1.00252455336,0.0025213720329,0.00125989168567
1224,1.00385022724,0.00384283409049,0.00191957230521
1225,1.00120228049,0.00120155833151,0.000600598734088
1226,1.00007379239,7.37896722949e-05,3.68941555413e-05
1227,1.00201587184,0.00201384269213,0.00100641457087
1228,1.00289788446,0.00289369368476,0.0014458006641
1229,1.00494539687,0.00493320855833,0.00246356471048
1230,1.00172867626,0.00172718381504,0.000863219119349
1231,0.99953574689,-0.000464360909254,-0.000232207410595
1232,1.00222249865,0.00222003255544,0.00110940043754
1233,1.00340548882,0.00339970327023,0.00169840770559
1234,1.00505792764,0.00504517929328,0.00251941059109
1235,1.00078783613,0.000787525951341,0.000393685461204
1236,1.0022765386,0.00227395121468,0.00113632949547
1237,1.00136497101,0.0013640402847,0.000681787619477
1238,1.00084114541,0.00084079184533,0.000420307568681
1239,1.00373272401,0.00372577468361,0.00186115324416
1240,1.0031091011,0.00310427783641,0.00155093497357
1241,1.00356105636,0.00355473081278,0.00177578682787
1242,1.00181942407,0.00181777091991,0.000908472548673
1243,1.00167900997,0.00167760200445,0.000838449307007
1244,1.00369516285,0.00368835251163,0.00184247680764
1245,1.00011020432,0.000110198246465,5.5097605304e-05
1246,1.00136477506,0.00136384460001,0.000681689843833
1247,1.00306083655,0.003056161727,0.0015269139424
1248,0.999532767502,-0.000467341685414,-0.000233698145865
1249,1.00512204703,0.00510897397061,0.00255122705983
1250,0.999299334509,-0.000700911072106,-0.000350516952769
1251,1.00072156773,0.00072130752018,0.00036058873234
1252,0.998663700221,-0.00133719342394,-0.000668820272571
1253,1.00183601757,0.00183433415083,0.000916746606247
1254,0.999109830824,-0.000890565611852,-0.000445381959031
1255,1.00526556475,0.00525175013951,0.0026224304755
1256,1.00307840633,0.00307367774163,0.0015356585387
1257,1.00036878618,0.000368718193494,0.000184342103653
1258,1.00100239868,0.00100189660959,0.000500822851141
1259,1.00151747919,0.00151632897866,0.000757877155253
1260,1.00137814101,0.0013771922433,0.000688359093749
1261,1.00273852485,0.00273478192375,0.00136645650882
1262,1.00189375174,0.00189196085321,0.000945533128178
1263,1.00097061139,0.000970140651122,0.00048495269797
1264,1.00384936284,0.00384197300033,0.0019191425865
1265,1.00099454813,0.000994053895738,0.000496903450437
1266,1.0054029105,0.00538836714105,0.00269055751512
1267,1.0003012252,0.000301179844224,0.000150578584019
1268,1.00138590637,0.00138494689249,0.000692233741843
1269,0.999658771827,-0.000341286404308,-0.000170657762534
1270,0.998753809601,-0.00124696753989,-0.000623678176354
1271,1.00578560417,0.00576893183345,0.00288030984189
1272,1.00117004565,0.00116936167887,0.0005845099469
1273,1.00120484766,0.00120412241364,0.000601880004341
1274,1.00586829794,0.00585114655089,0.00292129795622
1275,1.0016349398,0.00163360473938,0.00081646887744
1276,0.999256572352,-0.000743704127727,-0.000371921209413
1277,1.00328179215,0.00327641881842,0.00163686827663
1278,1.00290851112,0.00290428958095,0.00145109093841
1279,1.00193291372,0.00193104804677,0.000965058055047
1280,0.999751492948,-0.000248537935023,-0.00012427668922
1281,1.00131778162,0.00131691411125,0.000658240320352
1282,0.999820725536,-0.000179290535551,-8.96492860325e-05
1283,1.00207595373,0.00207380191082,0.00103636355937
1284,1.00301488882,0.00301035315938,0.00150404436955
1285,1.0022779261,0.00227533555905,0.00113702088088
1286,1.00178247923,0.00178089250108,0.000890049920922
1287,1.00003414003,3.41394466015e-05,1.70695776138e-05
1288,1.00311796532,0.0031131145495,0.00155534646779
1289,1.00591671141,0.00589927641275,0.00294529229761
1290,1.00017011975,0.000170105280285,8.50490232691e-05
1291,1.00156385547,0.00156263392408,0.000781011813418
1292,1.00278923941,0.00278535669513,0.00139170902111
1293,1.00139322612,0.00139225647727,0.000695885997586
1294,1.0003954356,0.000395357438528,0.000197659182113
1295,1.00461917594,0.00460854028694,0.002301617351
1296,1.00108109866,0.00108051468996,0.000540111432258
1297,1.00184685147,0.00184514814083,0.000922148629803
1298,0.999722256253,-0.000277782324522,-0.000138900808085
1299,1.00062248443,0.000622290766092,0.000311096982341
1300,1.00023886272,0.00023883420114,0.000119409970632
1301,1.00294134242,0.00293702513482,0.00146743483045
1302,1.00707073527,0.0070458548349,0.00351672918943
1303,1.00145646086,0.00145540124497,0.000727435912603
1304,1.00306589763,0.00306120735032,0.00152943289876
1305,1.00083379073,0.000833443318368,0.000416634842773
1306,1.00211679345,0.00211455620329,0.00105671938008
1307,1.00191948894,0.00191764907989,0.000958365014574
1308,1.00185103935,0.00184932828558,0.000924236772637
1309,1.0025677196,0.0025644286397,0.0012813926343
1310,1.0020915361,0.00208935188205,0.00104413045708
1311,1.00626315502,0.00624362297279,0.00311694369967
1312,1.0027149164,0.00271123767369,0.00135470040069
1313,0.997975146108,-0.00202690667985,-0.00101396705729
1314,1.0039744652,0.00396658787686,0.00198132851056
1315,0.999737486862,-0.000262547600936,-0.00013128241725
1316,1.00058630852,0.000586136708023,0.000293025413677
1317,1.00027641351,0.000276375314111,0.000138178109581
1318,1.00521153396,0.00519800091886,0.00259562598179
1319,0.999083466062,-0.000916954212243,-0.000458582222814
1320,1.00324840817,0.00324314349482,0.00162025771031
1321,1.00595442434,0.00593676681066,0.00296398211129
1322,1.0015551112,0.00155390326315,0.000776649882808
1323,0.999576071689,-0.000424018193523,-0.000212031572278
1324,1.00204051621,0.00203843718271,0.0010186993645
1325,1.00105990658,0.00105934527958,0.000529532388003
1326,1.0027604891,0.00275668595036,0.00137739349679
1327,1.00155791248,0.00155670019143,0.000778047259855
1328,1.00201546239,0.00201343407116,0.00100621046599
1329,1.00219124816,0.00218885087726,0.00109382677353
1330,0.999330738378,-0.000669485677368,-0.00033479887132
1331,1.00303625578,0.00303165566901,0.00151467954777
1332,1.00137236586,0.00137142502838,0.000685477467092
1333,1.00232723504,0.00232453122528,0.00116159044356
1334,1.00352264167,0.0035164516962,0.00175668107452
1335,1.0032204383,0.0032152637915,0.0016063403478
1336,0.999522674,-0.000477439956104,-0.000238748473934
1337,1.00224652551,0.00224400584013,0.00112137371013
1338,1.00065775061,0.000657534387222,0.000328713155599
1339,1.00201530775,0.00201327974383,0.00100613337997
1340,1.00054164414,0.000541497503893,0.000270712102811
1341,1.0038555916,0.00384817785689,0.00192223905597
1342,0.999711866253,-0.000288175265484,-0.000144098013863
1343,1.00284158194,0.00283755227598,0.00141777015094
1344,0.999908383793,-9.16204037851e-05,-4.58112511958e-05
1345,0.998681000033,-0.00131987061286,-0.000660153111642
1346,1.00469977437,0.00468876491558,0.00234163653948
1347,1.00105981445,0.0010592532408,0.000529486392979
1348,1.00336339174,0.00335774818618,0.00167746557233
1349,1.00254988651,0.00254664106938,0.00127251020607
1350,1.00360179214,0.00359532122245,0.00179604578717
1351,1.00156386733,0.00156264576358,0.000781017728547
1352,1.00163660568,0.00163526790077,0.000817299778829
1353,1.00242785647,0.00242491398536,0.00121172226367
1354,1.00009116762,9.11634638831e-05,4.55806931101e-05
1355,1.00193618702,0.00193431502711,0.00096668996747
1356,1.00157958089,0.0015783346597,0.000788856019213
1357,0.99866807563,-0.00133281216934,-0.000666628182536
1358,1.0031676755,0.00316266898903,0.00158008484391
1359,1.00126759234,0.0012667896214,0.00063319425855
1360,1.00580706213,0.00579026613928,0.00289094621337
1361,1.00102486959,0.00102434477197,0.000512041248096
1362,1.00193685862,0.00193498532325,0.000967024791501
1363,1.00523366835,0.00522002030776,0.00260660703875
1364,1.00265532085,0.00265180171797,0.0013250222408
1365,1.00515302991,0.00513979848572,0.00256659987875
1366,1.001457689,0.00145662759867,0.000728048643216
1367,1.00373622627,0.00372926390957,0.00186289460863
1368,1.00269130594,0.00268769085888,0.00134294287352
1369,1.00017789698,0.0001778811596,8.89366247041e-05
1370,1.00271640328,0.0027127205289,0.00135544082361
1371,1.00406482782,0.00405658872342,0.00202623876272
1372,1.00583911785,0.00582213627428,0.00290683508685
1373,1.00168487329,0.00168345548416,0.000841373588656
1374,1.00223068977,0.00222820547891,0.00111348235741
1375,1.00418421874,0.00417548923994,0.00208556679701
1376,1.00004024954,4.02487329284e-05,2.01241639706e-05
1377,1.00056356192,0.000563403174128,0.000281661912897
1378,0.997518402886,-0.00248468137929,-0.00124311271451
1379,1.00102439309,0.00102386876214,0.000511803365022
1380,1.00508241611,0.00506954422971,0.00253156229265
1381,1.00346440241,0.00345841519048,0.00172771337718
1382,1.00362566037,0.00361910350403,0.00180791550035
1383,1.00060754063,0.000607356149003,0.000303631968982
1384,1.00259103739,0.00258768644069,0.00129300656608
1385,1.00320053767,0.00319542685307,0.00159643776191
1386,1.00243725838,0.0024342930864,0.00121640612078
1387,1.00003956748,3.95666931029e-05,1.97831508624e-05
1388,0.999956463453,-4.35374945415e-05,-2.17689842117e-05
1389,1.00258980138,0.00258645362418,0.00129239095465
1390,0.999065276996,-0.000935160129679,-0.000467689397438
1391,1.00255923667,0.00255596739982,0.00127716742651
1392,1.00260848035,0.00260508417414,0.00130169414732
1393,0.999052040104,-0.000948409493644,-0.000474317199668
1394,1.00188089105,0.00187912438971,0.000939120944502
1395,1.00021440715,0.000214384171611,0.000107186340939
1396,1.00249439286,0.00249128702536,0.00124486802083
1397,1.00215801531,0.00215569014268,0.00107726440498
1398,1.00246517187,0.00246213831997,0.00123031170521
1399,1.00145195191,0.00145089884211,0.000725186346245
1400,0.999663839328,-0.000336217186256,-0.000168122724169
1401,1.00429049558,0.0042813176443,0.00213836924608
1402,1.00172379399,0.00172230996132,0.000860784293122
1403,1.0033514477,0.00334584411809,0.00167152350494
1404,0.999300207803,-0.000700037165508,-0.000350079846406
1405,1.00236540819,0.00236261501322,0.00118061003757
1406,1.00146802517,0.00146694866973,0.000733205408319
1407,1.00455550634,0.00454516142254,0.00227000035479
1408,0.999777509416,-0.000222515338368,-0.000111263858548
1409,1.00376023429,0.00375318227892,0.00187483144322
1410,1.00075992247,0.000759633872751,0.000379744815054
1411,1.00130612298,0.00130527074832,0.000652422454018
1412,0.999089894029,-0.000910520368466,-0.000455363830879
1413,1.003228272,0.00322307231672,0.00161023833122
1414,1.00103790271,0.0010373644632,0.000518547739226
1415,1.00025982676,0.00025979301259,0.000129888070109
1416,1.00140061732,0.00139963736745,0.000699573867741
1417,1.00272232622,0.00271862740078,0.00135839025199
1418,1.00585997325,0.00584287038797,0.00291717195479
1419,1.00433986064,0.00433047060231,0.00216289287015
1420,1.00040494363,0.000404861658379,0.000202410341452
1421,1.00304957457,0.00304493404758,0.0015213086588
1422,1.00170823076,0.00170677339195,0.00085302266511
1423,1.00401153595,0.00400351119456,0.00199975342072
1424,1.00438364839,0.00437406819562,0.00218464428126
1425,1.00234578914,0.00234304206765,0.00117083507096
1426,1.00288703707,0.00288287758088,0.00144040041653
1427,1.0014068793,0.00140589057248,0.000702698278084
1428,1.00303984207,0.00303523109449,0.0015164645511
1429,1.00372680674,0.00371987940516,0.00185821108661
1430,1.00410309577,0.00409470102812,0.00204525612156
1431,1.00125273851,0.00125195449147,0.000625781362855
1432,1.00151961187,0.00151845842855,0.000758941072704
1433,1.00244714753,0.00244415814367,0.0012213326373
1434,1.00474226989,0.00473106075217,0.00236273471395
1435,1.00329811848,0.00329269161962,0.00164499132596
1436,0.999718320228,-0.000281719451059,-0.000140869646726
1437,1.00099353818,0.0009930449507,0.000496399228465
1438,1.00110960773,0.00110899256909,0.000554342579891
1439,1.00203513437,0.00203306628637,0.00101601664839
1440,0.999475682941,-0.000524454561367,-0.000262261665262
1441,0.998865982721,-0.00113466076353,-0.000567491344085
1442,1.00150970445,0.00150856599533,0.000753998597757
1443,1.00306196236,0.00305728410336,0.00152747427353
1444,1.00374613168,0.00373913240061,0.00186781965002
1445,1.00209333999,0.0020911520102,0.00104502958097
1446,1.00274021857,0.0027364710149,0.00136729990001
1447,1.00126428384,0.00126348530222,0.000631543143736
1448,1.00258098817,0.00257766314269,0.00128800138463
1449,1.0029883836,0.00298392725359,0.00149085120236
1450,1.00054256757,0.000542420432964,0.000271173442316
1451,0.999624874865,-0.000375195512014,-0.000187615353566
1452,1.00323390065,0.0032286828354,0.0016130390695
1453,1.00106758649,0.00106701702927,0.000533366224274
1454,1.0036471243,0.00364048966419,0.00181858919118
1455,1.00092479531,0.000924367950137,0.000462077184508
1456,1.00597440192,0.0059566259435,0.00297388219751
1457,1.00378636577,0.0037792155278,0.00188782357913
1458,1.00145597483,0.00145491592644,0.000727193429827
1459,1.00282816161,0.00282416988284,0.00141108841859
1460,1.00528983337,0.00527589134951,0.00263446935352
1461,1.0017788778,0.0017772974732,0.000888254005247
1462,1.00314578423,0.0031408466042,0.00156919083268
1463,1.0027473753,0.00274360816098,0.00137086358738
1464,1.00446153338,0.00445161024106,0.00222332985314
1465,1.0017352773,0.0017337734471,0.00086651108581
1466,1.00122990152,0.00122914580667,0.000614384092092
1467,1.00007202927,7.20266714463e-05,3.60126872507e-05
1468,1.00414490433,0.00413633787653,0.0020660317505
1469,1.0013116729,0.00131081340367,0.000655191969776
1470,1.00239438763,0.00239152565603,0.00119504818852
1471,0.999975813265,-2.41870272005e-05,-1.20935867272e-05
1472,1.00153980422,0.00153861993604,0.000769014124978
1473,1.0014865239,0.00148542011559,0.000742434316949
1474,1.00328105126,0.00327568035239,0.00163649964793
1475,1.00257512858,0.00257181861756,0.00128508288168
1476,1.00325673224,0.00325144057025,0.00162439951773
1477,1.00186370656,0.0018619720172,0.000930552775583
1478,1.00127097639,0.00127016938348,0.00063488306814
1479,1.00359918026,0.00359271870991,0.00179474686717
1480,1.00125782416,0.00125703376376,0.000628319406518
1481,1.00119028722,0.00118957938812,0.000594612841733
1482,1.00267593351,0.00267235957877,0.00133528749863
1483,1.0039171912,0.00390953898698,0.0019528601759
1484,1.00169663355,0.00169519589147,0.000847238836061
1485,1.00275726197,0.00275346770003,0.00137578658673
1486,0.999307125154,-0.000693114995205,-0.00034661755559
1487,1.00139878885,0.00139781145367,0.000698661549116
1488,1.00110289379,0.0011022860446,0.000550991170882
1489,1.00100833255,0.00100782452383,0.000503785319457
1490,1.0006743599,0.000674132617146,0.000337009508107
1491,1.00344895934,0.00344302531996,0.00172003170701
1492,1.00278262724,0.00277876290106,0.00138841670697
1493,0.999363684541,-0.000636517993451,-0.000318309646493
1494,1.00505422312,0.00504149340557,0.00251757228867
1495,1.00127900421,0.00127818697971,0.000638889313108
1496,1.00339860867,0.00339284645201,0.00169498511346
1497,1.0047829455,0.00477154355586,0.00238292808636
1498,1.00556181167,0.00554640190943,0.0027693591851
1499,1.00102802552,0.00102749746508,0.000513616786257
1500,1.0011612209,0.00116054720449,0.000580105276078
1501,1.00300120533,0.0029967107058,0.00149723337896
1502,1.00149380862,0.00149269399649,0.000746068550601
1503,1.00041641453,0.000416327851766,0.000208142261276
1504,1.00018334178,0.0001833249799,9.16582890725e-05
1505,1.00106331707,0.00106275215382,0.000531234921646
1506,0.999896087324,-0.000103918074955,-5.19603873717e-05
1507,1.00196997175,0.00196803389585,0.000983532962013
1508,1.00218085566,0.00217848104438,0.00108864751506
1509,1.00006126778,6.12659055436e-05,3.06324835877e-05
1510,1.00255876792,0.00255549984966,0.00127693394997
1511,1.00402812059,0.0040200294284,0.00200799598741
1512,1.00088893405,0.000888539177534,0.000444170915646
1513,1.00331681073,0.00331132224122,0.00165429126984
1514,1.0018506803,0.00184896989953,0.000924057745213
1515,1.00430660447,0.00429735758383,0.00214637203409
1516,1.00020966632,0.000209644343757,0.000104816678227
1517,1.00022662714,0.000226601468401,0.000113294315915
1518,1.0007819996,0.000781694000327,0.000390770629425
1519,0.999011038852,-0.000989450492885,-0.000494847643161
1520,0.999626954584,-0.000373115015021,-0.000186574910444
1521,1.0032708937,0.00326555596677,0.00163144572661
1522,1.00310934767,0.00310452364858,0.00155105768903
1523,1.00237752757,0.00237470571992,0.00118664823546
1524,1.00132595327,0.00132507496734,0.000662318054176
1525,1.0038398923,0.00383253873346,0.00191443449481
1526,1.00188566902,0.00188389337911,0.000941503197033
1527,1.00444076965,0.00443093852531,0.00221301692199
1528,1.00071834952,0.000718091634631,0.00035898136808
1529,1.00052130492,0.000521169086014,0.000260550593804
1530,1.00015277176,0.000152760088562,7.63771273995e-05
1531,1.00040644297,0.000406360391999,0.000203159556301
1532,1.0030058835,0.00300137486927,0.00149956196631
1533,1.00118830846,0.00118760297795,0.000593625223763
1534,1.00612672922,0.00610803712823,0.00304935979328
1535,1.00186150089,0.00185977044174,0.000929453011585
1536,1.0033408224,0.00333525425148,0.00166623740824
1537,1.0018693297,0.0018675846759,0.000933356489557
1538,1.00107013961,0.0010695674203,0.000534640738829
1539,1.00255164954,0.00254839960989,0.00127338835706
1540,1.00290453669,0.00290032667071,0.0014491123566
1541,0.999719630791,-0.000280408519847,-0.000140214089
1542,1.00095125527,0.000950803115457,0.000475288572313
1543,1.00133334862,0.00133246050332,0.000666008369562
1544,1.00359311169,0.00358667188526,0.00179172887654
1545,1.00315055309,0.00314560049791,0.00157156404683
1546,1.00165830822,0.00165693474532,0.000828124288318
1547,1.00208622732,0.00208405417023,0.00104148436342
1548,1.00246587312,0.00246283784231,0.001230661036
1549,1.00249475315,0.00249164642179,0.00124504749533
1550,1.00165858955,0.0016572156121,0.000828264605401
1551,1.00053819325,0.000538048478489,0.000268988055468
1552,1.00499081579,0.00497840295558,0.00248610598476
1553,1.00204595858,0.00204386845706,0.00102141223158
1554,1.00127045817,0.00126965181605,0.000634624448689
1555,1.00170831788,0.00170686036659,0.000853066115331
1556,1.00417919535,0.00417048676787,0.00208307077435
1557,0.999979518589,-2.04816204975e-05,-1.02408626861e-05
1558,1.00044267612,0.000442578170705,0.000221264602729
1559,0.998720328989,-0.00128049048905,-0.000640450245261
1560,1.00354827477,0.00354199449151,0.00176942995549
1561,1.00067618707,0.000675958557265,0.00033792217007
1562,1.00261515313,0.00261173956832,0.00130501750724
1563,1.00395430612,0.00394650840449,0.0019713086161
1564,1.00261054064,0.00260713909297,0.00130272026877
1565,1.00313832022,0.00313340597148,0.00156547634729
1566,1.00052248093,0.000522344486372,0.000261138140685
1567,1.00067595963,0.00067573127379,0.000337808566728
1568,1.00340747401,0.00340168172336,0.00169939525156
1569,1.00169213163,0.00169070159322,0.000844993588287
1570,1.0053987246,0.0053842037213,0.00268848140404
1571,1.00168057327,0.00167916269021,0.000839228995301
1572,0.999882452783,-0.000117554125967,-5.8778790389e-05
1573,1.00076258771,0.000762297090116,0.000381075917179
1574,1.0032305025,0.00322529564074,0.00161134820257
1575,0.99839807693,-0.00160320752079,-0.000801925130553
1576,1.0016908453,0.00168941743105,0.00084435204955
1577,1.00305121663,0.00304657111801,0.00152212594844
1578,1.00464201407,0.00463127315444,0.00231295755912
1579,1.00178573582,0.00178414328888,0.000891673866822
1580,1.00493061788,0.00491850219043,0.00245622961461
1581,1.00034970116,0.000349640031555,0.000174804735649
1582,1.00273881818,0.00273507445315,0.00136660257365
1583,1.00250102357,0.00249790121148,0.00124817099153
1584,1.00161569731,0.00161439347649,0.000806871042597
1585,1.0031592517,0.00315427174853,0.00157589284904
1586,1.00175599874,0.00175445877617,0.000876844734868
1587,1.00007473505,7.47322618809e-05,3.73654328353e-05
1588,0.99840362515,-0.0015976504144,-0.00079914435303
1589,1.00339898633,0.00339322282874,0.00169517298283
1590,1.00282246993,0.00281849424362,0.00140825459938
1591,1.00239167088,0.00238881539028,0.00119369467417
1592,1.0023249937,0.00232229508416,0.00116047367112
1593,1.00073762309,0.000737351183727,0.000368607639369
1594,1.0031556429,0.00315067431371,0.0015740969646
1595,0.999352660275,-0.000647549339856,-0.000323827090603
1596,1.00038838378,0.00038830838069,0.00019413534364
1597,1.00037048087,0.000370412254389,0.000185188977599
1598,1.00261869269,0.00261526988453,0.00130678036023
1599,1.0002358952,0.000235867376182,0.000117926734187
1600,1.00677618953,0.00675333434686,0.00337097264414
1601,1.00083024679,0.000829902328104,0.000414865083725
1602,1.00302648777,0.003021917172,0.00150981766278
1603,1.00201273363,0.00201071079165,0.0010048501954
1604,1.00319247242,0.00318738729522,0.00159242439225
1605,1.00556243736,0.0055470241362,0.00276966943685
1606,1.00225801036,0.00225546488108,0.00112709678928
1607,1.00359393552,0.00358749276312,0.00179213857999
1608,0.999445953412,-0.000554200128384,-0.000277138459961
1609,1.0028230279,0.00281905064449,0.001408532408
1610,1.00465747412,0.00464666164731,0.00232063397955
1611,1.00250479924,0.00250166746379,0.00125005176545
1612,1.00107973562,0.00107915312346,0.000539431016475
1613,1.00258944887,0.00258610202056,0.00129221538003
1614,1.00100664578,0.00100613944746,0.000502943205375
1615,1.00303242061,0.00302783209421,0.00151277065429
1616,1.00211412947,0.00211189783911,0.00105539160168
1617,1.00130858104,0.00130772559727,0.000653649076938
1618,0.999974776306,-2.5224012211e-05,-1.26120856372e-05
1619,1.00102142636,0.00102090505435,0.00051032226845
1620,1.00184808664,0.00184638102709,0.00092276450429
1621,1.0010071623,0.0010066554524,0.000503201078049
1622,1.00263003226,0.00262657977341,0.00131242789893
1623,1.00146141864,0.00146035181015,0.000729909391521
1624,0.99897060259,-0.00102992760317,-0.000515096418204
1625,1.0022005121,0.00219809451979,0.00109844352865
1626,1.00182423304,0.00182257114622,0.000910870478513
1627,1.00098645589,0.000985969659635,0.000492863332762
1628,1.00202471954,0.0020226725587,0.00101082505117
1629,1.00468866952,0.00467771194498,0.00233612297997
1630,1.00282015727,0.00281618808315,0.00140710314231
1631,1.00217953325,0.00217716151384,0.00108798846783
1632,0.999015927182,-0.000984557335442,-0.00049239985675
1633,0.998707258477,-0.00129357783368,-0.000646998129895
1634,1.00234386133,0.0023411187725,0.00116987454885
1635,1.0050310054,0.00501839218323,0.00250605069046
1636,1.00084379332,0.000843437521553,0.000421629849919
1637,1.00286892981,0.00286482228078,0.00143138572921
1638,1.00009262786,9.26235752893e-05,4.63107152704e-05
1639,1.00103416724,0.00103363285522,0.000516682901004
1640,1.00358326218,0.0035768575888,0.00178683050857
1641,1.00333112611,0.00332559019546,0.00166141341989
1642,1.00193810908,0.00193623336628,0.000967648209377
1643,1.00282541175,0.00282142778133,0.00140971930158
1644,1.00076601533,0.000765722087419,0.000382787761772
1645,1.00223921966,0.00223671634856,0.00111773304484
1646,1.00310462764,0.00309981823191,0.00154870862712
1647,1.00345154917,0.00344560624304,0.00172131994808
1648,1.00291248534,0.00290825227458,0.00145306940814
1649,1.00192254314,0.0019206974151,0.000959887720314
1650,1.00252203193,0.00251885694132,0.00125863572346
1651,1.00219920996,0.0021967952423,0.00109779460329
1652,1.00324096749,0.00323572687136,0.00161655540014
1653,1.00211409926,0.00211186769554,0.0010553765458
1654,1.00373154297,0.00372459803315,0.00186056601372
1655,1.00142658044,0.00142556384093,0.000712527951777
1656,1.00003733079,3.73300891023e-05,1.86648703603e-05
1657,1.00119746483,0.00119674843886,0.000598195229278
1658,0.999811440241,-0.000188577538522,-9.42932145866e-05
1659,1.00207201733,0.0020698736593,0.00103440146723
1660,1.00402068067,0.0040126193347,0.00200429837343
1661,1.00298732861,0.00298287540673,0.00149032606287
1662,0.99958843001,-0.000411654707807,-0.000205848537807
1663,0.998419459755,-0.00158179061607,-0.000791208148198
1664,1.00328994966,0.00328454961679,0.00164092701304
1665,1.00074419934,0.000743922556105,0.000371892109033
1666,1.00344714602,0.00344121822947,0.00171912971548
1667,1.00296732987,0.00296293603672,0.00148037118633
1668,1.00249063829,0.00248754178817,0.00124299773165
1669,1.00167152299,0.00167012755292,0.000834715207738
1670,1.00111347617,0.00111285671762,0.000556273581258
1671,1.0045653405,0.00455495094626,0.00227488399358
1672,0.998099551664,-0.00190225647954,-0.000951580705673
1673,1.00195610938,0.00195419868501,0.000976622136382
1674,1.00303334259,0.00302875128419,0.00151322955391
1675,1.0000127759,1.27758228958e-05,6.38789104535e-06
1676,0.996965318448,-0.003039295535,-0.00152080301729
1677,1.00283977553,0.00283575098544,0.00141687078217
1678,1.00100888451,0.00100837593214,0.000504060884676
1679,1.00375481358,0.00374778186586,0.00187213629549
1680,1.00022476183,0.000224736572025,0.000112361972933
1681,1.00045227672,0.000452174469224,0.000226061678819
1682,1.00477401872,0.0047626592296,0.00237849649874
1683,1.00249454392,0.00249143770826,0.00124494326848
1684,1.00117258587,0.00117189892609,0.000585777828184
1685,1.00184529126,0.0018435908053,0.000921370679778
1686,1.00084643436,0.000846076333871,0.000422948698907
1687,1.00369206587,0.00368526692777,0.00184093685708
1688,1.00253025023,0.00252705453881,0.00126272935492
1689,1.00329781737,0.00329239149577,0.00164484151088
1690,0.999939419983,-6.05818519317e-05,-3.02913847405e-05
1691,1.00054935039,0.000549199554271,0.000274562078067
1692,1.00057340624,0.000573241900965,0.000286579878622
1693,1.00278858365,0.00278470276015,0.00139138250861
1694,1.00591709291,0.00589965566719,0.0029454813663
1695,0.999989869778,-1.01302730096e-05,-5.06514933263e-06
1696,1.00200307286,0.00200106938521,0.00100003432466
1697,1.00199579008,0.00199380113664,0.000996403828029
1698,1.00104663982,0.00104609247479,0.000522909472556
1699,1.00197466023,0.00197271315535,0.000985870287925
1700,1.00253011943,0.00252692406613,0.00126266420096
1701,1.00077583803,0.000775537225769,0.000387693440353
1702,1.000350054,0.000349992740508,0.000174981059282
1703,1.00221753716,0.00221508205004,0.00110692792783
1704,1.00188602495,0.00188424863766,0.000941680659053
1705,1.00012529575,0.000125287899896,6.26419878568e-05
1706,1.00002837092,2.83705147362e-05,1.41851567579e-05
1707,1.00021330787,0.000213285124691,0.00010663687623
1708,1.00274238141,0.00273862794742,0.0013683768911
1709,0.99887830379,-0.0011223257816,-0.000561320372152
1710,1.0007372227,0.000736951088465,0.000368407665457
1711,1.00491323341,0.00490120286908,0.00244760116217
1712,1.00157757863,0.00157633555828,0.000787857256505
1713,0.999754009761,-0.000246020499606,-0.000123017815874
1714,1.00235175363,0.00234899259022,0.00117380684428
1715,0.999775430558,-0.000224594661316,-0.000112303636239
1716,1.00181454463,0.00181290032835,0.000906039462325
1717,1.00096132069,0.000960858915326,0.000480314069911
1718,1.00521429567,0.00520074829831,0.00259699610499
1719,1.00304224365,0.0030376253941,0.00151765988476
1720,1.00083305372,0.000832706923111,0.000416266798481
1721,1.00278730434,0.00278342700555,0.00139074551864
1722,1.00202282934,0.00202078617169,0.00100988281063
1723,0.999985117235,-1.48828756045e-05,-7.44146548981e-06
1724,1.00196371112,0.00196178556078,0.000980411862321
1725,1.00260022085,0.00259684612481,0.0012975804759
1726,0.998688283593,-0.00131257746019,-0.000656504134662
1727,1.00231332482,0.00231065320383,0.00115465946908
1728,1.00317245317,0.00316743155594,0.00158246236191
1729,1.00202876234,0.0020267071844,0.00101284032284
1730,0.999835322426,-0.000164691135083,-8.23489580306e-05
1731,1.00148833625,0.001487229771,0.00074333847247
1732,1.00377350607,0.00376640425525,0.00188143001509
1733,0.998325152124,-0.00167625200207,-0.000838477326778
1734,1.00310745374,0.00310263558417,0.00155011512063
1735,1.00335913304,0.00335350376,0.00167534691693
1736,1.0010366906,0.00103615361234,0.000517942627553
1737,1.0035480996,0.00354181994242,0.00176934283537
1738,1.00104671503,0.00104616760697,0.000522947019003
1739,1.00223643338,0.00223393628488,0.00111634456572
1740,1.00318794375,0.0031828730302,0.0015901708515
1741,1.00291754719,0.00291329940496,0.00145558930324
1742,1.00159277926,0.00159151213253,0.000795439536374
1743,1.0034925871,0.0034865021825,0.00174173251162
1744,1.00378504629,0.00377790102416,0.00188716756787
1745,1.00581470538,0.00579786523288,0.00289473476869
1746,1.00167359329,0.00167219439373,0.000835747764996
1747,1.00314552508,0.00314058827075,0.00156906186863
1748,1.00461799917,0.00460736892499,0.00230103301786
1749,1.00367359448,0.00366686330983,0.0018317519458
1750,1.00130573801,0.00130488627326,0.000652230341886
1751,1.00191078493,0.00190896170078,0.000954025478434
1752,1.00119632596,0.00119561093707,0.000597626818446
1753,0.999667777117,-0.000332278081503,-0.000166152842606
1754,1.00165469638,0.00165332887818,0.000826322846177
1755,0.997324622918,-0.00267896229954,-0.00134037865533
1756,1.00362873539,0.0036221674171,0.00180944468607
1757,1.00175545313,0.00175391412381,0.00087657264744
1758,1.00237251972,0.0023697097341,0.00118415320367
1759,1.00089237774,0.000891979804926,0.00044589046375
1760,1.00467872511,0.00466781389313,0.00233118550336
1761,1.00051243093,0.000512299677942,0.000256117035402
1762,1.00428235539,0.00427321220015,0.00213432518203
1763,0.999768677172,-0.000231349587565,-0.000115681484369
1764,1.00127159557,0.00127078777343,0.000635192066766
1765,1.00027827724,0.000278238524025,0.000139109585377
1766,1.00356449248,0.00355815473144,0.00177749574566
1767,1.00235311864,0.00235035439076,0.00117448694508
1768,1.00004015543,4.01546226537e-05,2.0077109779e-05
1769,1.00364985663,0.00364321206376,0.00181994791458
1770,1.00089534348,0.000894942902789,0.000447371350976
1771,1.00390375842,0.0038961585249,0.00194618298761
1772,0.999376540609,-0.000623653822962,-0.000311875534546
1773,1.002541978,0.00253875263565,0.00126857100049
1774,1.00167292794,0.00167153015834,0.000835415924813
1775,1.00272862039,0.00272490445855,0.00136152451261
1776,1.00320360007,0.00319847947396,0.00159796163454
1777,1.00065311838,0.000652905191501,0.0003263993159
1778,1.00352965587,0.00352344125904,0.00176016971063
1779,1.00139625812,0.00139528425415,0.000697398831387
1780,1.00275217033,0.00274839004347,0.00137325124811
1781,1.0001028366,0.000102831313299,5.14143348874e-05
1782,1.00376057753,0.00375352423855,0.00187500210247
1783,1.0018824451,0.00188067551905,0.000939895780521
1784,1.00179033347,0.00178873273728,0.000893966542243
1785,1.00498446021,0.0049720789106,0.0024829518184
1786,1.00360651138,0.00360002351461,0.00179839270772
1787,1.00199198621,0.00199000483481,0.000994507566637
1788,1.00550079458,0.00548572046167,0.00273910202657
1789,1.00338875456,0.00338302566711,0.00169008303201
1790,1.00252669193,0.00252350521252,0.00126095693112
1791,0.999426913438,-0.00057325083883,-0.000286666500406
1792,0.999741025936,-0.000259007603903,-0.000129512187931
1793,1.00325742547,0.00325213155349,0.00162474444807
1794,1.00110151381,0.00110090759233,0.000550302324269
1795,1.00341413891,0.00340832397055,0.00170271072575
1796,1.00256173141,0.00255845576714,0.00127841002036
1797,0.999181449564,-0.000818885631529,-0.000409526648915
1798,1.00298187842,0.00297744143821,0.00148761312412
1799,1.00139855668,0.00139757960575,0.00069854570614
1800,0.997868182629,-0.00213409292863,-0.00106761596094
1801,1.00371278329,0.00370590792247,0.00185123830189
1802,1.00235444166,0.00235167430252,0.00117514612563
1803,1.00439568719,0.00438605437943,0.00219062426247
1804,1.00081947385,0.000819138264046,0.000409485270036
1805,1.00086828184,0.00086790510022,0.00043385840632
1806,1.00253384657,0.00253064179003,0.00126452071406
1807,1.00100695758,0.00100645093356,0.000503098870079
1808,1.00261791601,0.00261449523721,0.00130639354264
1809,0.998614425032,-0.00138653576415,-0.000693508247794
1810,1.00304623313,0.00304160276682,0.00151964555099
1811,1.00077113015,0.000770832986225,0.000385342229717
1812,1.000681077,0.000680845172107,0.00034036464886
1813,1.00074629163,0.000746013288686,0.000372937086013
1814,0.998760450656,-0.00124031822067,-0.000620351448755
1815,1.00246811697,0.00246507616859,0.0012317788212
1816,1.00217340744,0.00217104900687,0.00108493553484
1817,1.00330915614,0.00330369293643,0.00165048292073
1818,1.00074214482,0.000741869569406,0.000370865996901
1819,1.00235628486,0.00235351316984,0.0011760644784
1820,1.00235236445,0.00234960197525,0.0011741111791
1821,1.00180400843,0.00180238316483,0.000900785631237
1822,1.00317687623,0.00317184061866,0.00158466340226
1823,1.00161653525,0.00161523005983,0.000807288996672
1824,1.00133931112,0.00133841503939,0.000668983650282
1825,1.00361361249,0.0036070990792,0.00180192412145
1826,1.00411847758,0.00411001986209,0.0020528998438
1827,1.00016876766,0.000168753423935,8.43731523527e-05
1828,1.00221162332,0.00220918128055,0.00110398080459
1829,1.00191714535,0.00191530997295,0.000957196581283
1830,1.00203499872,0.00203293091118,0.00101594902957
1831,0.998369069139,-0.00163226227652,-0.000816464263894
1832,1.0013319161,0.00133102988368,0.000665293535889
1833,0.999710248152,-0.000289793834542,-0.000144907415336
1834,1.00394394645,0.00393618948293,0.00196615931292
1835,1.00486210785,0.00485032598173,0.00242222465889
1836,1.00250358383,0.00250045508224,0.00124944633226
1837,1.00147626339,0.00147517478554,0.000737315442057
1838,1.0005332611,0.000533118962237,0.000266523957297
1839,1.00145919593,0.0014581323373,0.000728800464486
1840,1.00240316834,0.00240028535041,0.001199422792
1841,0.999494115139,-0.000506012864049,-0.000253038440851
1842,1.00120783593,0.00120710708393,0.000603371440162
1843,0.998199245492,-0.00180237781524,-0.000901595100355
1844,1.00036287601,0.000362810184523,0.000181388639353
1845,1.00276312161,0.00275931120839,0.00137870431693
1846,1.00262633897,0.00262289616602,0.00131058851077
1847,1.00001342912,1.34290314789e-05,6.71449319711e-06
1848,1.00200183009,0.00199982910063,0.000999414802345
1849,1.00348887276,0.00348280076352,0.00173988502386
1850,1.00283868027,0.00283465882651,0.00141632547628
1851,1.00207924891,0.00207709026267,0.00103800602998
1852,1.00197112635,0.00196918623382,0.00098410856415
1853,1.00435738552,0.0043479196046,0.00217159846315
1854,1.00377177689,0.00376468157236,0.00188057029383
1855,1.00188377804,0.00188200595451,0.000940560372794
1856,1.00531756725,0.00530347890955,0.00264822669936
1857,1.00086163683,0.00086126583901,0.000430540210458
1858,1.0046061981,0.00459562203285,0.00229517306958
1859,1.00004031784,4.03170295608e-05,2.0158311599e-05
1860,1.00380632151,0.00379909579725,0.00189774489933
1861,1.00324123072,0.0032359892496,0.00161668637717
1862,1.00112834576,0.00112770965327,0.000563695890375
1863,1.00025799702,0.000257963743124,0.000128973553758
1864,1.00170614627,0.00170469245693,0.000851983084602
1865,0.99913340421,-0.000866971501375,-0.000433579719213
1866,1.00198924292,0.00198726699821,0.000993140008802
1867,1.00194667443,0.00194478211236,0.000971918437201
1868,1.00101788548,0.0010173677869,0.000508554535733
1869,1.00381026811,0.00380302742566,0.00189970698099
1870,1.00067073133,0.000670506486846,0.000335197052334
1871,1.00117652219,0.00117583062876,0.000587742526032
1872,1.0037845929,0.00377744934396,0.00188694215394
1873,1.00261248259,0.00260907598577,0.00130368745309
1874,1.00477904689,0.00476766349538,0.00238099267719
1875,1.00379353554,0.00378635823042,0.00189138818199
1876,1.00151978378,0.00151863007863,0.000759026832602
1877,1.00526304274,0.005249241339,0.00262117936404
1878,1.00108247045,0.00108188500246,0.000540796218213
1879,1.00303476293,0.00303016733715,0.00151393650873
1880,1.00388446986,0.00387694478627,0.00193659476896
1881,1.00227796481,0.00227537418018,0.00113704016948
1882,1.00096908712,0.000968617857224,0.000484191669973
1883,1.00205209112,0.00204998845562,0.00102446910066
1884,1.00208811692,0.00208593983478,0.0010424262133
1885,1.00077076789,0.000770471000997,0.000385161306831
1886,1.00235779322,0.00235501798522,0.00117681600092
1887,1.00064200491,0.000641798908405,0.00032084797148
1888,1.00012606736,0.000126059410141,6.30277187404e-05
1889,0.999917696689,-8.23066976057e-05,-4.11541956136e-05
1890,1.00238801865,0.00238517186417,0.00119187508409
1891,1.00080668874,0.000806363542419,0.000403100504361
1892,1.00390132037,0.00389372995823,0.00194497106675
1893,1.00354216006,0.00353590139034,0.00176638879093
1894,1.00123146187,0.00123070424134,0.000615162830383
1895,1.00073744678,0.000737175000559,0.000368519580252
1896,1.00205065081,0.00204855109708,0.0010237511574
1897,1.00399500144,0.0039870426164,0.00199153556436
1898,0.999238413978,-0.000761876175489,-0.000381010653872
1899,0.9997312113,-0.000268824830624,-0.000134421449066
1900,1.00192535883,0.00192350770136,0.000961291513675
1901,1.00239562569,0.00239276075669,0.00119566500066
1902,1.003015484,0.0030109465496,0.00150434061837
1903,0.999330439738,-0.000669784517305,-0.000334948341326
1904,0.998282199071,-0.00171927804056,-0.000860008615802
1905,1.00281877626,0.00281481095874,0.00140641554874
1906,0.999658388292,-0.000341670070525,-0.000170849628398
1907,0.999506068198,-0.000494053826383,-0.000247057426852
1908,1.00136240899,0.00136148175747,0.000680509227229
1909,1.00178979174,0.00178819197151,0.000893696401035
1910,1.00129237552,0.00129154112484,0.000645562097486
1911,1.00329940891,0.00329397779875,0.00164563335745
1912,1.00446172319,0.00445179921174,0.00222342412841
1913,1.00326648468,0.00326116130337,0.00162925197732
1914,1.00436599755,0.00435649422911,0.00217587645592
1915,1.00142695644,0.00142593930108,0.00071271554807
1916,0.998076358792,-0.00192549378154,-0.00096321048032
1917,1.00574355861,0.00572712726488,0.00285946754484
1918,0.998847660992,-0.00115300346107,-0.000576667939595
1919,1.00141993602,0.00141892886805,0.000709212823641
1920,1.00053241374,0.000532272060929,0.000266100619412
1921,1.00196706019,0.00196512806434,0.000982081474195
1922,1.00294566973,0.00294133974292,0.00146958896648
1923,1.00050041028,0.000500285121173,0.000250111277545
1924,1.00101016245,0.00100965258346,0.000504698888378
1925,1.00338090204,0.00337519964347,0.00168617662587
1926,1.00412753709,0.00411904217494,0.00205740172912
1927,1.00216770663,0.0021653605422,0.00108209438428
1928,1.0050648465,0.00505206331305,0.00252284392323
1929,1.00254974015,0.00254649508108,0.0012724373048
1930,1.00356857675,0.00356222449108,0.00177952700643
1931,1.00151619336,0.00151504509798,0.000757235701218
1932,1.00047763067,0.000477516640732,0.000238729819867
1933,1.00076082344,0.000760534159333,0.000380194787304
1934,1.00229983603,0.0022971954596,0.00114793834391
1935,1.00105519716,0.00105464082961,0.000527181405831
1936,0.999458458882,-0.000541687804461,-0.000270880583752
1937,1.00188090513,0.00187913844546,0.000939127965777
1938,1.0025236321,0.00252045309128,0.00125943279364
1939,1.00374488833,0.0037378936931,0.00186720145291
1940,1.00019508664,0.000195067613039,9.75290502526e-05
1941,0.999576445074,-0.000423644650717,-0.000211844761292
1942,1.00206326581,0.00206114020092,0.00103003924547
1943,1.00175459907,0.00175306156043,0.000876146739329
1944,1.0048848296,0.00487293753167,0.00243350298498
1945,1.00386696953,0.00385951202136,0.0019278952287
1946,0.999752389107,-0.000247641553962,-0.00012382844309
1947,1.00472745561,0.00471631628402,0.00235537987139
1948,1.00580942942,0.00579261975651,0.0028921196192
1949,1.00442128883,0.00441154364507,0.00220334089556
1950,1.00020515093,0.000205129886607,0.000102559683699
1951,1.00363122026,0.00362464329804,0.00181068038579
1952,1.00404678735,0.00403862113472,0.00201727313141
1953,1.00333218941,0.00332664997006,0.00166194242668
1954,0.999372104322,-0.000628092887536,-0.000314095761515
1955,1.0008411612,0.000840807626436,0.000420315455917
1956,1.00131585704,0.00131499205602,0.000657279924861
1957,1.0018159367,0.00181428988332,0.000906733610078
1958,1.0011561043,0.00115543652654,0.000577551416208
1959,1.00219694868,0.00219453891489,0.00109666767744
1960,1.00312415786,0.00311928782182,0.0015584282984
1961,0.99981666195,-0.000183354858239,-9.16816316237e-05
1962,1.00181603064,0.00181438365038,0.000906780451096
1963,1.00545882111,0.0054439757496,0.00271828662482
1964,1.00123714061,0.00123637597944,0.000617996950894
1965,1.00079332653,0.00079301200812,0.000396427405943
1966,1.00099302659,0.000992533865454,0.00049614381266
1967,1.00266318851,0.00265964851116,0.00132894043113
1968,1.00200873568,0.0020067208718,0.00100285723813
1969,1.0024980197,0.0024949048399,0.00124667467462
1970,1.00357527808,0.00356890196452,0.00178285979621
1971,1.00212007254,0.00211782835492,0.00105835372568
1972,0.999668656694,-0.000331398212438,-0.000165712835074
1973,0.999099737513,-0.000900667966589,-0.000450435398866
1974,1.00232754573,0.00232484118641,0.00116174524409
1975,1.00273652869,0.00273279120901,0.00136546251107
1976,1.00322286484,0.00321768254429,0.00160754778079
1977,1.00234490657,0.00234216156475,0.00117039533487
1978,0.999103497841,-0.00089690425732,-0.000448552698349
1979,1.00119318029,0.00119246901687,0.000596056795963
1980,1.001125606,0.00112497297828,0.00056232832327
1981,1.00376120013,0.00375414450699,0.00187531165513
1982,1.00164815969,0.00164680296177,0.000823062578911
1983,1.00068037998,0.000680148627028,0.000340016494799
1984,1.00445894719,0.00444903553425,0.00222204536112
1985,1.00157081293,0.00156958049863,0.00078448238199
1986,0.999528926403,-0.000471184587187,-0.000235620047638
1987,1.00339189332,0.00338615382661,0.00169164446711
1988,1.00115772697,0.00115705731659,0.000578361342859
1989,1.00192603561,0.00192418318527,0.000961628930907
1990,1.00244411718,0.00244113518153,0.00121982300111
1991,1.00009510894,9.51044151159e-05,4.75510769696e-05
1992,1.00302253212,0.00301797345583,0.0015078487799
1993,1.00325129096,0.00324601694393,0.00162169210597
1994,0.999457108923,-0.000543038495611,-0.000271556112493
1995,0.999686750566,-0.000313298506655,-0.000156661523462
1996,1.00324678388,0.00324152446,0.0016194495042
1997,0.999579973408,-0.000420114827673,-0.00021007947744
1998,1.00192154085,0.00191969704776,0.000959388016635
1999,1.00185151679,0.00184980484937,0.000924474834273
2000,1.00325333213,0.00324805149881,0.00162270773318
2001,1.00291735481,0.00291310759237,0.00145549353654
2002,1.00447688263,0.00446689119838,0.00223095331537
2003,1.00146734314,0.0014662676414,0.000732865143764
2004,0.999556099481,-0.000443999072066,-0.000222024179754
2005,1.00141733447,0.0014163310002,0.000707914810091
2006,0.999212746012,-0.00078756403492,-0.000393859559777
2007,1.0053635892,0.00534925638514,0.00267105456134
2008,1.00246400507,0.00246097438824,0.00122973045517
2009,1.0028138261,0.00280987470606,0.00140395089057
2010,1.00233455392,0.00233183308379,0.00116523712528
2011,1.00408589719,0.00407757257528,0.00203670937458
2012,1.00175612249,0.00175458230699,0.000876906446118
2013,1.00179145936,0.00178985661066,0.000894527976427
2014,1.00508670433,0.00507381075814,0.0025336901541
2015,1.00340458319,0.0033988007185,0.00169795719608
2016,1.00600722793,0.0059892564768,0.00299014881178
2017,1.00304902923,0.00304439036985,0.00152103723345
2018,1.00120835979,0.0012076303103,0.000603632895467
2019,0.999849648864,-0.000150362439417,-7.5184045887e-05
2020,1.00158930797,0.00158804635585,0.000793708024938
2021,1.00376616065,0.00375908642362,0.00187777797659
2022,0.999914657318,-8.53463239079e-05,-4.26740724662e-05
2023,1.00081762077,0.00081728670033,0.000408559866843
2024,1.0042643247,0.00425525822909,0.0021253673161
2025,1.00039059928,0.000390523018505,0.000195242446965
2026,1.00528968811,0.0052757468505,0.00263439729435
2027,1.00089953303,0.000899128689991,0.000449463306087
2028,1.00272092186,0.00271722684871,0.00135769092696
2029,1.00107653649,0.00107595744419,0.00053783403749
2030,1.00274475701,0.00274099704166,0.00136955981661
2031,0.999939113103,-6.08887510327e-05,-3.0444838951e-05
2032,1.00542454804,0.00540988816624,0.0027012890182
2033,1.00167353915,0.00167214034121,0.000835720761322
2034,1.00115167819,0.00115101551572,0.000575342185033
2035,0.999611587408,-0.000388488043853,-0.000194262888518
2036,1.001978269,0.00197631479804,0.000987669332271
2037,1.00181358436,0.00181194180176,0.000905560633152
2038,1.00195129271,0.00194939141271,0.000974220844791
2039,1.00457625506,0.00456581583925,0.00228030406717
2040,1.00261918494,0.0026157608573,0.00130702552579
2041,1.00018636305,0.000186345686993,9.31685030421e-05
2042,1.00308291311,0.00307817067362,0.00153790155236
2043,0.998593406469,-0.00140758371278,-0.000704039575989
2044,1.00144291464,0.00144187464001,0.000720677507133
2045,1.00148992318,0.00148881434857,0.000744130172004
2046,1.00068601308,0.000685777879178,0.000342830159895
2047,1.00140962468,0.00140863209594,0.00070406807564
2048,1.0054088675,0.00539429211434,0.00269351202665
2049,1.0011880174,0.00118731226313,0.00059347995263
2050,1.00275059479,0.00274681883054,0.00137246672018
2051,0.996268598032,-0.00373838101485,-0.00187093853296
2052,1.00102999255,0.00102946247403,0.000514598785621
2053,1.00272083982,0.00271714503092,0.0013576500736
2054,1.00495253328,0.00494030983344,0.00246710659452
2055,0.998025360467,-0.00197659170361,-0.000988784377072
2056,1.00107987075,0.00107928810735,0.000539498472012
2057,1.00175378188,0.00175224579791,0.000875739215346
2058,1.00074392772,0.00074365114548,0.000371756454179
2059,1.00357987186,0.00357347937239,0.00178514441709
2060,1.00258599819,0.00258266024899,0.00129049671652
2061,1.00091450669,0.000914088787741,0.000456939964992
2062,1.00066457614,0.000664355406886,0.000332122538538
2063,0.998656774394,-0.0013441285425,-0.000672290157043
2064,1.00269606856,0.00269244068296,0.00134531459337
2065,1.00360947932,0.00360298078384,0.00179986868208
2066,1.00260402298,0.00260063838582,0.00129947414422
2067,1.00083127136,0.000830926042637,0.000415376728508
2068,0.999981307437,-1.86927372132e-05,-9.34641228412e-06
2069,1.00043388927,0.000433795166285,0.000216874062562
2070,1.00030293674,0.000302890861444,0.000151433963442
2071,1.00222794335,0.00222546516159,0.00111211372346
2072,1.00061410143,0.00061391294687,0.000306909367117
2073,1.00126294118,0.0012621443433,0.000630873087487
2074,1.00028109597,0.000281056465936,0.000140518359338
2075,1.00074597976,0.000745701651968,0.000372781325753
2076,1.00220746151,0.00220502864828,0.00110190677852
2077,0.998145728837,-0.00185599245188,-0.000928426947661
2078,1.00143539877,0.00143436956522,0.000716927667075
2079,1.00260794199,0.00260454720789,0.00130142601365
2080,1.00249243671,0.00248933573667,0.00124389359056
2081,0.999601913748,-0.000398165509067,-0.00019910257282
2082,1.00151316247,0.00151201879553,0.000755723694665
2083,1.00275974087,0.00275593977992,0.00137702092539
2084,1.00276214877,0.00275834104354,0.00137821990318
2085,1.00204928913,0.0020471922035,0.00102307240596
2086,1.00431806332,0.00430876723083,0.00215206459668
2087,1.00435677137,0.00434730812247,0.00217129338599
2088,1.00383226719,0.00382494276157,0.00191064377266
2089,1.00257337,0.00257006455511,0.00128420697713
2090,1.00267842687,0.00267484627721,0.00133652918685
2091,1.0029521211,0.00294777214403,0.00147280043537
2092,1.00441073631,0.00440103752092,0.002198099394
2093,1.00107020547,0.00106963320855,0.000534673615369
2094,1.0032472285,0.00324196763538,0.00161967073301
2095,1.00093954715,0.000939106056783,0.000469442805621
2096,1.00266322803,0.00265968791828,0.0013289601085
2097,1.00372195034,0.00371504101939,0.00185579638617
2098,1.00070894651,0.000708695322673,0.000354284887619
2099,1.00295168332,0.00294733566054,0.00147258251503
2100,1.00022564843,0.000225622979556,0.000112805126801
2101,1.00148402116,0.00148292109143,0.000741185731768
2102,1.00179558364,0.00179397350679,0.000896584581032
2103,1.00239515727,0.00239229344906,0.00119543162619
2104,1.00163600867,0.00163467186859,0.000817002006263
2105,1.00106349152,0.00106292641212,0.000531322004506
2106,1.00300805582,0.00300354067094,0.00150064324268
2107,1.00285808644,0.00285400987421,0.0014259872497
2108,1.00173909014,0.00173757967359,0.000868412548172
2109,1.00499476102,0.00498232857738,0.00248806391398
2110,1.0003447907,0.000344731273095,0.000172350782445
2111,1.00078642468,0.000786115612085,0.000392980568943
2112,1.00204182915,0.00203974745336,0.00101935383223
2113,1.00216910598,0.00216675687037,0.00108279179264
2114,1.00174705657,0.00174553224596,0.000872385373403
2115,1.00186104721,0.00185931761087,0.000929226806567
2116,1.00068287971,0.000682646656019,0.000341265083829
2117,1.00610417341,0.00608561841204,0.00303818455392
2118,1.00376805051,0.00376096919328,0.00187871759326
2119,1.00118401968,0.00118331928082,0.000591484644358
2120,1.00148693976,0.00148583536142,0.000742641785698
2121,0.999923141302,-7.68616521247e-05,-3.84315645361e-05
2122,1.00268909883,0.00268548967412,0.00134184375856
2123,1.00224813917,0.00224561588163,0.00112217782783
2124,1.00218271626,0.00218033759162,0.00108957477769
2125,1.00328772185,0.00328232911331,0.00163981858252
2126,1.00096301606,0.000962552659263,0.000481160534756
2127,1.00102895712,0.00102842810455,0.000514081866885
2128,1.0015756146,0.00157437461871,0.000786877558708
2129,1.00261991495,0.00261648895867,0.00130738910058
2130,1.00123792504,0.0012371594411,0.000618388439555
2131,1.00224989188,0.00224736466306,0.00112305123694
2132,1.00156991694,0.00156868590499,0.000784035435969
2133,1.00004559194,4.55908990225e-05,2.27951896969e-05
2134,1.00338300423,0.00337729474385,0.00168722240915
2135,1.00360625387,0.00359976693002,0.00179826464614
2136,1.00006546416,6.546201578e-05,3.27304722364e-05
2137,1.00284331013,0.00283927556878,0.00141863057535
2138,1.00438851769,0.00437891622506,0.00218706299744
2139,1.00035818949,0.000358125352924,0.000179046645698
2140,1.00479566869,0.00478420610227,0.0023892442526
2141,1.0034840874,0.00347803202434,0.00173750479996
2142,1.00104162015,0.00104107804178,0.00052040356396
2143,1.00265278439,0.00264927197201,0.00132375904301
2144,1.00349853231,0.00349242668385,0.00174468959846
2145,1.00111717355,0.00111654998033,0.000558119183679
2146,0.998127014312,-0.00187474191929,-0.000937810429106
2147,1.00165247862,0.00165111478105,0.000825216711778
2148,1.00101892976,0.00101841100723,0.000509075880495
2149,1.00545148663,0.00543668106506,0.00271464919044
2150,1.00279976588,0.00279585383671,0.00139695027366
2151,1.00194482857,0.00194293983781,0.000970998194772
2152,1.00391108154,0.00390345314339,0.00194982319189
2153,1.00615625862,0.00613738627748,0.00306398951251
2154,0.99922152606,-0.000778777108194,-0.000389464375661
2155,1.00279213232,0.00278824155793,0.00139314944403
2156,1.00090838101,0.000907968683954,0.000453881306678
2157,1.00183830232,0.00183661471107,0.000917885840371
2158,0.998293474031,-0.0017079837434,-0.000854356626584
2159,1.0027531418,0.00274935884476,0.00137373498344
2160,1.00056948969,0.000569327595614,0.000284623284913
2161,1.00078098144,0.000780676633171,0.000390262144496
2162,0.998549140715,-0.00145191279999,-0.000726219970121
2163,0.998229490869,-0.00177207833499,-0.000886431816158
2164,1.00222627302,0.0022237985413,0.0011112813397
2165,0.999014266532,-0.000986219622911,-0.000493231410085
2166,1.00296435053,0.00295996550518,0.00147888811819
2167,1.0012299911,0.00122923528183,0.000614428802182
2168,1.00214481417,0.00214251734339,0.00107068507896
2169,1.00060637945,0.000606195673469,0.000303051907226
2170,0.999508574412,-0.000491546377104,-0.000245803393257
2171,1.00097928359,0.000978804400594,0.000489282462574
2172,1.00471993507,0.00470883110296,0.0023516460891
2173,1.00003034249,3.03420314248e-05,1.51709006332e-05
2174,1.00143858077,0.00143754700873,0.00071851524857
2175,0.999193670668,-0.000806654590545,-0.000403408642662
2176,1.00109530701,0.00109470759726,0.000547204027866
2177,1.00467903059,0.00466811795714,0.00233133718094
2178,0.998795335901,-0.00120539029043,-0.000602876802425
2179,1.00180394021,0.00180231506449,0.000900751611736
2180,1.00509938834,0.0050864304873,0.00253998401158
2181,1.00406214232,0.0040539140932,0.00202490415644
2182,1.00165777231,0.00165639972076,0.000827856997537
2183,1.00532012894,0.00530602704384,0.00264949739168
2184,1.0030758639,0.00307114311141,0.00153439316895
2185,1.00394836558,0.00394059123694,0.00196835586023
2186,1.00078621145,0.000785902544805,0.000392874077163
2187,1.00064642726,0.000646218413604,0.000323057012644
2188,1.00007744017,7.74371758577e-05,3.87178383741e-05
2189,1.00283072563,0.00282672666979,0.00141236500733
2190,1.00057534407,0.000575178619427,0.000287547959872
2191,1.00261595442,0.00261253876939,0.00130541658621
2192,1.00256961847,0.00256632264651,0.00128233842377
2193,1.00069651039,0.000696267934478,0.000348073375641
2194,1.00453719918,0.00452693712139,0.00226090884738
2195,1.00151676792,0.00151561878486,0.000757522327413
2196,1.00126908856,0.00126828394523,0.000633940947088
2197,1.00064400642,0.000643799134352,0.000321847763069
2198,1.00358755582,0.0035811358941,0.00178896583663
2199,1.00126457617,0.00126377726973,0.000631689035286
2200,1.00143744517,0.00143641303768,0.000717948670272
2201,1.00312076682,0.00311590733665,0.00155674068851
2202,1.0009609766,0.000960515158674,0.000480142274125
2203,1.00295146296,0.00294711594828,0.00147247282066
2204,1.00054505144,0.000544902955724,0.000272414366329
2205,1.00143187134,0.00143084719197,0.000715167741542
2206,0.999666240599,-0.000333815111212,-0.000166921485447
2207,1.00044907356,0.00044897275169,0.000224461180664
2208,1.00093287482,0.000932439962004,0.000466111317354
2209,1.00334843618,0.00334284264894,0.00167002527775
2210,1.00119087512,0.00119016659524,0.000594906270671
2211,1.00097783067,0.000977352900078,0.00048855706715
2212,1.00467352862,0.00466264158763,0.00232860537607
2213,1.00306913294,0.00306443277018,0.00153104314086
2214,1.0031829038,0.00317784908732,0.00158766287138
2215,1.00228242341,0.00227982263891,0.00113926186734
2216,0.998715311196,-0.00128551472382,-0.000642963974688
2217,1.00394194203,0.00393419293583,0.00196516300164
2218,1.00177374168,0.00177217046072,0.000885692772768
2219,0.999530634403,-0.000469475783599,-0.000234765444894
2220,1.00164553714,0.00164418472732,0.000821754538313
2221,1.00058420915,0.000584038569483,0.00029197665126
2222,0.999786395034,-0.000213627782434,-0.000106819596024
2223,1.00230740834,0.0023047503645,0.00115171145295
2224,1.00157626168,0.00157502067939,0.00078720033481
2225,1.00139421188,0.00139324087078,0.000696377851707
2226,1.0007518914,0.000751608866385,0.000375733827551
2227,1.00247374322,0.00247068855536,0.00123458155405
2228,0.999854407281,-0.000145603319084,-7.28043096472e-05
2229,1.00213733874,0.0021350578802,0.00106695933379
2230,0.998845434624,-0.00115523240025,-0.000577783052484
2231,1.00041135891,0.000411274327717,0.000205616021986
2232,0.998583899128,-0.0014171044904,-0.000708803327638
2233,1.00338603858,0.00338031885732,0.00168873191357
2234,1.00180240281,0.00180078043533,0.000899984988024
2235,1.00223341951,0.00223092913249,0.0011148426669
2236,1.00070416039,0.000703912587464,0.000351894364381
2237,1.00397104212,0.00396317834206,0.00197962711942
2238,1.00194791985,0.00194602511648,0.000972539335019
2239,1.00183211838,0.00183044209463,0.00091480236027
2240,1.00038573209,0.000385657712873,0.000192810266147
2241,1.00231843235,0.0023157489373,0.00115720439065
2242,1.00214088265,0.00213859422895,0.00106872562003
2243,1.00074884513,0.000748564883544,0.000374212406837
2244,1.00384588952,0.00383851299744,0.00191741590368
2245,1.00090156975,0.000901163578645,0.000450480292593
2246,1.00267961949,0.00267603571181,0.00133712310912
2247,1.00071749856,0.00071724128177,0.000358556344189
2248,1.00295590173,0.00295154164206,0.00147468240675
2249,1.00167613741,0.00167473425839,0.000837016635178
2250,1.00129066342,0.00128983122895,0.000644707701096
2251,0.999431995856,-0.000568165519195,-0.000284123114926
2252,1.00209419183,0.00209200206365,0.00104545416344
2253,1.00026082221,0.000260788201779,0.000130385599948
2254,0.999242317873,-0.000757969313614,-0.000379056480565
2255,1.00223399022,0.00223149857483,0.00111512707061
2256,1.00132594334,0.00132506505043,0.000662313099002
2257,1.0001394547,0.00013944497661,6.97200577486e-05
2258,1.00245125329,0.00244825386526,0.00122337799489
2259,1.00288776972,0.00288360812228,0.00144076516102
2260,1.00174499669,0.00174347595179,0.000871358122729
2261,1.00512944057,0.00511632980148,0.00255489558532
2262,1.00265052131,0.002647014874,0.0013226319873
2263,1.00210787351,0.0021056550651,0.00105227350409
2264,1.00371061419,0.00370374684654,0.00185015976367
2265,1.00138773157,0.00138676955742,0.000693144443036
2266,1.00249535991,0.00249225166433,0.00124534973977
2267,1.00274777142,0.00274400319811,0.00137106083515
2268,1.00478912449,0.00477769311152,0.0023859955325
2269,1.00276257076,0.00275876187146,0.00137843002712
2270,1.00001571579,1.57156701655e-05,7.85780421009e-06
2271,1.00089665267,0.000896250912402,0.000448025062986
2272,0.999840141328,-0.000159871450447,-7.99389201689e-05
2273,1.00382951481,0.00382220088917,0.00190927545489
2274,1.00411883695,0.00411037775824,0.0020530784245
2275,1.00123877459,0.00123800793896,0.000618812426047
2276,1.00124527766,0.00124450294617,0.000622057914785
2277,1.00135769385,0.00135677301284,0.000678156454317
2278,1.00307541544,0.00307069602193,0.00153416996719
2279,1.00577174121,0.00575514852966,0.00287343801641
2280,1.00153454561,0.00153336940105,0.000766390872903
2281,1.00227191425,0.00226933735975,0.00113402518677
2282,1.00052209303,0.000521956791523,0.000260944343862
2283,1.00163801433,0.00163667424434,0.000818002375664
2284,1.00069427067,0.000694029777897,0.000346954686246
2285,1.0021193175,0.00211707491557,0.00105797740464
2286,1.00000548807,5.48805846621e-06,2.74402546829e-06
2287,1.00126863101,0.00126782698147,0.000633712610029
2288,1.00126547399,0.00126467395146,0.000632137092835
2289,1.00547207594,0.00545715853177,0.00272486007695
2290,0.997744449566,-0.00225809801915,-0.00112968662535
2291,1.00007124407,7.12415317439e-05,3.56201314601e-05
2292,1.0025719744,0.00256867253552,0.00128351186091
2293,1.00138692761,0.00138596671911,0.000692743302041
2294,1.00420691103,0.00419808672163,0.00209684190988
2295,0.998771310321,-0.00122944513726,-0.000614911549272
2296,1.00305191316,0.00304726552966,0.00152247262571
2297,1.00139453255,0.00139356109661,0.000696537853112
2298,1.00224408894,0.00224157473307,0.00112015951896
2299,1.00173604278,0.00173453759485,0.000866892828539
2300,1.00316010443,0.00315512179151,0.00157631720065
2301,1.00091788393,0.000917462936916,0.000458626267265
2302,1.00319785173,0.00319274947823,0.00159510121073
2303,1.00058989708,0.000589723159108,0.000294818112151
2304,1.00516490265,0.00515161029304,0.00257249060692
2305,1.0004519974,0.000451895276115,0.000225922113812
2306,1.0005775596,0.000577392871822,0.000288654767105
2307,1.00054728404,0.000547134337821,0.000273529752825
2308,1.00141984424,0.00141883721349,0.00070916702886
2309,1.00392847029,0.00392077400451,0.00195846669871
2310,1.00268906156,0.00268545250337,0.00134182519813
2311,1.00147176046,0.00147067847842,0.000735068943567
2312,1.00280395368,0.0028000299397,0.00139903540608
2313,1.00226595032,0.00226338692781,0.00113105334035
2314,1.00585282363,0.00583576239944,0.00291362832184
2315,1.0013665976,0.00136566465587,0.000682599250996
2316,1.00132122982,0.00132035776691,0.000659961013323
2317,0.998935372916,-0.00106519420174,-0.000532738955889
2318,0.999364952176,-0.000635249552497,-0.000317675224339
2319,1.0014169807,0.00141597772562,0.000707738297833
2320,1.00160195942,0.00160067765646,0.000800018642535
2321,1.00340582618,0.00340003948515,0.00169857552753
2322,1.00377380016,0.00376669724001,0.00188157623184
2323,1.00303495874,0.00303036255185,0.00151403396831
2324,1.00026667779,0.000266642237089,0.000133312231679
2325,1.00167852714,0.0016771199924,0.000838208503022
2326,1.00188885396,0.00188707231754,0.000943091168495
2327,0.997998963803,-0.00200304094457,-0.00100202216139
2328,1.00146195083,0.00146088321799,0.000730174901464
2329,1.00437713595,0.00436758415425,0.00218140933799
2330,1.0011101452,0.00110952944049,0.000554610866752
2331,1.00480761032,0.00479609067242,0.00239517232249
2332,0.99858379814,-0.00141720562198,-0.000708853929271
2333,0.999107798274,-0.000892599974524,-0.000446399593919
2334,1.00180948379,0.00180784864595,0.000903515906454
2335,1.00136305085,0.00136212274045,0.000680829500573
2336,0.998586107481,-0.00141489300838,-0.000707696803487
2337,0.999374632812,-0.000625562811214,-0.000312830326811
2338,1.002898566,0.00289437325568,0.00144613995824
2339,1.0010753775,0.00107479969643,0.000537255474779
2340,0.999780444145,-0.000219579960897,-0.000109796007589
2341,1.00614111326,0.00612233347544,0.00305648614407
2342,1.00197390992,0.00197196431825,0.000985496238433
2343,1.00153854134,0.00153735900273,0.000768384142962
2344,1.00168414815,0.00168273156762,0.000841011934865
2345,0.999337130741,-0.000663089053927,-0.000331599493925
2346,1.00026478117,0.00026474612002,0.000132364299083
2347,1.00249026382,0.0024871682528,0.0012428111961
2348,1.00184126752,0.00183957446083,0.000919364355801
2349,1.00249586011,0.00249275062522,0.0012455989095
2350,1.00235057381,0.00234781553252,0.00117321900608
2351,1.00133460495,0.00133371515817,0.000666635278988
2352,1.00286226806,0.0028581795726,0.00142806912376
2353,1.00285020979,0.00284615564597,0.0014220657279
2354,0.999394030281,-0.000606153392366,-0.000303122628565
2355,1.00040123807,0.000401157595736,0.000200558683286
2356,0.999916394561,-8.36089343783e-05,-4.18053410081e-05
2357,0.999148720067,-0.00085164247777,-0.000425911913619
2358,1.00436113958,0.0043516573691,0.0021734632852
2359,1.00431174772,0.00430247876761,0.00214892712673
2360,1.0020738507,0.00207170324304,0.00103531531242
2361,1.00118172676,0.00118102907075,0.000590340215982
2362,1.00380001452,0.00379281270405,0.00189460930966
2363,1.00210512986,0.0021029171796,0.00105090600091
2364,1.00082498913,0.000824649009149,0.000412239510508
2365,0.997903431878,-0.00209876899775,-0.00104993529544
2366,1.00097827741,0.000977799212322,0.000488780114223
2367,1.00152628129,0.00152511770317,0.000762268177476
2368,1.00394403074,0.00393627343766,0.00196620120775
2369,0.999473610869,-0.000526527722227,-0.000263298518085
2370,1.00443704304,0.0044272283876,0.00221116595672
2371,1.00346712297,0.00346112635324,0.00172906661559
2372,1.0016125305,0.0016112317731,0.000805291465197
2373,1.00320802315,0.00320288842209,0.00160016258351
2374,1.00097689303,0.000976416177151,0.000488088934398
2375,1.00455208191,0.00454175251701,0.00226829976968
2376,1.00155614236,0.00155493282186,0.000777164262227
2377,1.00098366956,0.000983186078203,0.000491472227041
2378,1.00411168095,0.00410325108555,0.00204952239763
2379,1.00281209619,0.00280814964701,0.00140308957163
2380,1.00336960644,0.00336394203442,0.00168055729668
2381,1.00359585174,0.00358940212542,0.00179309154977
2382,1.00274047493,0.00273672667126,0.0013674275534
2383,1.00151409753,0.00151295244084,0.000756190164421
2384,1.00128603534,0.00128520910339,0.000642398125608
2385,1.00206855335,0.00206641683944,0.00103267484368
2386,1.00303524266,0.00303064560703,0.00151417528161
2387,1.00317261311,0.00316759099389,0.00158254195473
2388,0.997035832171,-0.00296856967472,-0.0014853869333
2389,0.998822045895,-0.00117864843789,-0.000589497904579
2390,0.999882219517,-0.00011778742012,-5.88954443286e-05
2391,0.999806438968,-0.000193579767841,-9.67945682124e-05
2392,1.00442134774,0.00441160229795,0.00220337015738
2393,1.00014224683,0.000142236714266,7.11158282829e-05
2394,0.999803704396,-0.000196314872049,-9.81622536236e-05
2395,1.00197279386,0.00197085046103,0.000984939858518
2396,1.00542794082,0.00541326264476,0.00270297169832
2397,1.00055404074,0.000553887315393,0.000276905312342
2398,0.999370503516,-0.000629694699753,-0.000314896919505
2399,1.00349670757,0.00349060830459,0.00174378199468
2400,1.00609851927,0.00607999856106,0.00303538316157
2401,1.0011806065,0.00117991012733,0.000589781074395
2402,1.00150656764,0.00150543390969,0.000752433734506
2403,1.00138621027,0.00138525036973,0.00069238537541
2404,1.00157132846,0.00157009521639,0.000784739538946
2405,1.00418218739,0.00417346634958,0.00208455746076
2406,1.00293620256,0.00293190034114,0.00146487619048
2407,1.00066318335,0.000662963536533,0.000331426834255
2408,1.00252026208,0.00251709154223,0.00125775413452
2409,1.00291778096,0.00291353249461,0.00145570567842
2410,0.998205450198,-0.00179616193567,-0.000898484363301
2411,1.00169932985,0.00169788762001,0.000848583559162
2412,1.00051177183,0.000511640917434,0.000255787739454
2413,1.00402018424,0.00401212488819,0.00200405164565
2414,0.998893133926,-0.00110747910227,-0.000553892893181
2415,1.00176144492,0.00175989539733,0.000879560658224
2416,1.00133341124,0.00133252303428,0.00066603961422
2417,1.00079462642,0.000794310873414,0.000397076580926
2418,1.00300217618,0.00299767864993,0.00149771662629
2419,1.00116329131,0.00116261521474,0.000581138680838
2420,1.00276644267,0.00276262311468,0.00138035798564
2421,1.00269518675,0.002691561244,0.00134487546535
2422,1.00118671934,0.00118601574513,0.000592832078146
2423,0.999737581613,-0.000262452824957,-0.000131235023041
2424,1.00443416103,0.00442435910514,0.00220973448669
2425,1.00189529685,0.00189350304106,0.000946303492713
2426,1.00102272854,0.00102220590622,0.000510972362246
2427,1.00155052931,0.00154932848219,0.000774364266215
2428,1.00096884403,0.000968375006488,0.000484070303391
2429,1.00199950066,0.00199750432031,0.000998253573219
2430,1.00182797549,0.00182630677626,0.000912736590453
2431,1.0005368994,0.000536755325805,0.000268341652839
2432,1.00237404458,0.00237123099,0.00118491293063
2433,1.00276631045,0.00276249125139,0.00138029214501
2434,1.00133076472,0.00132988003821,0.00066471899548
2435,1.00145578405,0.00145472542645,0.000727098249093
2436,1.00021169612,0.000211673717233,0.000105831258094
2437,1.00120101988,0.00120029923206,0.000599969562271
2438,1.00208714881,0.00208497373948,0.00104194366908
2439,1.00398966354,0.00398172593533,0.00198888251447
2440,1.00165303347,0.00165166871739,0.000825493451353
2441,1.0042438997,0.00423491975449,0.00211521964056
2442,1.00269217501,0.0026885575962,0.00134337566009
2443,1.00351693345,0.00351076349938,0.00175384196824
2444,1.00368639142,0.00367961333573,0.00183811526102
2445,1.00083292343,0.000832576739487,0.000416201733762
2446,1.00391197056,0.00390433870217,0.00195026510783
2447,0.99996735244,-3.26480927922e-05,-1.6324179634e-05
2448,0.998174951156,-0.0018267162743,-0.000913775375716
2449,1.00489955597,0.00488759221154,0.00244081246703
2450,1.00255145541,0.00254820597655,0.00127329166367
2451,1.0038804968,0.00387298709267,0.00193461975243
2452,1.00106827996,0.0010677097575,0.000533712403589
2453,1.00206279817,0.00206067352577,0.00102980614822
2454,1.00202632184,0.00202427161677,0.0010116237717
2455,1.00391004679,0.00390242242658,0.0019493088382
2456,1.00078548761,0.000785179272319,0.000392512582932
2457,1.00028743068,0.000287389381151,0.000143684366988
2458,1.00067277451,0.000672548301853,0.000336217617112
2459,1.00235414391,0.00235137725896,0.00117499777837
2460,1.00629082995,0.0062711252774,0.00313065189616
2461,1.00303125173,0.00302666675417,0.00151218886554
2462,1.00195401498,0.00195210837139,0.000975577999749
2463,1.002473011,0.0024699581439,0.00123421679913
2464,1.00204357982,0.00204149455242,0.00102022649092
2465,1.00162019942,0.00161888831539,0.000809116646146
2466,1.00147203423,0.00147095184483,0.000735205526291
2467,1.00696866083,0.00694449192647,0.00346622468835
2468,1.00114984851,0.00114918793877,0.000574428921884
2469,1.00123318596,0.00123242620858,0.000616023283987
2470,1.00065303267,0.000652819535534,0.000326356501895
2471,1.00519481211,0.00518136561901,0.00258732988687
2472,1.00261573425,0.00261231917063,0.00130530693016
2473,1.00167725952,0.00167585449519,0.000837576284593
2474,1.00011459798,0.000114591414271,5.72940657678e-05
2475,1.00104385634,0.00104331190251,0.000521519912444
2476,1.0025986291,0.00259525849703,0.00129678769173
2477,1.00123366058,0.00123290024402,0.000616260155668
2478,1.00193507546,0.00193320560933,0.000966135794655
2479,1.00306242882,0.00305774913949,0.00152770643641
2480,0.999902556174,-9.74485734759e-05,-4.87254737853e-05
2481,1.00071163582,0.000711382731238,0.000355628114945
2482,1.00449933285,0.004489241107,0.00224210327658
2483,1.00182452322,0.00182286080365,0.000911015175296
2484,1.00416199743,0.00415336027352,0.00207452532844
2485,1.00312704787,0.00312216882142,0.00155986655225
2486,1.00124869272,0.00124791375118,0.000623762254977
2487,1.00419512705,0.00418635203548,0.00209098685252
2488,1.00007861085,7.86077557777e-05,3.93031055015e-05
2489,1.00123696253,0.00123619812268,0.000617908077468
2490,1.00173514015,0.00173363653613,0.000866442689639
2491,0.998871733996,-0.00112890297486,-0.000564610820149
2492,1.00220282595,0.00220040328312,0.00109959664163
2493,1.00467997208,0.00466905505434,0.00233180463708
2494,1.00074400571,0.000743729078227,0.000371795406065
2495,1.00229637427,0.0022937416345,0.00114621341226
2496,1.0025804635,0.00257713981694,0.00128774005875
2497,1.00158498489,0.00158373013123,0.000791551623213
2498,1.00169017579,0.00168874904724,0.000844018139764
2499,1.005380111,0.00536568990673,0.00267924934105
2500,1.00387407393,0.00386658902682,0.00193142690331
2501,1.00270823274,0.00270457208963,0.00135137211805
2502,1.00311152782,0.00310669703764,0.00155214269744
2503,1.00121776489,0.00121702401342,0.000608326900829
2504,1.00115751917,0.00115684976498,0.000578257627068
2505,1.00417635568,0.00416765891335,0.00208165979141
2506,1.00085195874,0.000851596032434,0.000425707377107
2507,1.00160746292,0.00160617233326,0.000802763779243
2508,1.00198829513,0.00198632108841,0.000992667523499
2509,1.00291047519,0.0029062479571,0.00145206870511
2510,0.999509864367,-0.000490255788889,-0.000245157940742
2511,1.00286973354,0.00286562371574,0.00143178587303
2512,1.00289192165,0.00288774809146,0.00144283216111
2513,1.00327768719,0.00327232728115,0.00163482585456
2514,0.999978215118,-2.17851197719e-05,-1.08926192102e-05
2515,1.00145025968,0.00144920907246,0.000724342073763
2516,1.00430759438,0.0042983432487,0.00214686380861
2517,1.00513846563,0.00512530876507,0.00255937358691
2518,1.00453097266,0.00452073870144,0.00225781663964
2519,1.00108491761,0.00108432951439,0.000542017812442
2520,1.00266375663,0.0026602151163,0.00132922335717
2521,0.999219307195,-0.000780997704104,-0.000390575106654
2522,1.00294845562,0.00294411745443,0.00147097578022
2523,0.999214296278,-0.000786012549422,-0.000393083511795
2524,1.00303748291,0.00303287908089,0.00151529032698
2525,1.0014901022,0.00148899310109,0.000744219481752
2526,1.00300408331,0.00299958006645,0.00149866591021
2527,1.00420551262,0.00419669416389,0.00209614709076
2528,1.00317673522,0.00317170005878,0.00158459323369
2529,1.00057079134,0.000570628503868,0.000285273553693
2530,1.00267953286,0.00267594931319,0.00133707996757
2531,1.00023118244,0.0002311557199,0.000115571181087
2532,0.998699428814,-0.00130141766247,-0.000650920588155
2533,1.00418059951,0.00417188508,0.00208376847378
2534,1.00254552332,0.00254228896283,0.00127033691948
2535,1.00225918296,0.00225663484755,0.00112768111301
2536,0.999563923315,-0.000436171793787,-0.000218109679352
2537,0.998230281861,-0.00177128594052,-0.0008860352678
2538,1.00025429809,0.000254265756816,0.000127124797366
2539,1.00190397141,0.00190216115802,0.000950628445228
2540,1.00180207544,0.00180045364697,0.000899821740883
2541,1.00195165187,0.00194974986841,0.000974399898017
2542,1.00290181377,0.00289761163534,0.00144775680519
2543,1.00259383138,0.00259047320864,0.00129439814743
2544,1.00127472192,0.00127391015663,0.000636752265492
2545,1.00218029365,0.00217792026051,0.00108836742833
2546,1.00328649291,0.00328110419579,0.0016392071279
2547,0.999292204753,-0.00070804585261,-0.000354085599817
2548,1.00250853265,0.0025053915376,0.00125191147299
2549,1.0024277791,0.0024248368043,0.0012116837199
2550,1.00057901213,0.000578844565461,0.000289380404142
2551,1.00277516394,0.00277132028203,0.00138470055727
2552,1.00136865727,0.00136772151481,0.000683626977931
2553,1.00144382567,0.00144278436062,0.000721132039531
2554,1.00469200552,0.00468103237055,0.00233777931292
2555,1.00165032216,0.00164896187001,0.00082414114399
2556,1.00324431166,0.00323906023885,0.00161821938821
2557,0.99861321429,-0.00138774818762,-0.000694114880128
2558,1.00097040527,0.000969934728698,0.000484849786685
2559,1.00214444864,0.00214215258977,0.00107050289741
2560,1.00364660034,0.00363996761199,0.00181832863975
2561,1.0037061125,0.00369926178632,0.00184792138009
2562,1.00091428853,0.00091387082688,0.000456831034353
2563,1.0001707739,0.000170759315825,8.53760131732e-05
2564,1.00182813563,0.00182646662051,0.000912816439624
2565,1.00186708751,0.00186534666779,0.000932238529307
2566,0.999392670326,-0.000607514173247,-0.000303803225479
2567,1.00189243214,0.00189064374248,0.000944875195281
2568,1.00160433606,0.00160305048916,0.000801204109026
2569,1.0032405274,0.00323528821128,0.00161633642463
2570,1.00159016879,0.00158890580844,0.000794137410064
2571,1.00265863585,0.00265510792699,0.00132667315355
2572,1.00286369044,0.00285959789437,0.00142877727166
2573,1.00192432296,0.00192247382554,0.000960775072561
2574,1.00297367152,0.00296925890657,0.00148352793616
2575,1.00318865649,0.00318358350374,0.00159052552333
2576,1.00320543403,0.00320030758017,0.0015988742266
2577,1.00402096359,0.0040129011178,0.00200443898258
2578,1.00252189091,0.00251871627847,0.00125856548056
2579,1.0037197511,0.00371284993329,0.00185470287563
2580,1.00317920815,0.0031741651503,0.0015858238256
2581,1.00070868422,0.000708433220206,0.000354153882806
2582,1.00287568966,0.00287156277115,0.0014347511446
2583,0.99789728735,-0.00210492645434,-0.00105301726094
2584,1.00114534115,0.00114468575043,0.000572179118274
2585,1.00236943206,0.0023666293835,0.00118261485099
2586,1.00381343166,0.00380617895993,0.00190127975339
2587,1.00149402501,0.00149291006328,0.000746176503391
2588,1.00457737348,0.00456692916587,0.00228085946096
2589,1.00367557163,0.00366883321906,0.00183273509574
2590,1.00094224522,0.000941801587276,0.000470789937261
2591,1.00493916401,0.00492700635737,0.00246047124496
2592,0.998839378849,-0.00116129519372,-0.00058081620531
2593,1.00163291136,0.00163157961464,0.000815457141284
2594,0.999939415257,-6.0586578385e-05,-3.02937480388e-05
2595,0.998680253982,-0.00132061764977,-0.000660526876748
2596,1.00437771606,0.0043681617321,0.00218169749691
2597,1.00266871217,0.002665157479,0.00133169125071
2598,0.998860951542,-0.00113969766677,-0.000570011228076
2599,1.00269167584,0.00268805976405,0.00134312707837
2600,1.00277440556,0.00277056399695,0.00138432293827
2601,1.00292967871,0.00292539556081,0.00146162855938
2602,1.00183477277,0.00183309163357,0.000916125916964
2603,1.00104934443,0.00104879425746,0.000524259656588
2604,0.99971381514,-0.000286225819057,-0.000143123150669
2605,1.00524750725,0.00523378706497,0.00261347245146
2606,1.00207175693,0.00206961380316,0.00103427167355
2607,1.00095756726,0.000957109084944,0.00047844005351
2608,1.00398201032,0.0039741031041,0.00198507867207
2609,0.999501058665,-0.000499065848015,-0.000249564059938
2610,1.00147925055,0.00147815754008,0.000738805718597
2611,1.00494954115,0.00493733243695,0.00246562156795
2612,1.00230914853,0.00230648654825,0.00115257854465
2613,1.00084395901,0.000843603080048,0.000421712594261
2614,1.00033394031,0.00033388456646,0.000166928349142
2615,1.00326883652,0.00326350548552,0.00163042215808
2616,1.00113118715,0.00113054784433,0.000565114184961
2617,1.00234612198,0.00234337413574,0.00117100091059
2618,1.00017676609,0.000176750469309,8.83713296784e-05
2619,1.00313946321,0.00313454538674,0.0015660451629
2620,1.00297439063,0.00296997587857,0.00148388589027
2621,1.00231177019,0.00230910215705,0.00115388484085
2622,1.00227679984,0.00227421185757,0.00113645966882
2623,1.00278680615,0.00278293020559,0.00139049746409
2624,1.00364196058,0.00363534470007,0.00181602138411
2625,1.00122498232,0.00122423263907,0.00061192901456
2626,1.00246970558,0.00246666086582,0.00123257019351
2627,1.00008091704,8.09137661811e-05,4.04560647219e-05
2628,0.998568079496,-0.00143294668214,-0.000716730069402
2629,0.999518410599,-0.000481705402437,-0.000240881708559
2630,1.00382062682,0.00381334675999,0.00190485683301
2631,1.00551164324,0.00549650971458,0.00274448186209
2632,1.00312807599,0.00312319374337,0.00156037821373
2633,1.00480509774,0.00479359010604,0.00239392503316
2634,1.00100596236,0.00100545671989,0.000502602013215
2635,1.00154164141,0.00154045429966,0.000769930601041
2636,1.00130195734,0.00130111053228,0.000650343700943
2637,1.00085326029,0.000852896470493,0.000426357319122
2638,0.998914832167,-0.00108575705387,-0.000543025912154
2639,1.00503288736,0.00502026471772,0.00250698461094
2640,1.00114972302,0.00114906259215,0.000574366284575
2641,0.999661327285,-0.000338730077195,-0.000169379381666
2642,0.999661655538,-0.00033840171326,-0.000169215171902
2643,1.0036097767,0.00360327709064,0.00180001656882
2644,1.00270118057,0.00269753893335,0.00134786028594
2645,1.00232774112,0.00232503613227,0.00116184260378
2646,0.999119933679,-0.000880453806755,-0.000440323817462
2647,1.00255013583,0.00254688975258,0.00127263438944
2648,1.00406703069,0.00405878267514,0.00202733351525
2649,1.00147041388,0.00146933387677,0.000734397136704
2650,1.00187876845,0.00187700576993,0.000938062628869
2651,1.0032035436,0.00319842318296,0.00159793353401
2652,1.00504196011,0.00502929199674,0.00251148692466
2653,1.00267509935,0.00267152764187,0.00133487208554
2654,1.00296078448,0.00295640998783,0.00147711298705
2655,1.00209980994,0.00209760841646,0.00104825440532
2656,1.00603209132,0.00601397108453,0.00300246908934
2657,1.00488944198,0.00487752748176,0.00243579237257
2658,1.00040285524,0.000402774113398,0.000201366779687
2659,1.00300595844,0.0030014495758,0.00149959926356
2660,1.00295030367,0.0029459600614,0.00147189572807
2661,1.00107953011,0.00107894783786,0.000539328429042
2662,1.00304951037,0.00304487004169,0.00152127670454
2663,1.00131245904,0.00131159852227,0.0006555842718
2664,0.999804897236,-0.000195121799071,-9.75656587545e-05
2665,1.00269490868,0.00269128392124,0.00134473699044
2666,1.00094065074,0.000940208604206,0.000469993820389
2667,0.999955839369,-4.41616064771e-05,-2.20810470213e-05
2668,0.999156207616,-0.000844148576847,-0.000422163374309
2669,1.0017145948,0.00171312655805,0.00085619653342
2670,1.00247738131,0.0024743176613,0.00123639386516
2671,1.00175922466,0.00175767903464,0.000878453450977
2672,1.00398330284,0.0039753904934,0.00198572108873
2673,1.00223593041,0.00223343443657,0.00111609392165
2674,1.00482204961,0.00481046076995,0.00240234013608
2675,1.0004299272,0.000429834812423,0.00021489431312
2676,1.00082426362,0.000823924104791,0.00041187720768
2677,1.00535013732,0.00533587618346,0.0026643823078
2678,1.00454596328,0.00453566159967,0.0022652612144
2679,0.999764211756,-0.00023581604657,-0.000117914974709
2680,1.0006542937,0.000654079747106,0.000326986401843
2681,1.00276553535,0.00276171829325,0.00137990619931
2682,1.00303178057,0.00302719399153,0.00151245208555
2683,0.998575435264,-0.00142558039351,-0.000713044292056
2684,1.00314547624,0.00314053957549,0.0015690375592
2685,1.00239898549,0.00239611252051,0.00119733887737
2686,1.00063655758,0.00063635506718,0.000318126920487
2687,1.00143724815,0.00143621629553,0.000717850369817
2688,1.00004334303,4.33420857366e-05,2.16708080529e-05
2689,1.00405479994,0.00404660138888,0.00202125520137
2690,1.00401552482,0.00400748412085,0.00200173590946
2691,1.00439246433,0.00438284561665,0.00218902339439
2692,1.00150806004,0.0015069240555,0.000753178246514
2693,0.999749260773,-0.000250770667254,-0.000125393194696
2694,1.00208636306,0.00208418962392,0.00104155201972
2695,0.999489085646,-0.000511044915661,-0.000255555106475
2696,0.999938759307,-6.12425687362e-05,-3.06217532045e-05
2697,1.00116060249,0.00115992950913,0.000579796607515
2698,1.00195278024,0.0019508760469,0.000974962438426
2699,1.00098939809,0.000988908959422,0.00049433225724
2700,1.00297390272,0.00296948942209,0.00148364302293
2701,1.00146034657,0.00145928129649,0.000729374525237
2702,1.00024049723,0.000240468318084,0.000120226931205
2703,1.00213028111,0.00212801528349,0.00106344178632
2704,1.00231113514,0.00230846857305,0.00115356841435
2705,1.00135199595,0.00135108282519,0.000675313285866
2706,1.00404204513,0.00403389800922,0.0020149163298
2707,0.996748797014,-0.00325649962968,-0.00162957613333
2708,1.00048706088,0.000486942299556,0.000243441513083
2709,1.00136698906,0.00136605558458,0.000682794581906
2710,1.00169539602,0.00169396045858,0.000846621642782
2711,1.00381431639,0.0038070603275,0.00190171959921
2712,1.0022728169,0.00227023795402,0.00113447497316
2713,0.998892553022,-0.00110806065072,-0.000554183828508
2714,1.00230769514,0.00230503650343,0.00115185435763
2715,1.00383167192,0.00382434976166,0.00191034783917
2716,1.00317731814,0.00317228112977,0.00158488330875
2717,1.00542940716,0.00541472106316,0.00270369893622
2718,1.00173962899,0.00173811759193,0.000868681273742
2719,1.00065571025,0.000655495364495,0.000327693978843
2720,1.00218968556,0.00218729168931,0.00109304803199
2721,1.00117043611,0.00116975167945,0.000584704833189
2722,1.00356449078,0.00355815303911,0.001777494901
2723,1.00676448995,0.00674171344018,0.00336518176086
2724,1.00020710528,0.000207083839785,0.000103536559613
2725,1.00436433443,0.00435483834046,0.00217505031275
2726,1.00304547644,0.0030408483685,0.00151926892497
2727,0.999937783101,-6.22188346992e-05,-3.11099012527e-05
2728,1.00145874466,0.00145768172407,0.000728575322051
2729,1.00124371459,0.00124294182163,0.000621277837767
2730,1.00424350236,0.00423452409513,0.00211502222931
2731,1.00096279087,0.00096232768018,0.000481048099334
2732,0.998932959122,-0.00106761057122,-0.000533947785006
2733,1.00206461677,0.00206248837733,0.00103071263911
2734,1.00251314081,0.00250998815105,0.00125420689979
2735,1.00273996917,0.00273622229704,0.0013671757111
2736,1.00405935394,0.00405113699504,0.00202351841808
2737,1.00133909765,0.00133820185503,0.000668877129404
2738,1.00318083949,0.00317579132287,0.00158663562215
2739,1.00183928058,0.00183759117622,0.000918373624687
2740,1.00019826291,0.000198243261577,9.91167184018e-05
2741,0.997888897741,-0.00211333377678,-0.00105722535753
2742,0.997679300872,-0.00232339612353,-0.00116237309433
2743,1.00160041873,0.00159913942473,0.000799250141679
2744,1.00441235038,0.00440264449931,0.00219890111672
2745,1.00136838227,0.00136744689192,0.000683489760347
2746,1.00296820716,0.00296381072789,0.00148080788438
2747,1.00292540022,0.00292112956421,0.00145949867646
2748,1.00227676298,0.00227417508059,0.00113644130122
2749,0.999148573626,-0.00085178904306,-0.000425985227478
2750,1.00246635854,0.00246332206917,0.00123090285144
2751,1.00290713732,0.00290291976887,0.00145040702599
2752,1.00254131048,0.00253808680654,0.00126823850821
2753,1.00255310313,0.00254984950329,0.00127411238036
2754,0.999162063037,-0.000838288228838,-0.000419231967587
2755,1.00530782668,0.00529378981544,0.00264339497007
2756,1.00229448876,0.00229186044311,0.00114527389425
2757,1.00321251928,0.00320737016767,0.00160239986803
2758,1.00177141433,0.00176984722766,0.0008845321844
2759,1.00595706949,0.00593939630265,0.00296529295955
2760,1.00042293115,0.000422841741002,0.000211398522684
2761,1.00122997177,0.0012292159699,0.00061441915215
2762,0.998689311319,-0.00131154838517,-0.000655989259492
2763,1.00450547201,0.0044953527526,0.00224515224325
2764,1.00227766976,0.00227507979961,0.00113689314655
2765,1.00222525583,0.0022227836161,0.00111077444091
2766,1.00157184009,0.00157060604332,0.000784994751942
2767,1.00383977001,0.00383241690675,0.00191437369807
2768,1.00250570809,0.00250257403502,0.00125050448433
2769,1.00127235664,0.00127154787724,0.000635571877196
2770,1.00540934001,0.00539476207822,0.00269374637563
2771,1.00126247723,0.00126168097891,0.00063064155143
2772,1.0025973246,0.00259395738631,0.00129613797979
2773,1.00221356766,0.00221112132884,0.00110494975738
2774,1.00137147406,0.00137053444634,0.000685032481212
2775,1.00112611853,0.00112548492949,0.000562584154902
2776,1.00077065434,0.000770357536682,0.000385104596523
2777,0.999704087695,-0.000295956095708,-0.000147988997145
2778,1.00296824988,0.00296385332718,0.00148082915248
2779,1.00259602182,0.00259265797151,0.00129548911429
2780,1.00230658645,0.0023039303622,0.00115130192392
2781,1.00335240818,0.0033468013862,0.00167200133883
2782,1.00081013567,0.000809807687557,0.00040482188128
2783,1.0031037673,0.00309896055605,0.00154828045324
2784,1.00210960686,0.00210738476607,0.00105313744414
2785,1.00240655605,0.00240366493085,0.00120111055402
2786,0.999629411398,-0.000370657287198,-0.000185345818013
2787,1.00238348438,0.00238064838182,0.00118961603608
2788,1.00274294313,0.00273918812168,0.00136865659493
2789,1.00025916062,0.000259127041764,0.000129555127891
2790,1.00005294549,5.29440877891e-05,2.6471693513e-05
2791,1.00233669478,0.00233396895097,0.0011663038139
2792,1.00048330351,0.000483186754252,0.000241564195796
2793,1.00429933315,0.00429011742114,0.00214275971625
2794,1.00206448651,0.00206235839041,0.00103064771264
2795,0.999916741578,-8.32618880544e-05,-4.16318106069e-05
2796,1.00127338053,0.00127257046506,0.000636082846007
2797,1.00440843912,0.0043987504136,0.00219695835333
2798,1.00515501717,0.00514177556033,0.00256758587839
2799,1.00024069512,0.00024066616227,0.0001203258414
2800,1.00191094239,0.00190911885934,0.000954103982744
2801,1.00241905463,0.00241613342642,0.00120733729437
2802,1.00067841663,0.000678186608785,0.000339035818755
2803,1.00432863629,0.00431929469442,0.00215731698677
2804,1.0038800414,0.00387253345412,0.00193439337194
2805,1.00234851753,0.00234576406867,0.00117219447704
2806,1.00220331147,0.00220088774195,0.00109983860466
2807,1.0017130006,0.00171153509248,0.000855401481625
2808,1.00164066307,0.00163931864825,0.000819323495181
2809,1.00023359438,0.000233567100601,0.000116776731367
2810,1.00012877445,0.000128766162986,6.43810089468e-05
2811,1.00041207411,0.000411989227411,0.000205973398272
2812,1.00272714714,0.00272343522015,0.00136079089334
2813,1.00260223278,0.00259885283362,0.00129858252787
2814,1.00367822546,0.00367147733419,0.00183405472945
2815,1.00223801467,0.00223551404355,0.00111713256408
2816,0.998771325911,-0.00122942952752,-0.000614903739599
2817,1.00281999965,0.0028160309057,0.00140702466416
2818,1.00696369668,0.00693956212458,0.00346376832828
2819,0.999562072328,-0.000438023590621,-0.000219035780145
2820,1.00295691826,0.00295255517515,0.00147518842585
2821,1.0022601719,0.00225762155436,0.00112817390995
2822,1.00158343169,0.00158217937921,0.000790776860655
2823,1.00222442153,0.00222195116596,0.00111035867808
2824,1.00231568165,0.00231300459013,0.00115583380402
2825,1.00569579435,0.00567963464448,0.0028357888553
2826,1.00135085383,0.0013499422442,0.000674743380337
2827,0.999636974448,-0.000363091461919,-0.000181562211383
2828,1.00312418806,0.00311931792933,0.0015584433287
2829,1.00034981707,0.000349755893502,0.000174862656494
2830,1.00580496472,0.00578818083726,0.00288990657607
2831,1.00623031786,0.00621098966381,0.00310067777057
2832,1.00447633447,0.00446634548805,0.0022306810689
2833,1.00652262211,0.00650144186511,0.00324544305978
2834,1.00286000724,0.00285592520006,0.00142694354655
2835,0.998512854073,-0.00148825282645,-0.000744403343969
2836,0.999138585241,-0.000861785989655,-0.000430985842549
2837,1.00280496518,0.00280103860358,0.00139953903232
2838,1.00394787454,0.00394010213671,0.00196811179145
2839,1.00272269487,0.00271899505137,0.00135857382756
2840,1.00289862545,0.00289443253512,0.0014461695551
2841,0.999030538126,-0.000969932106155,-0.000485083668126
2842,0.999005943858,-0.000994550543186,-0.000497398933438
2843,1.0038571325,0.00384971283921,0.00192300507154
2844,1.00663632716,0.00661440367801,0.00330173907082
2845,1.00328928054,0.00328388269076,0.00164059409716
2846,1.00220043884,0.00219802141959,0.0010984070187
2847,0.99971921899,-0.000280820436141,-0.000140420076046
2848,1.00032811283,0.000328059011982,0.000164016053887
2849,1.0025448392,0.00254160657684,0.00126999615986
2850,1.00034834081,0.000348280151218,0.000174124914106
2851,1.00424897065,0.00423996926368,0.00211773905157
2852,1.00088475888,0.00088436771556,0.000442086108906
2853,1.00434324069,0.00433383604378,0.00216457194992
2854,1.00287452104,0.0028703975078,0.0014341693487
2855,1.00295885218,0.00295448339051,0.00147615111083
2856,1.00520795802,0.0051944435082,0.00259385189174
2857,1.00261441064,0.00261099901803,0.00130464771524
2858,1.00197950791,0.00197755126864,0.000988286956771
2859,1.00272420279,0.00272049887189,0.00135932471601
2860,1.00309283004,0.00308805708192,0.00154283714215
2861,1.00482013119,0.00480855155419,0.00240138782103
2862,1.00061147699,0.000611290109929,0.000305598350273
2863,1.00212504986,0.00212279513926,0.00106083448647
2864,1.00212843602,0.00212617411092,0.00106252217861
2865,1.0033818681,0.00337616244131,0.00168665721294
2866,1.00280371065,0.0027997875887,0.0013989144001
2867,1.00151194535,0.00151080350681,0.000755116509327
2868,1.00094152819,0.000941085229271,0.000470431926821
2869,1.00404961264,0.00404143503057,0.00201867724015
2870,1.00479198576,0.00478054074185,0.00238741594943
2871,1.00218406116,0.00218167956312,0.00109024503213
2872,1.00308049841,0.00307576340099,0.0015366997664
2873,1.0040288821,0.00402078789181,0.00200837445755
2874,1.00060704287,0.000606858697252,0.000303383318597
2875,0.99927166088,-0.000728604488153,-0.000364368610198
2876,1.00073135263,0.000731085318422,0.000365475856633
2877,1.00281520763,0.00281125235619,0.00140463874833
2878,1.00223414741,0.00223165541603,0.00111520540376
2879,1.00193636269,0.00193449035187,0.000966777545102
2880,1.00448072585,0.00447071728779,0.00223286209034
2881,0.999522005832,-0.000478108443805,-0.00023908279764
2882,1.00566778959,0.00565178810251,0.00282190497112
2883,0.999385564843,-0.000614623999724,-0.000307359225032
2884,1.00049431906,0.000494196926752,0.000247067937065
2885,1.00127893851,0.00127812136001,0.000638856524222
2886,1.00181040238,0.00180876557912,0.000903973958699
2887,1.00196341918,0.00196149419306,0.000980266321284
2888,1.00018724145,0.000187223918333,9.36075777038e-05
2889,1.00086375561,0.000863382783898,0.000431598226627
2890,1.00035419344,0.000354130725985,0.000177049687846
2891,1.0053347195,0.0053205402896,0.0026567347619
2892,1.00344776747,0.00344183754721,0.00171943884196
2893,1.00153328402,0.00153210973627,0.000765761523014
2894,1.00268505401,0.00268145569089,0.0013398294714
2895,1.0025207778,0.00251760596646,0.0012580110231
2896,1.00225576683,0.00225322640701,0.00112597881311
2897,1.00260171111,0.00259833252146,0.00129832270959
2898,1.00526355619,0.00524975209547,0.00262143407285
2899,1.00052352068,0.000523383691731,0.000261657607541
2900,1.00047312564,0.000473013753929,0.000236478911418
2901,1.00363815596,0.00363155388235,0.00181412941555
2902,1.00126870191,0.00126789778673,0.000633747990223
2903,1.00076948833,0.00076919242956,0.000384522267136
2904,1.00125286918,0.00125208499827,0.000625846575416
2905,1.00251217534,0.00250902510683,0.0012537259815
2906,1.00404376564,0.0040356115919,0.00201577139441
2907,1.00147938168,0.00147828847415,0.000738871137264
2908,1.00197219124,0.00197024902112,0.00098463943471
2909,1.0038219822,0.00381469698606,0.00190553065983
2910,1.00374075739,0.00373377815887,0.00186514752595
2911,1.00234550559,0.00234275918908,0.00117069379727
2912,1.00278608892,0.00278221496789,0.00139014034245
2913,1.00025739269,0.000257359567277,0.00012867150475
2914,1.00016971079,0.000169696392773,8.484459688e-05
2915,1.00119918273,0.00119846428098,0.000599052636768
2916,1.00192518489,0.00192333409315,0.000961204793012
2917,0.999336502885,-0.000663717327083,-0.00033191373472
2918,1.00132161723,0.00132074466257,0.000660154333467
2919,1.00143070164,0.00142967916344,0.000714584144775
2920,1.00729918636,0.0072726762259,0.00362973464209
2921,1.00415567483,0.00414706386447,0.00207138365
2922,1.00240575023,0.0024028610414,0.00120070909199
2923,0.999924787963,-7.52148654726e-05,-3.76081399045e-05
2924,1.00250458758,0.00250145632748,0.00124994632926
2925,1.00130097827,0.00130013272963,0.000649855117454
2926,1.00263633857,0.00263286952368,0.0013155686417
2927,1.00033075604,0.00033070135318,0.00016533700692
2928,0.999779148666,-0.000220875725176,-0.000110443961073
2929,1.00177734144,0.00177576384123,0.000887487870094
2930,1.00481355133,0.00480200323181,0.00239812151703
2931,1.00094690148,0.000946453451016,0.000473114771402
2932,1.00069851671,0.000698272864773,0.000349075491355
2933,1.00239418763,0.00239132612545,0.00119494854245
2934,1.00124117684,0.00124040721372,0.000620011320358
2935,1.00192250637,0.00192066071722,0.000959869388986
2936,1.00471981642,0.00470871300846,0.00235158718071
2937,1.00010129703,0.000101291897724,5.06446663774e-05
2938,1.00515914611,0.00514588330979,0.00256963447751
2939,1.00073884627,0.000738573461308,0.000369218552702
2940,0.998521591192,-0.00147950273223,-0.000740025049639
2941,1.00438595332,0.00437636306311,0.00218578920761
2942,1.00206294136,0.00206081641668,0.00102987752009
2943,0.99936459104,-0.000635610917852,-0.000317855964431
2944,0.999499260894,-0.000500864517561,-0.000250463619556
2945,1.00148154445,0.00148044804538,0.000739950124473
2946,1.00471931464,0.00470821358437,0.00235133805585
2947,1.00270966217,0.00270599765805,0.00135208393877
2948,1.00288679547,0.0028826366777,0.00144028013843
2949,1.00292027369,0.00291601797746,0.00145694661
2950,1.00103478771,0.00103425268707,0.000516992656755
2951,1.00280661677,0.00280268557452,0.00140036136495
2952,1.00276349255,0.00275968112399,0.00137888901971
2953,1.00045452994,0.000454426668395,0.000227187523202
2954,1.00196041583,0.00195849672352,0.000978769054548
2955,1.00218302028,0.00218064095422,0.00108972629371
2956,1.0027120003,0.00270832946404,0.00135324826469
2957,1.00167658994,0.00167518603059,0.000837242332183
2958,1.00162531823,0.00162399882752,0.000811669831451
2959,1.00115456418,0.00115389817969,0.000576782686725
2960,1.00075173126,0.000751448849053,0.000375653848944
2961,1.00026881258,0.000268776458007,0.00013437919931
2962,1.00018440548,0.000184388478836,9.21899896599e-05
2963,1.00224237622,0.00223986585089,0.00111930603461
2964,1.00346706195,0.00346106555118,0.00172903626712
2965,1.00369693124,0.00369011438667,0.00184335612166
2966,1.00330692625,0.00330147039525,0.00164937348366
2967,1.00399773882,0.00398976909708,0.00199289608883
2968,1.00417217567,0.00416349627588,0.00207958280311
2969,0.99827165744,-0.0017298378672,-0.000865293083843
2970,1.0020535646,0.00205145891912,0.00102520357892
2971,1.00206041667,0.00205829691893,0.00102861906781
2972,1.00316826955,0.00316326115585,0.00158038045945
2973,1.0021892339,0.00218684101502,0.00109282294112
2974,0.999662673234,-0.000337383673101,-0.000168706065818
2975,1.00362881337,0.00362224511281,0.00180948346363
2976,1.00096632511,0.000965858515578,0.000482812666224
2977,1.00209865251,0.0020964534115,0.00104767750805
2978,1.00169541958,0.00169398397973,0.000846633393401
2979,1.00108889162,0.00108829920768,0.000544001581295
2980,1.00278543356,0.00278156143042,0.00138981402792
2981,0.999319958831,-0.000680272501836,-0.000340194103811
2982,1.0026861761,0.00268257477472,0.00134038826347
2983,1.00335752346,0.00335189956702,0.00167454616391
2984,1.00266811654,0.0026645634383,0.00133139462586
2985,1.00185310901,0.00185139411817,0.000925268733738
2986,1.00021294988,0.000212927206926,0.000106457936415
2987,1.0040730611,0.00406478863725,0.00203033040376
2988,1.00207647133,0.00207431844038,0.00103662155646
2989,1.00365406351,0.00364740364084,0.0018220398867
2990,1.00048786431,0.000487745346988,0.000243842938971
2991,1.00260989723,0.00260649736486,0.00130239982267
2992,1.00266367126,0.00266012997723,0.00132918084421
2993,1.00341379002,0.00340797626679,0.00170253716987
2994,1.00406467319,0.00405643472279,0.00202616191842
2995,1.00493562975,0.00492348946014,0.00245871712142
2996,1.00197569469,0.00197374557525,0.000986385988826
2997,0.999698754584,-0.00030129079948,-0.000150656747328
2998,1.00157409241,0.00157285482563,0.000786118259827
2999,1.00094323997,0.000942795395081,0.000471286607103
3000,1.00226498854,0.00226242731659,0.00113057407731
3001,1.00259911104,0.00259573919124,0.00129702772713
3002,1.00040639018,0.000406307625774,0.000203133178548
3003,0.99825526354,-0.00174626028578,-0.000873511431977
3004,1.00153085588,0.00152968531258,0.000764550238701
3005,1.00143243996,0.00143141499188,0.00071545143842
3006,1.00355187635,0.00354558333236,0.00177122119921
3007,1.00102078442,0.00102026377824,0.00051000179397
3008,1.00229173943,0.00228911740204,0.00114390394354
3009,1.00397945643,0.00397155933298,0.0019838093105
3010,1.00240039418,0.00239751783672,0.00119804069391
3011,1.00381218628,0.00380493830942,0.00190066060735
3012,1.00040493737,0.000404855408763,0.000202407217276
3013,1.00123012137,0.00122936539552,0.000614493819051
3014,1.00232610136,0.00232340017906,0.0011610255772
3015,1.00221521019,0.00221276023098,0.00110576830266
3016,1.00230789422,0.00230523512716,0.0011519535551
3017,1.00489920889,0.00488724681508,0.00244064019031
3018,1.00071468238,0.000714427120534,0.000357149767099
3019,1.00240167713,0.00239879770898,0.00119867986317
3020,1.00396872918,0.00396087455152,0.00197847750381
3021,1.00165315003,0.00165178508475,0.000825551587001
3022,1.00268679463,0.00268319164813,0.00134069628671
3023,1.00277199686,0.00276816196692,0.00138312358513
3024,1.00264527842,0.00264178582808,0.00132002091897
3025,1.00095246303,0.000952009726225,0.000475891590771
3026,1.00233575815,0.00233303450258,0.00116583713452
3027,1.00151898051,0.00151782802728,0.000758626111236
3028,1.00294544096,0.00294111164507,0.00146947508515
3029,1.00195092877,0.00194902818307,0.000974039406883
3030,1.00049728427,0.000497160667342,0.00024854944014
3031,1.00555236982,0.00553701223537,0.00276467733877
3032,1.00250319539,0.00250006761706,0.00124925284171
3033,1.00162452319,0.00162320507602,0.000811273277752
3034,0.999484859699,-0.000515273030875,-0.000257669706575
3035,1.00249080314,0.00248770623267,0.00124307985169
3036,1.00072519554,0.000724932715647,0.000362400674829
3037,1.00216118421,0.00215885221487,0.00107884373663
3038,1.00222774864,0.00222527089088,0.00111201669612
3039,1.0033214292,0.00331592543527,0.00165658905671
3040,0.999162101011,-0.000838250222519,-0.000419212956461
3041,1.00036762539,0.000367557831429,0.000183762029404
3042,1.00239367434,0.0023908140615,0.00119469281639
3043,0.997521294871,-0.00248178220473,-0.00124166132628
3044,1.00207804749,0.00207589133951,0.00103740719047
3045,1.00284778157,0.00284373431772,0.00142085678468
3046,1.0010123967,0.00101188457578,0.000505814320675
3047,1.00195039914,0.00194849957651,0.000973775361011
3048,1.00239600381,0.00239313796717,0.00119585338037
3049,1.00649375355,0.00647275997049,0.0032311485527
3050,1.00145131077,0.00145025863328,0.000724866473915
3051,1.00465812903,0.0046473135196,0.00232095915927
3052,0.999380873919,-0.000619317819157,-0.000309706858848
3053,1.00090912366,0.000908710654444,0.000454252123471
3054,1.00381690008,0.00380963420289,0.00190300408868
3055,1.00596282813,0.00594512082214,0.00296814672777
3056,1.00170522827,0.00170377601711,0.000851525254981
3057,1.00104117288,0.00104063123125,0.000520180274928
3058,0.998670699256,-0.00133018504841,-0.000665313747282
3059,1.00102846115,0.00102793264326,0.000513834263566
3060,1.00376821199,0.00376113006514,0.00187879787807
3061,1.0017156974,0.00171422726901,0.000856746417538
3062,0.997798622891,-0.00220380370104,-0.00110250916741
3063,1.00110186573,0.00110125912081,0.000550477991767
3064,1.00350538182,0.00349925229142,0.00174809644215
3065,0.998835400345,-0.00116527832827,-0.000582808931302
3066,1.00079835527,0.000798036756905,0.000398938781206
3067,1.00318480615,0.00317974540101,0.00158860952242
3068,0.999636891668,-0.000363174271691,-0.000181603623787
3069,1.00328617664,0.00328078896397,0.00163904977035
3070,1.00358806736,0.0035816456025,0.00178922023488
3071,1.00490548229,0.0048934896145,0.00244375396695
3072,0.999886894318,-0.00011311207939,-5.65576390179e-05
3073,0.999538328125,-0.000461778478489,-0.000230915896216
3074,1.00274753845,0.00274377087008,0.0013709448304
3075,1.00111516666,0.00111454531934,0.0005571174121
3076,1.00116083789,0.00116016463583,0.000579914102693
3077,1.00137415092,0.00137320763682,0.000686368159945
3078,1.00279334604,0.00278945190112,0.00139375377235
3079,1.00650795058,0.00648686529875,0.00323817840383
3080,1.00118071501,0.00118001851882,0.000589835238171
3081,0.99969794127,-0.000302104359197,-0.000151063588554
3082,1.00100193076,0.00100142916404,0.000500589245394
3083,1.0034090373,0.00340323970034,0.00170017291594
3084,1.00277255179,0.00276871535319,0.00138339989553
3085,1.00750372807,0.00747571515377,0.00373088048309
3086,0.999594400966,-0.000405681311326,-0.00020286122922
3087,1.00140112642,0.00140014576198,0.000699827887147
3088,1.0038759197,0.00386842767207,0.00193234444991
3089,1.00024218216,0.000242152835232,0.000121069088162
3090,1.0011991832,0.00119846475885,0.000599052875562
3091,1.0016054384,0.00160415106412,0.000801753955463
3092,1.00204607371,0.00204398335197,0.00102146962035
3093,1.00202021283,0.00201817494444,0.00100857851466
3094,1.00427286883,0.00426376604748,0.00212961217514
3095,1.00361738545,0.00361085844755,0.00180380041681
3096,1.00296962865,0.00296522801693,0.00148151547928
3097,1.00409062593,0.00408228206502,0.00203905932075
3098,1.00328099846,0.00327562772957,0.00163647337958
3099,1.00022127239,0.000221247914993,0.000110617838892
3100,1.00015801615,0.000158003665853,7.89987123642e-05
3101,1.0006874793,0.000687243092519,0.000343562515137
3102,1.00426879363,0.00425970817343,0.00212758755691
3103,1.00202019232,0.00201815447382,0.00100856828968
3104,1.00216883912,0.00216649058139,0.00108265879231
3105,1.00258253243,0.00257920342494,0.00128877053352
3106,1.00229552511,0.00229289441788,0.0011457902894
3107,1.00334877961,0.00334318493259,0.00167019613375
3108,1.00412878169,0.0041202816643,0.00205802019854
3109,1.00148106515,0.00147996945666,0.000739711007154
3110,1.00009407919,9.40747676258e-05,4.70362775725e-05
3111,1.00165675293,0.00165538203358,0.000827348575065
3112,1.00150913711,0.00150799950479,0.000753715566013
3113,1.0003977795,0.000397700403374,0.000198830432296
3114,1.0026156343,0.00261221948,0.00130525714991
3115,1.0032870667,0.00328167610102,0.00163949261174
3116,1.00367605625,0.00366931606625,0.00183297607684
3117,1.00232629948,0.00232359783678,0.00116112429131
3118,1.00172086303,0.00171938404513,0.000859322593249
3119,0.999417746953,-0.000582422622228,-0.000291253717244
3120,1.00192359233,0.0019217445954,0.000960410807734
3121,1.00197308714,0.0019711431574,0.000985086062547
3122,1.00276762661,0.00276380378727,0.00138094750689
3123,1.00038993114,0.00038985513832,0.000194908572016
3124,1.00485702988,0.00484527256534,0.00241970406777
3125,1.00144535424,0.00144431072124,0.000721894669197
3126,1.00411780143,0.00410934649161,0.00205256384969
3127,1.00136607277,0.0013651405389,0.000682337371356
3128,1.003145311,0.00314037485844,0.0015689553299
3129,1.00120726611,0.00120653795327,0.00060308704649
3130,1.00240526731,0.00240237928504,0.00120046850301
3131,1.00221446879,0.00221202046379,0.001105398828
3132,0.999755130923,-0.00024489906251,-0.000122457028505
3133,1.00301740818,0.00301286493702,0.00150529836867
3134,1.00135231654,0.0013514029826,0.000675473256456
3135,1.00148764893,0.00148654347676,0.000742995580365
3136,0.999842814894,-0.000157197460656,-7.86018192891e-05
3137,1.00254965348,0.00254640862885,0.00127239413369
3138,1.00371148246,0.00370461190763,0.00185059149387
3139,0.999299789372,-0.000700455889752,-0.000350289281843
3140,0.998853088281,-0.00114756992558,-0.000573949608868
3141,1.00283518949,0.00283117792401,0.00141458748857
3142,1.0033926252,0.00338688322737,0.00169200855049
3143,1.0025796676,0.00257634596911,0.00128734364589
3144,1.00000809682,8.09678745565e-06,4.04838553303e-06
3145,1.00276793311,0.00276410943889,0.00138110012164
3146,0.998646638622,-0.00135427799855,-0.000677368309641
3147,1.00472209111,0.00471097701522,0.00235271652144
3148,1.00173899852,0.0017374882103,0.00086836685624
3149,1.0035825396,0.00357613758991,0.00178647115232
3150,1.0024242888,0.00242135495005,0.00120994490072
3151,1.00153107657,0.00152990567128,0.000764660333806
3152,1.00467814242,0.00466723392264,0.00233089619408
3153,1.0011469322,0.00114627497236,0.000572973274267
3154,1.00316494896,0.00315995105234,0.00157872802193
3155,1.0044521219,0.00444224052069,0.002218655398
3156,1.00321752155,0.00321235640442,0.00160488898833
3157,0.998794911591,-0.0012058151117,-0.000603089341139
3158,0.998972450313,-0.00102807797818,-0.000514171129773
3159,1.00162999753,0.00162867052292,0.000814003780485
3160,0.999454615807,-0.000545532968631,-0.000272803688476
3161,1.00293037503,0.00292608985509,0.00146197519907
3162,1.0008113614,0.000811032427569,0.000405434003198
3163,1.00055302271,0.000552869846448,0.000276396718611
3164,1.00335429787,0.00334868476508,0.00167294145332
3165,1.00459831667,0.00458777670594,0.00229125940164
3166,1.00210310539,0.0021008969579,0.00104989695108
3167,1.00285915636,0.00285507674568,0.00142651992462
3168,1.00410378815,0.00409539057631,0.00204560019044
3169,1.0021497504,0.00214744299553,0.0010731452651
3170,1.00187103229,0.00186928408732,0.000934205401829
3171,1.00043990733,0.000439810598461,0.000219881121832
3172,0.999611499337,-0.000388576149144,-0.000194306949723
3173,1.00184596422,0.00184426252475,0.000921706229998
3174,1.00164173908,0.00164039289574,0.000819860178707
3175,1.00258045821,0.00257713454761,0.00128773742747
3176,1.00042820336,0.000428111708306,0.000214032945833
3177,1.00047665072,0.00047653716185,0.000238240197221
3178,0.99912184302,-0.000878542786077,-0.000439367886846
3179,1.00214747321,0.00214517068626,0.00107201032907
3180,1.00228915559,0.00228653946886,0.00114261645057
3181,1.00235102885,0.00234826950985,0.00117344572841
3182,1.00152865519,0.00152748798162,0.000763452412605
3183,1.00416455307,0.00415590531902,0.0020757952105
3184,1.00247946544,0.00247639664131,0.00123743206941
3185,1.00113410776,0.00113346514639,0.000566572010623
3186,1.00387328361,0.00386580176021,0.00193103403021
3187,1.00353533908,0.00352910445961,0.00176299632282
3188,1.00166696065,0.00166557281655,0.000832439737914
3189,1.0033238867,0.00331837479783,0.00165781170845
3190,1.00480289459,0.00479139748762,0.00239283134784
3191,0.998853398719,-0.00114725913089,-0.000573794122345
3192,1.00054735937,0.000547209626064,0.000273567386648
3193,1.00275957186,0.00275577122995,0.00137693676644
3194,1.00242582558,0.00242288801101,0.00121071050344
3195,1.00417062147,0.00416194852935,0.00207881053888
3196,1.00452123372,0.00451104364215,0.0022529800431
3197,0.999430211777,-0.000569950614257,-0.000285015916449
3198,1.0012576046,0.00125681448168,0.000628209834363
3199,1.00232959004,0.00232688075226,0.00116276384177
3200,1.0014090488,0.00140805702452,0.000703780742337
3201,1.00530408724,0.00529007011163,0.00264154003276
3202,1.00038193098,0.000381858064754,0.000190910806589
3203,1.00366755854,0.00366084944282,0.00182875051574
3204,1.00397840388,0.00397051095801,0.00198328616276
3205,1.00382436433,0.00381707004188,0.00190671492606
3206,1.00393676172,0.0039290329525,0.00196258807676
3207,1.003326312,0.00332079206027,0.00165901833526
3208,1.00336076043,0.00335512569356,0.00167615652474
3209,1.00142553395,0.00142451884377,0.000712005825355
3210,1.00199373843,0.00199175357018,0.000995381064378
3211,1.00343490164,0.00342901584084,0.00171303899133
3212,1.00383788739,0.00383054148968,0.00191343778422
3213,1.00367820313,0.00367145508469,0.0018340436251
3214,0.999704967004,-0.000295076526446,-0.000147549147528
3215,1.0030523182,0.0030476693341,0.00152267422052
3216,1.00158742467,0.00158616604351,0.000792768614537
3217,1.00122604833,0.00122529735063,0.000612461044436
3218,1.00409991157,0.00409152983451,0.00204367376645
3219,1.00020995793,0.000209935890995,0.000104962436556
3220,0.999823201952,-0.000176813678843,-8.84107474213e-05
3221,1.00023705976,0.000237031666458,0.000118508810505
3222,1.00406642003,0.004058174489,0.00202703003863
3223,1.00304013273,0.00303552087152,0.00151660921988
3224,1.0044818632,0.00447184955703,0.0022334269607
3225,1.00253990736,0.0025366872448,0.00126753961458
3226,1.00277610796,0.00277226168446,0.00138517060659
3227,1.00251945987,0.002516291356,0.00125735454455
3228,1.00380693406,0.0037997060263,0.00189804943477
3229,1.00353957591,0.00353332635121,0.0017651035448
3230,1.00355901116,0.00355269286175,0.00177476966132
3231,1.00362839078,0.00362182404897,0.00180927331264
3232,1.00474334647,0.0047321322512,0.00236326919748
3233,1.00557976871,0.00556425946308,0.00277826319518
3234,1.00089454689,0.000894147025883,0.00044697359047
3235,1.00439037878,0.00438076918505,0.00218798745073
3236,1.00150495933,0.00150382801303,0.000751631390018
3237,1.00257833658,0.0025750183708,0.00128668070105
3238,1.00399803657,0.00399006565865,0.00199304407409
3239,0.998198772735,-0.00180285142545,-0.000901832118987
3240,1.00553945906,0.00552417268344,0.00275827529086
3241,1.00214596979,0.00214367048805,0.0010712610338
3242,1.0021620273,0.00215969348239,0.00107926391651
3243,1.0030869943,0.00308223931684,0.00153993274332
3244,0.998716482261,-0.00128434215295,-0.000642377312464
3245,1.00028809454,0.000288053047139,0.000144016152248
3246,1.0030636701,0.00305898662531,0.00152832423387
3247,1.00365704331,0.00365037258651,0.00182352165366
3248,1.00294882987,0.00294449059584,0.00147116207646
3249,1.00235910756,0.0023563292308,0.00117747085195
3250,1.00129866436,0.00129782182978,0.000648700417738
3251,0.999970060744,-2.99397038092e-05,-1.49699639533e-05
3252,1.00099482787,0.000994333359623,0.000497043112936
3253,1.00270770261,0.00270404338803,0.00135110812445
3254,1.00503953755,0.00502688157906,0.00251028474196
3255,1.00573874189,0.00572233803908,0.0028570797764
3256,0.999322894838,-0.000677334501081,-0.000338724604768
3257,1.00100554299,0.00100503776697,0.00050239264202
3258,1.00627555182,0.0062559425459,0.00312308426761
3259,1.00284495173,0.00284091251082,0.00141944788493
3260,1.00040243791,0.000402356952899,0.000201158241417
3261,1.0009663473,0.000965880682294,0.000482823744231
3262,1.00230138007,0.00229873594805,0.00114870770364
3263,1.0038806126,0.00387310244913,0.00193467731908
3264,1.00153252534,0.00153135221948,0.000765383054588
3265,1.00333078782,0.0033252530339,0.00166124511917
3266,1.00233542338,0.00233270051823,0.00116567033702
3267,1.00303635228,0.00303175186854,0.00151472757467
3268,1.00176171054,0.00176016055052,0.000879693118201
3269,1.00250808748,0.0025049474816,0.00125168972292
3270,0.999983672717,-1.63274160733e-05,-8.16374135981e-06
3271,1.00087540596,0.000875023019103,0.000437415815347
3272,1.00038284471,0.000382771442474,0.000191367408158
3273,1.00210390322,0.00210169311515,0.00105029461169
3274,1.0032672801,0.00326195414127,0.00162964775033
3275,1.00079029916,0.000789987034124,0.000394915517393
3276,1.00256007789,0.00255680647692,0.00127758642915
3277,1.00384183699,0.00383447598011,0.0019154012633
3278,1.00151348668,0.00151234251124,0.000755885430186
3279,1.00262806136,0.00262461404516,0.00131144632426
3280,1.00347938169,0.00347334264115,0.00173516417953
3281,1.00014945834,0.000149447172213,7.47207943691e-05
3282,1.00165875214,0.00165737793463,0.000828345699442
3283,0.998995347176,-0.00100515782566,-0.00050270522677
3284,1.00063612052,0.000635918285818,0.000317908599258
3285,1.00164835362,0.00164699658098,0.000823159308827
3286,1.00161775232,0.00161644516593,0.000807896059065
3287,1.00073631027,0.000736039325181,0.000367951951661
3288,1.00284755097,0.00284350437493,0.00142074197663
3289,1.0021354653,0.00213318843718,0.00106602560915
3290,1.00094476384,0.000944317829942,0.000472047465492
3291,1.00277190964,0.00276807498099,0.00138308015232
3292,1.00190415241,0.00190234180665,0.000950718683673
3293,1.00322233132,0.0032171507339,0.00160728230302
3294,1.00336607257,0.00336042003367,0.00167879925422
3295,1.001951366,0.00194946455955,0.000974257382579
3296,1.0001427232,0.000142713020933,7.13539646514e-05
3297,1.00467550997,0.00466461372724,0.00232958914922
3298,1.00064266915,0.000642462721668,0.000321179771564
3299,0.999281072676,-0.000719185875915,-0.000359657599248
3300,1.0037702497,0.00376316011986,0.00187981099789
3301,1.00277905924,0.00277520479679,0.00138664012332
3302,1.00071569675,0.000715440761124,0.000357656406255
3303,1.00054499807,0.00054484961085,0.000272387701157
3304,1.00158294036,0.00158168883389,0.000790531781921
3305,0.999886262917,-0.000113743551732,-5.68733930963e-05
3306,0.998657468358,-0.00134343364497,-0.000671942474752
3307,1.00115100965,0.0011503477474,0.000575008492919
3308,1.00150843526,0.00150729871674,0.000753365436021
3309,1.00353792569,0.00353168195537,0.00176428279781
3310,1.00278557132,0.00278169881087,0.00138988262267
3311,1.00037427618,0.000374206158822,0.000187085576721
3312,1.00234855243,0.00234579889592,0.00117221187025
3313,1.00050904781,0.000508918287448,0.000254426771742
3314,0.999472933492,-0.000527205455932,-0.000263637474218
3315,1.00337240562,0.00336673181057,0.0016819498396
3316,1.00074022385,0.000739950023655,0.000369906579513
3317,1.00233147119,0.00232875752693,0.00116370113754
3318,1.00170392687,0.00170247683743,0.000850876218072
3319,1.00052637784,0.000526239355731,0.000263085064919
3320,1.00020921488,0.000209192998039,0.000104591028996
3321,1.00252701835,0.0025238308119,0.00126111952552
3322,1.00149570959,0.00149459213227,0.000747016909973
3323,1.00068808554,0.000687848920178,0.000343865324852
3324,1.00375372065,0.00374669302042,0.00187159289185
3325,1.00336910653,0.00336344380335,0.00168030859977
3326,1.00172204143,0.00172056042116,0.000859910275648
3327,1.00080216824,0.000801846676553,0.000400842979255
3328,1.00188812597,0.00188634570471,0.000942728204643
3329,1.00377918104,0.0037720578747,0.00188425150238
3330,1.00358776061,0.0035813399523,0.0017890676832
3331,0.999817796245,-0.000182220356494,-9.11143289055e-05
3332,1.0000014778,1.47779682165e-06,7.38898137786e-07
3333,1.00318150922,0.00317645892948,0.00158696889577
3334,1.00252831841,0.00252512759377,0.00126176709855
3335,1.00205319255,0.00205108762722,0.00102501812327
3336,1.00163496952,0.00163363440981,0.000816483700544
3337,1.00369820778,0.00369138622038,0.0018439908661
3338,1.0051073902,0.0050943917213,0.00254395450998
3339,0.998273818821,-0.00172767274688,-0.000864209587536
3340,1.00519205781,0.00517862555325,0.00258596339779
3341,1.00470371261,0.00469268472182,0.0023435918513
3342,1.00209510686,0.00209291518301,0.0010459102457
3343,1.00793407858,0.00790276927423,0.00394358818914
3344,1.00744822875,0.00742062766106,0.00370343912124
3345,1.00040221363,0.000402132760652,0.000201046167836
3346,1.00458833879,0.00457784444945,0.00228630463978
3347,1.00242186585,0.00241893786096,0.00120873781771
3348,1.00207213608,0.0020699921704,0.00103446066149
3349,0.999801729432,-0.000198290226118,-9.9150028098e-05
3350,1.00294228154,0.0029379615016,0.0014679023267
3351,1.00255071111,0.00254746356388,0.00127292092992
3352,1.0032135053,0.00320835302357,0.00160289050839
3353,1.00458604642,0.00457556254595,0.00228516629594
3354,1.0015267108,0.00152554656368,0.000762482444253
3355,1.00597548191,0.00595769952174,0.00297441739014
3356,1.00261655999,0.00261314275376,0.00130571818413
3357,1.00415505467,0.00414644626647,0.00207107549059
3358,0.999557384622,-0.000442713360769,-0.000221381181582
3359,1.00256558921,0.00256230370922,0.00128033152993
3360,0.999914622095,-8.53815497116e-05,-4.269168612e-05
3361,1.00274872158,0.0027449507573,0.00137153396505
3362,1.00088285043,0.000882460948642,0.00044113314647
3363,1.00046257568,0.000462468721749,0.00023120762827
3364,1.00140446344,0.00140347810642,0.000701492891942
3365,1.00216721642,0.00216487139417,0.00108185007488
3366,0.999990194288,-9.80575971131e-06,-4.90289187471e-06
3367,1.00573270019,0.00571633079717,0.00285408473253
3368,1.00198900007,0.00198702462523,0.00099301894266
3369,1.00299972664,0.00299523643726,0.00149649734808
3370,1.00206956466,0.00206742605719,0.00103317893133
3371,0.997148753971,-0.00285531857401,-0.00142867887768
3372,1.00229242984,0.00228980622811,0.00114424796254
3373,1.00317411991,0.0031690930215,0.00158329177974
3374,1.00091533438,0.00091491571922,0.000457353241716
3375,1.0007305033,0.00073023661697,0.000365051660907
3376,1.00206079949,0.00205867895541,0.00102880988955
3377,1.00284455959,0.00284052148305,0.00141925264854
3378,0.99999382111,-6.17890911583e-06,-3.08945933036e-06
3379,1.00028457926,0.000284538775161,0.000142259267771
3380,1.00030096659,0.00030092130651,0.000150449334618
3381,1.0007017536,0.00070150748187,0.000350692234033
3382,0.999721524598,-0.00027851418321,-0.000139266788324
3383,1.0016746749,0.00167327419722,0.000836287215374
3384,1.00743936046,0.00741182490129,0.00369905403195
3385,1.00328977213,0.00328437266649,0.00164083868307
3386,1.00214013322,0.00213784639847,0.00106835210434
3387,1.00067865504,0.00067842485764,0.000339154902789
3388,1.00176253401,0.00176098256484,0.000880103763713
3389,0.999942256652,-5.774501499e-05,-2.88729243099e-05
3390,1.002065705,0.00206357436367,0.00103125507247
3391,1.00328202814,0.00327665403723,0.00163698569351
3392,1.00002242833,2.24280754427e-05,1.12139748443e-05
3393,1.00259603158,0.00259266771469,0.00129549397957
3394,1.00103243352,0.00103190093115,0.00051581738602
3395,1.00582049292,0.00580361929136,0.00289760346556
3396,1.00364159232,0.00363497777415,0.0018158382543
3397,1.00091370635,0.000913289170458,0.000456540338959
3398,1.00289365824,0.00288947967278,0.00144369670221
3399,1.00284496511,0.00284092585503,0.00141945454756
3400,1.00271635012,0.00271266750526,0.00135541434773
3401,1.00364913728,0.00364249533224,0.00181959020096
3402,0.99913175626,-0.000868620882167,-0.000434404767518
3403,1.00074244684,0.000742171358456,0.000371016835453
3404,1.00460942337,0.00459883251478,0.00229677462495
3405,1.00187821347,0.00187645183672,0.000937785922038
3406,1.00183708753,0.0018354021497,0.000917280116002
3407,1.00094933212,0.000948881793011,0.00047432836722
3408,1.00042034449,0.000420256170495,0.000210106009888
3409,1.00198958756,0.00198761095464,0.000993311816203
3410,1.00196926329,0.00196732683566,0.000983179779564
3411,1.00325001325,0.0032447433702,0.00162105635158
3412,1.00114312331,0.00114247043986,0.000571072096155
3413,1.00439645489,0.00438681871506,0.00219100559303
3414,1.00190152676,0.00189972114286,0.000949409596675
3415,0.998889032069,-0.00111158551328,-0.000555947238054
3416,1.00580961019,0.00579279948544,0.00289220922377
3417,1.0019580023,0.00195608790825,0.000977565825027
3418,1.00349458768,0.0034884957999,0.00174272758365
3419,1.00268185692,0.00267826715412,0.0013382373378
3420,1.00089061735,0.000890220985423,0.000445011445732
3421,1.00361889036,0.00361235793332,0.00180454880703
3422,1.00365389077,0.00364723152503,0.00182195398559
3423,1.0060086996,0.00599071935858,0.00299087806528
3424,1.00109095198,0.00109035732257,0.0005450300784
3425,1.0032347198,0.00322949934975,0.00161344666806
3426,0.998402990276,-0.00159828630371,-0.000799462551822
3427,1.00118165662,0.0011809590135,0.000590305208035
3428,1.00531023645,0.00529618685838,0.00264459032265
3429,1.00062647657,0.000626280416962,0.000313091185203
3430,1.00147567489,0.0014745871507,0.00073702184123
3431,1.00410842676,0.0041000102205,0.0020479052849
3432,1.00134291487,0.00134201396579,0.000670781908052
3433,1.00231319379,0.00231052247404,0.00115459417966
3434,1.00391412704,0.00390648677139,0.00195133704722
3435,1.00167699066,0.00167558607828,0.000837442188538
3436,1.00216465208,0.00216231259416,0.00108057205818
3437,0.999717632957,-0.000282406915791,-0.000141213427573
3438,1.00421633498,0.00420747114356,0.00210152427104
3439,0.999817540565,-0.000182476082561,-9.12422035972e-05
3440,1.00162646248,0.00162514122543,0.000812240566616
3441,1.00261223867,0.0026088326998,0.00130356596869
3442,1.00220678921,0.00220435782211,0.00110157173497
3443,0.999610896636,-0.000389179084145,-0.000194608475846
3444,1.00218974155,0.00218734756426,0.00109307593893
3445,0.999934544774,-6.54573682927e-05,-3.27292197355e-05
3446,1.00264032025,0.00263684072525,0.00131755162832
3447,1.004231654,0.00422272572653,0.00210913550456
3448,0.998475756206,-0.0015254066355,-0.000762994249886
3449,1.00206133231,0.00205921068434,0.00102907548045
3450,1.00021058917,0.000210566998189,0.000105277956981
3451,1.0046115012,0.0046009008096,0.00229780639662
3452,0.99981360189,-0.000186415484383,-9.32120861683e-05
3453,0.998507574931,-0.00149353984455,-0.000747048824355
3454,1.00289145508,0.00288728286539,0.00144259988367
3455,1.00418112363,0.00417240702343,0.00208402890166
3456,0.999393446915,-0.000606737112603,-0.000303414577196
3457,1.00283591943,0.00283190579293,0.00141495090814
3458,1.0031045346,0.00309972548458,0.00154866232527
3459,1.00182468591,0.00182302318928,0.00091109629414
3460,1.00192871481,0.00192685722824,0.000962964665777
3461,1.00078837033,0.000788059732573,0.000393952246714
3462,1.00203745695,0.002035384145,0.00101717439955
3463,1.00043628893,0.000436193779115,0.00021807310816
3464,1.00269876252,0.00269512740074,0.00134665614412
3465,1.00263234485,0.00262888629941,0.00131357964769
3466,1.00043763314,0.000437537406935,0.00021874477534
3467,0.999522091214,-0.0004780230204,-0.000239040075727
3468,1.00140799492,0.00140700462776,0.000703254914146
3469,1.00176305423,0.00176150187284,0.000880363189157
3470,1.00046988594,0.00046977557901,0.000234860205528
3471,1.00150274079,0.00150161280995,0.000750524620374
3472,1.00192213531,0.00192029036693,0.000959684391568
3473,1.00031110135,0.000311052963451,0.000155514388109
3474,0.999562896654,-0.000437198903744,-0.000218623346473
3475,1.00153426223,0.00153308644947,0.00076624950553
3476,1.00254324248,0.00254001390862,0.00126920083677
3477,1.00194837946,0.00194648383052,0.000972768468951
3478,1.00269841709,0.00269478289724,0.00134648412432
3479,1.00127710863,0.0012762938187,0.000637943336915
3480,1.00053183922,0.000531697843471,0.000265813587042
3481,1.00237780935,0.00237498683723,0.00118678862731
3482,1.00241526024,0.00241234818412,0.00120544695647
3483,1.00276884159,0.00276501541397,0.00138155248346
3484,1.00515061591,0.00513739685584,0.0025654021451
3485,1.00351550534,0.00350934039238,0.00175313166244
3486,1.00160062188,0.00159934224696,0.000799351471737
3487,1.00202978151,0.00202772428734,0.0010133483591
3488,1.00451534626,0.00450518266531,0.00225005615273
3489,1.00039121455,0.000391138041584,0.000195549898418
3490,1.00105785025,0.00105729111904,0.000528505851076
3491,1.00165211721,0.00165075396303,0.000825036451627
3492,0.999530150696,-0.000469959717423,-0.000235007468641
3493,1.00128350725,0.00128268425768,0.000641136512936
3494,0.998650468606,-0.00135044283171,-0.000675449429152
3495,0.998680090482,-0.00132078136564,-0.000660608788754
3496,1.0024637019,0.00246067195769,0.00122957942584
3497,1.00202774229,0.00202568919831,0.00101233184519
3498,1.00294173475,0.0029374163189,0.00146763013545
3499,1.00012718213,0.000127174043342,6.35850000595e-05
3500,1.00648872586,0.00646776470306,0.0032286589861
3501,1.00257560248,0.00257229130119,0.00128531891975
3502,1.0030030972,0.00299859690974,0.00149817506844
3503,1.0003780424,0.000377970963906,0.000188967625322
3504,1.00108466934,0.00108408151395,0.000541893879422
3505,1.0022139777,0.00221153045888,0.00110515409635
3506,1.00272702063,0.00272330905841,0.00136072789831
3507,0.999830002814,-0.000170011636791,-8.50094314924e-05
3508,1.00139789728,0.0013969211345,0.000698216700447
3509,1.00390869433,0.00390107523204,0.00194863655376
3510,1.00166397553,0.00166259265572,0.000830950896794
3511,1.00241055871,0.00240765797438,0.00120310467575
3512,1.00374514301,0.0037381474249,0.00186732808192
3513,1.00526827477,0.00525444595451,0.0026237748473
3514,1.00023666249,0.000236634487493,0.000118310244537
3515,1.00212474741,0.00212249332201,0.00106068373792
3516,1.00176732874,0.00176576884841,0.000882494796423
3517,1.00237156561,0.00236875788591,0.00118367784303
3518,1.0051486465,0.00513543754223,0.00256442500103
3519,1.0031800023,0.00317495678256,0.00158621901396
3520,1.00451985012,0.00450966627592,0.00225229291134
3521,0.998869390869,-0.00113124875171,-0.000565784371488
3522,1.00409261093,0.0040842589816,0.00204004576303
3523,1.00289317363,0.00288899645957,0.00144345544438
3524,1.00197700182,0.00197505012094,0.000987037618065
3525,1.0023548545,0.00235208618005,0.00117535182236
3526,1.0028012876,0.00279737130868,0.00139770794945
3527,1.00489685769,0.00488490707879,0.00243947317671
3528,1.0036952455,0.00368843485732,0.00184251790462
3529,1.00426795571,0.00425887381553,0.00212717126546
3530,0.997986392081,-0.0020156379533,-0.00100832699685
3531,1.0025308778,0.00252768052328,0.00126304195189
3532,1.00131173829,0.00131087871738,0.000655224605237
3533,1.00296038214,0.00295600884264,0.0014769127107
3534,1.00297288322,0.00296847294334,0.00148313553747
3535,1.00102264575,0.00102212320276,0.000510931031646
3536,1.00409981755,0.00409143619378,0.00204362704177
3537,1.00447304761,0.00446307326625,0.0022290486063
3538,1.00327472911,0.00326937886147,0.00163335405371
3539,1.00312779303,0.00312291165934,0.00156023739178
3540,1.00221471412,0.0022122652513,0.00110552108646
3541,0.999672328204,-0.00032772549259,-0.000163876172528
3542,1.00191487193,0.00191304089936,0.000956063129819
3543,1.00480914152,0.00479761453995,0.002395932431
3544,1.00352013064,0.00351394948006,0.00175543216347
3545,1.00365514055,0.0036484767614,0.0018225754692
3546,1.00298670376,0.00298225241668,0.00149001503203
3547,1.00152278688,0.00152162861492,0.000760524961639
3548,1.00343565358,0.00342976520434,0.00171341303117
3549,1.00405852931,0.00405031569609,0.00202310859947
3550,1.00188986002,0.00188807648403,0.000943592778105
3551,0.999896339556,-0.000103665817186,-5.18342519416e-05
3552,1.00391670123,0.00390905092302,0.00195261662045
3553,0.999112056386,-0.000888338069288,-0.000444267692316
3554,1.00215799296,0.00215566783985,0.00107725326558
3555,1.00161253875,0.00161124000961,0.000805295580135
3556,1.00326266221,0.00325735127463,0.00162735006489
3557,1.00015666197,0.000156649702454,7.83217839159e-05
3558,1.00189297513,0.00189118571098,0.00094514592345
3559,1.00012187358,0.000121866156976,6.09312221058e-05
3560,1.00137589907,0.00137495339136,0.000687240437718
3561,1.0040645039,0.00405626611895,0.00202607778731
3562,1.00462460234,0.00461394172506,0.0023043118504
3563,1.00150368608,0.0015025566737,0.000750996197938
3564,1.00310405451,0.0030992468822,0.00154842339465
3565,1.00060267867,0.000602497127668,0.000301203193041
3566,1.0023998089,0.00239693395943,0.00119774910498
3567,1.00519262941,0.00517919419511,0.00258624698343
3568,0.99815135444,-0.0018503564142,-0.000925606316472
3569,1.00066095395,0.000660735618174,0.000330313243652
3570,1.00048583363,0.000485715649089,0.00024282833697
3571,1.00210114826,0.00209894393162,0.0010489214627
3572,1.0035622468,0.00355591702254,0.00177637887935
3573,1.00363666575,0.00363006907116,0.00181338835651
3574,1.00147618166,0.00147509317876,0.000737274668751
3575,1.00111804734,0.00111742278695,0.000558555343327
3576,1.00339411696,0.00338836994706,0.00169275065228
3577,1.00206809353,0.00206595796577,0.00103244564375
3578,1.00100856276,0.001008054506,0.000503900252601
3579,1.00501312175,0.00500059789369,0.00249717580291
3580,1.00074399857,0.000743721935945,0.000371791836252
3581,1.00385636697,0.00384895025171,0.00192262451094
3582,1.00447539946,0.00446541463686,0.00223021668141
3583,1.000813623,0.000813292183297,0.000406563422333
3584,1.00140252194,0.00140153932495,0.000700524180761
3585,1.00071405164,0.000713796821454,0.000356834730066
3586,1.00111881816,0.00111819275272,0.000558940111103
3587,1.00168211707,0.00168070389386,0.000839998950121
3588,1.00240824067,0.00240534550694,0.00120194983244
3589,0.99995128227,-4.87189167938e-05,-2.43597550909e-05
3590,1.00236204602,0.00235926077751,0.00117893489833
3591,0.999005162577,-0.000995332602572,-0.000497790157705
3592,1.0054479226,0.00543313634768,0.00271288164151
3593,1.00300535232,0.00300084527654,0.00149929756699
3594,1.00160414819,0.00160286291565,0.000801110397408
3595,1.00222728381,0.00222480708915,0.00111178505311
3596,0.998662019531,-0.00133887636452,-0.000669662306008
3597,1.00271507997,0.002711400799,0.00135478185285
3598,1.00215033108,0.0021480224228,0.00107343466778
3599,1.00649251608,0.00647153048501,0.00323053579609
3600,1.00331152568,0.00330605464891,0.00165166182729
3601,1.00406371639,0.00405548179628,0.00202568642045
3602,1.00133923873,0.00133834275256,0.000668947531048
3603,0.998349537673,-0.0016518258401,-0.000826254080043
3604,1.00300745183,0.00300293849409,0.00150034260604
3605,1.00008633668,8.63329499846e-05,4.31655433335e-05
3606,1.00164318168,0.00164183313255,0.000820579706454
3607,1.00114787721,0.00114721890406,0.000573444969577
3608,1.00205127768,0.00204917668719,0.00102406363218
3609,1.0036623077,0.00365561778035,0.00182613946479
3610,0.999423901745,-0.000576264263707,-0.000288173645904
3611,1.00323310779,0.00322789253655,0.00161264455739
3612,1.0022543473,0.00225181007329,0.00112527144338
3613,1.00007661058,7.66076457537e-05,3.83030892949e-05
3614,1.00009630156,9.62969262098e-05,4.81473039862e-05
3615,1.00411213459,0.0041037028678,0.00204974782575
3616,1.0022569205,0.00225437747563,0.00112655369922
3617,1.00071311893,0.000712864785302,0.000356368878172
3618,1.00201134837,0.00200932831634,0.0010041596521
3619,1.00009104175,9.10376044731e-05,4.55177662716e-05
3620,1.00384878874,0.003841401105,0.00191885718757
3621,1.00308068432,0.00307594873798,0.00153679229249
3622,1.00248952354,0.00248642980833,0.00124244243266
3623,1.00242726852,0.00242432746394,0.00121142935827
3624,1.00137201556,0.00137107520239,0.000685302673981
3625,1.00023939818,0.000239369526275,0.000119677601202
3626,1.00384755058,0.00384016768793,0.00191824166222
3627,1.00318800001,0.00318292910862,0.00159019884613
3628,1.00290610751,0.0029018929413,0.00144989435673
3629,1.00099798233,0.000997484674915,0.000498617986172
3630,1.00492548909,0.0049133985502,0.0024536840591
3631,1.00219883272,0.00219641882206,0.00109760659976
3632,1.00011250678,0.000112500452607,5.62486442891e-05
3633,0.998625001688,-0.00137594448911,-0.000688208951739
3634,1.00125901233,0.00125822043576,0.000628912369537
3635,1.00488299988,0.00487111670859,0.00243259478851
3636,1.00251111184,0.00250796426719,0.00125319622654
3637,1.00189900122,0.00189720039973,0.000948150420927
3638,1.00157474608,0.00157350746494,0.000786444322899
3639,1.00300439287,0.00299988869785,0.00149881999463
3640,1.00006737395,6.73716838657e-05,3.36852745713e-05
3641,1.00371105641,0.00370418742799,0.0018503796468
3642,1.00226122793,0.00225867520285,0.00112870013971
3643,0.999671811779,-0.000328242086872,-0.000164134512031
3644,1.00267660071,0.00267302499302,0.00133561976145
3645,1.00216526546,0.0021629246504,0.00108087775557
3646,1.00379772601,0.00379053285122,0.0018934715423
3647,1.00310626544,0.00310145096119,0.00154952372711
3648,1.00249473951,0.00249163281741,0.0012450407016
3649,0.999944755251,-5.5246275053e-05,-2.76235190488e-05
3650,1.00438287148,0.0043732946723,0.00218425836446
3651,1.00222897544,0.00222649495997,0.00111262804989
3652,0.999980507697,-1.94924932805e-05,-9.74629413508e-06
3653,1.00275990937,0.00275610781783,0.00137710482864
3654,1.00358915892,0.00358273325549,0.0017897630882
3655,1.00595811235,0.00594043298399,0.00296580976305
3656,1.00183306869,0.00183139067432,0.000915276216124
3657,1.00116264362,0.00116196827811,0.000580815400452
3658,1.00262845068,0.00262500233985,0.00131164021697
3659,1.00263343333,0.00262997192464,0.00131412174713
3660,1.00258633858,0.00258299976396,0.00129066625492
3661,1.0036168036,0.00361027869859,0.00180351106517
3662,1.0021176044,0.00211536543287,0.00105712356722
3663,1.00128293302,0.00128211076697,0.000640849951381
3664,1.00107194578,0.00107137165173,0.00053554237183
3665,1.00231762566,0.00231494410631,0.00115680244075
3666,1.0029897319,0.00298527154159,0.00149152234407
3667,1.00048255316,0.000482436764938,0.000241189291654
3668,1.00134475366,0.0013438502893,0.000671699453503
3669,1.00221619881,0.0022137466626,0.00110626097297
3670,1.0010797708,0.00107918826383,0.000539448577183
3671,1.00718868183,0.00716296642604,0.00357507735179
3672,1.00202663842,0.00202458755499,0.001011781581
3673,1.00304200156,0.00303738403479,0.00151753938824
3674,1.00233523122,0.00233250880333,0.00116557459131
3675,1.00176350123,0.00176194808339,0.000880586097994
3676,1.00030212134,0.000302075708737,0.000151026448726
3677,1.00237909379,0.002376268231,0.00118742856362
3678,0.999430346073,-0.000569816241895,-0.000284948711121
3679,1.00356314652,0.00355681354926,0.00177682634632
3680,0.998754702575,-0.00124607345253,-0.000623230853961
3681,1.00455060396,0.00454028126334,0.00226756581119
3682,1.00214685625,0.00214455504288,0.00107170283732
3683,1.00227596438,0.00227337830007,0.00113604336363
3684,1.00111594232,0.00111532011687,0.000557504594966
3685,1.00398013364,0.00397223386091,0.00198414590533
3686,1.00432283762,0.00431352099975,0.00215443636312
3687,1.0019666018,0.00196467056853,0.000981852950911
3688,1.0005840825,0.000583911992029,0.00029191338101
3689,1.00167291324,0.00167151548193,0.00083540859274
3690,1.00151813191,0.00151698070974,0.000758202773775
3691,1.00035565114,0.000355587910517,0.00017777815085
3692,1.00006943982,6.94374050876e-05,3.47180998566e-05
3693,0.999730085172,-0.000269951261386,-0.000134984740314
3694,1.00164947887,0.00164811997659,0.000823720544111
3695,1.00651607056,0.00649493274998,0.00324219905941
3696,0.999178551419,-0.000821786154677,-0.000410977505462
3697,1.00226483329,0.00226227242465,0.0011304967189
3698,1.0032536381,0.00324835647703,0.00162285997484
3699,1.00128400948,0.00128318584402,0.000641387145282
3700,1.00236546874,0.00236267541815,0.00118064020437
3701,0.999295915741,-0.000704332242465,-0.000352228139001
3702,1.00255955015,0.00255628008236,0.00127732356809
3703,1.00050476392,0.000504636568598,0.000252286454718
3704,1.00169863745,0.00169719639985,0.000848238242301
3705,1.00201485096,0.00201282386867,0.0010059056717
3706,1.00189017791,0.00188839377081,0.000943751271786
3707,1.00048515536,0.000485037711121,0.00024248945024
3708,1.00085906543,0.000858696639651,0.000429256163025
3709,1.00160868092,0.0016073883801,0.000803371314378
3710,1.00026634539,0.000266309930622,0.000133146100582
3711,1.00338204807,0.00337634180813,0.00168674674509
3712,0.999033937336,-0.000966529602949,-0.000483381592722
3713,1.00020713284,0.000207111394521,0.000103550335554
3714,1.00040476865,0.000404686757673,0.000202322908796
3715,1.00271634063,0.00271265804872,0.00135540962586
3716,1.0025230327,0.0025198551991,0.001259134224
3717,1.00317028633,0.00316527157047,0.00158138407764
3718,1.00177752126,0.00177594334356,0.000887577541605
3719,1.00156420528,0.00156298318434,0.000781186307146
3720,1.002121435,0.00211918793124,0.00105903279415
3721,1.00123100448,0.00123024741495,0.000614934557671
3722,1.00143651018,0.00143547938255,0.000717482177758
3723,1.00167824688,0.00167684020129,0.00083806872472
3724,1.00338195693,0.00337625097117,0.00168670140321
3725,1.00333772386,0.00333216602399,0.00166469586617
3726,1.00127856939,0.00127775272033,0.000638672322118
3727,1.00253231966,0.0025291187376,0.00126376015052
3728,1.00298428431,0.00297984017347,0.00148881070684
3729,1.00332341012,0.0033178997969,0.00165757460169
3730,1.00189767213,0.00189587382565,0.000947487762563
3731,1.00016398076,0.00016396731382,8.19802963421e-05
3732,1.00057264694,0.000572483035395,0.000286200554503
3733,1.00302539988,0.00302083256965,0.00150927618023
3734,1.00129575744,0.00129491866774,0.000647249777304
3735,1.00140180087,0.00140081926503,0.000700164402944
3736,1.00588318203,0.00586594368886,0.00292867488449
3737,1.00393456876,0.00392684858959,0.00196149803821
3738,1.00335673713,0.00335111586066,0.00167415496683
3739,0.99920581826,-0.000794497269074,-0.000397327548225
3740,1.00450360833,0.00449349742997,0.00224422666425
3741,0.997783079794,-0.00221938121179,-0.00111030654033
3742,1.00239374442,0.00239088397407,0.00119472773091
3743,1.00169831042,0.00169686992519,0.000848075143422
3744,1.00104839788,0.00104784869019,0.000523787120699
3745,1.00255128397,0.00254803497404,0.00127320627128
3746,0.999297991836,-0.000702254687315,-0.000351188996079
3747,0.997678848248,-0.00232384980065,-0.00116260019659
3748,1.00416422574,0.00415557935109,0.00207563256484
3749,1.0037295298,0.0037225923517,0.00185956503835
3750,1.0009990933,0.000998594541899,0.00049917264281
3751,1.00427379098,0.00426468427166,0.00213007030939
3752,0.998358943455,-0.00164240455303,-0.000821539555424
3753,1.00441286653,0.00440315838642,0.00219915749525
3754,1.00188616039,0.00188438381866,0.000941748185903
3755,1.00394471493,0.00393695493866,0.00196654128821
3756,1.00527157021,0.00525772412131,0.00262540962877
3757,1.00021307521,0.000213052513276,0.000106520582918
3758,1.00124888924,0.001248110028,0.000623860332172
3759,1.00116805166,0.00116737002091,0.000583514699495
3760,1.00123423968,0.00123347863488,0.00061654917284
3761,1.00164664762,0.0016452933811,0.000822308409527
3762,1.00276870864,0.00276488282302,0.00138148627957
3763,1.00268485094,0.00268125316188,0.00133972834257
3764,1.00336696967,0.00336131411478,0.00167924554419
3765,1.0005633098,0.000563151197005,0.000281535959814
3766,1.00289464903,0.00289046759741,0.00144418995127
3767,1.00350869201,0.00350255090963,0.00174974286675
3768,1.00144543281,0.00144438917646,0.000721933868486
3769,1.00203180734,0.00202974601093,0.00101435819603
3770,1.00176958664,0.00176802276303,0.000883620758566
3771,0.99998166256,-1.83376076994e-05,-9.1688458832e-06
3772,1.0020772828,0.0020751282346,0.00103702603377
3773,1.00115316582,0.00115250143515,0.000576084717017
3774,1.00380415189,0.00379693440029,0.00189666625115
3775,0.998562684348,-0.00143834958086,-0.000719433458623
3776,1.00417895408,0.00417024650333,0.00208295089232
3777,0.999488329065,-0.000511801883707,-0.000255933687292
3778,1.00283617477,0.00283216041265,0.00141507803786
3779,1.00418310429,0.00417437943523,0.00208501305179
3780,1.00224329746,0.00224078502988,0.00111976510958
3781,1.00077322047,0.000772921691018,0.000386386179135
3782,1.00330138111,0.003295943517,0.00164661459866
3783,1.00307958239,0.00307485018852,0.00153624386173
3784,1.00074216394,0.000741888673726,0.000370875545519
3785,1.00192384009,0.0019219918799,0.000960534331233
3786,1.00117522911,0.00117453907157,0.000587097126785
3787,1.00166224289,0.00166086289275,0.000830086733611
3788,1.0012387903,0.00123802363183,0.000618820267625
3789,1.00070319943,0.000702952296766,0.000351414387878
3790,1.00285865973,0.00285458153188,0.00142627267091
3791,1.00101761369,0.00101709627404,0.000508418848336
3792,1.001579903,0.00157865626862,0.000789016696807
3793,1.00125847719,0.0012576859735,0.000628645306437
3794,1.00224117897,0.00223867127268,0.00111870941388
3795,1.00313088689,0.00312599586715,0.00156177708844
3796,1.00112703107,0.00112639644402,0.000563039655662
3797,1.00287666395,0.0028725342717,0.00143523619783
3798,1.00170240977,0.00170096231726,0.000850119602038
3799,1.00400269457,0.00399470509959,0.00199535916857
3800,1.00380835248,0.00380111906602,0.00189875461337
3801,1.00015258348,0.000152571841926,7.62830112659e-05
3802,1.00160743459,0.00160614404991,0.000802749648921
3803,1.00311691184,0.00311206434256,0.0015548221809
3804,1.00157235885,0.00157112398819,0.00078525352105
3805,1.00138446172,0.00138350423178,0.000691512910557
3806,1.00250917411,0.0025060313882,0.00125223099772
3807,1.00102753163,0.00102700408253,0.000513370221654
3808,1.00395178912,0.00394400131672,0.00197005754255
3809,1.0024534509,0.00245044610461,0.00122447277299
3810,1.00142749399,0.00142647609111,0.000712983751764
3811,1.00041008196,0.00040999789617,0.000204977937236
3812,1.00074335092,0.000743074768554,0.00037146837281
3813,1.00392204314,0.00391437198493,0.00195527195287
3814,1.00023860258,0.000238574119328,0.000119279945246
3815,1.00347451952,0.003468497324,0.00173274572174
3816,1.00184883361,0.00184712662525,0.000923136959295
3817,0.999620547282,-0.000379524728517,-0.000189780370275
3818,1.00024728982,0.000247259248133,0.000123621982239
3819,1.00143686538,0.00143583407742,0.00071765939793
3820,1.00224333674,0.00224082421351,0.00111978467946
3821,1.00156801891,0.00156679085085,0.000783088651344
3822,1.00272379571,0.00272009289811,0.00135912200503
3823,1.00328634955,0.0032809613055,0.00163913579987
3824,1.00160128586,0.00160000516845,0.000799682667472
3825,1.00069680132,0.000696558670817,0.000348218693201
3826,1.00051808558,0.000517951418097,0.000258942177734
3827,1.00273209271,0.00272836733318,0.00136325359103
3828,0.999460566426,-0.000539579121125,-0.000269825957039
3829,1.00122519639,0.00122444644854,0.00061203585387
3830,1.00138229348,0.00138133898886,0.000690431037158
3831,1.00192584954,0.00192399746999,0.000961536162554
3832,1.00167794532,0.00167653914338,0.000837918321905
3833,1.0028195685,0.00281560097157,0.00140680999954
3834,1.00383122884,0.00382390837222,0.00191012756603
3835,1.00120211518,0.00120139322153,0.000600516228676
3836,1.00357071497,0.00356435510146,0.00178059041531
3837,1.00082778582,0.000827443393884,0.000413636125922
3838,1.00171608669,0.00171461589408,0.000856940563578
3839,1.00135598567,0.00135506715205,0.000677304101978
3840,1.00008824491,8.82410197834e-05,4.41195365963e-05
3841,1.00394879751,0.00394102147501,0.00196857055582
3842,1.00044948314,0.000449382150573,0.000224665834137
3843,1.00150621337,0.00150508016759,0.000752256996523
3844,1.00348735726,0.00348129053033,0.00173913122079
3845,1.00440159893,0.00439194022778,0.00219356073548
3846,1.00391073069,0.00390310366112,0.00194964879145
3847,1.00370095471,0.00369412303247,0.00184535674788
3848,0.999914624235,-8.53794096037e-05,-4.26906160202e-05
3849,1.00114517376,0.0011445185505,0.000572095566143
3850,1.00305082816,0.00304618383131,0.00152193259982
3851,1.00239816881,0.00239529778843,0.001196931999
3852,1.00110211846,0.0011015115714,0.000550604147571
3853,1.00308283553,0.00307809333246,0.00153786294126
3854,1.00474911025,0.00473786880401,0.00236613069128
3855,1.00053656735,0.000536423448673,0.000268175758788
3856,1.00335898882,0.00335336001434,0.00167527516452
3857,1.00495442296,0.00494219018918,0.00246804445243
3858,1.00448945157,0.00447940403973,0.00223719575874
3859,1.00254459586,0.0025413638613,0.0012698749562
3860,1.00055639304,0.000556238314748,0.000278080485826
3861,1.00176122097,0.00175967184003,0.000879448977881
3862,1.00543513147,0.00542041444174,0.00270653792488
3863,1.00108134939,0.00108076515247,0.000540236595869
3864,1.00232689388,0.00232419085825,0.00116142045772
3865,1.00062978505,0.000629586816114,0.000314743865811
3866,1.00335877876,0.00335315066137,0.00167517066338
3867,1.00113586226,0.00113521766099,0.000567447771075
3868,0.999816239303,-0.000183777582664,-9.18930132365e-05
3869,1.00499919776,0.00498674326496,0.00249026576333
3870,0.99746552729,-0.00253768992308,-0.00126965028588
3871,1.0031872221,0.00318215367887,0.00158981174772
3872,1.00267087218,0.00266731173556,0.00133276694401
3873,1.0015913388,0.00159007395744,0.00079472102056
3874,0.999375774299,-0.00062442061064,-0.00031225904803
3875,1.00223173792,0.00222925128965,0.0011140046804
3876,1.00380938544,0.00380214810976,0.00189926815816
3877,1.00382619424,0.00381889297776,0.00190762465568
3878,1.00306935267,0.00306465182813,0.00153115250214
3879,1.00151740076,0.00151625067165,0.000757838031422
3880,1.00000737709,7.37705973119e-06,3.68852306287e-06
3881,1.0036649121,0.00365821267306,0.00182743454099
3882,1.00131907891,0.00131820969123,0.000658887683729
3883,1.00259321696,0.00258986037005,0.00129409212471
3884,1.00184971408,0.00184800546778,0.000923575974817
3885,1.00434643431,0.00433701584895,0.00216615840979
3886,1.00289608407,0.00289189849569,0.00144490436691
3887,1.00325264719,0.00324736877138,0.00162236692334
3888,1.00105509623,0.00105454000381,0.000527131019507
3889,1.00288446713,0.00288031503592,0.00143912098877
3890,1.00117596234,0.00117527143751,0.000587463094702
3891,1.00344563838,0.00343971576488,0.00171837977437
3892,1.00212124206,0.00211899539808,0.00105893662952
3893,1.00075461381,0.000754329233741,0.000377093499237
3894,1.0031168971,0.00311204964787,0.00155481484498
3895,0.998015866357,-0.00198610464326,-0.000993545561342
3896,1.00126453619,0.00126373733831,0.000631669082189
3897,1.00279924571,0.00279533511552,0.00139669127535
3898,1.00119068842,0.00118998011242,0.000594813084728
3899,1.00086978785,0.000869409803338,0.000434610431183
3900,1.00262433033,0.00262089278862,0.00130958813438
3901,1.00369447571,0.00368766789546,0.00184213513019
3902,1.0031083849,0.00310356385944,0.00155057853869
3903,1.00454632179,0.00453601848155,0.0022654392511
3904,1.00088593195,0.000885539739062,0.000442671861418
3905,1.00212972086,0.00212745621846,0.00106316255104
3906,1.00264499227,0.00264150043329,0.00131987840993
3907,1.00002557267,2.55723396137e-05,1.27860880641e-05
3908,1.00325080411,0.00324553166832,0.00162144986162
3909,1.00173077543,0.00172927936841,0.000864265991025
3910,1.00177802867,0.00177644984659,0.000887830568304
3911,1.00172167123,0.00172019085581,0.000859725651854
3912,1.00315227891,0.00314732089506,0.00157242289317
3913,1.00451410845,0.00450395042135,0.00224944141687
3914,1.00069382171,0.000693581129591,0.000346730439898
3915,0.999261880149,-0.000738392395173,-0.000369264358891
3916,1.00418473083,0.00417599919988,0.00208582124517
3917,1.00069002304,0.000689785079707,0.000344833071259
3918,1.00324896305,0.00324369657182,0.00162053380071
3919,1.00182101684,0.0018193608024,0.000909266767419
3920,1.00290099171,0.00289679195791,0.00144734755974
3921,0.998707632214,-0.00129320361386,-0.000646810898943
3922,1.00283200958,0.00282800699644,0.0014130042663
3923,1.00271355829,0.00270988323801,0.00135402410005
3924,1.00398792712,0.00397999641741,0.00198801947504
3925,0.999048164604,-0.000952288679376,-0.000476257714398
3926,1.00121023672,0.00120950497389,0.000604569661014
3927,1.00219812213,0.00219570979701,0.00109725247629
3928,1.0005418421,0.000541695357817,0.000270811002987
3929,1.00055035716,0.000550205769723,0.000275065047533
3930,1.00161435194,0.00161305027021,0.000806199981131
3931,1.00358868445,0.0035822604909,0.00178952712894
3932,1.00166021592,0.00165883928827,0.000829075770741
3933,1.00384705095,0.00383966997411,0.00191799328264
3934,1.00269587444,0.0026922470923,0.00134521792825
3935,0.999176545323,-0.000823793902329,-0.000411981792362
3936,1.00148972295,0.0014886144131,0.000744030278653
3937,1.00265683288,0.00265330973982,0.00132577525237
3938,1.00009232043,9.23161700309e-05,4.61570197474e-05
3939,1.00173774666,0.00173623852082,0.000867742553899
3940,0.998322720043,-0.00167868816588,-0.00083969643076
3941,1.00269161829,0.00268800237109,0.00134309842043
3942,1.00296229573,0.00295791678199,0.001477865271
3943,0.998719322407,-0.0012814983615,-0.000640954504359
3944,1.00211832651,0.0021160860203,0.00105748348
3945,1.00212670457,0.00212444633061,0.00106165920598
3946,1.00184946551,0.00184775735043,0.000923452030711
3947,1.00064783408,0.000647624326509,0.000323759741755
3948,1.0042487132,0.0042397129043,0.00211761114332
3949,0.99882410285,-0.00117658905965,-0.000588467608993
3950,1.00123288148,0.0012321221104,0.000615871328553
3951,1.00417321052,0.00416452683138,0.00208009700916
3952,1.00403207582,0.00402396878486,0.00200996170859
3953,1.00389566502,0.00388809656824,0.00194215984619
3954,1.00153189518,0.00153072302733,0.000765068699249
3955,1.00443553718,0.00442572917747,0.00221041800887
3956,1.00129008597,0.00128925452588,0.000644419535426
3957,1.00491360958,0.00490157719831,0.00244778786866
3958,0.998532290183,-0.00146878795774,-0.000734663712155
3959,1.00408547544,0.00407715255042,0.00203649978986
3960,1.00434427516,0.00433486603333,0.00216508582982
3961,0.998622009869,-0.00137894043289,-0.000689707955672
3962,1.00298673269,0.00298228126443,0.00149002943441
3963,1.00205950871,0.00205739082614,0.00102816648732
3964,1.00325728019,0.00325198674927,0.0016246721636
3965,0.998086966748,-0.00191486543692,-0.000957891203475
3966,1.00253710419,0.0025338911711,0.00126614334882
3967,1.00195627753,0.00195436651276,0.000976705968301
3968,1.00111815368,0.00111752900735,0.000558608423862
3969,1.00203534142,0.00203327292386,0.00101611986216
3970,1.00426966464,0.00426057547989,0.00212802028741
3971,1.00077447549,0.000774175738962,0.000387012960637
3972,1.00100786008,0.00100735253019,0.0005035494415
3973,1.00119857817,0.00119786044637,0.00059875090028
3974,1.00302945296,0.00302487341582,0.0015112935519
3975,1.00454166871,0.00453138645128,0.00226312848009
3976,1.00362128995,0.00361474886149,0.00180574211313
3977,1.00341869972,0.0034128692486,0.00170497949255
3978,1.00228379433,0.00228119043282,0.00113994498493
3979,0.999793725614,-0.000206295663713,-0.000103153151777
3980,1.00600131559,0.00598337942271,0.00298721906706
3981,1.00273704302,0.00273330413755,0.00136571862511
3982,1.00403516736,0.00402704790849,0.00201149817477
3983,1.00386020487,0.00385277340241,0.00192453240923
3984,1.00359261585,0.00358617782553,0.00179148228926
3985,1.00193402083,0.0019321530228,0.000965610009726
3986,1.00379358475,0.00378640725698,0.00189141264891
3987,1.0048703884,0.00485856643099,0.00242633489494
3988,1.00083026914,0.000829924656938,0.00041487624351
3989,1.003773983,0.00376687939481,0.00188166713787
3990,1.00402830866,0.0040202167444,0.00200808945734
3991,1.00259157849,0.00258822613826,0.00129327606591
3992,1.00387562872,0.00386813781772,0.00193219980278
3993,1.00237770597,0.00237488370193,0.00118673712086
3994,1.00618527556,0.00616622525263,0.00307836471528
3995,1.00288905484,0.00288488954442,0.00144140494877
3996,1.00431802817,0.00430873223958,0.00215204713871
3997,1.002226989,0.00222451293676,0.00111163814042
3998,1.00031707847,0.000317028206433,0.00015850154052
3999,1.00574298229,0.00572655423669,0.00285918184998
4000,1.00233719259,0.00233446560477,0.00116655185115
4001,0.997522654671,-0.00248041902653,-0.00124097889111
4002,1.00062193799,0.000621744663727,0.000310824016067
4003,1.00335087503,0.0033452733584,0.00167123860207
4004,1.00233061659,0.0023279049162,0.00116327532818
4005,1.00241757994,0.00241466229463,0.00120660261629
4006,1.00126259158,0.00126179518243,0.000630698617174
4007,1.00670183384,0.00667947639092,0.00333416747316
4008,1.00081864606,0.000818311154414,0.000409071884479
4009,0.998021826885,-0.0019801322833,-0.000990556418921
4010,1.0011027673,0.001102159701,0.000550928033888
4011,1.00039165726,0.000391580578936,0.0001957711238
4012,1.003219665,0.00321449298047,0.0016059555613
4013,1.00072810947,0.000727844526318,0.000363856051485
4014,1.00149858343,0.00149746167436,0.000748450608189
4015,1.00352946728,0.00352325332949,0.00176007591124
4016,1.00301018351,0.0030056619837,0.00150170230683
4017,1.00156956419,0.00156833371271,0.000783859477874
4018,1.0001908605,0.000190842284324,9.54165897095e-05
4019,1.00401610408,0.00400806105633,0.00200202379972
4020,1.0014615049,0.0014604379362,0.000729952423112
4021,1.00190240019,0.00190059291894,0.000949845070787
4022,1.00045585699,0.000455753122943,0.00022785059958
4023,1.00128815453,0.00128732557411,0.000643455680601
4024,1.00367805287,0.00367130537029,0.00183396890519
4025,1.00231819376,0.00231551089288,0.00115708550617
4026,1.00404570768,0.00403754581092,0.00201673655398
4027,1.00251278545,0.00250963367913,0.00125402988611
4028,1.00219079457,0.00218839827769,0.00109360072125
4029,0.996335906565,-0.00367082266846,-0.00183709673259
4030,1.00054999342,0.000549842232761,0.000274883329033
4031,1.00426838712,0.00425930339988,0.00212738560071
4032,1.00074257525,0.000742299673042,0.000371080968941
4033,1.00190089219,0.00189908778176,0.000949093216735
4034,0.999970267321,-2.97331208863e-05,-1.4866670951e-05
4035,1.00068615982,0.000685924520385,0.000342903455359
4036,0.998922233906,-0.00107834730115,-0.000539319030817
4037,1.00321029819,0.0032051561825,0.00160129464868
4038,1.0039353955,0.00392767208813,0.00196190897975
4039,1.00042399383,0.000423903972997,0.000211929526263
4040,1.00156233155,0.00156111238071,0.00078025163562
4041,1.00225709765,0.00225455422827,0.00112664197597
4042,1.00251329945,0.00251014639398,0.00125428592202
4043,1.00180568481,0.00180405652307,0.000901621556336
4044,0.999984147764,-1.5852361831e-05,-7.92621232781e-06
4045,1.00107725076,0.00107667093839,0.000538190592657
4046,1.00167154438,0.00167014889977,0.000834725872252
4047,1.00204839879,0.00204630368182,0.00102262859953
4048,1.0042082245,0.00419939468553,0.00209749452032
4049,1.00308371404,0.00307896914203,0.00153830017251
4050,1.00020393046,0.000203909672918,0.000101949639241
4051,1.00252807374,0.00252488353689,0.00126164522407
4052,1.0021888221,0.00218643012326,0.00109261771974
4053,1.0024247309,0.00242179598718,0.00121016515244
4054,1.00168806473,0.0016866415531,0.000842965281522
4055,1.00023974507,0.000239716332452,0.000119850983523
4056,1.0020320328,0.00202997101671,0.00101447058479
4057,1.00349766184,0.00349155925117,0.00174425663873
4058,1.00242836994,0.00242542621742,0.00121197806933
4059,0.999290836154,-0.000709415421238,-0.000354770626837
4060,0.999840236147,-0.000159776616151,-7.98914992313e-05
4061,1.00526362472,0.00524982027035,0.00262146807093
4062,1.00171651342,0.00171504189538,0.000857153381673
4063,1.00298415304,0.00297970929451,0.00148874536478
4064,1.00260696845,0.00260357619731,0.00130094114009
4065,1.00273826539,0.00273452317119,0.00136632730932
4066,1.00263985765,0.00263637934735,0.0013173212433
4067,1.00280034926,0.00279643558221,0.00139724074004
4068,1.00104275068,0.00104220739485,0.000520967946472
4069,1.00355479002,0.00354848668779,0.00177267030463
4070,1.00272324574,0.00271954442333,0.00135884814032
4071,1.00318508088,0.00318001925632,0.00158874623254
4072,1.00076556706,0.000765274167432,0.000382563887483
4073,1.00062293474,0.000622740794837,0.000311321926687
4074,1.00307242054,0.00306771029988,0.00153267939535
4075,1.00307218753,0.00306747800487,0.00153256342586
4076,1.0023995286,0.00239665433166,0.00119760945854
4077,1.00293658213,0.00293227879882,0.00146506514211
4078,1.00313080945,0.00312591866775,0.00156173854903
4079,1.00345632512,0.00345036575709,0.00172369560596
4080,1.00209829555,0.00209609720411,0.00104749959093
4081,1.00316121868,0.00315623253662,0.00157687169761
4082,1.00604999161,0.00603176389046,0.00301133874168
4083,1.00378505076,0.0037779054756,0.00188716978939
4084,1.00076550912,0.000765216265415,0.00038253494755
4085,0.999291652731,-0.000708598265956,-0.000354361904329
4086,1.00343170191,0.00342582705705,0.00171144732942
4087,1.00236160219,0.00235881799439,0.00117871376775
4088,1.00224295872,0.00224044704402,0.00111959630587
4089,1.00303172097,0.00302713457381,0.00151242242162
4090,1.00077117711,0.000770879906136,0.000385365680632
4091,1.0008542042,0.000853839580022,0.000426828672724
4092,1.00165321216,0.00165184710476,0.000825582571404
4093,1.00309498797,0.00309020835719,0.00154391111968
4094,1.00328495619,0.00327957250533,0.00163844253776
4095,1.00584813997,0.00583110597816,0.00291130689204
4096,1.00305964894,0.00305497774189,0.00152632285359
4097,1.00194589202,0.00194400122504,0.000971528372945
4098,1.00341660483,0.00341078149413,0.00170393739456
4099,0.99979030218,-0.0002097198098,-0.000104865402892
4100,1.00306723461,0.00306254024733,0.00153009832776
4101,1.00027337023,0.000273332873473,0.000136657098305
4102,1.00112983885,0.00112920106165,0.000564441173939
4103,1.00225957339,0.00225702439623,0.00112787566769
4104,1.00196300857,0.00196108438512,0.000980061618152
4105,1.00103868254,0.00103814347824,0.000518937044691
4106,1.0027201463,0.00271645339564,0.0013573047254
4107,1.00121209643,0.00121136243225,0.000605497828286
4108,1.00108709916,0.00108650869749,0.000543106812821
4109,1.00280024792,0.00279633452915,0.0013971902841
4110,1.0022635343,0.0022609763615,0.00112984941971
4111,1.00377857426,0.00377145337986,0.00188394982443
4112,1.00694637539,0.00692236047507,0.00345519725793
4113,1.00221065538,0.00220821547461,0.00110349843462
4114,1.00096653968,0.000966072883661,0.00048291979851
4115,1.00190423858,0.00190242781601,0.000950761647463
4116,1.00125810833,0.00125731757512,0.000628461223027
4117,1.00524326248,0.00522956443679,0.00261136665301
4118,1.00084158404,0.000841230110841,0.000420526609309
4119,0.998569558343,-0.00143146571534,-0.000715989055551
4120,1.00247670834,0.00247364635075,0.00123605862483
4121,1.00207284758,0.00207070219253,0.00103481530525
4122,1.00235334843,0.00235058363779,0.00117460143396
4123,1.00127024009,0.00126943401452,0.000634515617033
4124,1.00230523099,0.00230257802197,0.00115062653205
4125,1.00180674717,0.00180511696086,0.000902151297037
4126,0.998964044093,-0.00103649288067,-0.000518380753225
4127,0.998975338786,-0.00102518653789,-0.000512724667325
4128,1.00039780248,0.000397723374034,0.000198841915342
4129,1.00142005736,0.00141905003197,0.000709273362632
4130,1.00335026976,0.00334467010666,0.00167093748025
4131,1.00178587893,0.00178428614577,0.000891745231572
4132,1.00258992144,0.00258657337085,0.00129245075061
4133,1.00309952275,0.00309472913609,0.00154616801674
4134,1.00215801794,0.00215569276867,0.00107726571656
4135,1.00372100911,0.00371410328383,0.0018553283884
4136,1.0006143196,0.000614130979924,0.00030701835018
4137,1.000926171,0.000925742370444,0.000462764076881
4138,0.998761629409,-0.00123913800593,-0.000619760975485
4139,1.00091210606,0.000911690339447,0.000455741288099
4140,1.00174139418,0.00173987971249,0.000869561568273
4141,1.00325793032,0.00325263476162,0.00162499564332
4142,1.00091686742,0.000916447351212,0.000458118707171
4143,1.00366096097,0.00365427596131,0.00182546978022
4144,1.00157343542,0.00157219886948,0.000785790539523
4145,1.00329543161,0.00329001357825,0.00164365450706
4146,1.00097945702,0.000978977660903,0.000489369050338
4147,1.00130840633,0.00130755111461,0.000653561892628
4148,1.00414471451,0.0041361488419,0.00206593742845
4149,0.998534788235,-0.00146628623705,-0.000733411933633
4150,1.0011845373,0.00118383629187,0.00059174299695
4151,1.00243919448,0.00243622447359,0.00121737063923
4152,1.00311167538,0.00310684413519,0.00155221613206
4153,1.00188770186,0.00188592239303,0.000942516748318
4154,1.00597720744,0.00595941480147,0.00297527247865
4155,1.00214127975,0.0021389904762,0.0010689235319
4156,1.00376762738,0.00376054764912,0.00187850721714
4157,1.00158047068,0.00157922305089,0.0007892998643
4158,1.00039614178,0.000396063341544,0.000198012063795
4159,0.998971014379,-0.00102951539015,-0.000514890205555
4160,1.00371079656,0.00370392853753,0.00185025044109
4161,1.00131290254,0.00131204143873,0.000655805584822
4162,1.00166568461,0.00166429889274,0.000831803306041
4163,1.0017073067,0.00170585091338,0.000852561819167
4164,1.00344573921,0.00343981624944,0.00171842993032
4165,1.00342012363,0.00341428830483,0.00170568781068
4166,1.00210883974,0.00210661925437,0.00105275509132
4167,0.99867083863,-0.0013300454883,-0.000665243920801
4168,1.00007175373,7.17511567362e-05,3.58749348474e-05
4169,1.00290105875,0.00289685880384,0.00144738093433
4170,1.00055457563,0.000554421905037,0.000277172533113
4171,1.002800038,0.00279612519983,0.00139708576568
4172,1.00232221639,0.00231952421517,0.00115908984343
4173,0.999641154628,-0.000358909772482,-0.000179470989232
4174,1.00259254991,0.00258919504819,0.00129375989422
4175,1.00252240781,0.00251923188196,0.00125882295781
4176,1.00240232232,0.00239944136049,0.0011990013031
4177,0.999719437816,-0.000280601548963,-0.000140310617096
4178,1.00353326183,0.00352703452882,0.00176196318152
4179,1.00101426774,0.00101375371737,0.000506748418313
4180,1.00186549272,0.00186375485096,0.000931443362552
4181,1.0039459809,0.00393821594002,0.00196717054878
4182,1.00342895648,0.00342309101145,0.00171008164699
4183,0.998501981467,-0.00149914168449,-0.000749851840675
4184,1.00061403978,0.00061385133272,0.000306878569496
4185,0.999580489325,-0.00041959869413,-0.000209821356487
4186,1.00572421066,0.00570788962448,0.00284987618321
4187,1.0036245097,0.00361795698991,0.00180734327953
4188,1.00271306803,0.00270939430159,0.00135377996283
4189,1.00220471706,0.00220229024218,0.00110053908327
4190,1.00074787811,0.000747598592117,0.000373729441805
4191,1.00046277822,0.000462671169563,0.000231308828768
4192,1.00325902648,0.00325372736148,0.00162554105536
4193,1.00401234509,0.0040043170984,0.00200015556676
4194,1.00242979811,0.00242685092043,0.00121268955723
4195,0.998769613704,-0.00123114384281,-0.000615761424681
4196,1.00472432733,0.00471320272227,0.00235382675612
4197,0.998165229785,-0.00183645546803,-0.000918649434162
4198,0.99969868414,-0.00030136126447,-0.000150691985132
4199,1.00229036419,0.00228774530063,0.00114321867737
4200,1.00162670456,0.00162538291291,0.000812361312195
4201,1.00319024287,0.00318516484379,0.00159131493546
4202,1.00111031535,0.00110969940454,0.00055469580164
4203,1.00162077125,0.00161945921394,0.000809401864421
4204,1.00087631669,0.000875932948658,0.000437870581013
4205,1.00140890269,0.00140791112114,0.000703707841986
4206,1.00499310186,0.00498067766748,0.00248724051248
4207,1.00289288013,0.00288870380221,0.00144330932691
4208,1.00163770038,0.00163636081354,0.000817845788446
4209,0.999855027063,-0.000144983446266,-7.24943507213e-05
4210,1.0034721247,0.00346611078742,0.00173155452037
4211,0.999936556313,-6.34456991678e-05,-3.17233527589e-05
4212,0.999682597431,-0.000317452951834,-0.00015873907363
4213,1.00407866867,0.00407037345147,0.00203311713747
4214,1.00283849765,0.00283447672698,0.00141623455547
4215,1.0013546639,0.00135374717009,0.000676644557798
4216,0.998365079762,-0.0016362581784,-0.000818463848087
4217,1.00086517293,0.000864798881715,0.000432305969692
4218,1.00271417031,0.00271049359642,0.00135432886599
4219,1.00188898274,0.00188720085782,0.000943155378022
4220,1.00313086026,0.00312596931986,0.00156176383553
4221,1.00255643868,0.00255317655117,0.0012757737834
4222,1.00315401598,0.00314905250059,0.00157328733416
4223,1.00139140687,0.00139043976476,0.000694978273031
4224,1.00411092386,0.00410249709999,0.00204914617743
4225,1.00169497288,0.00169353803649,0.000846410610528
4226,1.00290404209,0.00289983350989,0.00144886613348
4227,1.00401063324,0.00400261209066,0.00199930476766
4228,1.00259016345,0.00258681476167,0.00129257129002
4229,1.00218371698,0.00218133613572,0.00109007350562
4230,1.00255984239,0.0025565715721,0.00127746912678
4231,1.00562816871,0.00561238974663,0.0028022611889
4232,1.00211522649,0.00211299254844,0.00105593837852
4233,1.00201871171,0.00201667684908,0.00100783022218
4234,1.00242195193,0.00241902372835,0.00120878069951
4235,1.00142069865,0.00141969041075,0.000709593324868
4236,0.999190971781,-0.000809355659242,-0.00040475972274
4237,1.00464519358,0.00463443796041,0.00231453630082
4238,1.00028766302,0.000287621655319,0.000143800487378
4239,1.00134736617,0.00134645928552,0.00067300307453
4240,1.00060078904,0.000600608641387,0.000300259233864
4241,1.00292259496,0.00291833248626,0.00145810217768
4242,1.00181701982,0.00181537104036,0.000907273698288
4243,0.999778103093,-0.00022192152938,-0.000110966921063
4244,1.00058030948,0.000580141165907,0.000290028516549
4245,1.00474811893,0.00473688217249,0.00236563854264
4246,1.00201396429,0.00201193898537,0.001005463675
4247,1.00286806051,0.00286395546794,0.00143095294307
4248,1.00324369861,0.00323844917197,0.00161791434914
4249,1.00636271982,0.00634256317191,0.0031662583839
4250,1.00257088424,0.00256758516535,0.00128296887351
4251,1.00050651973,0.000506391492771,0.000253163695048
4252,1.00115632195,0.00115565392426,0.000577660052283
4253,1.00732027216,0.00729360901404,0.00364016299136
4254,1.00155392821,0.00155272211138,0.000776059765423
4255,1.00044781764,0.000447717397305,0.000223833644164
4256,1.00048624475,0.000486126570786,0.000243033747906
4257,0.999187667371,-0.000812662749554,-0.000406413938552
4258,1.00181025205,0.00180861552185,0.000903898997885
4259,1.00243162134,0.00242866973084,0.00121359785919
4260,1.00217969963,0.00217732753288,0.00108807138703
4261,1.00066274253,0.000662523014903,0.000331206646416
4262,1.00318297221,0.00317791727676,0.00158769691197
4263,1.00301530958,0.00301077265205,0.0015042538004
4264,0.999341207509,-0.000659009590243,-0.00032955908779
4265,1.00018962532,0.000189607347054,9.47991798009e-05
4266,1.00366415674,0.00365746007546,0.00182705892978
4267,1.00309823324,0.00309344360944,0.00154552624703
4268,0.999211169166,-0.000789142124298,-0.00039464891555
4269,1.0021504216,0.00214811275363,0.00107347978471
4270,1.00240478559,0.0024018987226,0.00120022851021
4271,1.00177628515,0.00177470942303,0.00088696112875
4272,1.00330139737,0.00329595972234,0.00164662268799
4273,1.00049475237,0.000494630017103,0.000247284428716
4274,1.00116810481,0.00116742310578,0.000583541226441
4275,1.00194737372,0.00194548004632,0.000972267064953
4276,1.00418504867,0.00417631571277,0.00208597917151
4277,1.00127245336,0.00127164447887,0.00063562014731
4278,1.00019272422,0.000192705647736,9.63481820836e-05
4279,1.00290373254,0.00289952485169,0.00144871202797
4280,1.00023909267,0.000239064096813,0.000119524904736
4281,0.999122776579,-0.000877608406503,-0.000438900491899
4282,1.0032177765,0.00321261053977,0.00160501585207
4283,1.00069953263,0.000699288073669,0.000349582918482
4284,1.0017772513,0.00177567386197,0.000887442920392
4285,1.00373855846,0.00373158742243,0.00186405420015
4286,0.999842248954,-0.000157763489993,-7.8884856243e-05
4287,1.00185227201,0.00185055866664,0.000924851394394
4288,1.00293768886,0.00293338228521,0.00146561607681
4289,1.00149719301,0.00149607333399,0.000747756957318
4290,1.00042910187,0.000429009827401,0.000214481909166
4291,1.00064077994,0.000640574728103,0.00032023607753
4292,1.00472577578,0.00471464435548,0.00235454587579
4293,1.00237232229,0.00236951277373,0.0011840548401
4294,1.0023798315,0.00237700418834,0.00118779610527
4295,1.00246711496,0.00246407662746,0.00123127966612
4296,1.00433121223,0.00432185952241,0.00215859663337
4297,1.00355418875,0.00354788754284,0.00177237126315
4298,1.00198836685,0.00198639266273,0.000992703275135
4299,1.0003197118,0.000319660702931,0.000159817579275
4300,0.99940588531,-0.000594291245696,-0.000297189774982
4301,1.00047942782,0.000479312927098,0.000239627748233
4302,0.998843270193,-0.00115739933529,-0.000578867146604
4303,1.00333696679,0.00333141147012,0.00166431921721
4304,1.00123188996,0.00123113180517,0.000615376480765
4305,1.00668837144,0.00666610352047,0.00332750330935
4306,1.00073545651,0.000735186191354,0.000367525541613
4307,1.0050094485,0.00499694295806,0.00249535289693
4308,1.00150766044,0.00150652505747,0.000752978897736
4309,1.00538433733,0.00536989361283,0.00268134556051
4310,1.00368772114,0.00368093816816,0.00183877645942
4311,1.00127180487,0.00127099681175,0.000635296519534
4312,1.00196864621,0.00196671096784,0.000982872148361
4313,1.00098516137,0.000984676412607,0.000492217027736
4314,1.00286291007,0.00285881974541,0.001428388753
4315,1.00254993973,0.00254669415037,0.00127253671279
4316,1.00314322742,0.00313829780844,0.00156791843376
4317,1.00017979219,0.000179776027486,8.98839739366e-05
4318,1.00421158964,0.00420274572198,0.00209916652276
4319,1.00053221256,0.000532070984445,0.000266000107919
4320,1.00273367691,0.00272994721227,0.00136404245338
4321,0.999549061024,-0.000451040679923,-0.000225545771585
4322,0.999764083829,-0.000235944003597,-0.000117978960769
4323,1.00352721459,0.00352100855607,0.00175895549939
4324,1.00116094043,0.00116026706246,0.000579965286307
4325,1.00246684468,0.00246380700949,0.00123114502312
4326,1.00227046719,0.00226789357361,0.00113330411209
4327,0.998621045128,-0.00137990650563,-0.000690191325311
4328,1.00295591649,0.00295155636113,0.00147468975544
4329,1.00100502613,0.00100452142803,0.000502134602217
4330,0.998300100118,-0.00170134635148,-0.000851035100786
4331,1.00266683083,0.00266328114467,0.00133075433246
4332,0.999116599254,-0.000883791174711,-0.000441993237594
4333,1.00098371967,0.000983236139113,0.000491497245194
4334,1.00329215051,0.00328674324196,0.00164202202524
4335,1.00432677701,0.00431744342443,0.00215639334823
4336,1.00453238482,0.00452214449177,0.00225851794755
4337,1.00095410155,0.00095364668551,0.000476709680571
4338,1.00141911369,0.00141810769661,0.000708802529027
4339,1.00164776553,0.00164640945527,0.00082286598758
4340,1.0039439761,0.00393621901766,0.00196617405125
4341,1.00174409696,0.00174257778741,0.000870909431752
4342,1.00356780961,0.00356146007781,0.00177914547986
4343,1.00324864657,0.0032433811216,0.00162037633118
4344,1.00053171019,0.000531568884092,0.00026574912449
4345,1.00045799953,0.000457894679659,0.000228921133387
4346,1.00051363605,0.000513504184907,0.000256719134456
4347,1.00079286567,0.000792551522452,0.000396197254357
4348,1.00372946835,0.00372253112365,0.00185953448125
4349,1.00165406371,0.00165269725507,0.000826007295536
4350,1.0014575387,0.0014564775253,0.00072797366116
4351,1.00157638267,0.0015751414873,0.000787260691213
4352,1.0026793104,0.00267572744498,0.00133696918179
4353,0.999916306696,-8.36968067847e-05,-4.1849279049e-05
4354,1.00401592762,0.00400788530353,0.00200193609925
4355,1.00158324585,0.0015819938373,0.000790684163057
4356,1.00072148191,0.000721221771581,0.0003605458735
4357,1.00090678339,0.000906372514649,0.000453083583943
4358,1.00116533699,0.00116465851128,0.000582159734865
4359,1.0046244499,0.0046137899819,0.00230423615365
4360,1.00172648646,0.00172499779722,0.00086212705335
4361,1.00345138423,0.00344544187419,0.00172123790512
4362,1.00262328498,0.00261985017444,0.00130906750985
4363,1.00133441251,0.00133352297204,0.000666539249977
4364,1.00340010964,0.00339434233281,0.00169573178583
4365,1.00121667104,0.00121593150009,0.000607780976318
4366,0.999442085727,-0.000558069964616,-0.00027907391619
4367,1.00590098326,0.00588364064961,0.00293749741151
4368,1.00347806403,0.00347202955063,0.00173450877327
4369,1.00075851881,0.000758231280095,0.000379043784794
4370,1.00431821931,0.00430892255278,0.00215214209053
4371,1.00215876984,0.0021564430434,0.00107764044974
4372,1.00024805049,0.00024801973149,0.000124002176839
4373,1.00063642674,0.000636224308938,0.000318061562162
4374,1.00004832424,4.83230694332e-05,2.4161242829e-05
4375,1.00020186998,0.000201849606695,0.000100919710611
4376,1.00293284325,0.00292855085647,0.00146320390004
4377,1.00131398113,0.001313118612,0.000656343818103
4378,1.00218893208,0.00218653985403,0.00109267252518
4379,0.998213413352,-0.00178818449727,-0.000894492068261
4380,1.00281440513,0.00281045211116,0.00140423918776
4381,1.00038377479,0.000383701172186,0.000191832183946
4382,1.00176811423,0.00176655295251,0.000882886502416
4383,1.00276362153,0.00275980974705,0.00137895324257
4384,1.00166944859,0.00166805661115,0.000833680600638
4385,1.00113044301,0.00112980453574,0.000564742740622
4386,1.00188042694,0.00187866115023,0.000938889542255
4387,1.00037878631,0.000378714590954,0.000189339368516
4388,1.00252907468,0.0025258819546,0.00126214380297
4389,1.00095771337,0.000957255056471,0.000478513004353
4390,0.99956623338,-0.00043386072444,-0.000216953893313
4391,1.00141281605,0.00141181896723,0.000705660388132
4392,0.999343679352,-0.000656536121132,-0.000328321946422
4393,1.00111230402,0.00111168587301,0.000555688484438
4394,1.00066012183,0.000659904044611,0.000329897594123
4395,1.00135667966,0.00135576019951,0.000677650390948
4396,1.00142909226,0.00142807207671,0.000713781175285
4397,0.999189790611,-0.000810537785659,-0.000405351025362
4398,1.00497241348,0.00496009186283,0.00247697315824
4399,1.0009220848,0.000921659945099,0.000460723806726
4400,1.00138474105,0.00138378318373,0.00069165229007
4401,1.00597147004,0.00595371147858,0.00297242929762
4402,1.00482738086,0.00481576642122,0.00240498658521
4403,1.00425759836,0.00424856043398,0.00212202553058
4404,1.00390806754,0.0039004508866,0.0019483249893
4405,1.00056431367,0.000564154502887,0.000282037471396
4406,1.00176396677,0.00176241280498,0.000880818254151
4407,1.00564082335,0.00562497347964,0.00280853540422
4408,1.00023367381,0.000233646507965,0.000116816430412
4409,1.00379784392,0.0037906503223,0.00189353016663
4410,1.00399891726,0.00399094283872,0.0019934817899
4411,1.00289226796,0.00288809339819,0.00144300456535
4412,1.00270736965,0.00270371132346,0.00135094231648
4413,1.00265555344,0.00265203368449,0.00132513807037
4414,0.999821899665,-0.00017811619654,-8.90620640601e-05
4415,1.00552034774,0.00550516646146,0.00274879834704
4416,1.00105116556,0.00105061347319,0.000525168787169
4417,1.0038625055,0.00385506517973,0.00192567609193
4418,1.00055227585,0.000552123403564,0.000276023600256
4419,1.00201788529,0.00201585208991,0.00100741825812
4420,1.00228497587,0.00228236928635,0.00114053373961
4421,1.00110377475,0.00110316603641,0.000551430924258
4422,0.999943743722,-5.62578601945e-05,-2.81293257194e-05
4423,0.999879421066,-0.000120586203738,-6.02949195345e-05
4424,1.0032403022,0.00323506373417,0.00161622436748
4425,1.00613037285,0.00611165856283,0.00305116498742
4426,0.999510329413,-0.000489790515211,-0.000244925246897
4427,1.00405964392,0.00405142579666,0.00202366252668
4428,1.00211122268,0.00210899718268,0.00105394280308
4429,1.00155716469,0.00155595357014,0.000777674239594
4430,1.00022222609,0.000222201399734,0.000111094528413
4431,1.00283899306,0.00283497072639,0.00141648120533
4432,1.00184291151,0.00184121542845,0.000920184084954
4433,1.0047584332,0.00474714764431,0.00237075912321
4434,1.00056660331,0.000566442849264,0.000283181321231
4435,0.999994599074,-5.4009409704e-06,-2.70047413142e-06
4436,0.999805845322,-0.000194173528925,-9.70914775347e-05
4437,1.00391796762,0.00391031237721,0.00195324611577
4438,1.0014329891,0.00143196334794,0.00071572542025
4439,1.00082305402,0.000822715498094,0.000411273153048
4440,0.99890420998,-0.00109639083683,-0.000548345704982
4441,1.00168421892,0.00168280221033,0.000841047226511
4442,1.00112839132,0.00112775516999,0.000563718635907
4443,1.00066841522,0.000668191932373,0.000334040162344
4444,0.998582768214,-0.00141823700878,-0.000709369988358
4445,1.00236756373,0.002364765466,0.00118168399396
4446,1.00222546793,0.00222299524607,0.00111088013835
4447,1.00398257957,0.00397467009281,0.00198536160362
4448,1.00257016548,0.00256686824845,0.00128261087488
4449,0.999742950633,-0.000257082409554,-0.000128549466552
4450,1.00178042295,0.00177883987216,0.000889024519407
4451,1.00337211063,0.00336643781525,0.00168180308917
4452,1.00439292378,0.00438330305149,0.00218925161112
4453,1.00252585795,0.00252267333204,0.00126054151528
4454,0.998240681883,-0.00176086753466,-0.000880821462909
4455,1.00372731711,0.00372038787479,0.00185846484897
4456,1.00314170326,0.00313677842651,0.00156715993364
4457,1.00265069928,0.00264719237608,0.00132272062095
4458,1.00344627006,0.00344034528295,0.00171869399248
4459,1.00151813961,0.00151698839873,0.000758206615355
4460,1.00129356809,0.00129273215164,0.000646157226269
4461,1.0034183986,0.00341256915219,0.00170482970016
4462,1.00158465166,0.00158339742392,0.000791385401221
4463,1.0002105702,0.000210548035094,0.000105268476432
4464,1.0035382171,0.00353197233972,0.00176442773381
4465,1.00033762657,0.000337569582859,0.000168770548078
4466,1.00361678162,0.0036102567932,0.00180350013223
4467,1.0018559059,0.00185418583938,0.000926663301826
4468,1.00044275956,0.000442661574719,0.000221306295508
4469,1.00089567903,0.000895278153072,0.000447538901112
4470,1.00129389986,0.00129306349591,0.00064632279134
4471,1.00343239761,0.0034265203792,0.00171179339715
4472,1.00313250242,0.00312760635484,0.00156258107436
4473,1.00116268163,0.00116200624171,0.000580834371223
4474,1.00196816588,0.00196623158196,0.00098263269098
4475,1.00087695916,0.000876574859102,0.000438191395646
4476,1.00169245069,0.00169102011228,0.000845152713233
4477,1.00320291678,0.003197798368,0.00159762162569
4478,0.999490543435,-0.000509586382336,-0.00025482565371
4479,1.00107581973,0.00107524145533,0.000537476235535
4480,0.998794831041,-0.00120589575952,-0.000603129689374
4481,1.00211693634,0.00211469879155,0.00105679059887
4482,0.999646978293,-0.000353084033542,-0.00017655760123
4483,1.0043429907,0.00433358713014,0.00216444776249
4484,1.00248280974,0.00247973266325,0.00123909801493
4485,0.99908913464,-0.000911280450165,-0.000455744044857
4486,1.00075571679,0.000755431378214,0.000377644363517
4487,1.00253866172,0.00253544476364,0.00126691916125
4488,1.00158183825,0.00158058846499,0.000789982032256
4489,1.00228469325,0.00228208730452,0.00114039290948
4490,1.00291404743,0.00290980982369,0.00145384705078
4491,0.998914635672,-0.0010859537627,-0.000543124319981
4492,1.00114429271,0.00114363850191,0.000571655793487
4493,1.00343006195,0.00342419270919,0.00171063155371
4494,1.00274092048,0.00273717100637,0.00136764941713
4495,1.00094951076,0.000949060260391,0.00047441755858
4496,1.0005305013,0.000530360636298,0.000265145160956
4497,1.00034361604,0.000343557016982,0.000171763755408
4498,1.00299267195,0.00298820282102,0.00149298579668
4499,1.00332485133,0.00331933623369,0.00165829162932
4500,1.00222486808,0.00222239672985,0.00111058121263
4501,0.998961617703,-0.00103892178929,-0.00051959583782
4502,1.00089601241,0.000895611229627,0.000447705364844
4503,1.00161802828,0.00161672068682,0.000808033708204
4504,1.0016302032,0.00162887585697,0.000814106363935
4505,1.00333576296,0.00333021164218,0.00166372030151
4506,1.00167968295,0.00167827386033,0.000838784953233
4507,1.0007110235,0.000710770840879,0.000355322278521
4508,1.00229447485,0.00229184656246,0.00114526696187
4509,1.00009442958,9.44251232973e-05,4.72114471531e-05
4510,1.00011668199,0.000116675179964,5.8335888378e-05
4511,1.00060438859,0.00060420602167,0.000302057382315
4512,1.0001510398,0.00015102839603,7.55113468899e-05
4513,1.00114463534,0.00114398074752,0.000571826818451
4514,1.00225386844,0.00225133228696,0.001125032819
4515,1.0044208377,0.0044110945039,0.00220311681975
4516,1.002979859,0.00297542802481,0.0014866079145
4517,1.0052863641,0.0052724403283,0.00263274838723
4518,1.00072645912,0.000726195376448,0.000363031776236
4519,1.00134472281,0.00134381948361,0.000671684061003
4520,1.00281370048,0.00280974943723,0.00140388834409
4521,1.00533466149,0.00532048258567,0.00265670598658
4522,1.00020372343,0.000203702685855,0.000101846156256
4523,1.00236584588,0.00236305167191,0.00118082810913
4524,1.00070019246,0.000699947439768,0.000349912486225
4525,1.0024082001,0.00240530503061,0.0012019296186
4526,0.999714752097,-0.000285288593507,-0.000142654470935
4527,0.998689401498,-0.0013114580874,-0.000655944080991
4528,1.00646194261,0.00644115376905,0.00321539638968
4529,0.99833410425,-0.00166728489713,-0.000833990025008
4530,1.0032111143,0.00320596968065,0.00160170074634
4531,1.00192914808,0.00192728965861,0.000963180672731
4532,0.998810892827,-0.00118981472184,-0.000595084353402
4533,1.00221232504,0.00220988144866,0.0011043305021
4534,1.00493465199,0.00492251649943,0.00245823183706
4535,1.00139511103,0.0013941387697,0.000696826488427
4536,1.00405774637,0.00404953592434,0.0020227195023
4537,1.00431465037,0.00430536895021,0.0021503691116
4538,1.00037001624,0.000369947804092,0.000184956795429
4539,1.00165524195,0.00165387354638,0.000826594955205
4540,1.00617048568,0.00615152618342,0.0030710377783
4541,1.00535271972,0.00533844483287,0.00266566320975
4542,1.003636678,0.00363008127205,0.00181339444589
4543,0.999767211866,-0.000232815232977,-0.000116414392118
4544,1.00548579713,0.00547080495164,0.00273166467138
4545,1.00446097993,0.00445105925074,0.00222305497046
4546,1.00229945656,0.00229681685478,0.00114774925879
4547,1.0022391438,0.00223664065168,0.0011176952387
4548,1.00172964453,0.0017281504224,0.000863702005714
4549,1.00266435538,0.00266081228179,0.00132952154298
4550,1.00054482952,0.000544681155942,0.000272303496642
4551,1.0002512188,0.000251187252313,0.000125585739607
4552,1.00138983956,0.00138887462719,0.000694196247807
4553,1.0025057437,0.0025026095562,0.00125052222271
4554,1.00174608098,0.00174455835715,0.000871898853683
4555,1.0021026103,0.00210040290988,0.00104965018639
4556,1.00297513698,0.00297072001513,0.00148425740638
4557,1.0035666309,0.0035602855575,0.00177855926436
4558,0.99859102026,-0.00140997328553,-0.000705235204254
4559,1.00436882597,0.00435931035411,0.00217728145366
4560,1.00466766285,0.00465680309082,0.0023256929212
4561,1.00207703969,0.00207488562164,0.00103690485308
4562,1.00318118256,0.00317613330224,0.00158680634052
4563,1.00022113891,0.000221114461398,0.000110551119474
4564,1.00376121813,0.00375416243586,0.00187532060276
4565,1.00451372521,0.00450356890707,0.00224925108881
4566,1.00345085309,0.00344491256162,0.00172097370434
4567,1.00239080165,0.00238794822904,0.00119326161102
4568,1.00377579297,0.00376868255339,0.00188256702028
4569,1.00192658532,0.00192473183771,0.000961902993289
4570,0.998998257487,-0.00100224459278,-0.000501247879146
4571,1.00051279276,0.000512661327884,0.000256297814044
4572,0.999892261915,-0.000107743889448,-5.38733958435e-05
4573,1.0043438887,0.0043344812489,0.00216489385413
4574,1.00072583453,0.000725571244161,0.000362719823334
4575,1.00464753335,0.00463676691246,0.00231569808095
4576,1.00116382042,0.00116314370802,0.000581402773876
4577,1.00194402142,0.00194213425982,0.000970595796803
4578,1.00123652867,0.00123576479797,0.000617691548963
4579,1.00402978409,0.0040216862572,0.00200882273801
4580,1.0017925793,0.00179097454979,0.000895086445822
4581,1.00541973787,0.00540510393774,0.00269890336289
4582,1.00318788213,0.00318281160521,0.00159014018785
4583,1.00139549912,0.00139452631515,0.000697020126107
4584,1.00178556328,0.00178397105736,0.000891587827846
4585,1.00150065333,0.00149952847758,0.000749483235817
4586,1.00426750534,0.00425842536606,0.00212694751766
4587,1.0044748048,0.00446482263111,0.00222992133864
4588,1.00342535293,0.00341949976717,0.0017082890939
4589,1.00285263845,0.00284857739864,0.00142327488155
4590,1.00359077217,0.00358434074305,0.00179056539315
4591,1.00302829866,0.00302372259703,0.00151071901195
4592,1.00062588604,0.000625690256984,0.000312796197557
4593,1.00196805011,0.00196611603408,0.000982574973809
4594,1.00475689309,0.00474561482754,0.00236999453151
4595,1.00231790083,0.00231521864121,0.0011569395494
4596,1.00010755706,0.000107551272445,5.37741903388e-05
4597,1.00300164278,0.002997146844,0.00149745112154
4598,1.00176912005,0.00176755700294,0.000883388084272
4599,1.00001206311,1.20630374014e-05,6.03150051115e-06
4600,0.997552390572,-0.00245060972107,-0.00122605585324
4601,1.00376076383,0.00375370983817,0.00187509472827
4602,1.00099283136,0.00099233882527,0.000496046340948
4603,1.00043016904,0.000430076544106,0.000215015152981
4604,1.00509907845,0.00508612217072,0.00253983024484
4605,1.00136521199,0.00136428093307,0.000681907861621
4606,1.00245782014,0.00245480464468,0.0012266493722
4607,1.00349361335,0.00348752485489,0.00174224295707
4608,1.00203734257,0.0020352699995,0.00101711738485
4609,1.00215770171,0.0021553772128,0.00107710810858
4610,1.00031030629,0.000310258157677,0.000155117046945
4611,1.00206018598,0.00205806671173,0.0010285040826
4612,1.00371228009,0.00370540658796,0.00185098809865
4613,1.0036134264,0.00360691365484,0.00180183157632
4614,1.00290764384,0.00290342482226,0.00145065918639
4615,1.00136798534,0.00136705050101,0.000683291700335
4616,1.00446358367,0.00445365142133,0.00222434817365
4617,1.00171270125,0.00171123625381,0.000855252190089
4618,1.00339029291,0.00338455882656,0.00169084831586
4619,0.999856536994,-0.000143473298262,-7.17392222662e-05
4620,1.00512725399,0.00511415437912,0.00255381065254
4621,1.00450095375,0.0044908547511,0.00224290828933
4622,1.00286165178,0.00285756505372,0.00142776230305
4623,0.999999354247,-6.45753400862e-07,-3.22876752668e-07
4624,0.997035319008,-0.00296908436421,-0.00148564466034
4625,1.00369871495,0.00369189152411,0.00184424305204
4626,1.00609398568,0.00607549244122,0.00303313693802
4627,0.998603543876,-0.00139743207724,-0.000698960197533
4628,1.00119619853,0.00119548365826,0.000597563217072
4629,0.999807407632,-0.000192610915954,-9.63100954963e-05
4630,1.00573788198,0.00572148304007,0.0028566534982
4631,1.00207707954,0.0020749253886,0.00103692471594
4632,1.00294775354,0.00294341743712,0.00147062628636
4633,1.00158293259,0.00158168106976,0.000790527902925
4634,1.00264768632,0.00264418737638,0.00132122010736
4635,1.00102766661,0.00102713892401,0.000513437607782
4636,1.00001574035,1.57402258454e-05,7.87008195335e-06
4637,1.00108587256,0.00108528342921,0.000542494511216
4638,1.00224475306,0.00224223736111,0.0011204904618
4639,1.0058080122,0.00579121072578,0.00289141714113
4640,1.00236386653,0.00236107699604,0.00117984193658
4641,1.00313880111,0.00313388535877,0.00156571566567
4642,1.00088945034,0.000889055009577,0.000444428717076
4643,1.00138072056,0.00137976824012,0.000689646204725
4644,1.00277711238,0.00277326332578,0.00138567073341
4645,1.00221487583,0.00221242661145,0.00110560167734
4646,1.00212585269,0.0021235962577,0.00106123462068
4647,1.0015534181,0.00155221279676,0.000775805305708
4648,0.998817080108,-0.00118362009356,-0.000591985200898
4649,0.999820467368,-0.000179548749689,-8.97784046845e-05
4650,1.0003858352,0.000385760788753,0.000192861794149
4651,1.00233853824,0.00233580811757,0.00116722232427
4652,1.00245490534,0.00245189698684,0.00122519732556
4653,1.00006950297,6.95005596647e-05,3.47496760483e-05
4654,1.00027369512,0.000273657671775,0.000136819475249
4655,0.999698129434,-0.000301916138293,-0.000150969463889
4656,1.00167201668,0.00167062041849,0.00083496143479
4657,1.00593677683,0.00591922361354,0.00295523647324
4658,1.00287191608,0.00286780001202,0.00143287246259
4659,1.00287487045,0.00287074590947,0.00143434329968
4660,0.999353199406,-0.000647009859631,-0.000323557263179
4661,1.00007821641,7.82133472382e-05,3.91059089631e-05
4662,1.00270009139,0.00269645269512,0.00134731789873
4663,1.00341169311,0.00340588648771,0.00170149405875
4664,1.0013994446,0.00139846629483,0.000698988740889
4665,1.00196355105,0.00196162580241,0.000980332061448
4666,1.00008648471,8.64809700369e-05,4.32395501622e-05
4667,1.00025986818,0.000259834415696,0.000129908768973
4668,1.0007094061,0.000709154593434,0.000354514441617
4669,0.99895672286,-0.00104382173222,-0.000522047085284
4670,1.00052673145,0.000526592773442,0.000263261727269
4671,0.999464977377,-0.00053516579893,-0.000267618702962
4672,1.00001259209,1.25920143527e-05,6.29598735657e-06
4673,1.00450437104,0.0044942567264,0.00224460546038
4674,1.00212724017,0.00212498079882,0.00106192615634
4675,1.00137442451,0.0013734808542,0.000686504674863
4676,1.00257641428,0.00257310101499,0.00128572325619
4677,1.00086446778,0.000864094340829,0.000431953851476
4678,1.00053735239,0.000537208064228,0.000268567961281
4679,1.00060398418,0.000603801854969,0.000301855359985
4680,1.00311096499,0.00310613594908,0.00155186258857
4681,1.00426138107,0.00425232709737,0.00212390486403
4682,1.00083956253,0.000839210291398,0.000419517123772
4683,1.00400102317,0.00399304036679,0.0019945284627
4684,0.999624398588,-0.000375671968349,-0.000187853626457
4685,1.00314085404,0.00313593186288,0.00156673731509
4686,0.999284999137,-0.000715256597585,-0.000357692255416
4687,1.00053769954,0.000537555033728,0.000268741399423
4688,1.0043885462,0.00437894461456,0.00218707716114
4689,1.00082856283,0.000828219764113,0.000414024150394
4690,1.00340949229,0.00340369315187,0.00170039925621
4691,1.00400793669,0.00399992630782,0.0019979645602
4692,0.997803468731,-0.00219894718236,-0.00110007823384
4693,1.00157866702,0.00157742223129,0.00078840016479
4694,1.00296903059,0.00296463172777,0.00148121777636
4695,0.999843682555,-0.00015632966375,-7.81678868249e-05
4696,1.00286293339,0.00285884299699,0.00142840036219
4697,1.00196818426,0.00196624991956,0.000982641850767
4698,1.00337232527,0.00336665172866,0.00168190986599
4699,1.00023516584,0.000235138188151,0.000117562183101
4700,1.00146377221,0.00146270194007,0.0007310835981
4701,1.0020341904,0.00203212423872,0.00101554610303
4702,1.00231737074,0.00231468977412,0.00115667542176
4703,1.00169441965,0.00169298574468,0.000846134698319
4704,1.00555838088,0.00554299008404,0.00276765799524
4705,1.00374768321,0.00374067813874,0.0018685910752
4706,1.00224211405,0.00223960426481,0.00111917538796
4707,1.00105455087,0.00105399522184,0.000526858772069
4708,1.00272657937,0.00272286899255,0.00136050816476
4709,1.00420294007,0.00419413238805,0.00209486888695
4710,1.00469069592,0.004679728884,0.00233712909306
4711,1.0015598628,0.00155864747305,0.000779020142653
4712,1.00120159211,0.00120087078035,0.000600255164921
4713,1.00205270252,0.00205059860559,0.00102477386306
4714,1.00126547203,0.00126467199791,0.000632136116682
4715,1.00175720141,0.00175565933345,0.000877444486977
4716,1.00404792085,0.00403975006057,0.0020178364555
4717,1.00128073115,0.00127991171441,0.000639751129132
4718,1.0029313959,0.00292710773841,0.00146248339654
4719,1.00052305866,0.000522921907847,0.000261426775987
4720,1.00018096792,0.00018095155228,9.04716833304e-05
4721,1.00162764999,0.00162632680208,0.000812832873277
4722,1.0036010419,0.00359457367646,0.00179567268542
4723,1.00506033022,0.00504756977766,0.00252060282126
4724,0.999883219775,-0.000116787044174,-5.83952270219e-05
4725,1.00120598337,0.00120525675502,0.000602446833502
4726,1.0020732463,0.00207110008735,0.00103501404676
4727,1.00274698648,0.0027432204036,0.00137066997445
4728,0.999730306304,-0.000269730069924,-0.00013487412966
4729,1.00042595658,0.000425865888955,0.000212910275867
4730,1.00298907799,0.00298461958233,0.0014911968506
4731,1.00015754649,0.000157534077884,7.87639369e-05
4732,1.00374285904,0.00373587196894,0.00186619247781
4733,1.00297022777,0.00296582535886,0.00148181370772
4734,1.00320484303,0.00319971846283,0.00159858013885
4735,1.00233647514,0.00233374982604,0.00116619437921
4736,1.00145919393,0.00145813034372,0.000728799468424
4737,0.999837863602,-0.000162149543078,-8.1078058187e-05
4738,1.0023920882,0.00238923171481,0.00119390258794
4739,1.00263670416,0.00263323414917,0.00131575071459
4740,1.00063513967,0.000634938049778,0.00031741863693
4741,1.00479611278,0.0047846480786,0.00238946471274
4742,1.0016541345,0.00165276792769,0.000826042602653
4743,1.00401190127,0.00400387505324,0.00199993498623
4744,1.0040764137,0.00406812763378,0.002031996511
4745,1.00188974072,0.00188795740593,0.000943533295231
4746,1.00311233324,0.0031074999577,0.00155254353427
4747,1.00094378525,0.00094334016789,0.000471558865098
4748,1.00269300318,0.00268938354415,0.0013437880792
4749,1.00141966351,0.00141865673566,0.000709076853935
4750,1.00210077551,0.00209857196762,0.00104873567576
4751,1.00051068669,0.000510556330311,0.000255245584457
4752,1.00189075207,0.00188896684811,0.000944037539976
4753,1.00317057674,0.00316556106442,0.00158152859571
4754,1.00785941749,0.00782869315036,0.00390669550686
4755,1.00217623423,0.00217386965819,0.0010863443294
4756,1.00169571025,0.0016942741575,0.000846778359435
4757,1.00262423273,0.00262079544613,0.00130953952687
4758,1.00293744149,0.00293313564205,0.00146549293596
4759,0.999989871916,-1.01281357353e-05,-5.06408069012e-06
4760,1.00034292301,0.000342864224091,0.000171417418401
4761,0.999400475836,-0.00059970395091,-0.000299896935552
4762,1.00181242529,0.0018107848314,0.000904982671657
4763,1.00081188141,0.000811552016289,0.000405693692194
4764,1.00181238563,0.00181074524497,0.000904962896355
4765,0.999888883629,-0.000111122544496,-5.55628158041e-05
4766,1.00348829226,0.00348222227706,0.00173959628384
4767,1.00056099811,0.000560840809252,0.000280381090499
4768,1.00377121788,0.00376412466865,0.00188029236558
4769,1.00234570627,0.0023429593948,0.00117079378293
4770,1.00267316567,0.00266959911878,0.00133390911069
4771,1.00237612402,0.00237330550256,0.00118594895732
4772,1.00171245268,0.00171098810219,0.00085512822039
4773,1.00340639299,0.00340060437587,0.00169885749309
4774,1.00177107638,0.00176950987753,0.000884363658517
4775,1.00454884473,0.00453852999939,0.00226669216439
4776,1.00098758878,0.000987101431893,0.000493428939827
4777,1.00392254628,0.00391487315557,0.0019555220482
4778,0.999250609543,-0.00074967139005,-0.000374905954702
4779,1.00247842678,0.00247536054481,0.00123691466207
4780,1.00226665973,0.00226409473069,0.00113140684145
4781,1.00377148581,0.00376439158648,0.00188042557355
4782,1.00306495825,0.0030602708422,0.00152896536076
4783,1.00005953348,5.95317120343e-05,2.97654130184e-05
4784,1.00125395887,0.00125317331557,0.000626390393359
4785,0.999526568436,-0.000473543668447,-0.000236799866887
4786,1.00354719997,0.00354092349229,0.00176889540327
4787,1.00013378219,0.000133773246678,6.68843864786e-05
4788,1.00163587663,0.00163454004113,0.000816936146382
4789,1.00302864495,0.00302406784,0.00151089137264
4790,0.9992917883,-0.000708462600564,-0.000354294047598
4791,1.00291463621,0.00291039689106,0.00145414015767
4792,1.00231784636,0.00231516429786,0.00115691240917
4793,1.00041104744,0.000410962986828,0.000205460383538
4794,0.999221154761,-0.000779148696078,-0.00038965024198
4795,1.00107095019,0.00107037712911,0.000535045376701
4796,1.0031405259,0.00313560475012,0.00156657401494
4797,0.999949005179,-5.09961208781e-05,-2.54983855175e-05
4798,1.00371443615,0.00370755466923,0.00185206015067
4799,1.00137300577,0.00137206405544,0.000685796761553
4800,1.00024669724,0.00024666681858,0.000123325804038
4801,1.00208839922,0.0020862215444,0.00104256692127
4802,1.00387971578,0.00387220909009,0.00193423150363
4803,0.997808207152,-0.00219419834131,-0.00109770120409
4804,1.00174735641,0.0017458315542,0.000872534896957
4805,1.00206882848,0.00206669140281,0.00103281198359
4806,0.999882580865,-0.000117426029562,-5.87147384237e-05
4807,1.00214027308,0.00213798596278,0.00106842181194
4808,1.00258863517,0.00258529042887,0.00129181010848
4809,1.00052615398,0.000526015605318,0.000262973219139
4810,1.0010065261,0.00100601989652,0.000502883459964
4811,1.00486939994,0.00485758275891,0.00242584425214
4812,1.00164575114,0.00164439837146,0.000821861272596
4813,1.00014449312,0.00014448267784,7.22387295774e-05
4814,1.00049130112,0.000491180472513,0.000245560081443
4815,1.00421929,0.00421041375174,0.00210299248207
4816,1.00301261544,0.00300808660749,0.00150291279746
4817,1.00237988518,0.00237705774122,0.00118782284991
4818,1.0017562811,0.00175474064096,0.000876985543677
4819,1.00408588575,0.00407756118848,0.00203670369277
4820,1.00075070313,0.000750421494313,0.000375140364407
4821,1.00388010294,0.00387259475734,0.00193442396426
4822,1.00095497415,0.000954518454776,0.000477145357319
4823,1.00026365213,0.000263617376613,0.000131800001923
4824,0.999405733118,-0.000594443528529,-0.000297265939029
4825,1.00108056054,0.00107997715758,0.000539842811194
4826,1.00085454692,0.000854182001524,0.000426999810383
4827,1.00150747142,0.00150633633026,0.000752884605183
4828,1.00293759971,0.00293329339266,0.00146557169568
4829,0.99949876711,-0.000501358549133,-0.000250710697241
4830,1.0046942215,0.00468323800142,0.0023388795496
4831,1.00129482336,0.00129398580065,0.00064678364555
4832,1.0007332063,0.000732937633508,0.000366401675259
4833,0.999664709156,-0.000335347066897,-0.000167687591441
4834,1.0001066603,0.000106654608367,5.33258823081e-05
4835,1.00554720544,0.00553187635634,0.00276211649549
4836,0.998799910285,-0.00120081039881,-0.000600585478685
4837,1.00131141536,0.00131055620284,0.000655063453613
4838,0.99925317447,-0.000747104543069,-0.000373622050873
4839,1.00026213677,0.000262102419416,0.000131042622873
4840,1.00098989856,0.000989408930015,0.00049458211893
4841,1.00537191382,0.00535753655341,0.00267518357854
4842,1.00292319581,0.00291893158411,0.00145840128979
4843,1.00366235087,0.00365566078823,0.00182616092946
4844,1.00009355927,9.35548912013e-05,4.6776351553e-05
4845,1.00171669073,0.00171521890503,0.000857241810633
4846,1.00256440174,0.00256111927372,0.00127974007024
4847,1.00198848081,0.00198650639935,0.000992760086989
4848,1.00126111016,0.00126031563319,0.000629959308859
4849,1.00322749902,0.00322230182071,0.00160985370349
4850,1.00209427209,0.00209208215887,0.00104549416918
4851,1.00396905611,0.00396120018932,0.00197864000056
4852,0.999494952226,-0.000505175353838,-0.000252619579872
4853,1.00067938682,0.000679156139614,0.0003395204197
4854,1.00175491844,0.00175338036819,0.000876306003531
4855,1.00551340816,0.00549826496022,0.0027453570759
4856,0.999887994594,-0.00011201167911,-5.6007407911e-05
4857,1.00369334973,0.0036865460607,0.00184157524594
4858,1.00312042437,0.00311556594605,0.00155657025893
4859,1.00067684795,0.000676618994251,0.00033825227692
4860,1.00171670597,0.0017152341189,0.000857249411049
4861,0.998597472871,-0.00140351159067,-0.000702002083542
4862,1.00285025966,0.00284620537347,0.00142209055629
4863,0.998984022739,-0.00101649371527,-0.000508376036955
4864,1.00390851716,0.00390089874857,0.00194854848397
4865,1.0004954373,0.000495314609027,0.000247626639975
4866,1.00136928653,0.0013683499086,0.000683940959984
4867,1.0005821532,0.000581983819196,0.000290949575559
4868,1.00235642726,0.00235365524409,0.00117613543198
4869,0.999253600557,-0.00074667813796,-0.000373408768684
4870,1.00098855182,0.000988063522529,0.000493909747668
4871,0.998325316536,-0.00167608731382,-0.000838394913611
4872,1.00528310748,0.0052692008269,0.00263113289962
4873,1.00041012629,0.00041004221054,0.00020500008988
4874,1.00123921051,0.00123844331823,0.000619029980948
4875,0.998151127971,-0.00185058330258,-0.000925719865674
4876,0.998944362413,-0.00105619516464,-0.000528237050396
4877,1.00033301259,0.000332957155171,0.000166464720796
4878,1.00602366343,0.00600559369936,0.00299829296443
4879,1.00066097208,0.00066075373007,0.000330322296608
4880,1.00133421125,0.00133332198214,0.000666438822006
4881,1.00040238325,0.000402302315228,0.000201130928076
4882,1.0005473369,0.000547187162971,0.000273556158175
4883,1.00227493521,0.00227235146559,0.00113553052953
4884,1.00143449595,0.00143346803939,0.00071647722722
4885,1.00130175975,0.00130091319655,0.000650245097243
4886,1.00016475711,0.00016474353614,8.23683756089e-05
4887,1.00100213783,0.00100163602188,0.000500692622532
4888,1.00264308731,0.00263960049618,0.00131892969477
4889,1.00434524799,0.00433583466231,0.00216556909561
4890,1.00132844385,0.00132756225306,0.000663560872577
4891,1.00281428255,0.0028103298742,0.0014041781551
4892,1.00130539681,0.00130454552516,0.000652060078948
4893,0.999764206663,-0.00023582114074,-0.000117917522094
4894,0.999899513862,-0.000100491186716,-5.02468556889e-05
4895,1.00063545627,0.000635254449206,0.000317576786417
4896,1.00319643281,0.00319133507819,0.00159439513851
4897,1.00246594532,0.00246290986523,0.00123069700314
4898,1.00134299495,0.00134209393592,0.000670821866298
4899,1.00110089584,0.0011002902941,0.000549993844955
4900,1.00164009942,0.00163875592641,0.00081904236475
4901,1.00255543611,0.00255217653552,0.00127527441334
4902,1.00389665031,0.00388907803504,0.00194264962639
4903,1.0012827517,0.00128192967932,0.00064075946558
4904,1.00243342095,0.0024304649757,0.00121449439187
4905,1.00227228092,0.00226970319693,0.00113420789792
4906,1.00120920148,0.00120847098912,0.000604052981055
4907,1.00000776037,7.76033584547e-06,3.88016039488e-06
4908,1.00241509483,0.00241218317943,0.00120536455357
4909,1.00107400945,0.00107343311695,0.000536572551909
4910,1.00055839186,0.000558236019061,0.000279079059723
4911,0.999021375564,-0.00097910360173,-0.000489671650904
4912,1.00489605273,0.00488410603846,0.00243907363352
4913,1.00420481279,0.00419599726512,0.00209579937171
4914,1.00383377639,0.00382644619915,0.0019113940549
4915,1.00362328869,0.00361674039165,0.00180673607962
4916,1.00220073809,0.00219832000837,0.00109855614909
4917,1.00062973702,0.000629538816544,0.000314719873579
4918,1.00382143816,0.00381415500928,0.00190526018777
4919,1.00166188992,0.00166051050877,0.000829910687856
4920,1.00215296813,0.00215065381555,0.00107474895098
4921,1.00334104475,0.0033354758654,0.00166634803057
4922,1.00250873334,0.00250559172186,0.0012520114398
4923,1.0037765301,0.00376941691242,0.00188293350849
4924,1.00146469838,0.00146362675172,0.000731545665759
4925,1.00167998533,0.00167857573363,0.000838935763266
4926,1.00117664292,0.00117595121672,0.000587802784575
4927,1.00178619848,0.00178460512007,0.000891904576488
4928,1.00333501748,0.0033294686473,0.00166334942207
4929,1.0022452214,0.00224270466021,0.00112072384952
4930,1.00188511453,0.00188333993487,0.000941226735408
4931,1.00192863803,0.00192678059728,0.000962926387194
4932,1.00248566977,0.00248258559964,0.00124052271458
4933,1.00566608927,0.00565009736442,0.00282106198727
4934,1.00190829564,0.00190647715514,0.000952784390005
4935,1.00349649499,0.00349039646318,0.00174367625867
4936,1.0020674181,0.00206528392751,0.00103210897252
4937,1.00152018842,0.00151903410339,0.000759228691628
4938,0.998435654506,-0.00156557035994,-0.000783091636245
4939,1.00136772701,0.00136679252516,0.000683162800539
4940,1.00079799983,0.000797681593691,0.000398761270428
4941,1.00279411011,0.00279021384374,0.0013941342126
4942,0.999642038269,-0.000358025814545,-0.000179028931039
4943,1.00326606615,0.00326074414198,0.00162904373644
4944,1.00155898324,0.00155776928676,0.000778581391472
4945,1.00197370227,0.00197175708258,0.000985392722706
4946,1.00357741459,0.00357103086728,0.00178392234926
4947,1.00313239608,0.00312750035066,0.00156252815509
4948,0.999563043454,-0.000437052039416,-0.000218549898258
4949,1.00025790589,0.000257872638638,0.000128928007389
4950,1.00236117899,0.00235839578897,0.00117850291385
4951,1.00452330943,0.00451311000771,0.00225401089761
4952,1.00347669196,0.0034706622345,0.00173382630078
4953,1.00426557654,0.00425650475773,0.00212598925555
4954,1.0025332267,0.00253002349145,0.00126421195565
4955,1.00090203645,0.000901629854811,0.000450713325625
4956,1.00439694293,0.00438730461726,0.00219124801179
4957,1.00307291298,0.00306820123404,0.00153292448618
4958,1.00294020104,0.00293588710618,0.00146686665096
4959,1.00495404215,0.00494181126582,0.00246785545833
4960,1.00393491415,0.00392719262548,0.00196166971872
4961,1.0018566348,0.0018549133836,0.000927026736775
4962,1.00074030771,0.000740033817649,0.000369948461011
4963,1.00164462056,0.00164326964966,0.000821297375363
4964,1.00167281245,0.00167141485397,0.000835358320792
4965,0.999415546772,-0.00058462408772,-0.000292354771189
4966,0.999388743316,-0.000611443577506,-0.000305768526422
4967,1.00244911512,0.0024461209291,0.00122231283093
4968,0.999670267387,-0.00032978698693,-0.000164907089145
4969,1.00075059436,0.000750312806476,0.000375086040874
4970,1.00240914327,0.00240624593416,0.00120239950481
4971,1.00188467785,0.00188290407011,0.000941009008127
4972,1.00371272896,0.0037058537959,0.0018512112887
4973,1.00214965744,0.00214735023357,0.00107309893388
4974,1.00174196154,0.00174044607989,0.000869844505688
4975,1.00296567451,0.00296128557263,0.00147954717559
4976,1.00208548654,0.00208331493329,0.00104111512983
4977,1.00454199048,0.00453170676773,0.00226328827584
4978,1.00407243502,0.0040641650987,0.00203001926743
4979,1.00262519174,0.00262175194235,0.00131001714858
4980,1.00393804928,0.00393031546568,0.00196322807462
4981,1.0025242284,0.00252104788722,0.00125972981701
4982,1.0040291474,0.00402105212667,0.00200850630963
4983,1.00398311934,0.00397520772354,0.00198562988526
4984,0.99785659231,-0.00214570807552,-0.00107342975152
4985,0.999850467697,-0.000149543483715,-7.47745373337e-05
4986,1.00081350968,0.00081317895632,0.00040650683186
4987,1.00239024026,0.00238738817524,0.00119298191823
4988,1.00206578568,0.00206365487425,0.00103129528624
4989,1.00211556657,0.00211333190636,0.0010561078783
4990,1.00248304046,0.00247996280846,0.00123921294495
4991,1.00080939381,0.000809066425291,0.000404451400118
4992,1.00402415128,0.004016076044,0.00200602326245
4993,1.00218143967,0.00217906378979,0.00108893857052
4994,1.00461083086,0.00460023354382,0.0022974735303
4995,1.00178155096,0.00177996588074,0.000889587023013
4996,1.00397573168,0.00396784934103,0.00198195799276
4997,0.999950930128,-4.90710758102e-05,-2.45358389039e-05
4998,1.00165724259,0.00165587087423,0.000827592793141
4999,1.00085949878,0.000859129620478,0.000429472560486
