replicate,RZ_ratio,log_RZ_ratio,coupling_advantage
0,0.999310885919,-0.000689351629438,-0.000344735222253
1,0.998398084014,-0.00160320042581,-0.000801921580217
2,0.998773763444,-0.00122698899948,-0.000613682725979
3,0.997669776307,-0.00233294288887,-0.00116715203686
4,0.999116032737,-0.000884358192632,-0.000442276871904
5,0.998751190901,-0.00124958951058,-0.00062498998019
6,0.998147449835,-0.00185426825831,-0.000927564050854
7,0.998587054736,-0.00141394441283,-0.000707222170168
8,0.999469566404,-0.000530574325825,-0.000265322354664
9,0.99932830056,-0.000671925131087,-0.000336019007287
10,0.99679459578,-0.00321055253252,-0.00160656541193
11,0.996898236648,-0.00310658379033,-0.00155449887787
12,0.998416229797,-0.00158502569315,-0.000792826967858
13,0.999934310615,-6.56915430953e-05,-3.2846310976e-05
14,0.996980127448,-0.00302444156754,-0.0015133647662
15,0.998511126201,-0.00148998327323,-0.000745269211813
16,0.997753652959,-0.00224887386334,-0.00112506934789
17,0.998429291827,-0.00157194302858,-0.000786280470842
18,0.996754338771,-0.00325093981251,-0.00162679169855
19,0.999256288841,-0.000743987849191,-0.000372063122915
20,0.99683491387,-0.00317010560954,-0.00158630966494
21,0.997639526451,-0.00236326385886,-0.00118233033149
22,0.995558190593,-0.00445170355214,-0.00222833082312
23,0.996767604193,-0.00323763128374,-0.00162012663123
24,0.999903826145,-9.61784801888e-05,-4.80903964004e-05
25,0.997362604,-0.00264088005606,-0.0013213121928
26,0.996929407489,-0.00307531645244,-0.0015388410288
27,0.997520121555,-0.00248295843621,-0.00124225017244
28,0.999391781171,-0.000608403868781,-0.000304248208491
29,0.997617843045,-0.00238499880541,-0.00119321071284
30,1.00200524993,0.00200324210195,0.00100111959605
31,0.998481908571,-0.00151924489761,-0.000759911035005
32,0.995531295986,-0.00447871851771,-0.00224186849648
33,0.998050584313,-0.00195131827126,-0.000976135245831
34,0.996756488966,-0.00324878261753,-0.00162571134698
35,0.997998286364,-0.00200371974184,-0.00100236190016
36,0.997721793802,-0.00228080525814,-0.0011410531354
37,0.998969667374,-0.00103086378399,-0.000515564749838
38,0.996332486412,-0.00367425540432,-0.00183881625513
39,0.996949925307,-0.00305473565072,-0.00152853484568
40,0.996805848531,-0.00319926365951,-0.00160091192322
41,0.998258808691,-0.00174270894461,-0.0008717342119
42,0.999394643068,-0.000605540234798,-0.000302815956897
43,0.997470530564,-0.00253267394907,-0.00126713911776
44,0.999339779907,-0.00066043813402,-0.000330273595328
45,0.998927927064,-0.00107264801679,-0.00053646785583
46,0.999627572171,-0.000372497197476,-0.000186265944085
47,0.997544405006,-0.00245861491204,-0.00123006336415
48,0.998628139664,-0.0013728021978,-0.00068663672604
49,0.998543076003,-0.00145798634321,-0.000729258951709
50,0.998268027032,-0.0017334745674,-0.000867113009006
51,0.997468370642,-0.00253483935052,-0.001268223191
52,0.998511655848,-0.00148945283603,-0.000745003795585
53,0.996234953187,-0.0037721524427,-0.00188785598185
54,0.997826714233,-0.00217565077921,-0.00108841728625
55,0.998524894592,-0.00147619444695,-0.00073836968426
56,0.996788548656,-0.00321661912087,-0.00160960358389
57,0.997336310283,-0.00266724365112,-0.0013345114946
58,0.999323666267,-0.000676562550234,-0.00033833849868
59,0.998611793644,-0.00138917080714,-0.000694826683873
60,0.998240554175,-0.00176099546728,-0.000880885485564
61,0.998865012269,-0.00113563231701,-0.000567977396618
62,0.998238398976,-0.00176315446818,-0.000881965937515
63,0.998753901885,-0.00124687514083,-0.000623631948009
64,0.99897854407,-0.00102197797128,-0.000511119562753
65,0.997835524584,-0.00216682127817,-0.00108399774039
66,0.99668121754,-0.00332430183347,-0.00166353305524
67,0.999785115937,-0.000214907154375,-0.00010745935053
68,0.99703672144,-0.00296767776244,-0.00148494031485
69,0.99797918438,-0.00202286022279,-0.00101194177932
70,0.997908042661,-0.00209414853805,-0.00104762264266
71,0.997947461263,-0.00205464808187,-0.00102785191903
72,0.998017765339,-0.00198420188815,-0.000992593239005
73,0.998962485819,-0.00103805277169,-0.000519161103347
74,0.997370130918,-0.00263333326293,-0.00131753381753
75,0.997546035642,-0.0024569802635,-0.00122924503485
76,0.999160506875,-0.000839845696684,-0.000420011028284
77,0.99738909835,-0.00261431599793,-0.00130801270235
78,0.996397743982,-0.00360875976547,-0.00180600875567
79,0.996687355727,-0.00331814322602,-0.00166044863374
80,0.997893384468,-0.00210883756796,-0.0010549748789
81,0.999088248738,-0.000912167160076,-0.000456187601968
82,0.998808529151,-0.00119218121502,-0.000596268304821
83,0.997409549893,-0.00259381112885,-0.00129774691012
84,0.99682203752,-0.00318302292699,-0.00159277858999
85,0.997841098309,-0.00216123547869,-0.00108120181706
86,0.999445440203,-0.000554713622649,-0.000277395278281
87,0.9981749717,-0.00182669569347,-0.000913765075896
88,0.998699170939,-0.00130167587358,-0.000651049777757
89,0.999653839421,-0.000346220505934,-0.000173125237411
90,0.997395776446,-0.00260762044301,-0.00130466055157
91,0.996937790165,-0.00306690799312,-0.00153463033835
92,0.995608367233,-0.00440130431253,-0.00220307536844
93,0.998915998521,-0.00108458943336,-0.000542441785044
94,0.997522808896,-0.00248026441865,-0.00124090149125
95,0.997969772043,-0.00203229166394,-0.00101666228306
96,0.99916815986,-0.000832186310825,-0.000416179734177
97,0.99816164166,-0.00184005019428,-0.000920448450049
98,0.998059308548,-0.00194257703322,-0.000971760370058
99,0.997297664688,-0.00270599321113,-0.00135391231841
100,0.997673334073,-0.00232937681984,-0.00116536692286
101,0.999548733922,-0.000451367928784,-0.000225709432934
102,0.999575340217,-0.000424749976293,-0.000212397541311
103,0.999215348445,-0.000784959554874,-0.000392556807702
104,0.998355079101,-0.00164627526709,-0.000823476504301
105,0.997810696811,-0.00219170321666,-0.0010964522731
106,0.997993415348,-0.00200860053989,-0.00100480474833
107,0.998777541955,-0.0012232058566,-0.000611789995504
108,0.996275498196,-0.0037314550309,-0.00186746906795
109,0.998271442281,-0.00173005339867,-0.000865400942834
110,0.999399810997,-0.000600369188511,-0.000300229654159
111,0.997343774478,-0.00265975954841,-0.00133076445644
112,0.997550708381,-0.0024522960402,-0.00122690004692
113,0.998335926088,-0.00166546002135,-0.000833076826571
114,0.99838036217,-0.00162095086129,-0.000810803954604
115,0.998524172321,-0.00147691778549,-0.000738731620643
116,0.999752668344,-0.000247362247207,-0.000123688772429
117,0.999175890101,-0.000824449664014,-0.000412309808339
118,0.998693206514,-0.00130764808503,-0.000654037832044
119,0.997809842149,-0.00219255975415,-0.00109688101151
120,0.998335338753,-0.00166604833468,-0.000833371228336
121,0.999956978158,-4.30227677017e-05,-2.15116152225e-05
122,0.998997734378,-0.00100276822562,-0.000501509826836
123,0.99697516597,-0.00302941808697,-0.00151585679466
124,1.00048478403,0.000484666564247,0.000242303921785
125,0.998295096466,-0.00170635853609,-0.000853543329006
126,0.996244289757,-0.00376278063131,-0.00188316124084
127,0.998826950198,-0.00117373836328,-0.000587041423052
128,0.998867074303,-0.00113356794267,-0.000566944623721
129,0.998557000004,-0.00144404212321,-0.000722281781555
130,0.99706755847,-0.00293674956119,-0.00146945337071
131,0.997738383044,-0.00226417827388,-0.00113273019173
132,0.996357985678,-0.00364866260306,-0.00182599640629
133,0.99698425696,-0.0030202995565,-0.00151129062864
134,0.9976243857,-0.00237844054898,-0.00118992767731
135,0.998366717611,-0.00163461764845,-0.000817642912093
136,0.996833184871,-0.00317184010004,-0.00158717828629
137,0.999804670814,-0.000195348265626,-9.76789030864e-05
138,0.998454124223,-0.00154707187572,-0.00077383519394
139,0.997428499936,-0.00257481204917,-0.00128823508746
140,0.99818922692,-0.00181241451187,-0.000906617985791
141,0.99806529589,-0.00193657806738,-0.000968757976863
142,0.997301386445,-0.00270226137693,-0.00135204387676
143,0.996991419972,-0.00301311490241,-0.00150769287901
144,0.996659428171,-0.00334616399629,-0.0016744823807
145,0.996317210932,-0.0036895872316,-0.00184649629441
146,1.00044289075,0.000442792705511,0.000221371846392
147,0.997742212656,-0.00226033998924,-0.00113080887739
148,0.996644226903,-0.00336141633247,-0.00168212134781
149,0.998794175053,-0.00120655253892,-0.000603458277189
150,0.996711378953,-0.00329404044635,-0.00164837730593
151,0.997012161617,-0.0029923108833,-0.0014972752406
152,0.999180095053,-0.000820241253173,-0.000410204737549
153,0.998517566284,-0.00148353360763,-0.000742041980844
154,0.999601531649,-0.000398547760721,-0.000199293736719
155,1.00058009104,0.000579922856715,0.000289919393606
156,0.998389499462,-0.00161179878805,-0.000806224218193
157,0.997966956821,-0.00203511261697,-0.00101807419455
158,0.999239395865,-0.00076089354148,-0.000380519149791
159,0.999893655341,-0.000106350314214,-5.31765709306e-05
160,0.999679147305,-0.000320904179498,-0.000160464962874
161,0.997286077939,-0.00271761142453,-0.00135972930703
162,0.997836958336,-0.00216538441726,-0.00108327853142
163,1.00069100806,0.000690769424298,0.000345325073715
164,0.998806525773,-0.00119418698462,-0.000597271788116
165,0.998436407879,-0.00156481580667,-0.000782714064242
166,0.996749742983,-0.00325555057551,-0.00162910083308
167,0.997147005229,-0.00285707231785,-0.00142955700275
168,0.998259137493,-0.0017423795693,-0.000871569380696
169,0.996936289129,-0.00306841364133,-0.00153538431805
170,0.996776350503,-0.00322885664844,-0.00161573221521
171,0.997128720869,-0.00287540916022,-0.00143873857281
172,0.997834767805,-0.00216757969948,-0.00108437736219
173,0.998704008302,-0.00129683222145,-0.000648626377896
174,0.997435643844,-0.0025676497493,-0.00128464933059
175,0.99890719658,-0.00109340096466,-0.000546849950278
176,0.998496829982,-0.00150430091099,-0.000752433391582
177,0.998150313305,-0.00185139947751,-0.000926128330997
178,0.997223457305,-0.00278040443957,-0.00139116899884
179,0.998791858558,-0.0012088718329,-0.000604618624648
180,0.997202779281,-0.00280114025154,-0.00140155138216
181,0.997080591127,-0.00292367865946,-0.00146290833769
182,0.996461073002,-0.00354520381379,-0.00177417389435
183,0.998059976264,-0.00194190801993,-0.000971425538408
184,0.999209151387,-0.000791161499182,-0.000395659001974
185,0.998344449971,-0.00165692196647,-0.000828804251822
186,1.00042940224,0.000429310076666,0.000214632001588
187,0.999627881865,-0.000372187388257,-0.000186111010634
188,0.997416323666,-0.00258701978556,-0.00129434683753
189,0.998952124235,-0.00104842517021,-0.000524350008536
190,0.997795512891,-0.00220692056723,-0.00110406931991
191,0.999064778025,-0.000935659568201,-0.000467939233521
192,0.998992161988,-0.00100834622193,-0.000504300227591
193,0.998972429512,-0.00102809880025,-0.000514181546162
194,0.99640438434,-0.00360209542333,-0.00180267057223
195,0.998510458911,-0.0014906515585,-0.000745603603525
196,0.997326644027,-0.00267693577091,-0.00133936403337
197,0.99826821161,-0.00173328966874,-0.000867020479515
198,0.99661723662,-0.0033884978602,-0.00169568498071
199,0.99977324276,-0.000226782953279,-0.000113397905696
200,0.998278668211,-0.00172281498263,-0.000861778609303
201,0.997184038234,-0.00281993404491,-0.00141096149329
202,0.998316224516,-0.00168519462678,-0.000842952398229
203,0.998069182253,-0.00193268417861,-0.000966809148256
204,0.998970975712,-0.00102955409714,-0.000514909569011
205,0.998594394711,-0.00140659407919,-0.000703544410948
206,0.999345124946,-0.000655089577873,-0.000327598437588
207,0.998044782301,-0.00195713163279,-0.000979044768138
208,0.99857808248,-0.0014229294042,-0.000711717853145
209,0.998021831392,-0.00198012776724,-0.000990554158653
210,0.997828890657,-0.00217346961817,-0.00108732551932
211,0.998133265476,-0.00186847904381,-0.000934676059579
212,0.997332386928,-0.00267117749202,-0.00133648104186
213,0.999806701272,-0.00019331741264,-9.66633779234e-05
214,0.998810052615,-0.00119065593488,-0.000595505210307
215,0.99797622493,-0.00202582567037,-0.00101342600464
216,0.997448199952,-0.00255506143889,-0.00127834710943
217,0.999860823634,-0.000139186052069,-6.95954476853e-05
218,0.996618478345,-0.00338725192112,-0.00169506095501
219,0.996780871463,-0.00322432107839,-0.00161346076863
220,0.998476702435,-0.00152445896242,-0.000762520051922
221,0.999149657212,-0.000850704534426,-0.000425442742316
222,0.996072678629,-0.00393505354917,-0.00196946362545
223,0.998226885957,-0.00177468787076,-0.000887737741483
224,0.998413514411,-0.00158774538952,-0.000794187895093
225,0.998083541836,-0.00191829691972,-0.000959608589845
226,0.999791382461,-0.000208639303114,-0.000104325093041
227,0.997748775977,-0.00225376183747,-0.0011275160876
228,0.99933655194,-0.000663668239227,-0.000331889182646
229,0.999366159941,-0.000634041020321,-0.000317070766473
230,0.995550888279,-0.00445903847258,-0.0022320064624
231,0.997573450568,-0.00242949827468,-0.00121548724392
232,0.99979776354,-0.000202256912727,-0.000101133570018
233,0.998380552475,-0.00162076024723,-0.000810708570306
234,0.998104293795,-0.00189750533027,-0.00094920287331
235,0.998900069229,-0.00110053613921,-0.000550419494855
236,0.999631089919,-0.000368978144597,-0.000184506091454
237,0.99688276543,-0.00312210326639,-0.00156227070856
238,0.998223843256,-0.00177773598086,-0.000889263150656
239,0.99695975646,-0.00304487446909,-0.00152359673045
240,0.996910708283,-0.00309407342968,-0.00154823399347
241,0.999809539232,-0.000190478907763,-9.52439893025e-05
242,0.998643266998,-0.00135765419748,-0.000679057554
243,0.997913174738,-0.00208900571623,-0.0010450485412
244,0.997829508964,-0.00217284996608,-0.00108701535644
245,0.997908855165,-0.00209333433147,-0.00104721511297
246,0.997307847725,-0.00269578263445,-0.00134880013101
247,0.996866215009,-0.00313870557759,-0.00157058486732
248,0.999089010511,-0.000911404691901,-0.000455806194039
249,0.99594754885,-0.0040606845814,-0.00203240483126
250,0.999960139503,-3.98612911888e-05,-1.9930844211e-05
251,0.997128558952,-0.00287557154351,-0.00143881988127
252,0.997398555997,-0.00260483363824,-0.00130326533224
253,0.998011680973,-0.00199029835774,-0.000995644504109
254,0.999458727279,-0.000541419262321,-0.000270746276319
255,0.999309242309,-0.000690996374446,-0.000345557878596
256,0.996821767266,-0.00318329404272,-0.00159291436378
257,0.997533766893,-0.0024692792695,-0.00123540211603
258,0.998662114132,-0.00133878163625,-0.000669614910157
259,0.998746117382,-0.00125466938656,-0.000627531508845
260,0.999162831051,-0.000837519570129,-0.000418847477184
261,0.999633199638,-0.000366867650116,-0.000183450650071
262,0.999279386879,-0.000720872887747,-0.000360501408893
263,0.996385823908,-0.00362072300516,-0.0018120011963
264,0.999932743681,-6.72585811611e-05,-3.36298560515e-05
265,0.99825255236,-0.00174897620719,-0.000874870579801
266,0.999661445628,-0.000338611694794,-0.000169320180441
267,0.99964238971,-0.000357674248234,-0.000178853116429
268,0.997639879921,-0.00236290955219,-0.00118215296872
269,0.999664734598,-0.000335321615669,-0.000167674863693
270,0.998290807702,-0.00171065463323,-0.000855693213339
271,0.9983960893,-0.00160519834177,-0.000802921339786
272,0.999080403826,-0.000920019261801,-0.000460115451557
273,0.998298798947,-0.00170264973898,-0.000851687349361
274,0.999425749296,-0.000574415649515,-0.000287249072874
275,0.99595996196,-0.00404822104103,-0.00202616041505
276,1.00019754036,0.000197520850912,9.87555488058e-05
277,0.997748268543,-0.00225427041634,-0.00112777066379
278,0.996453578246,-0.00355272521504,-0.0017779412742
279,0.998023489857,-0.00197846601703,-0.000989722460869
280,0.998903394926,-0.00109720678559,-0.000548753903158
281,0.997488999736,-0.0025141581126,-0.00125786951136
282,0.998408911912,-0.00159235521301,-0.000796494640026
283,0.998124557516,-0.00187720332806,-0.000939042288417
284,0.996438998094,-0.00356735736545,-0.00178527038377
285,0.996846804812,-0.00315817698336,-0.00158033590842
286,0.997419975872,-0.00258335812581,-0.0012925136396
287,0.996172817016,-0.00383452538908,-0.00191910181783
288,0.998571174186,-0.00142984755904,-0.000715179398437
289,0.997967861771,-0.00203420582389,-0.00101762033652
290,0.999150964075,-0.000849396560468,-0.000424788477317
291,0.997748614373,-0.00225392380549,-0.00112759716293
292,0.997275134257,-0.00272858494775,-0.00136522354422
293,0.997230037585,-0.00277380586046,-0.00138786512487
294,0.998318170437,-0.00168324542567,-0.00084197697661
295,0.998522640371,-0.00147845200058,-0.00073949929517
296,0.99839833926,-0.0016029447699,-0.000801793649762
297,0.999270693795,-0.000729572278368,-0.000364852681739
298,0.999602978392,-0.000397100441577,-0.000198569933188
299,0.997521364323,-0.00248171257979,-0.00124162647059
300,0.996934454224,-0.00307025418683,-0.00153630600419
301,0.997161239522,-0.0028427974004,-0.00142240936613
302,0.998669677324,-0.0013312083405,-0.000665825733863
303,0.998105117881,-0.0018966796793,-0.000948789656058
304,0.998179401184,-0.0018222581202,-0.000911544264273
305,0.997294414415,-0.00270925229656,-0.00135554406871
306,0.999372019205,-0.000628178057275,-0.000314138359761
307,0.997766105939,-0.00223639292482,-0.00111882187716
308,0.995916289364,-0.00409207175271,-0.00204813043603
309,0.998059348427,-0.00194253707752,-0.000971740372793
310,0.998388798855,-0.00161250052584,-0.00080657537003
311,0.998895817594,-0.00110479246401,-0.000552548830902
312,0.997449344583,-0.00255391388075,-0.00127777259704
313,0.998462709263,-0.00153847358094,-0.000769532728965
314,0.997862316692,-0.00213997141435,-0.0010705583461
315,0.998026891872,-0.00197505727049,-0.000988016402197
316,0.99999903705,-9.62950644675e-07,-4.81475438185e-07
317,0.999315672081,-0.000684562178466,-0.000342339674089
318,1.00016012797,0.00016011515507,8.00543730129e-05
319,0.99864182399,-0.00135909916665,-0.000679780529454
320,0.997653264374,-0.00234949352537,-0.00117543704794
321,0.99861670961,-0.00138424801894,-0.000692363582563
322,0.996590654093,-0.00341517097069,-0.00170904423964
323,0.998024313293,-0.0019776409504,-0.000989309519346
324,0.998975732806,-0.00102479211387,-0.000512527354217
325,0.999037283878,-0.000963179831096,-0.00048170589859
326,0.997058717458,-0.00294561661421,-0.00147389342192
327,0.996979569198,-0.00302500150933,-0.00151364516083
328,0.998185702015,-0.00181594581728,-0.000908385240825
329,0.997079692015,-0.00292458040447,-0.00146335986988
330,0.998852387773,-0.00114827123785,-0.000574300466325
331,0.998792257483,-0.0012084724255,-0.000604418800224
332,0.998637236538,-0.00136369286896,-0.000682078944601
333,0.998840026477,-0.00116064681272,-0.000580491826565
334,0.998341750442,-0.00165962597578,-0.000830157377939
335,0.997872218953,-0.00213004798896,-0.00106559133393
336,0.999241334966,-0.000758952966333,-0.000379548493476
337,0.998268027589,-0.00173347400964,-0.000867112729883
338,0.998008847129,-0.00199313785112,-0.000997065665368
339,0.995904245516,-0.00410416505943,-0.00205418949204
340,0.996527919045,-0.00347812261674,-0.00174057435245
341,0.996566936583,-0.00343896990124,-0.00172096411255
342,0.998663545069,-0.00133734878357,-0.000668898004343
343,0.996483564818,-0.00352263237284,-0.00176286821485
344,0.999590312057,-0.000409771887595,-0.000204906934356
345,0.999112684164,-0.00088770973335,-0.000443953384822
346,0.997805629135,-0.00219678202515,-0.0010989944649
347,0.996871054003,-0.00313385138401,-0.00156815396152
348,0.997987953684,-0.00201407320087,-0.00100754383204
349,0.997131345978,-0.0028727764958,-0.00143742034761
350,0.996293705526,-0.00371317980156,-0.0018583144309
351,0.99823647957,-0.001765077263,-0.000882928183308
352,0.998372661924,-0.00162866362889,-0.000814663472619
353,0.998158559594,-0.00184313794183,-0.000921993746074
354,0.998491093082,-0.00151004646427,-0.000755308333926
355,0.997213921025,-0.00278996731693,-0.00139595710076
356,0.99883980949,-0.00116086405237,-0.00058060050945
357,0.99932999328,-0.000670231275126,-0.000335171795081
358,0.99953006545,-0.00047004500374,-0.000235050121822
359,0.99894464367,-0.0010559136109,-0.000528096199175
360,0.997212185459,-0.00279170773285,-0.00139682852387
361,0.997880517099,-0.00212173218317,-0.00106142900906
362,0.999153831317,-0.000846526885591,-0.000423353031406
363,0.998538191545,-0.00146287793952,-0.000731706536475
364,0.99704209692,-0.00296228632067,-0.00148224059462
365,0.998714473867,-0.00128635313044,-0.000643383447617
366,0.996609945777,-0.00339581347683,-0.00169934899822
367,0.998167454599,-0.00183422656631,-0.000917533960137
368,0.999616794856,-0.000383278586277,-0.000191657657121
369,0.997172264083,-0.00283174151533,-0.0014168735759
370,0.999423249798,-0.000576916585899,-0.000288499901044
371,0.99855629943,-0.00144474370983,-0.000722632828301
372,0.999367773117,-0.000632426822674,-0.000316263412068
373,0.998006411531,-0.00199557831183,-0.00099828711312
374,0.998267921266,-0.00173358051668,-0.000867166029578
375,0.997852721773,-0.00214958693477,-0.00107537126487
376,0.999253465431,-0.000746813365192,-0.00037347640755
377,0.999557427667,-0.000442670296842,-0.000221359644852
378,0.998846460726,-0.0011542051126,-0.000577269112016
379,0.999605077571,-0.000395000431284,-0.000197519720093
380,0.998692992105,-0.00130786277457,-0.000654145247026
381,1.00019255179,0.00019253325384,9.62619934369e-05
382,0.997735846727,-0.00226672034345,-0.00113400266707
383,0.999540992582,-0.000459112794644,-0.000229582747408
384,0.996944025083,-0.00306065394331,-0.00153149851951
385,0.997934610456,-0.0020675254022,-0.00103429721793
386,0.998428052362,-0.00157318444359,-0.000786901666585
387,0.99763992433,-0.00236286503814,-0.00118213068539
388,0.999476281913,-0.00052385527476,-0.000261961943419
389,0.998013991685,-0.00198798304454,-0.000994485695563
390,0.998579532368,-0.0014214774524,-0.000710991360819
391,0.997164849194,-0.00283917745883,-0.00142059682246
392,1.00103433529,0.00103380073498,0.000516766797508
393,0.996756990937,-0.00324827901359,-0.00162545913569
394,0.99804232893,-0.00195958981286,-0.000980275062267
395,0.997675000296,-0.00232770671214,-0.00116453089622
396,0.998581433264,-0.0014195738543,-0.000710038885502
397,0.99819699687,-0.00180463049693,-0.000902722457337
398,0.99722632755,-0.00277752620727,-0.00138972788168
399,0.998198926246,-0.00180269763714,-0.000901755155492
400,0.998441230227,-0.00155998591812,-0.000780297232674
401,0.998132951066,-0.00186879404261,-0.000934833706203
402,0.99809735915,-0.00190445317018,-0.000952680096761
403,0.999616781726,-0.000383291720913,-0.000191664225697
404,0.998502085089,-0.00149903790685,-0.000749799912947
405,0.999110531913,-0.00088986389857,-0.000445030946187
406,0.998873355925,-0.00112727921581,-0.000563798482559
407,1.0019661555,0.00196422514543,0.000981630458008
408,0.998255119691,-0.00174640438542,-0.000873583544738
409,0.999029075806,-0.00097139584644,-0.000485815893555
410,0.998537103277,-0.0014639678008,-0.000732251865993
411,0.999129617463,-0.000870761539345,-0.000435475561636
412,0.996905604809,-0.00309919273155,-0.00155079761063
413,0.998219935038,-0.00178165116029,-0.000891222483101
414,0.997602400466,-0.00240047837799,-0.00120095976431
415,0.998058045621,-0.00194384241741,-0.000972393677177
416,0.996633429805,-0.00337224984369,-0.00168754722976
417,0.997777034553,-0.00222543990254,-0.0011133392538
418,0.997576300683,-0.00242664123108,-0.00121405698678
419,0.997622393543,-0.00238043745193,-0.00119092731737
420,0.999178493246,-0.000821844375147,-0.000411006627661
421,0.997619997511,-0.00238283919692,-0.00119212962074
422,0.996466966075,-0.00353928982845,-0.00177121165984
423,0.997093880639,-0.00291035032455,-0.0014562344434
424,0.997350035037,-0.00265348233583,-0.00132762167834
425,1.000808423,0.00080809640072,0.000403966583879
426,0.997568408394,-0.00243455272566,-0.00121801754441
427,0.999610439598,-0.0003896363006,-0.000194837128588
428,0.998659159735,-0.0013417399958,-0.000671095081507
429,0.998744651382,-0.0012561372279,-0.000628265890341
430,0.996727072425,-0.00327829531757,-0.00164049179562
431,0.997939094951,-0.00206303163595,-0.00103204801339
432,0.995426820034,-0.00458366894408,-0.00229446273212
433,0.999744784311,-0.000255248262174,-0.000127632275393
434,0.998594525723,-0.00140646288265,-0.000703478766526
435,1.00005591593,5.59143628438e-05,2.79567906236e-05
436,0.998625314923,-0.00137563082359,-0.000688052011058
437,0.998834343234,-0.00116633667247,-0.000583338411948
438,0.999192883909,-0.000807441984562,-0.000403802498569
439,0.998255568028,-0.00174595526549,-0.000873358788626
440,0.996948706595,-0.00305595809241,-0.00152914700098
441,0.998191935791,-0.00180970073002,-0.000905259865607
442,0.997483848849,-0.00251932197895,-0.00126045469561
443,0.999212446359,-0.000787863924461,-0.000394009563615
444,0.997023475634,-0.00298096302425,-0.00149159283176
445,0.997180316804,-0.00282366599142,-0.00141283010111
446,0.998933990274,-0.00106657831879,-0.000533431383338
447,0.99785209082,-0.00215021924541,-0.00107568776023
448,0.996931109612,-0.00307360908868,-0.00153798603361
449,0.998499430393,-0.00150169658926,-0.000751130251776
450,0.998091438759,-0.00191038486484,-0.000955648773998
451,0.996931962108,-0.00307275396851,-0.00153755781603
452,0.997331479901,-0.00267208694526,-0.00133693637632
453,0.995777977649,-0.0042309602531,-0.00211771933336
454,0.998152128555,-0.00184958086563,-0.000925218183335
455,0.995837209653,-0.00417147887984,-0.00208791610748
456,1.00033441128,0.000334355373891,0.000167163713535
457,0.997570471293,-0.0024324848007,-0.00121698232308
458,0.997256743714,-0.00274702590907,-0.00137445665546
459,0.998643254608,-0.00135766660467,-0.000679063761806
460,0.997528292429,-0.00247476728308,-0.00123814951654
461,0.998600003675,-0.00140097723574,-0.000700734017317
462,0.997762498429,-0.00224000851788,-0.00112063169793
463,0.998982181422,-0.00101833690704,-0.000509298101783
464,0.997674199178,-0.00232850969807,-0.00116493285681
465,0.997810921616,-0.00219147791845,-0.00109633950048
466,0.997183426058,-0.00282054794998,-0.00141126887897
467,0.998837322373,-0.0011633540607,-0.000581846237238
468,0.99734537726,-0.00265815249949,-0.001329959863
469,0.997502304556,-0.00250081988902,-0.00125119203297
470,0.998054569416,-0.0019473253918,-0.000974136859301
471,0.998338299401,-0.00166308275453,-0.000831887203648
472,0.998436605296,-0.00156461808119,-0.000782615124126
473,0.996822018402,-0.00318304210625,-0.00159278819489
474,0.999460742311,-0.000539403140553,-0.000269737943015
475,0.997233783237,-0.00277004981132,-0.00138598449562
476,0.998442456879,-0.00155875735212,-0.000779682470541
477,0.997162648426,-0.00284138448626,-0.00142170190444
478,0.997996722466,-0.00200528677778,-0.00100314620381
479,0.997969944409,-0.00203211894667,-0.00101657583663
480,0.999008404948,-0.000992087008098,-0.000496166553973
481,0.998423571862,-0.00157767200845,-0.000789147217171
482,0.997969713362,-0.00203235046372,-0.00101669171284
483,0.99777480736,-0.00222767205995,-0.0011144565757
484,0.995852960178,-0.00415566263932,-0.00207999150707
485,0.998428755003,-0.00157248069732,-0.000786549516622
486,0.997835418353,-0.00216692773985,-0.00108405102894
487,0.996698674396,-0.00330678700253,-0.00165476110993
488,0.998582594944,-0.00141841052462,-0.000709456807823
489,1.00048712445,0.000487005839024,0.000243473275082
490,0.999185211243,-0.000815120878076,-0.000407643503078
491,0.996683808146,-0.00332170260433,-0.00166223127956
492,0.998276225053,-0.00172526235657,-0.000863003351567
493,0.99871748409,-0.00128333903779,-0.000641875432822
494,0.997483897066,-0.00251927364093,-0.00126043049614
495,0.997896344748,-0.0021058710425,-0.00105349005247
496,0.997772683995,-0.00222980016293,-0.0011155218136
497,0.998553321633,-0.00144772581674,-0.000724124960351
498,0.99814517543,-0.00185654688674,-0.00092870442251
499,0.998639327601,-0.00136159895391,-0.000681031273518
500,0.998800994821,-0.00119972456072,-0.000600042233718
501,0.996984437786,-0.00302011818344,-0.00151119980506
502,0.998243486,-0.00175805847909,-0.000879415698976
503,0.998477246495,-0.00152391407215,-0.00076224739908
504,0.998414718584,-0.00158653930392,-0.000793584373542
505,0.996411951285,-0.00359450120115,-0.00179886662342
506,0.998054583217,-0.00194731156452,-0.000974129938929
507,0.998172454554,-0.00182921744492,-0.000915027104562
508,0.996138969968,-0.0038685030508,-0.00193612339658
509,0.99747093925,-0.00253226422625,-0.00126693399678
510,0.99913345967,-0.000866915992618,-0.000433551952801
511,0.999535668579,-0.000464439256133,-0.000232246593132
512,0.996459722985,-0.00354655862594,-0.00177485250249
513,0.99681479186,-0.00319029171319,-0.00159641877849
514,0.998621948579,-0.00137900180744,-0.000689738664111
515,0.997998972224,-0.00200303250729,-0.00100201793851
516,0.998946150406,-0.00105440528398,-0.000527341637726
517,0.997442671571,-0.00256060397919,-0.00128112192607
518,0.994661020048,-0.00535328323794,-0.00268022702238
519,0.996407356474,-0.00359911256807,-0.00180117645716
520,0.997853610215,-0.00214869658125,-0.00107492560948
521,0.999339397842,-0.000660820452011,-0.000330464817477
522,0.997977859649,-0.00202418763686,-0.00101260615821
523,0.998906690657,-0.0010939074416,-0.00054710332726
524,0.998556370504,-0.00144467253335,-0.000722597214345
525,0.998949280896,-0.0010512714962,-0.000525773918778
526,0.997763281873,-0.00223922331762,-0.00112023865792
527,0.999612900681,-0.000387174261574,-0.000193605869985
528,0.999650374149,-0.000349686984269,-0.000174858778149
529,0.997043427026,-0.00296095226936,-0.0014815725805
530,0.998321084432,-0.00168032652651,-0.000840516299272
531,0.999601435568,-0.000398643880346,-0.000199341806111
532,0.998072597537,-0.00192926229294,-0.000965096552729
533,0.997244465036,-0.00275933843941,-0.00138062140113
534,0.996184369091,-0.00382292899943,-0.00191329251252
535,0.99927322838,-0.000727035846849,-0.000363584004072
536,0.996651784588,-0.00335383322879,-0.00167832342532
537,1.00016718517,0.000167171199853,8.35821067476e-05
538,0.997918087144,-0.00208408304912,-0.00104258463846
539,0.997074722947,-0.00292956403858,-0.00146585533647
540,0.997658438936,-0.00234430680488,-0.00117284064273
541,0.99619787462,-0.00380937183246,-0.00190650098265
542,0.997132327162,-0.0028717924896,-0.00143692763741
543,0.997946178248,-0.00205593373608,-0.00102849540707
544,0.995629565446,-0.00438001282057,-0.00219240622588
545,0.996450873364,-0.00355543972739,-0.00177930094442
546,0.999068381195,-0.000932053031454,-0.000466135122954
547,0.998633468358,-0.0013674661982,-0.000683966897856
548,0.997887529668,-0.00211470474452,-0.00105791156635
549,0.998926009677,-0.00107456746394,-0.000537428094728
550,0.996947315574,-0.00305735337145,-0.00152984570754
551,0.996686886797,-0.0033186137149,-0.00166068426882
552,0.997880488638,-0.00212176070511,-0.00106144328517
553,0.996837499289,-0.00316751198486,-0.0015850107963
554,0.998673528419,-0.00132735212311,-0.000663896343242
555,0.999404551987,-0.000595625362521,-0.00029785703186
556,0.997110212781,-0.00289397071613,-0.0014480327465
557,0.997247570397,-0.00275622450202,-0.00137906228407
558,0.998664045501,-0.00133684768135,-0.000668647285674
559,0.997273904035,-0.00272981853172,-0.00136584117846
560,0.998460005446,-0.00154118156461,-0.00077088776366
561,0.997569492305,-0.0024334661736,-0.00121747360681
562,0.999343682745,-0.000656532725773,-0.000328320248185
563,0.99820903907,-0.00179256661823,-0.000896685091027
564,0.99883212877,-0.00116855372325,-0.000584447584598
565,0.999673551827,-0.000326501468536,-0.000163264060394
566,0.997395827392,-0.00260756936381,-0.00130463497865
567,0.996705275133,-0.0033001644246,-0.00165144434706
568,0.997366055479,-0.00263741945633,-0.00131957960817
569,0.997286589372,-0.002717098599,-0.00135947254564
570,0.998017086927,-0.00198488164777,-0.000992933456236
571,0.998629984289,-0.00137095504104,-0.000685712513929
572,0.998102527243,-0.0018992752391,-0.000950088668122
573,0.99921784364,-0.000782462403804,-0.00039130774281
574,0.997535505468,-0.00246753639779,-0.00123452960398
575,0.997206727217,-0.00279718124957,-0.00139956910877
576,0.99903485332,-0.000965612733915,-0.000482922936711
577,0.997572426958,-0.00243052437511,-0.00121600091787
578,1.00006107501,6.10731437413e-05,3.05361056343e-05
579,0.996587267338,-0.00341856931762,-0.00171074631851
580,0.999482380073,-0.000517753938078,-0.000258910480573
581,0.999459851276,-0.000540294656689,-0.00027018382142
582,0.998352034061,-0.00164932532847,-0.00082500279198
583,0.99720316764,-0.00280075080394,-0.00140135638546
584,0.996034086981,-0.00397379810656,-0.00198887424516
585,0.997182796178,-0.00282117960996,-0.00141158515473
586,1.00007299223,7.29895662732e-05,3.64941172101e-05
587,0.996871698757,-0.00313320460632,-0.0015678300656
588,0.998754969362,-0.00124580633233,-0.000623097210632
589,0.996709315191,-0.00329611101935,-0.00164941429951
590,0.99790405466,-0.00209814490791,-0.00104962292294
591,0.998385601968,-0.00161570257705,-0.000808177688265
592,0.995239855619,-0.00477150995081,-0.00238860315337
593,0.996491759483,-0.00351440882342,-0.00175874920009
594,0.997418580129,-0.00258475747999,-0.00129321422128
595,0.998465912536,-0.0015352653813,-0.000767927396028
596,0.998872202226,-0.00112843421636,-0.000564376308595
597,0.997658900256,-0.0023438444025,-0.0011726091704
598,0.998327295458,-0.00167410507386,-0.000837402963171
599,0.99777038835,-0.00223210093485,-0.0011166734835
600,0.997090886789,-0.0029133529054,-0.00145773792118
601,0.996903832028,-0.0031009710167,-0.00155168813247
602,0.998588080377,-0.00141291732028,-0.000706708260832
603,0.999236872674,-0.000763418656292,-0.000381782188422
604,0.999405184631,-0.000594992341385,-0.000297540427067
605,0.999448962086,-0.000551189790882,-0.000275632875203
606,0.998761819622,-0.00123894755712,-0.000619665692067
607,0.997693294769,-0.00230936977365,-0.00115535179208
608,0.998595773938,-0.00140521291163,-0.000702853341547
609,0.998735001526,-0.00126579926002,-0.000633099953242
610,0.99794454174,-0.00205757361396,-0.00102931618965
611,0.997555287147,-0.00244770604231,-0.00122460223487
612,0.99802179235,-0.00198016688737,-0.000990573738095
613,0.997929672346,-0.00207247374481,-0.00103677395133
614,0.99909266335,-0.000907748529266,-0.000453977281142
615,0.997167681737,-0.00283633686582,-0.0014191745093
616,0.99821427695,-0.00178731935451,-0.00089405911004
617,0.998613396087,-0.00138756613755,-0.000694023791917
618,0.998649176653,-0.00135173653161,-0.000676096716228
619,0.998657363822,-0.0013435383217,-0.000671994848289
620,0.997812753852,-0.00218964166435,-0.00109542036728
621,0.99892043818,-0.00108014496662,-0.000540218348714
622,0.998483083798,-0.00151806788401,-0.000759322081165
623,0.998200826665,-0.00180079379105,-0.000900802374499
624,0.99819416512,-0.0018074673651,-0.000904142172883
625,0.996373939915,-0.00363265017618,-0.00181797560565
626,0.99750994455,-0.00249316079391,-0.00124735770125
627,0.99777370703,-0.00222877484411,-0.00111500858244
628,0.998133961496,-0.00186778172268,-0.00093432707319
629,1.00032363033,0.000323577972657,0.000161775899196
630,0.99573448205,-0.00427464122458,-0.00213960631012
631,0.997235583894,-0.00276824416079,-0.00138508041947
632,0.997963372561,-0.00203870418523,-0.00101987180853
633,0.998973988789,-0.00102653792108,-0.00051340070559
634,0.995834718312,-0.00417398063833,-0.00208916959924
635,0.999658053699,-0.00034200477805,-0.000171017010767
636,0.996640861409,-0.0033647931636,-0.00168381260492
637,0.998446523242,-0.00155468465417,-0.000777644535933
638,0.997231592568,-0.00277224655927,-0.00138708439253
639,0.998594519845,-0.00140646876903,-0.000703481711785
640,0.998294202928,-0.00170725360067,-0.000853991243386
641,0.997585201299,-0.00241771902984,-0.0012095904801
642,0.998229708262,-0.00177186055621,-0.000886322830249
643,0.99803509999,-0.00196683295804,-0.000983900191554
644,0.998886256983,-0.00111436368932,-0.000557337099299
645,0.999741780259,-0.000258253085502,-0.000129134879942
646,0.998080823054,-0.00192102092528,-0.00096097190054
647,0.996595225992,-0.00341058344179,-0.00170674655768
648,0.998279172395,-0.00172230992945,-0.00086152586512
649,0.998289377492,-0.00171208729321,-0.000856410156542
650,0.999121201573,-0.000879184796386,-0.000439689033091
651,0.99878451591,-0.00121622338982,-0.000608296632314
652,0.999011229587,-0.000989259568627,-0.000494752133797
653,0.996330056478,-0.00367669428619,-0.00184003793914
654,0.998757734837,-0.00124303741439,-0.000621711889966
655,0.997507623218,-0.00249548792373,-0.00124852271823
656,1.00119895808,0.0011982399032,0.000598940515078
657,0.999226418064,-0.00077388130499,-0.000387015523686
658,0.998263194425,-0.00173831557034,-0.000869535612253
659,0.999316722592,-0.000683510948167,-0.000341813879139
660,0.998114453954,-0.00188732592575,-0.000944108352858
661,0.998598674006,-0.00140230876912,-0.000701400250756
662,0.998024118318,-0.00197783631132,-0.000989407296445
663,0.998545148339,-0.00145591098499,-0.0007282205164
664,0.998966050769,-0.00103448412495,-0.000517375855215
665,0.998083416125,-0.00191842287237,-0.000959671626604
666,1.00008089039,8.08871190804e-05,4.04427417106e-05
667,0.997730032086,-0.00227254819687,-0.00113691990243
668,0.998141577305,-0.00186015170506,-0.000930508507198
669,0.998958383931,-0.00104215892795,-0.000521215249461
670,0.998425595363,-0.00157564531403,-0.000788133070794
671,0.998047681029,-0.00195422722931,-0.000977591145686
672,0.997619406645,-0.00238343147255,-0.00119242611163
673,0.998556761789,-0.001444280682,-0.000722401147114
674,0.998174412875,-0.00182725554003,-0.000914045254996
675,0.997081808974,-0.00292245724738,-0.00146229673843
676,0.998507323079,-0.00149379207281,-0.000747175032706
677,0.995901738085,-0.00410668280578,-0.00205545095198
678,0.998673444329,-0.00132743632442,-0.00066393847185
679,0.996906071432,-0.00309872466048,-0.00155056321218
680,0.996480458693,-0.00352574946313,-0.00176442950872
681,0.99644353283,-0.00356280643361,-0.00178299085812
682,0.997666415437,-0.00233631161517,-0.00116883836733
683,0.998511461462,-0.00148964751229,-0.000745101206237
684,0.998960504028,-0.0010400366227,-0.000520153544311
685,0.99868423672,-0.00131662965664,-0.000658531565082
686,0.997623923695,-0.00237890365403,-0.00119015950539
687,0.997000246662,-0.00300426161638,-0.00150325957179
688,0.996720148425,-0.00328524207803,-0.00164397087995
689,0.996457619514,-0.00354866957274,-0.00177590984976
690,0.997624665525,-0.00237816005733,-0.00118978726461
691,0.998062325793,-0.00193955392651,-0.000970247348977
692,0.998230351403,-0.00177121627484,-0.000886000404099
693,0.998394751365,-0.00160653842714,-0.000803591920684
694,0.997240257079,-0.00276355803268,-0.00138273411283
695,0.997135170746,-0.00286894073139,-0.00143549971044
696,0.997031302615,-0.00297311270775,-0.00148766182648
697,1.00085046701,0.000850105564388,0.000424962460058
698,0.998497370667,-0.00150375941314,-0.000752162438974
699,0.996966576969,-0.00303803318438,-0.00152017088228
700,0.998188887495,-0.00181275455238,-0.000906788160201
701,0.996400292013,-0.00360620252614,-0.00180472782762
702,0.999943003097,-5.69985272004e-05,-2.8499669708e-05
703,0.998452214671,-0.00154898438653,-0.000774792189786
704,0.996120541302,-0.00388700331712,-0.001945391482
705,0.998619008543,-0.00138194590483,-0.000691211729219
706,0.99997920009,-2.08001259017e-05,-1.04001170316e-05
707,0.997720553813,-0.00228204807954,-0.00114167525536
708,0.996758265085,-0.00324700072088,-0.00162481895063
709,0.998377047163,-0.00162427125169,-0.000812465497278
710,0.997317991827,-0.00268561120058,-0.00134370756741
711,0.999643623679,-0.000356439838131,-0.000178235801179
712,0.998277668638,-0.00172381628024,-0.00086227968968
713,0.997806235194,-0.00219617463308,-0.00109869043516
714,0.997795074674,-0.00220735975275,-0.00110428915514
715,0.997560871997,-0.00244210752195,-0.00122179955064
716,0.999646072797,-0.000353989849941,-0.000177010589496
717,0.997773686727,-0.00222879519318,-0.00111501876832
718,0.996569293649,-0.00343660471789,-0.00171977948637
719,0.99779190686,-0.00221053457273,-0.00110587831935
720,0.999369905894,-0.000630292698234,-0.000315196012945
721,0.996925212374,-0.00307952449749,-0.0015409482913
722,0.999658205347,-0.00034185307817,-0.000170941147858
723,0.998019258189,-0.00198270607456,-0.000991844590122
724,0.997418280897,-0.00258505748666,-0.00129336441861
725,0.997120462892,-0.00288369095079,-0.00144288543434
726,0.999194602779,-0.000805721728,-0.000402942023336
727,0.997588543004,-0.00241436924155,-0.00120791356142
728,0.99865820223,-0.00134269878702,-0.000671574798955
729,0.995902038957,-0.00410638069526,-0.00205529958624
730,0.996824835473,-0.00318021605794,-0.00159137292109
731,0.999605925905,-0.000394151762108,-0.000197095301781
732,0.998939226576,-0.00106133644185,-0.000530809050215
733,0.998571419515,-0.0014296018791,-0.000715056470623
734,0.997139292592,-0.00286480705169,-0.00143342990578
735,0.998821650866,-0.00117904393296,-0.000589695768704
736,0.999741163548,-0.000258869956043,-0.00012944335509
737,0.999339920339,-0.000660297609112,-0.000330203309671
738,0.997871059654,-0.00213120976054,-0.00106617283887
739,0.997826113561,-0.00217625276056,-0.00108871860458
740,0.998746376856,-0.0012544095868,-0.000627401527454
741,0.997718631423,-0.00228397486326,-0.00114263974756
742,0.998428985012,-0.00157225032622,-0.000786434240481
743,0.998698968229,-0.00130187884785,-0.00065115133097
744,0.997867134209,-0.00213514358895,-0.00106814185208
745,0.997435252596,-0.00256804200276,-0.00128484570929
746,0.997718810031,-0.00228379584622,-0.00114255013677
747,0.999564185864,-0.000435909130228,-0.000217978318936
748,0.998388810223,-0.00161248913901,-0.000806569672024
749,0.99664035694,-0.00336529933336,-0.00168406611598
750,0.998059851068,-0.00194203345858,-0.000971488318662
751,0.999263549458,-0.000736721854612,-0.000368428780524
752,0.998752256288,-0.00124852279216,-0.000624456287778
753,0.998511314828,-0.00148979436466,-0.000745174687137
754,0.999397604206,-0.000602577307678,-0.000301334045824
755,0.998307877645,-0.00169355561076,-0.00084713642292
756,0.998689319977,-0.00131153971522,-0.000655984921669
757,0.998874937571,-0.00112569578711,-0.000563006322153
758,0.999364197193,-0.000636005015062,-0.000318053075689
759,0.997212400267,-0.00279149232523,-0.00139672066963
760,0.999317572126,-0.000682660834087,-0.000341388676899
761,0.997632352427,-0.00237045488242,-0.00118593010083
762,0.998005131603,-0.00199686079758,-0.000998928996346
763,0.997959465277,-0.00204261944996,-0.00102183143935
764,0.998375749054,-0.00162557147123,-0.000813116135447
765,0.999961666283,-3.83344521539e-05,-1.91674097694e-05
766,1.00026622319,0.000266187763324,0.000133085025064
767,0.998866689394,-0.00113395328779,-0.000567137405534
768,0.999227791854,-0.000772506451978,-0.000386327831372
769,0.997692453182,-0.00231021330708,-0.00115577404618
770,0.997343568197,-0.00265996637909,-0.00133086800941
771,0.998122628749,-0.00187913572125,-0.00094000939278
772,0.999463970256,-0.000536173459009,-0.000268122667963
773,0.998114352529,-0.00188742754243,-0.000944159209167
774,0.996740064015,-0.00326526115276,-0.00163396404327
775,0.998315153905,-0.00168626704431,-0.000843489059136
776,0.998737960547,-0.00126283649502,-0.000631617633974
777,0.997666568529,-0.00233615816462,-0.00116876155238
778,0.997278744805,-0.00272496454034,-0.00136341087082
779,0.999388148363,-0.000612038894963,-0.000306066276209
780,0.998778661491,-0.00122208495033,-0.000611229199647
781,0.996661723912,-0.00334386056339,-0.00167332873639
782,0.999708892719,-0.000291149660468,-0.000145585426764
783,0.997412802581,-0.00259054999775,-0.00129611422984
784,0.999740501618,-0.000259532057567,-0.000129774448759
785,0.998151616325,-0.00185009404358,-0.000925475009747
786,0.996280585002,-0.00372634922113,-0.00186491139886
787,0.998341548728,-0.00165982802485,-0.000830258486345
788,0.998449269601,-0.00155193402637,-0.000776268153475
789,0.99774968049,-0.00225285528417,-0.00112706229998
790,0.997566819846,-0.00243614514781,-0.0012188147256
791,0.998938322426,-0.00106224155315,-0.00053126184619
792,0.999716225084,-0.000283815187682,-0.0001419176632
793,0.998670064206,-0.00133082094307,-0.000665631906197
794,0.996824482834,-0.00318056981997,-0.0015915500836
795,0.997764126143,-0.00223837715516,-0.00111981510283
796,0.997357136937,-0.00264636159087,-0.00132405658538
797,0.996587658445,-0.00341817687055,-0.00171054975931
798,0.996112833652,-0.00389474101494,-0.00194926786484
799,0.997210717042,-0.00279318025693,-0.00139756581462
800,0.999256548064,-0.000743728433319,-0.000371933366728
801,0.9976845244,-0.0023181604591,-0.00115975222265
802,0.997971487564,-0.00203057265357,-0.00101580190442
803,0.998624703876,-0.00137624271186,-0.000688358165745
804,0.996672459858,-0.00333308871575,-0.00166793381468
805,0.99930056662,-0.000699678097649,-0.000349900249641
806,0.998126097168,-0.00187566078406,-0.00093827029246
807,0.999918050174,-8.19531844662e-05,-4.09774317851e-05
808,0.997762127622,-0.0022403801568,-0.00112081772564
809,0.996801530042,-0.00320359599631,-0.00160308156181
810,0.996355061059,-0.00365159791724,-0.0018274667444
811,0.997472688064,-0.00253051097988,-0.00126605626336
812,0.998432219509,-0.00156901074511,-0.00078481317738
813,0.998398496414,-0.00160278736372,-0.000801714883573
814,0.997999250183,-0.00200275399013,-0.00100187854041
815,0.998146077667,-0.00185564297364,-0.000928252046327
816,0.99895713876,-0.00104340539838,-0.000521838809711
817,0.998576501733,-0.00142451240351,-0.000712509916435
818,0.999753857255,-0.000246173043527,-0.00012309409722
819,0.999746489461,-0.000253542678484,-0.000126779375068
820,0.998158032117,-0.00184366639154,-0.000922258214579
821,0.99757533864,-0.00242760561152,-0.00121453976253
822,0.998061074971,-0.00194080717732,-0.000970874582561
823,0.998731273852,-0.0012695316621,-0.000634967337516
824,0.998605731003,-0.00139524189456,-0.000697864341366
825,1.00011936024,0.000119353121314,5.96747800465e-05
826,0.999465269043,-0.000534873976983,-0.000267472752951
827,0.998578359664,-0.00142265182511,-0.000711578964829
828,0.999919804585,-8.01986309385e-05,-4.01001194577e-05
829,0.999699247695,-0.000300797540038,-0.000150410080481
830,0.997166495137,-0.00283752683728,-0.0014197703396
831,0.997296398064,-0.00270726326838,-0.00135454820701
832,0.999078311413,-0.000922113603218,-0.000461163104633
833,0.997871735604,-0.00213053236896,-0.00106583378203
834,0.999155771839,-0.000844584722534,-0.000422381539239
835,0.996660119008,-0.00334547084412,-0.00167413522435
836,0.997609196672,-0.00239366586209,-0.00119754942139
837,0.996641751426,-0.00336390014737,-0.00168336534507
838,0.996445715451,-0.00356061602577,-0.00178189370206
839,0.997168203812,-0.002835813308,-0.00141891235892
840,0.999156733161,-0.000843622588521,-0.000421900269154
841,0.998330493887,-0.0016709012914,-0.000835799731798
842,0.999479898334,-0.000520236965668,-0.00026015231658
843,0.99845999584,-0.00154119118563,-0.000770892577877
844,0.998638794695,-0.00136213258648,-0.000681298271548
845,0.996382595001,-0.00362396363045,-0.00181362444626
846,0.99721795645,-0.00278592062552,-0.0013939309326
847,0.997639453633,-0.00236333684863,-0.00118236686953
848,0.997637063629,-0.00236573251122,-0.00118356611782
849,0.997926763439,-0.00207538869103,-0.00103823293658
850,0.998980788181,-0.00101973156866,-0.000509995787981
851,0.995961767201,-0.00404640847864,-0.002025252298
852,0.999128562982,-0.000871816939766,-0.000436003491786
853,0.998873642715,-0.00112699210246,-0.000563654844956
854,0.997540422455,-0.00246260727488,-0.00123206200299
855,0.997839147427,-0.00216319058341,-0.00108218042683
856,0.996550518668,-0.00345544451038,-0.00172921562721
857,0.998427886527,-0.00157335054047,-0.000786984780384
858,0.998183212994,-0.0018184393653,-0.000909633148167
859,1.00000102145,1.02145076121e-06,5.10725250091e-07
860,0.997878028491,-0.00212422608055,-0.00106267728208
861,0.997107246127,-0.00289694597237,-0.00144952252987
862,0.998066652126,-0.00193521920287,-0.000968077886633
863,0.997568557152,-0.00243440360513,-0.00121794289333
864,0.996267068345,-0.00373991643274,-0.00187170767854
865,0.99952806175,-0.000472049647533,-0.000236052679817
866,0.999031416739,-0.000969052640767,-0.000484643722222
867,0.997627974114,-0.0023748435961,-0.00118812706243
868,0.998925703312,-0.00107487415852,-0.000537581524441
869,0.997222207835,-0.00278165738898,-0.00139179634528
870,0.995925556747,-0.00408276641229,-0.00204346824739
871,0.996829660557,-0.00317537561611,-0.00158894885164
872,0.99778809343,-0.00221435644839,-0.00110779137227
873,0.998409883539,-0.00159138203843,-0.000796007665292
874,0.99632727732,-0.00367948368565,-0.00184143520614
875,0.998581268101,-0.00141973925191,-0.000710121643027
876,0.998588960728,-0.00141203572534,-0.000706267151945
877,0.99759590317,-0.00240699131118,-0.0012042201471
878,1.00003815737,3.81566371192e-05,1.90781365697e-05
879,0.99921083852,-0.000789473031737,-0.000394814434579
880,0.998458120054,-0.00154306986658,-0.000771832642926
881,0.996960304312,-0.00304432494623,-0.00152332155044
882,0.998756770779,-0.0012440026713,-0.000622194818593
883,0.99970959619,-0.000290445985002,-0.00014523353787
884,0.999422871988,-0.000577294614251,-0.000288688969768
885,0.997501345607,-0.00250178124003,-0.00125167331
886,0.997815300865,-0.00218708907125,-0.00109414267346
887,0.997782010762,-0.00222045261941,-0.00111084283908
888,0.998290246111,-0.00171121718678,-0.000855974730839
889,0.996886565525,-0.00311829129543,-0.00156036174724
890,0.997175832306,-0.00282816317954,-0.00141508187458
891,0.999689733627,-0.000310314516051,-0.000155169295535
892,0.999060073491,-0.000940368516692,-0.000470294812291
893,0.995691229278,-0.00431808022605,-0.00216137251842
894,0.997643448506,-0.002359332531,-0.00118036234543
895,0.996071365464,-0.00393637189235,-0.00197012409547
896,0.998560956746,-0.00144007967104,-0.000720299126433
897,0.997640179149,-0.00236260961613,-0.00118200282342
898,0.997275591591,-0.00272812636378,-0.00136499393923
899,0.999337177024,-0.000663042740435,-0.0003315763295
900,0.998410779259,-0.00159048489174,-0.000795558734979
901,0.996382732737,-0.00362382539431,-0.00181355520284
902,0.99828297151,-0.00171850427261,-0.000859621399179
903,0.999329286435,-0.000670938593488,-0.000335525572861
904,0.998239088096,-0.00176246413169,-0.000881620464902
905,0.997252576573,-0.00275120452231,-0.00137654883593
906,0.999849333766,-0.000150677585063,-7.53416305694e-05
907,0.997913573288,-0.0020886063324,-0.00104484864061
908,0.998666490738,-0.00133439917627,-0.000667422215292
909,0.999010191775,-0.000990298408421,-0.000495271810813
910,0.998588989969,-0.00141200644356,-0.000706252500714
911,0.998224354343,-0.00177722398435,-0.000889006924783
912,0.999734284488,-0.000265750820297,-0.000132884238477
913,0.997542227059,-0.00246079822296,-0.00123115636301
914,0.997813983353,-0.00218840946904,-0.00109480359493
915,0.998046874831,-0.00195503500481,-0.000977995428354
916,0.998717859355,-0.00128296329092,-0.000641687438813
917,0.997916627591,-0.00208554564791,-0.00104331670057
918,1.00119937441,0.00119865573344,0.000599148305649
919,0.997822252466,-0.00218012227405,-0.0010906554696
920,0.99926264309,-0.000737628891381,-0.0003688824661
921,0.996811859276,-0.00319323367239,-0.00159789210747
922,0.997330303736,-0.00267326625874,-0.00133752682157
923,0.998503675327,-0.00149744528442,-0.000749003004976
924,0.997961735486,-0.00204034460221,-0.00102069285387
925,0.997954832654,-0.00204726155611,-0.00102415486685
926,1.0000777885,7.77854788075e-05,3.88919830909e-05
927,0.997740657473,-0.0022618986919,-0.00113158911032
928,0.997854609774,-0.00214769487255,-0.00107442421687
929,0.998201707715,-0.00179991115369,-0.000900360658376
930,0.997967578642,-0.00203448952902,-0.00101776233345
931,0.998771427677,-0.00122932763663,-0.000614852762828
932,0.998019366998,-0.00198259704955,-0.000991790023549
933,0.999429429948,-0.000570732889094,-0.000285407165424
934,0.997459307616,-0.00254392542047,-0.00127277199789
935,0.997872487553,-0.00212977881617,-0.00106545660413
936,0.99914090111,-0.000859468127307,-0.000429826412564
937,0.997284824785,-0.00271886798859,-0.00136035844355
938,0.997749315179,-0.00225322141901,-0.00112724557375
939,0.997593483533,-0.00240941678131,-0.0012054343433
940,0.999381399359,-0.000618792053548,-0.000309443894661
941,0.997381562001,-0.00262187210331,-0.00131179570393
942,0.999158893388,-0.000841460540865,-0.000420818789827
943,0.997526989252,-0.00247607368944,-0.0012388035287
944,0.999452887506,-0.000547262214811,-0.000273668547812
945,0.996381393564,-0.00362516943013,-0.00181422843972
946,0.998964113377,-0.00103642352428,-0.000518346057053
947,0.996768814355,-0.00323641719817,-0.00161951860514
948,0.997405219591,-0.0025981526869,-0.00129992050863
949,0.997146817826,-0.00285726025716,-0.00142965110674
950,0.996682339893,-0.00332317574395,-0.001662969074
951,0.998471102625,-0.00153006733078,-0.000765326378287
952,0.998010711974,-0.00199126928757,-0.000996130452489
953,1.00044662867,0.00044652896191,0.000223239559295
954,0.998898730308,-0.00110187653522,-0.000551090061972
955,0.999854078731,-0.00014593191654,-7.29686203504e-05
956,0.99686498725,-0.00313993719751,-0.00157120164465
957,0.996946250867,-0.00305842133877,-0.00153038050826
958,0.998614768476,-0.00138619184407,-0.000693336168515
959,0.999290299418,-0.000709952538456,-0.000355039280759
960,0.997534882003,-0.00246816140326,-0.00123484249256
961,0.999810555132,-0.000189462814993,-9.47358946581e-05
962,1.00077287377,0.000772575261761,0.000386213031419
963,0.998240298373,-0.00176125172038,-0.000881013724989
964,0.999839786826,-0.000160226009248,-8.01162137563e-05
965,0.998228938911,-0.00177263127226,-0.000886708529902
966,0.997930436283,-0.00207170822292,-0.00103639079362
967,0.998991536947,-0.0010089718938,-0.000504613221335
968,0.999827133922,-0.000172881020634,-8.64442464052e-05
969,0.998283682307,-0.00171779225356,-0.000859265083683
970,0.999008593026,-0.000991898742782,-0.000496072374614
971,0.998644360293,-0.00135655941812,-0.000678509792762
972,1.00118528857,0.00118458667455,0.0005921179662
973,0.997562990385,-0.00243998395593,-0.0012207364709
974,0.999703711812,-0.000296332090378,-0.000148177022319
975,0.998344303254,-0.0016570689262,-0.000828877792594
976,0.999345510382,-0.000654703889784,-0.000327405530387
977,1.0001717842,0.000171769448195,8.58810361103e-05
978,0.998241242319,-0.00176030611149,-0.000880540504109
979,1.00031427924,0.000314229866297,0.000157102591244
980,0.998152580101,-0.00184912848343,-0.000924991782988
981,0.999391257675,-0.000608927683986,-0.000304510195813
982,0.998216803502,-0.00178478828579,-0.00089279244502
983,0.998189612915,-0.00181202781647,-0.000906424462816
984,0.998933205441,-0.00106736398886,-0.000533824428002
985,0.998768509847,-0.00123224905968,-0.000616314373547
986,0.997560161679,-0.00244281957668,-0.00122215601306
987,0.997890512458,-0.00211171564502,-0.00105641543661
988,1.00013089001,0.000130881440897,6.54385792511e-05
989,0.998489793929,-0.00151134758143,-0.000755959384086
990,0.999541632317,-0.000458472765882,-0.000229262659608
991,0.997252162125,-0.00275162011187,-0.00137675691677
992,0.999112606668,-0.000887787298374,-0.000443992184552
993,0.998670853799,-0.00133003029891,-0.000665236321052
994,0.997202166229,-0.00280175502388,-0.00140185919919
995,0.997267030077,-0.00273671130366,-0.00136929227759
996,0.99830835501,-0.00169307743756,-0.00084689713381
997,0.999321307941,-0.000678922474889,-0.00033951886093
998,0.997986928658,-0.002015100294,-0.00100805789616
999,0.997582000071,-0.00242092801146,-0.00121119691298
1000,0.999379447923,-0.000620744699067,-0.000310420520015
1001,0.997001934766,-0.00300256843476,-0.00150241170869
1002,0.999080590398,-0.000919832518173,-0.000460022036785
1003,0.998331222051,-0.00167017190986,-0.000835434736286
1004,0.998444587861,-0.00155662304839,-0.000778614487206
1005,0.99912700314,-0.000873378143774,-0.00043678443444
1006,0.998934447079,-0.00106612102584,-0.000533202614925
1007,0.998571423188,-0.00142959820044,-0.000715054629975
1008,0.998319649904,-0.00168176346807,-0.000841235374199
1009,0.996895598281,-0.00310923036975,-0.00155582422551
1010,0.998281545989,-0.00171993224668,-0.000860336000228
1011,0.998764980035,-0.00123578323087,-0.000618082549784
1012,0.997885226193,-0.00211701309909,-0.00105906696532
1013,0.997208990454,-0.00279491167541,-0.00139843273412
1014,0.996424490563,-0.00358191684832,-0.00179256314806
1015,0.998345136619,-0.00165623417972,-0.000828460073487
1016,0.999162759376,-0.000837591305325,-0.000418883359805
1017,1.00029897271,0.00029892802409,0.000149452842856
1018,0.998065198768,-0.00193667537729,-0.000968806678954
1019,0.998510561362,-0.00149054895399,-0.000745552263025
1020,0.998675596076,-0.00132528172206,-0.000662860455986
1021,0.997509248628,-0.0024938584532,-0.00124770696608
1022,1.00105724411,0.00105668562489,0.000528203263961
1023,1.00007823298,7.82299211672e-05,3.91141956034e-05
1024,0.998526038059,-0.00147504929118,-0.000737796683765
1025,0.998506916224,-0.00149419953609,-0.000747378916591
1026,0.998664305054,-0.00133658778173,-0.000668517248979
1027,1.00007576986,7.57669908965e-05,3.78827778778e-05
1028,0.997519585822,-0.00248349550187,-0.00124251903889
1029,0.998763668757,-0.00123709613134,-0.000618739405972
1030,0.998819922415,-0.00118077442532,-0.000590561525492
1031,0.99927366051,-0.000726603402162,-0.000363367703137
1032,0.996696531201,-0.00330893729866,-0.00165583803769
1033,1.00088405515,0.000883664608283,0.000441734710623
1034,0.997845404976,-0.00215691950375,-0.0010790414987
1035,0.997901673609,-0.00210053096251,-0.00105081720318
1036,0.996533077321,-0.00347294638204,-0.00173798173365
1037,0.996932479675,-0.00307223480874,-0.00153729783706
1038,1.00005507097,5.50694528556e-05,2.75343473507e-05
1039,0.997630711607,-0.00237209959842,-0.00118675343443
1040,0.999105463994,-0.00089493634228,-0.000447568299957
1041,0.99921296752,-0.000787342352422,-0.000393748674878
1042,0.999749640491,-0.000250390854531,-0.00012520326454
1043,0.996249512869,-0.00375753784236,-0.0018805349133
1044,0.998315757877,-0.00168566205285,-0.000843186308302
1045,0.997651197808,-0.00235156495463,-0.00117647398053
1046,0.997835346811,-0.0021669994375,-0.00108408691663
1047,0.997181753442,-0.00282222529214,-0.00141210873399
1048,0.997449376517,-0.00255388186477,-0.00127775656859
1049,0.998136712346,-0.00186502573427,-0.000932947792438
1050,0.999139618195,-0.00086075214577,-0.000430468697955
1051,0.999672527897,-0.000327525733811,-0.000163776276776
1052,0.995424948629,-0.00458554894895,-0.0022954048918
1053,0.998982942737,-0.00101757481707,-0.000508916862804
1054,0.999131284675,-0.000869092877264,-0.000434640867613
1055,0.997882773132,-0.00211947136133,-0.00106029739893
1056,0.99921438635,-0.000785922405961,-0.000393038422349
1057,0.998564214102,-0.0014368176264,-0.000718666930618
1058,1.00028220843,0.00028216862115,0.000141074358652
1059,0.995926836814,-0.00408148110957,-0.002042824283
1060,0.998233714942,-0.00176784677853,-0.000884314164673
1061,0.997138275468,-0.00286582709467,-0.00143394065848
1062,0.999993827813,-6.17220645376e-06,-3.08610798894e-06
1063,0.999304416927,-0.000695825103383,-0.000347973080283
1064,0.999749209365,-0.000250822088,-0.000125418908294
1065,0.997999983559,-0.0020020191448,-0.0010015107497
1066,0.997198525316,-0.0028054061583,-0.00140368732726
1067,0.997952404596,-0.0020496945938,-0.00102537263234
1068,0.9991273563,-0.000873024675583,-0.000436607623166
1069,0.999023426323,-0.000977050835327,-0.000488644765639
1070,0.9994248287,-0.000575336774085,-0.000287709767561
1071,0.996957352825,-0.00304728543624,-0.00152480405143
1072,0.999673300856,-0.000326752521327,-0.000163389607291
1073,0.997193952531,-0.0028099918004,-0.00140598336935
1074,0.997757729226,-0.0022447884275,-0.00112302433386
1075,0.999940451019,-5.95507538421e-05,-2.97758202119e-05
1076,0.998256120824,-0.00174540150305,-0.000873081665627
1077,0.997798784214,-0.00220364202267,-0.0011024282391
1078,0.999152840822,-0.000847518219669,-0.00042384890841
1079,0.997226788727,-0.00277706374778,-0.00138949633061
1080,0.998244246342,-0.00175729680004,-0.000879034524605
1081,0.998172486164,-0.00182918577645,-0.000915011255836
1082,0.997374184753,-0.00262926874631,-0.00131549888372
1083,0.998590744874,-0.00141024905997,-0.000705373188729
1084,0.997394620723,-0.0026087791838,-0.00130524067801
1085,0.998604292708,-0.00139668219854,-0.000698584996186
1086,0.998190812909,-0.00181082564611,-0.000905822832981
1087,0.997127843583,-0.00287628897275,-0.00143917911208
1088,0.997413263526,-0.002590087857,-0.00129588286
1089,0.997195863682,-0.00280807527349,-0.00140502375905
1090,0.99951382202,-0.000486296202678,-0.000243177664234
1091,0.997770507573,-0.00223198144557,-0.00111661367215
1092,0.998132800883,-0.00186894450634,-0.0009349090084
1093,0.99778248124,-0.00221998109512,-0.00111060681506
1094,0.999301493831,-0.00069875023832,-0.000349436157755
1095,0.998213970881,-0.00178762597062,-0.000894212555175
1096,0.997042092779,-0.00296229047443,-0.00148224267457
1097,0.997417914108,-0.00258542522494,-0.00129354852558
1098,0.997978296668,-0.00202374973265,-0.00101238698442
1099,1.00043073299,0.000430640252027,0.000215296946299
1100,0.998428352792,-0.00157288354125,-0.000786751097037
1101,0.998629879428,-0.00137106004556,-0.000685765052192
1102,0.998663268909,-0.00133762531326,-0.000669036361682
1103,0.997600277168,-0.00240260678134,-0.00120202524462
1104,0.998469059946,-0.00153211314045,-0.000766350066502
1105,0.999241662196,-0.000758625487495,-0.000379384691923
1106,0.998153240505,-0.0018484668572,-0.000924660663929
1107,0.996371955197,-0.00363464211918,-0.00181897338829
1108,0.999177933738,-0.000822404344078,-0.000411286727241
1109,0.998692224864,-0.00130863102028,-0.000654529621228
1110,0.999690030102,-0.000310017948613,-0.000155020988819
1111,0.997432936267,-0.00257036429048,-0.00128600834572
1112,0.99765212678,-0.00235063379651,-0.00117600785383
1113,0.99882389153,-0.00117680062795,-0.000588573455395
1114,0.997575545665,-0.00242739808378,-0.00121443587264
1115,0.999117982798,-0.000882406408301,-0.0004413005486
1116,0.99919403091,-0.000806294058023,-0.000403228303697
1117,0.997499005466,-0.0025041272448,-0.0012528477813
1118,0.999355663465,-0.000644544209446,-0.000322324039957
1119,0.998718938645,-0.00128188261521,-0.000641146754374
1120,0.998780819916,-0.00121992388853,-0.000610148008879
1121,0.998113968097,-0.00188781270068,-0.000944351970137
1122,0.998695901117,-0.00130494995973,-0.000652687887966
1123,0.996989953,-0.0030145863029,-0.00150842968873
1124,0.997837944703,-0.00216439591289,-0.00108278374395
1125,0.997103489719,-0.00290071328531,-0.00145140891851
1126,0.997869273804,-0.00213299942275,-0.00106706862442
1127,0.999649343115,-0.000350718379657,-0.00017537456615
1128,0.997175993626,-0.00282800140345,-0.00141500087207
1129,0.998450750211,-0.00155045111788,-0.000775526123937
1130,0.996450513671,-0.00355580070203,-0.0017794817529
1131,0.998612857212,-0.00138810576095,-0.000694293790908
1132,0.998217320268,-0.0017842705966,-0.000892533369365
1133,0.999128847034,-0.000871532640477,-0.000435861280174
1134,0.999146186144,-0.000854178562235,-0.00042718049673
1135,0.997577941995,-0.00242499593255,-0.00121323333912
1136,0.99910939482,-0.000891002004797,-0.000445600252708
1137,0.99866510991,-0.00133578184928,-0.000668114013448
1138,0.998417245907,-0.00158400797182,-0.000792317703884
1139,0.998345730316,-0.00165563949854,-0.000828162486608
1140,0.996899845471,-0.0031049699627,-0.00155369071004
1141,0.997945980553,-0.00205613183755,-0.00102859455968
1142,0.998033268594,-0.00196866796208,-0.000984818596728
1143,0.998250095881,-0.00175143698929,-0.00087610204804
1144,0.998107626369,-0.00189416643184,-0.000947531840844
1145,0.99799432955,-0.00200768450022,-0.00100434626838
1146,0.997023336401,-0.00298110267293,-0.00149166276025
1147,0.999655939846,-0.000344119356306,-0.000172074481269
1148,0.997938723125,-0.00206340423019,-0.00103223450279
1149,0.998751164342,-0.00124961610345,-0.000625003284932
1150,0.998092450811,-0.00190937087799,-0.000955141296193
1151,0.998377742754,-0.0016235745301,-0.000812116853509
1152,0.99776221689,-0.00224029068786,-0.00112077294104
1153,0.998640427632,-0.00136049742481,-0.00068048013403
1154,0.999987701023,-1.22990528033e-05,-6.14954531009e-06
1155,0.997212775641,-0.00279111590172,-0.00139653219501
1156,0.99996254049,-3.74602113424e-05,-1.87302810808e-05
1157,0.997857044237,-0.0021452551785,-0.00107320305996
1158,0.99886814586,-0.00113249517107,-0.000566407933964
1159,0.999383993602,-0.000616196207485,-0.000308145570838
1160,0.998766462509,-0.00123429892487,-0.000617339938344
1161,0.99883741838,-0.00116325794231,-0.000581798150081
1162,0.996647922112,-0.00335770868816,-0.00168026440902
1163,0.99940195186,-0.000598227042123,-0.000299158259971
1164,0.998657818812,-0.00134308271998,-0.00067176689437
1165,0.99575599395,-0.00425303740511,-0.00212878134702
1166,0.997876151986,-0.00212610657792,-0.00106361853038
1167,0.998706907819,-0.00129392894579,-0.00064717379955
1168,0.999256410074,-0.000743866525919,-0.000372002438711
1169,0.998063483562,-0.00193839391065,-0.000969666778464
1170,0.996625907161,-0.00337979792681,-0.00169132764732
1171,0.999167052235,-0.000833294858444,-0.000416734238818
1172,0.997693045795,-0.00230961932337,-0.00115547671111
1173,0.999471845138,-0.000528294384599,-0.000264182082241
1174,0.997766375706,-0.00223612255346,-0.00111868654024
1175,0.99692214224,-0.00308260410533,-0.00154249046916
1176,0.998326411645,-0.00167499036849,-0.000837845981259
1177,1.00004749229,4.7491158459e-05,2.37452973054e-05
1178,0.997804584516,-0.0021978289411,-0.0010995184983
1179,1.00014024472,0.000140234882689,7.01149831743e-05
1180,0.999774541818,-0.00022548360142,-0.000112748156305
1181,0.999205625189,-0.000794690493587,-0.000397424198873
1182,0.99797684534,-0.00202520400241,-0.0010131148557
1183,0.99781948647,-0.00218289431128,-0.00109204300085
1184,0.998915809202,-0.00108477895776,-0.00054253659865
1185,0.997664626146,-0.00233810509268,-0.00116973615463
1186,1.00014210475,0.000142094653778,7.10448030876e-05
1187,0.997530013515,-0.00247304193395,-0.00123728577423
1188,0.999769243954,-0.000230782674473,-0.000115397995073
1189,0.999002167746,-0.000998330420168,-0.000499289813769
1190,0.998952203855,-0.00104834546694,-0.000524310136006
1191,0.997773709745,-0.00222877212301,-0.00111500722037
1192,0.99759590654,-0.00240698793251,-0.00120421845573
1193,0.998267899219,-0.00173360260227,-0.000867177081951
1194,0.99858128754,-0.00141971978524,-0.000710111902783
1195,0.997620434184,-0.00238240148232,-0.00119191050256
1196,1.00100371948,0.00100321609139,0.000501482261412
1197,0.998437181859,-0.00156404061509,-0.000782326165151
1198,0.998521905985,-0.00147918747344,-0.000739867303607
1199,0.997660447469,-0.00234229356037,-0.00117183284037
1200,0.999137967688,-0.000862404075086,-0.000431295018505
1201,0.998228245629,-0.00177332578461,-0.000887056094052
1202,0.995994755041,-0.00401328743491,-0.0020086583743
1203,0.997673212112,-0.00232949906572,-0.00116542811703
1204,0.996469489118,-0.00353675784316,-0.00176994342566
1205,0.99797488489,-0.00202716842773,-0.00101409806394
1206,0.997700352943,-0.00230229530649,-0.00115181047801
1207,0.998678362354,-0.00132251177933,-0.000661474567537
1208,0.999175939259,-0.000824400465331,-0.000412285198856
1209,0.998819308625,-0.00118138894023,-0.000590868964448
1210,0.997654414668,-0.00234834052653,-0.00117485987105
1211,0.997653987035,-0.00234876916531,-0.00117507444226
1212,0.9985251405,-0.00147594817625,-0.000738246458001
1213,0.995834251462,-0.00417444944031,-0.00208940448997
1214,0.995953839385,-0.00405436847062,-0.00202924036242
1215,0.998234945765,-0.00176661377897,-0.000883697119905
1216,0.999437227268,-0.000562931148404,-0.000281505189353
1217,0.998219553665,-0.00178203321304,-0.00089141367974
1218,0.998865686089,-0.00113495773154,-0.000567639912364
1219,0.998143765188,-0.00185795975031,-0.000929411510609
1220,0.996668168133,-0.00333739477843,-0.00167009043946
1221,0.999629849263,-0.000370219259462,-0.000185126763576
1222,0.999905190772,-9.48137231596e-05,-4.74079853028e-05
1223,0.998084809646,-0.00191702667631,-0.000958972858874
1224,0.998178612712,-0.00182304803052,-0.000911939579532
1225,0.99873420855,-0.00126659324021,-0.000633497194748
1226,0.997786929864,-0.00221552259481,-0.00110837509158
1227,0.99960668048,-0.000393396890349,-0.000196717791582
1228,0.999270223423,-0.000730042993858,-0.000365088125382
1229,0.999952789818,-4.72112961864e-05,-2.36059267087e-05
1230,0.998668016275,-0.00133287160386,-0.000666657919607
1231,0.997244244922,-0.00275955916152,-0.00138073191456
1232,0.995836459748,-0.00417223191913,-0.00208829341334
1233,0.999782520875,-0.000217502776709,-0.000108757302001
1234,0.998897396303,-0.00110321201189,-0.000551758168513
1235,0.99750329002,-0.00249983195796,-0.00125069744951
1236,0.999841523028,-0.0001584895304,-7.92479051495e-05
1237,0.998444132404,-0.00155707921476,-0.000778842748005
1238,0.999600637317,-0.000399442449114,-0.000199741170169
1239,0.997007039169,-0.00299744869468,-0.00149984799595
1240,0.997674312765,-0.00232839584564,-0.00116487586428
1241,1.00018196347,0.000181946912606,9.09693183436e-05
1242,0.998469606622,-0.00153156562612,-0.000766076099579
1243,0.997291072174,-0.00271260361092,-0.00135722199873
1244,0.99673745554,-0.00326787816184,-0.00163527468672
1245,0.998199496164,-0.00180212669093,-0.000901469425002
1246,0.997587116162,-0.00241579953374,-0.00120862957161
1247,0.998245119211,-0.00175642239568,-0.000878596938205
1248,1.00090541031,0.000905000676328,0.000452397975326
1249,0.998515173911,-0.00148592953558,-0.00074324083448
1250,0.999206796845,-0.000793517907431,-0.00039683767296
1251,0.999722050155,-0.00027798848006,-0.000139003900177
1252,0.998335072263,-0.00166631526972,-0.000833504807093
1253,0.998728507987,-0.00127230104476,-0.000636352909037
1254,0.997727797624,-0.00227478774469,-0.00113804095006
1255,0.997764313713,-0.00223818916502,-0.00111972100251
1256,0.999039467422,-0.000960994185127,-0.000480612549783
1257,0.999501994957,-0.000498129089173,-0.000249095563736
1258,0.999059916003,-0.000940526153158,-0.000470373667595
1259,0.997749447753,-0.00225308854554,-0.00112717906212
1260,1.00083901093,0.000838659160176,0.000419241673727
1261,0.998930529228,-0.001070043064,-0.000535164681548
1262,0.998560220178,-0.00144081730042,-0.000720668206847
1263,0.995824648091,-0.00418409303029,-0.00209423637128
1264,0.998781073325,-0.00121967017078,-0.00061002107261
1265,0.996847208255,-0.00315777226385,-0.00158013322889
1266,0.997212806222,-0.0027910852355,-0.00139651684048
1267,0.997773102655,-0.00222938056799,-0.00111531178211
1268,0.999189706862,-0.000810621602527,-0.000405392950785
1269,0.999028108701,-0.000972363891249,-0.000486300151223
1270,0.998086478574,-0.00191535454685,-0.000958135992729
1271,0.997578606144,-0.00242433017076,-0.00121290005442
1272,0.997931044858,-0.0020710983859,-0.00103608555914
1273,0.999512472883,-0.000487645997047,-0.000243852725767
1274,0.997073485691,-0.00293080492557,-0.00146647668963
1275,0.997585826502,-0.00241709231307,-0.00120927674273
1276,0.999408365955,-0.000591809129662,-0.000295948348905
1277,0.997582225132,-0.00242070240516,-0.00121108397321
1278,0.998855023156,-0.00114563283054,-0.000572980505925
1279,0.998207457939,-0.00179415058719,-0.000897477785984
1280,0.998966225976,-0.00103430873701,-0.00051728811588
1281,0.999374276066,-0.000625919780875,-0.000313008867493
1282,0.997787814502,-0.00221463599528,-0.00110793130056
1283,0.998336436225,-0.00166494903342,-0.000832821119795
1284,0.997829097428,-0.00217326239677,-0.00108722179597
1285,0.997577038813,-0.00242590130728,-0.0012136865758
1286,0.998613983377,-0.00138697803225,-0.000693729535227
1287,0.997456185632,-0.00254705536144,-0.00127433896146
1288,0.998607495962,-0.00139347447275,-0.000696980014146
1289,0.997154630519,-0.00284942524024,-0.0014257280053
1290,0.99773341994,-0.00226915264092,-0.00113522019566
1291,0.999618502198,-0.000381570590623,-0.000190803495983
1292,0.997162316708,-0.00284171714819,-0.00142186847189
1293,0.999233099212,-0.00076719500659,-0.000383671086226
1294,0.99747230344,-0.00253089657852,-0.00126624930679
1295,0.997208428961,-0.00279547474044,-0.00139871466038
1296,0.996867266244,-0.0031376510387,-0.00157005676989
1297,0.997931971714,-0.00207016960892,-0.00103562068962
1298,0.999155895534,-0.000844460922422,-0.000422319613039
1299,0.9992049823,-0.000795333893852,-0.000397746026909
1300,0.999039300621,-0.000961161146586,-0.000480696070638
1301,0.996616222509,-0.00338951541369,-0.00169619462031
1302,0.997988655,-0.00201337047124,-0.00100719211328
1303,0.998650653269,-0.00135025791937,-0.000675356910536
1304,0.999184553755,-0.000815778902197,-0.000407972649312
1305,0.996777920194,-0.00322728188246,-0.00161494356033
1306,0.997502034892,-0.0025010902284,-0.00125132737179
1307,0.998256037246,-0.001745485227,-0.000873123564149
1308,0.999284549651,-0.000715706405773,-0.000357917239982
1309,0.998988496383,-0.0010120155324,-0.000506135809725
1310,0.999771672418,-0.000228353652861,-0.000114183344853
1311,0.998438911,-0.0015623087695,-0.000781459565297
1312,0.998098938983,-0.0019028703267,-0.000951887921366
1313,1.00001777174,1.77715868096e-05,8.88575392621e-06
1314,0.996882989308,-0.00312187868774,-0.00156215824382
1315,0.999220073685,-0.000780230615748,-0.000390191412747
1316,0.998914327545,-0.0010862622242,-0.000543278634511
1317,0.996766904226,-0.00323833352078,-0.00162047831867
1318,0.999155471785,-0.000844885030088,-0.000422531756449
1319,0.998060806046,-0.00194107662506,-0.00097100943724
1320,0.998313059573,-0.00168836491297,-0.000844538878781
1321,0.999933747865,-6.62543297631e-05,-3.31277135921e-05
1322,0.998601221909,-0.00139975729383,-0.000700123619122
1323,0.998559218346,-0.00144182057751,-0.000721170207031
1324,0.99722734483,-0.00277650609813,-0.0013892171184
1325,0.997572861053,-0.00243008922396,-0.00121578307774
1326,0.999646964552,-0.000353097779363,-0.000176564475354
1327,0.997053249299,-0.00295110091887,-0.00147663961965
1328,0.997808452296,-0.00219395265939,-0.0010975782283
1329,0.999455048839,-0.000545099700607,-0.000272586995389
1330,0.999439506595,-0.000560650540545,-0.000280364565073
1331,0.997634487956,-0.00236831428755,-0.00118485853467
1332,0.997898644007,-0.00210356693983,-0.00105233678812
1333,0.99823697894,-0.00176457701027,-0.000882677836129
1334,0.998157915584,-0.00184378313967,-0.000922316642484
1335,0.998087823969,-0.00191400657328,-0.0009574613604
1336,0.998775648767,-0.00122510136349,-0.000612738329224
1337,0.997625773417,-0.0023770495276,-0.00118923133925
1338,0.996993734893,-0.00301079299931,-0.00150653017777
1339,0.996024898854,-0.00398302286084,-0.0019934958064
1340,0.997131976112,-0.00287214454925,-0.00143710392019
1341,0.99644875671,-0.00355756392302,-0.00178036493259
1342,0.997982055667,-0.00201998312631,-0.00101050177639
1343,0.997179250716,-0.00282473509401,-0.00141336540777
1344,0.999482198185,-0.000517935920837,-0.000259001495515
1345,0.99807066513,-0.00193119843341,-0.000966065557715
1346,0.997580254599,-0.00242267771589,-0.00121207282519
1347,0.997463170081,-0.00254005312482,-0.00127083338767
1348,0.998941733843,-0.00105882651645,-0.000529553422159
1349,0.995955228536,-0.00405297367701,-0.00202854155067
1350,0.998562707525,-0.00143832637057,-0.000719421845131
1351,0.997339038342,-0.00266450830961,-0.00133314199961
1352,0.997032994499,-0.0029714157871,-0.0014868121043
1353,0.998796003859,-0.00120472152715,-0.00060254221925
1354,0.997656370441,-0.00234638015691,-0.00117387853514
1355,0.998544459658,-0.00145660066945,-0.000728565609809
1356,0.996841088836,-0.00316391105628,-0.00158320747988
1357,0.997344495751,-0.00265903635445,-0.00133040237833
1358,1.00035610711,0.00035604372273,0.000178006016414
1359,0.99909941668,-0.000900989089215,-0.000450596032514
1360,0.999480803039,-0.000519331790395,-0.000259699611304
1361,0.998385331204,-0.00161597377868,-0.000808313398679
1362,0.99746583448,-0.00253738195252,-0.00126949610511
1363,0.999917385288,-8.2618124825e-05,-4.13099156436e-05
1364,0.999527229266,-0.000472882525559,-0.000236469217218
1365,0.998122320341,-0.00187944470895,-0.000940164031869
1366,0.999910592473,-8.94115241584e-05,-4.47067613967e-05
1367,0.997892139092,-0.00211008557399,-0.00105559954042
1368,0.998615017258,-0.00138594271665,-0.00069321151845
1369,0.998630722976,-0.00137021534053,-0.000685342410127
1370,0.997376416117,-0.00262703151081,-0.00131437879506
1371,0.999294815415,-0.000705433345002,-0.00035277888434
1372,0.997748629263,-0.00225390888231,-0.00112758969292
1373,0.998178861438,-0.00182279885058,-0.000911814875948
1374,0.997000845211,-0.00300366126615,-0.00150295894547
1375,0.997153230679,-0.00285082907494,-0.00142643092364
1376,0.998263553735,-0.00173795563571,-0.000869355488467
1377,0.995715651634,-0.00429355248462,-0.00214908221627
1378,0.998594140461,-0.00140684868679,-0.000703671804319
1379,1.00002131805,2.13178252961e-05,1.06588558421e-05
1380,0.997248630876,-0.00275516109719,-0.00137852984854
1381,0.996016489343,-0.0039914659692,-0.00199772578515
1382,0.99843910949,-0.00156210996823,-0.000781360086989
1383,0.99811343052,-0.0018883512939,-0.000944621521093
1384,0.999002610835,-0.000997886888504,-0.000499067937236
1385,0.999751923557,-0.00024810721869,-0.000124061304312
1386,0.997560922964,-0.00244205643005,-0.00122177397348
1387,0.997881335713,-0.00212091183121,-0.00106101839779
1388,0.99735974764,-0.00264374397384,-0.00132274604478
1389,0.997799989375,-0.00220243420344,-0.0011018236639
1390,0.999179951758,-0.000820384665471,-0.000410276473114
1391,0.998413573155,-0.00158768655251,-0.000794158453226
1392,0.999742497542,-0.000257535617191,-0.000128776099525
1393,0.999393166952,-0.000607017245951,-0.000303554686377
1394,0.998630089319,-0.00137084986608,-0.000685659890387
1395,0.997625092833,-0.00237773173168,-0.00118957284701
1396,0.998752923115,-0.00124785513206,-0.000624122249319
1397,0.998665675275,-0.00133521572849,-0.000667830763973
1398,0.997671439807,-0.0023312755055,-0.00116631737247
1399,0.99855973293,-0.00144130525108,-0.00072091235803
1400,0.997346350331,-0.00265717683858,-0.00132947138387
1401,0.998762969351,-0.00123779640329,-0.000619089758652
1402,0.998766966253,-0.00123379455852,-0.000617087599522
1403,0.998342138635,-0.00165923713834,-0.000829962797842
1404,0.998251506474,-0.00175002392453,-0.000875394896916
1405,0.998812946745,-0.00118775836028,-0.000594055561295
1406,0.99845980789,-0.00154137942535,-0.000770986770299
1407,0.999927936404,-7.20661922299e-05,-3.60337453147e-05
1408,0.995535071725,-0.00447492583697,-0.00223996790657
1409,0.998145093277,-0.00185662919235,-0.000928745613533
1410,0.998995173662,-0.00100533151425,-0.000502792114727
1411,0.99711304817,-0.00289112711296,-0.00144660888711
1412,0.999207923358,-0.000792390500705,-0.000396273746057
1413,0.99637762916,-0.0036289475124,-0.00181612090979
1414,0.997401563757,-0.00260181803767,-0.00130175556803
1415,0.998634589856,-0.00136634316593,-0.00068340499782
1416,0.996198420863,-0.00380882350462,-0.00190622629607
1417,1.0002628898,0.000262855248739,0.000131418988137
1418,0.99758573642,-0.00241718261338,-0.00120932194748
1419,0.998520135573,-0.00148096050835,-0.000740754477358
1420,0.998831125882,-0.00116955778387,-0.000584949908445
1421,0.997267789549,-0.00273594975009,-0.00136891097948
1422,0.997954762772,-0.00204733158225,-0.00102418991578
1423,0.998290324245,-0.00171113891847,-0.000855935563188
1424,0.998387471274,-0.00161383025023,-0.00080724076871
1425,0.998073697326,-0.00192816038063,-0.000964545065003
1426,0.997560783231,-0.00244219650452,-0.00122184409628
1427,1.0012533189,0.00125253415116,0.000626071011286
1428,0.998208798348,-0.00179280777185,-0.000896805775964
1429,0.996820271357,-0.00318479472249,-0.00159366589917
1430,0.998605011533,-0.00139596236946,-0.000698224830282
1431,0.996461967476,-0.00354430616319,-0.00177372427286
1432,0.997873274844,-0.00212898984698,-0.0010650616993
1433,0.997040368886,-0.00296401948344,-0.00148310846086
1434,0.998625583204,-0.00137536217351,-0.000687917593604
1435,0.997665836621,-0.00233689178508,-0.0011691287914
1436,0.999022990021,-0.000977487564231,-0.000488863236818
1437,0.998193432072,-0.00180820173998,-0.000904509692379
1438,0.996846641388,-0.00315834092392,-0.00158041800824
1439,0.99786003654,-0.00214225645357,-0.0010717020895
1440,0.998070746746,-0.00193111666008,-0.000966024631551
1441,0.997440297715,-0.00256298392456,-0.00128231342397
1442,0.997950186152,-0.0020519175913,-0.00102648527141
1443,0.996755170987,-0.00325010488626,-0.00162637355638
1444,0.997688211779,-0.00231446452937,-0.00115790211631
1445,0.998987729111,-0.00101278358119,-0.000506520028562
1446,0.996390485494,-0.00361604452181,-0.00180965771865
1447,0.997929583819,-0.00207256245585,-0.00103681835284
1448,0.997886832295,-0.00211540359454,-0.00105826136108
1449,0.997307511501,-0.00269611976555,-0.00134896892394
1450,0.997909201154,-0.00209298761703,-0.00104704157422
1451,0.998047433289,-0.00195447545469,-0.000977715379713
1452,0.997476652573,-0.00252653643346,-0.00126406647613
1453,0.999338412575,-0.000661806370412,-0.000330957939704
1454,0.999363930413,-0.000636271965333,-0.000318186593285
1455,0.997977087344,-0.00202496150735,-0.00101299348534
1456,1.0004329957,0.000432901985137,0.000216427568743
1457,0.998698264264,-0.00130258373021,-0.000651504001705
1458,0.997668674817,-0.00233404695292,-0.00116770471334
1459,0.999247332142,-0.000752951254812,-0.000376546503249
1460,0.99658994036,-0.00341588714486,-0.00170940293877
1461,0.996441795244,-0.00356455022378,-0.00178386430817
1462,0.996527585272,-0.00347845755285,-0.00174074211201
1463,0.996729494994,-0.00327586479716,-0.00163927454253
1464,0.996544253039,-0.00346173184641,-0.00173236473625
1465,0.998745802052,-0.00125498511256,-0.000627689470918
1466,0.997620585223,-0.00238225008273,-0.00119183471254
1467,0.998437206825,-0.00156401560965,-0.000782313652649
1468,0.999929626428,-7.03760481586e-05,-3.51886431851e-05
1469,0.998295079929,-0.001706375101,-0.000853551618528
1470,0.99809387476,-0.00190794420835,-0.000954427280294
1471,0.999385733965,-0.000614454773503,-0.000307274585919
1472,0.998811812871,-0.00118889358298,-0.000594623510001
1473,0.996896124691,-0.00310870232062,-0.0015555597902
1474,0.998887590084,-0.00111302910291,-0.000556669434407
1475,0.998282061117,-0.00171941623182,-0.000860077770855
1476,0.997998224067,-0.00200378216444,-0.00100239314274
1477,0.999254815,-0.000745462788271,-0.000372800867113
1478,0.999181712081,-0.000818622899679,-0.000409395229201
1479,0.997810197889,-0.00219220323324,-0.00109670255554
1480,0.998873930211,-0.00112670428238,-0.000563510853808
1481,0.99708137886,-0.0029228886206,-0.00146251274046
1482,0.998138574326,-0.00186316027972,-0.000932014195416
1483,1.00039695449,0.000396875722864,0.000198418173942
1484,0.99923009223,-0.000770204301584,-0.000385176312145
1485,0.998757055902,-0.00124371719359,-0.000622051990939
1486,0.997619287212,-0.0023835511905,-0.00119248604199
1487,0.998979567913,-0.00102095308223,-0.000510606856439
1488,0.996735765984,-0.00326957324963,-0.00163612361693
1489,0.998039109001,-0.0019628160626,-0.000981889769743
1490,0.999509670395,-0.000490449855703,-0.000245254997942
1491,0.998052338405,-0.00194956075467,-0.000975255630139
1492,0.995849301856,-0.00415933620249,-0.00208183211083
1493,0.999671263654,-0.000328790391592,-0.000164408709427
1494,0.998671761843,-0.0013291210472,-0.00066478139287
1495,0.998116503532,-0.00188527247769,-0.000943080660015
1496,1.00027561636,0.000275578384686,0.000137779699848
1497,0.99618443427,-0.00382286357089,-0.00191325973566
1498,0.998929117455,-0.00107145634945,-0.000535871702692
1499,0.998323909877,-0.00167749633329,-0.000839100014252
1500,0.999271371205,-0.00072889437386,-0.000364513605874
1501,0.998217701528,-0.00178388865566,-0.000892342228466
1502,0.99778416908,-0.00221828950599,-0.00110976008151
1503,0.998933250717,-0.0010673186653,-0.000533801754124
1504,0.996902465309,-0.00310234198152,-0.00155237467877
1505,0.997980998403,-0.00202104252828,-0.00101103201278
1506,0.998298294908,-0.00170315463637,-0.000851940013094
1507,0.99996383491,-3.61657438072e-05,-1.80830353997e-05
1508,0.998629342852,-0.00137159735764,-0.000686033892499
1509,0.998387208165,-0.00161409378411,-0.000807372642024
1510,0.996907892812,-0.00309689762897,-0.00154964828037
1511,0.999050134885,-0.000950316523063,-0.0004752711671
1512,0.996248819992,-0.00375823332809,-0.00188088331017
1513,0.999442753203,-0.000557402117189,-0.000278739899342
1514,0.997840843296,-0.00216149104391,-0.00108132973784
1515,0.997782429658,-0.00222003279184,-0.00111063269213
1516,0.997988010508,-0.00201401626178,-0.00100751533381
1517,0.997816790506,-0.0021855961702,-0.00109339540649
1518,0.998262237075,-0.00173927458674,-0.000870015537516
1519,1.00024364922,0.000243619547197,0.000121802355089
1520,0.998705700265,-0.0012951380641,-0.000647778750141
1521,0.996552645881,-0.00345330993567,-0.00172814649485
1522,0.999471317321,-0.000528822481004,-0.000264446200235
1523,0.999202432669,-0.000797885557429,-0.000399022366968
1524,0.997441034778,-0.00256224496965,-0.00128194347279
1525,0.997198433427,-0.00280549830601,-0.00140373346579
1526,0.998036751767,-0.00196517793066,-0.000983071864016
1527,0.999233558614,-0.000766735251988,-0.000383441120754
1528,0.997610767213,-0.00239209155852,-0.00119676132726
1529,0.997885483894,-0.00211675485212,-0.00105893770509
1530,0.998224957563,-0.00177661969202,-0.000888704510053
1531,0.998405118223,-0.00159615495516,-0.000798396026147
1532,0.999134666881,-0.000865707735349,-0.000432947562428
1533,1.00032541614,0.000325363199886,0.000162668368009
1534,0.998320349966,-0.00168106222794,-0.000840884459239
1535,0.998213307451,-0.001788290588,-0.000894545161074
1536,0.997876435659,-0.00212582230124,-0.00106347624087
1537,0.997998039108,-0.00200396749399,-0.00100248590041
1538,0.996854744474,-0.00315021223823,-0.00157634725031
1539,0.999678269005,-0.00032178276106,-0.000160904324242
1540,0.997779767073,-0.00222270129795,-0.00111196842794
1541,0.998485892062,-0.00151525535775,-0.000757914751216
1542,0.997678658129,-0.00232404036214,-0.00116269558811
1543,0.997305721033,-0.00269791506934,-0.00134986778714
1544,0.99989081587,-0.000109190091183,-5.4596535928e-05
1545,0.998010582121,-0.00199139939891,-0.000996195572966
1546,0.997296846289,-0.0027068138286,-0.00135432318275
1547,0.996844444405,-0.00316054485886,-0.00158152171789
1548,0.996597799942,-0.00340800070068,-0.00170545298392
1549,0.998523223279,-0.00147786823056,-0.00073920719435
1550,0.997366831482,-0.00263664140421,-0.00131919006884
1551,0.997289536037,-0.00271414392147,-0.00135799319957
1552,0.999564547914,-0.000435546923084,-0.000217797175904
1553,0.999388939281,-0.000611247492236,-0.000305670453813
1554,0.998568464454,-0.0014325611723,-0.000716537176347
1555,0.9975174031,-0.00248568365395,-0.00124361447494
1556,0.997134283275,-0.00286983075252,-0.00143594535992
1557,0.998582386998,-0.00141861876622,-0.000709561002497
1558,0.998249846001,-0.00175168730764,-0.000876227316872
1559,0.997488647175,-0.0025145115614,-0.00125804645807
1560,0.997907167618,-0.00209502541585,-0.00104806154098
1561,0.998831277155,-0.00116940633365,-0.000584874139044
1562,0.999195600074,-0.000804723629225,-0.000402442772985
1563,0.997310540044,-0.00269308305149,-0.00134744851984
1564,0.998638280905,-0.00136264707708,-0.000681555692145
1565,0.997461147687,-0.00254208066351,-0.00127184844586
1566,0.997694525763,-0.00230813593465,-0.00115473416001
1567,0.997662017058,-0.00234072029137,-0.00117104528438
1568,0.997766503116,-0.00223599485786,-0.00111862262102
1569,0.997214615545,-0.00278927085704,-0.00139560838477
1570,0.999564162472,-0.00043593253256,-0.000217990022653
1571,0.99793508772,-0.00206704715105,-0.00103405784506
1572,0.99841683792,-0.00158441660546,-0.000792522182607
1573,0.998186667678,-0.00181497839913,-0.000907901092475
1574,0.99989799301,-0.000102012193214,-5.100739744e-05
1575,0.997516559272,-0.00248652958238,-0.00124403796525
1576,0.998131172352,-0.00187057608556,-0.000935725561034
1577,0.998872425655,-0.00112821053489,-0.000564264404742
1578,0.996785597134,-0.00321958015684,-0.00161108648602
1579,0.997256904061,-0.00274686512079,-0.00137437615083
1580,0.998328768005,-0.00167263006114,-0.000836664839494
1581,0.997591580041,-0.00241132486769,-0.00120638953698
1582,0.998765715201,-0.00123504715603,-0.000617714284955
1583,0.996901159325,-0.00310365202375,-0.00155303071694
1584,0.997328404884,-0.00267517019525,-0.00133848006356
1585,0.998649994104,-0.00135091797457,-0.000675687161079
1586,0.99523442769,-0.00477696385545,-0.00239133662303
1587,0.996211992378,-0.00379520029281,-0.00189940172895
1588,0.999339359207,-0.000660859112233,-0.000330484153976
1589,1.00086403088,0.000863657819781,0.000431735685206
1590,0.998984943674,-0.00101557184455,-0.00050791486737
1591,0.996550950094,-0.00345501159079,-0.00172899879313
1592,0.998825223058,-0.00117546753342,-0.000587906516041
1593,0.9969433477,-0.00306133340282,-0.00153183876963
1594,0.997887251579,-0.00211498342283,-0.00105805105292
1595,0.997049884304,-0.00295447586456,-0.00147832958571
1596,0.999272705561,-0.000727559046199,-0.000363845698894
1597,0.998180539436,-0.00182111779313,-0.00091097358117
1598,0.999220359519,-0.000779944558486,-0.000390048328318
1599,0.998738306464,-0.00126249014109,-0.000631444347645
1600,0.99640088404,-0.00360560836017,-0.00180443020853
1601,0.999558305014,-0.000441792561971,-0.000220920680366
1602,0.99783602723,-0.00216631754217,-0.0010837455994
1603,0.99683471362,-0.00317030649548,-0.00158641026725
1604,1.00021197653,0.000211954066625,0.000105971417945
1605,0.999671462448,-0.000328591532425,-0.000164309263501
1606,0.999731189377,-0.000268846758825,-0.00013443241464
1607,0.996807803536,-0.00319730239186,-0.00159992971997
1608,0.99815610176,-0.00184560031252,-0.000923226067323
1609,0.999383459679,-0.00061673046029,-0.00030841277959
1610,0.996515224723,-0.00349086124981,-0.00174695477557
1611,0.997691319268,-0.00231134984384,-0.00115634297151
1612,0.998050267234,-0.00195163596963,-0.000976294250089
1613,0.998926499789,-0.00107407682488,-0.000537182643384
1614,0.998929817439,-0.00107075561487,-0.000535521147715
1615,0.996834825663,-0.00317019409656,-0.00158635397864
1616,0.99721886798,-0.00278500655328,-0.00139347325951
1617,0.998251637498,-0.00174989267172,-0.000875329213063
1618,0.995978619752,-0.00402948774069,-0.0020167748305
1619,0.997759425588,-0.00224308825474,-0.00112217329318
1620,0.998962304264,-0.00103823451476,-0.00051925202206
1621,0.998421611634,-0.0015796353333,-0.000790129654755
1622,0.997624077593,-0.00237874938891,-0.00119008228104
1623,0.99891955189,-0.0010810322145,-0.000540662212403
1624,0.997373904655,-0.0026295495824,-0.00131563948649
1625,0.998855737988,-0.00114491717988,-0.000572622475631
1626,0.998751866123,-0.00124891344497,-0.000624651736175
1627,0.999366838492,-0.000633362039732,-0.000316731168594
1628,0.997171242218,-0.00283276627864,-0.00141738668366
1629,0.999605459696,-0.000394618155637,-0.000197328544535
1630,0.99830138931,-0.00170005496439,-0.000850388857943
1631,0.997006518198,-0.00299797123061,-0.00150010965581
1632,0.998222081946,-0.00177950042644,-0.000890146158361
1633,1.0003983426,0.000398263285353,0.000199111817287
1634,0.99877321985,-0.00122753326074,-0.000613955023649
1635,0.998278668043,-0.00172281515103,-0.000861778693576
1636,0.99783041604,-0.00217194091676,-0.00108656033781
1637,0.998196613556,-0.00180501450344,-0.000902914633937
1638,0.998061070225,-0.00194081193251,-0.000970876962465
1639,0.998780793276,-0.00121995056069,-0.000610161353095
1640,1.00056127066,0.000561113209943,0.000280517252647
1641,0.997494057835,-0.00250908729389,-0.00125533091601
1642,0.996315543812,-0.00369126051503,-0.00184733448134
1643,0.997713128176,-0.00228949070887,-0.00114540082549
1644,0.998956610198,-0.00104393451172,-0.000522103504475
1645,0.995438630014,-0.00457180477749,-0.00228851705552
1646,0.997473978581,-0.00252921719377,-0.00126540855151
1647,0.998027367869,-0.00197458033179,-0.00098777769726
1648,0.997447986838,-0.00255527509818,-0.00127845407565
1649,0.997135785411,-0.00286832430067,-0.00143519105268
1650,0.995897817834,-0.00411061919627,-0.00205742319469
1651,0.999923780495,-7.62224096668e-05,-3.81119310746e-05
1652,0.999852922374,-0.000147088443346,-7.35469261157e-05
1653,0.996316801317,-0.00368999836052,-0.00184670223847
1654,0.998949475853,-0.00105107633426,-0.000525676286509
1655,0.999097186709,-0.000903221072102,-0.000451712527442
1656,0.998130756319,-0.00187099289684,-0.000935934161706
1657,0.998992660931,-0.00100784677627,-0.000504050378858
1658,0.998565111639,-0.001435918799,-0.000718217194042
1659,0.998641682088,-0.00135924126191,-0.000679851625384
1660,0.998131668849,-0.00187007865853,-0.000935476614821
1661,0.999043700417,-0.000956757129403,-0.000478493005975
1662,0.997731950628,-0.00227062529145,-0.00113595735709
1663,0.998427042679,-0.00157419571746,-0.000787407701538
1664,1.00057460123,0.000574436212632,0.000287176863144
1665,0.999473566671,-0.00052657194403,-0.000263320634809
1666,0.998991539029,-0.00100896980988,-0.000504612178849
1667,0.997807274983,-0.00219513255844,-0.00109816882551
1668,0.998481463956,-0.0015196901889,-0.000760133849867
1669,0.9977006522,-0.0023019953593,-0.00115166033169
1670,0.996552550069,-0.00345340607919,-0.00172819464969
1671,0.99903228664,-0.000968181897328,-0.000484208139597
1672,0.998164504739,-0.00183718184658,-0.000919012957147
1673,0.998382964464,-0.00161834434949,-0.000809499642871
1674,0.998248578834,-0.00175295669698,-0.000876862567881
1675,0.998388048709,-0.00161325188242,-0.000806951351404
1676,0.998917631225,-0.0010829549588,-0.000541624104793
1677,0.99915651309,-0.0008438428451,-0.000422010443913
1678,0.996292493364,-0.00371439647387,-0.00185892389772
1679,0.998202895887,-0.00179872084172,-0.000899764966713
1680,0.998425863461,-0.00157537679319,-0.00078799870457
1681,0.998380907191,-0.00162040495639,-0.000810530780882
1682,0.998700583882,-0.00130026109108,-0.000650341926207
1683,0.998837646196,-0.00116302986137,-0.000581684043273
1684,0.998562913506,-0.00143812009361,-0.000719318632455
1685,0.998448913999,-0.00155229018038,-0.000776446368733
1686,0.998630095246,-0.00137084393094,-0.000685656920782
1687,0.99799472761,-0.00200728564014,-0.00100414663806
1688,0.999114128033,-0.000886264582992,-0.000443230489114
1689,0.998628295877,-0.00137264577064,-0.00068655845876
1690,0.998426011819,-0.00157522820194,-0.000787924350405
1691,0.997209924134,-0.00279397538294,-0.00139796393332
1692,0.999003992514,-0.000996503830584,-0.000498376063395
1693,0.998989838997,-0.00101067155959,-0.000505463483431
1694,0.997823893483,-0.00217847767719,-0.00108983227466
1695,0.998817960008,-0.00118273915181,-0.000591544469368
1696,0.997898943349,-0.00210326696691,-0.00105218664384
1697,0.998730648449,-0.00127015786053,-0.000635280635584
1698,0.996874064058,-0.0031308318853,-0.00156664184579
1699,0.997136300096,-0.00286780813751,-0.00143493260074
1700,1.00004070708,4.07062484842e-05,2.03529171187e-05
1701,0.997213956293,-0.00278993195027,-0.00139593939275
1702,1.00074418153,0.000743904767677,0.000371883218126
1703,0.997153017271,-0.00285104309263,-0.00142653808513
1704,0.999943708863,-5.62927213144e-05,-2.81467567698e-05
1705,0.998675655216,-0.00132522250326,-0.000662830826962
1706,0.996886654763,-0.00311820177924,-0.0015603169193
1707,0.999175960002,-0.000824379705672,-0.000412274814746
1708,0.99761330952,-0.0023895431653,-0.00119548560655
1709,0.99784630926,-0.00215601326703,-0.00107858789152
1710,0.99967965496,-0.000320396361776,-0.000160211013302
1711,0.998155070038,-0.00184663394166,-0.000923743359163
1712,0.99638929074,-0.00361724360497,-0.00181025834538
1713,0.997178857317,-0.00282512960645,-0.00141356294281
1714,0.998479598107,-0.00152155887664,-0.000761068904399
1715,0.99954972511,-0.000450376293736,-0.000225213503622
1716,0.997904774658,-0.00209742339772,-0.00104926178925
1717,0.998302655988,-0.00169878613195,-0.000849753902421
1718,0.997850037895,-0.00215227659164,-0.0010767175404
1719,0.9986717006,-0.00132918237155,-0.000664812075428
1720,0.998480612742,-0.00152054269714,-0.000760560428085
1721,0.997897796961,-0.00210441576937,-0.00105276164961
1722,0.997726527909,-0.00227606035223,-0.00113867797817
1723,0.998454213085,-0.00154698287636,-0.000773790659828
1724,0.998814404687,-0.00118629868715,-0.000593325291434
1725,0.998744005426,-0.00125678399599,-0.000628589477607
1726,0.997738086568,-0.00226447542226,-0.00113287893423
1727,1.00034947966,0.000349418602311,0.000174694040374
1728,0.996770030097,-0.00323519751534,-0.00161890777627
1729,0.997128886255,-0.00287524329847,-0.00143865552262
1730,0.999197157202,-0.00080316524897,-0.000401663269582
1731,0.999395196934,-0.000604986033154,-0.000302538772203
1732,0.995589031275,-0.00442072575055,-0.00221280752815
1733,1.00017681043,0.000176794796277,8.83934912035e-05
1734,0.99785322618,-0.0021490814419,-0.00107511824667
1735,0.99854205731,-0.00145900652303,-0.000729769413736
1736,0.997321311213,-0.00268228289359,-0.00134204117916
1737,0.997721585765,-0.00228101376991,-0.00114115751025
1738,0.999279433852,-0.00072082588041,-0.000360477896752
1739,0.996140975779,-0.00386648946718,-0.001935114656
1740,0.998256597913,-0.00174492358062,-0.000872842495808
1741,0.996452944797,-0.00355336091892,-0.00177825969131
1742,0.99827260124,-0.0017288924331,-0.000864819957865
1743,0.998008498401,-0.00199348727508,-0.000997240551565
1744,0.996676452219,-0.00332908303387,-0.00166592763514
1745,0.997423534441,-0.00257979035832,-0.00129072745176
1746,1.00025966891,0.000259635201076,0.000129809174598
1747,0.997039376829,-0.00296501448558,-0.0014836066999
1748,0.998215299673,-0.00178629480246,-0.000893546376141
1749,0.996951773663,-0.00305288164198,-0.00152760642478
1750,0.998557122175,-0.00144391977603,-0.000722220563783
1751,0.998442602801,-0.00155861120232,-0.000779609338664
1752,0.999542631678,-0.000457472946309,-0.000228762635336
1753,0.999044031958,-0.000956425271221,-0.000478326997502
1754,0.996324750774,-0.00368201954755,-0.00184270547271
1755,0.999031557059,-0.000968912184374,-0.000484573459992
1756,0.997371568182,-0.00263189220941,-0.00131681234171
1757,0.998992837036,-0.00100767049325,-0.000503962192922
1758,0.996331359203,-0.00367538676419,-0.0018393829754
1759,0.996872552595,-0.00313234808877,-0.00156740113548
1760,0.99653222144,-0.00347380524096,-0.00173841190954
1761,0.998498888134,-0.00150223966348,-0.00075140199288
1762,0.999351006192,-0.000649204495738,-0.00032465493688
1763,0.99784539906,-0.00215692543254,-0.0010790444663
1764,0.998447675089,-0.00155353101583,-0.000777067268371
1765,0.998985846493,-0.00101466810835,-0.000507462769865
1766,0.997295848144,-0.00270781467984,-0.00135482428623
1767,0.997348603267,-0.00265491791112,-0.00132834041919
1768,0.998596541719,-0.00140444405077,-0.000702468640993
1769,0.996608233561,-0.00339753151787,-0.00170020947889
1770,0.998908290927,-0.00109230542135,-0.000546301879222
1771,0.999388171778,-0.000612015465341,-0.000306054557813
1772,1.00003639909,3.63984287907e-05,1.81990487906e-05
1773,0.99806880746,-0.00193305969683,-0.000966997088911
1774,0.999973224218,-2.67761404696e-05,-1.33881598554e-05
1775,0.998231681356,-0.0017698839655,-0.000885333659435
1776,0.99814734165,-0.00185437664442,-0.000927618294182
1777,0.997671143494,-0.0023315725098,-0.00116646604783
1778,0.997384340579,-0.00261908623454,-0.00131040094327
1779,0.998150710567,-0.00185100147967,-0.000925929147798
1780,0.997978247565,-0.00202379893484,-0.00101241161041
1781,0.998841357103,-0.00115931464257,-0.000579825355056
1782,0.997284643513,-0.00271904975475,-0.00136044945027
1783,0.997634156235,-0.00236864679491,-0.00118502498535
1784,0.999006273013,-0.000994221060894,-0.000497234110364
1785,1.00123786655,0.00123710102656,0.000618359250349
1786,0.998269320378,-0.00173217897778,-0.000866464652691
1787,0.999695376359,-0.000304670048529,-0.000152346627833
1788,0.997925536994,-0.00207661768457,-0.00103884807153
1789,0.997199838338,-0.00280408944836,-0.00140302804839
1790,0.997167842154,-0.00283617599332,-0.0014190939589
1791,0.998158642813,-0.00184305456867,-0.000921952021064
1792,0.998035590683,-0.00196634129949,-0.00098365412044
1793,0.99884698116,-0.0011536840775,-0.000577008444115
1794,0.998971155425,-0.00102937419938,-0.00051481957382
1795,0.996622882335,-0.00338283299812,-0.00169284775078
1796,0.99719283172,-0.00281111576655,-0.00140654614272
1797,0.998181959809,-0.00181969483167,-0.000910261452554
1798,1.00087125991,0.000870880584694,0.000435345501982
1799,0.999314904526,-0.000685330259373,-0.000342723846088
1800,0.997847496609,-0.00215482335621,-0.00107799229457
1801,0.998488376543,-0.00151276711204,-0.000756669686197
1802,0.999761705671,-0.000238322725379,-0.000119168462687
1803,0.997120979496,-0.00288317285559,-0.001442626013
1804,0.998970831123,-0.00102969883485,-0.000514981975132
1805,0.99802279384,-0.00197916341222,-0.000990071503639
1806,0.996499957677,-0.00350618180059,-0.00175462846251
1807,0.998128558134,-0.00187319520069,-0.000937036344845
1808,0.998486549367,-0.00151459705597,-0.000757585350913
1809,0.998462844629,-0.00153833800633,-0.000769464889498
1810,0.997785483864,-0.00221697180247,-0.0011091004988
1811,0.998701261004,-0.00129958308807,-0.000650002704295
1812,0.999077914621,-0.000922510761146,-0.000461361775194
1813,0.998239100231,-0.0017624519759,-0.000881614381648
1814,0.999074004416,-0.000926424582872,-0.000463319590816
1815,0.998267252433,-0.00173425051075,-0.000867501317169
1816,0.997812320735,-0.00219007573072,-0.00109563763823
1817,0.999728805985,-0.00027123079509,-0.000135624593729
1818,1.00100609619,0.00100559041657,0.000502668827957
1819,0.999777843158,-0.000222181522908,-0.000111096932261
1820,0.998600017921,-0.00140096296929,-0.000700726879096
1821,0.99718122513,-0.00282275509712,-0.00141237401059
1822,0.997799158096,-0.00220326731556,-0.00110224067902
1823,0.998924008348,-0.00107657094614,-0.000538430374694
1824,0.996467856344,-0.00353839640337,-0.00177076415618
1825,0.996869340905,-0.0031355698606,-0.0015690145476
1826,0.997277909262,-0.00272580236365,-0.00136383035372
1827,0.998928610598,-0.00107196374963,-0.000536125538765
1828,1.00052739475,0.000527255729311,0.000263593117884
1829,0.99833496106,-0.0016664266583,-0.000833560547803
1830,0.999187122252,-0.00081320831178,-0.000406686830565
1831,0.997988090221,-0.00201393638829,-0.00100747535683
1832,0.998338232878,-0.00166314938855,-0.000831920548372
1833,0.998438026161,-0.00156319499236,-0.000781903023097
1834,0.996520186363,-0.00348588227073,-0.00174446094011
1835,0.997770491527,-0.00223199752713,-0.00111662172191
1836,0.998902907169,-0.00109769507805,-0.000548998183397
1837,0.997432051911,-0.0025712509232,-0.00128645223228
1838,0.998776498496,-0.00122425059292,-0.000612312683384
1839,0.995659769409,-0.00434967673399,-0.00217720504336
1840,0.999492102148,-0.000508026875829,-0.00025404570206
1841,0.997307890516,-0.00269573972784,-0.00134877864876
1842,0.99683815663,-0.00316685255797,-0.00158468056031
1843,0.999770807405,-0.0002292188637,-0.000114615999762
1844,0.999092142334,-0.000908270018059,-0.000454238143945
1845,0.999720064906,-0.000279974282935,-0.000139996940125
1846,0.998989338223,-0.00101117284019,-0.000505714250451
1847,0.996382562181,-0.00362399656952,-0.00181364094567
1848,0.998609912483,-0.00139105458491,-0.000695769227648
1849,0.997438144742,-0.00256514242478,-0.00128339405859
1850,0.997888426807,-0.00211380570729,-0.00105746157229
1851,0.999586468221,-0.000413617307158,-0.000206830039963
1852,1.00017196322,0.000171948440198,8.59705244217e-05
1853,0.996737004269,-0.00326833091043,-0.00163550143122
1854,0.996564178201,-0.00344173778917,-0.00172235043919
1855,0.996432179454,-0.00357420039652,-0.0017886980135
1856,0.998002079523,-0.00199991898276,-0.00100045961756
1857,0.998734964327,-0.00126583650576,-0.000633118587898
1858,0.999840028064,-0.000159984733025,-7.99955659874e-05
1859,0.997028758373,-0.00297566452859,-0.00148893963584
1860,0.996635835892,-0.00336983563123,-0.00168633808721
1861,0.997200676012,-0.00280324942245,-0.00140260744623
1862,0.997662043445,-0.00234069384257,-0.00117103204449
1863,0.999082250316,-0.00091817107403,-0.000459190932908
1864,0.998747355389,-0.00125342982655,-0.000626911340097
1865,0.997113856729,-0.00289031621388,-0.00144620285113
1866,0.997142751868,-0.00286133785724,-0.00143169282364
1867,1.00049792972,0.000497805794553,0.00024887192352
1868,0.998141213373,-0.00186051631424,-0.000930690981439
1869,0.999214247037,-0.000786061828237,-0.000393108160888
1870,0.997461768238,-0.00254145853383,-0.00127153698545
1871,0.999842749901,-0.000157262463954,-7.86343234933e-05
1872,0.996277903098,-0.00372904114149,-0.00186625987004
1873,0.99696060948,-0.00304401884775,-0.00152316826807
1874,0.996800505276,-0.00320462405125,-0.00160359641344
1875,0.998374653786,-0.00162666852241,-0.000813665107207
1876,1.00013227903,0.000132270282858,6.61329545487e-05
1877,0.998422504902,-0.0015787406531,-0.000789681961301
1878,0.996357560694,-0.00364908914108,-0.00182621006476
1879,0.997417291477,-0.00258604946816,-0.00129386105098
1880,0.999643557673,-0.000356505867946,-0.000178268821971
1881,0.996815394203,-0.00318968744548,-0.00159611616235
1882,0.997636312782,-0.00236648513601,-0.00118394287567
1883,0.999877299945,-0.000122707583003,-6.13556736839e-05
1884,0.999620093464,-0.00037997871872,-0.000190007408482
1885,0.99896576231,-0.00103477288273,-0.000517520308815
1886,0.999448188586,-0.000551963718252,-0.000276019945623
1887,1.00000385161,3.85160345769e-06,1.92579987446e-06
1888,0.998666081977,-0.00133480848366,-0.000667627005597
1889,0.996263702522,-0.00374329487223,-0.00187340006144
1890,0.999576130674,-0.000423959183854,-0.000212002061188
1891,0.999867329838,-0.000132678963381,-6.63416822024e-05
1892,0.997175534144,-0.00282846218656,-0.00141523158966
1893,0.997009075212,-0.00299540654233,-0.00149882538884
1894,0.997091325155,-0.00291291326089,-0.00145751777851
1895,0.998260890208,-0.00174062379865,-0.000870690730617
1896,0.997766742407,-0.00223575503126,-0.00111850257359
1897,0.997063808736,-0.00294051032978,-0.00147133651991
1898,0.997738542202,-0.00226401875567,-0.00113265034229
1899,0.996480612071,-0.00352559554407,-0.0017643524134
1900,0.998863352164,-0.00113729431041,-0.00056880886565
1901,0.999647050789,-0.000353011512223,-0.000176521334169
1902,0.997716326688,-0.00228628487053,-0.00114379607162
1903,0.997457776237,-0.00254546070113,-0.00127354061555
1904,0.998279796163,-0.0017216850867,-0.000861213174634
1905,0.997885701951,-0.00211653633309,-0.00105882832988
1906,0.998353378222,-0.00164797894997,-0.000824329047573
1907,0.997400249565,-0.00260313565489,-0.00130241523446
1908,0.998633086148,-0.00136784893122,-0.000684158395273
1909,0.995916457805,-0.00409190262172,-0.00204804569734
1910,0.996493660369,-0.00351250124695,-0.00175779373483
1911,0.999160975756,-0.000839376421716,-0.000419776292277
1912,0.998510600056,-0.00149051020224,-0.000745532872703
1913,0.998308156935,-0.00169327584814,-0.000846996423122
1914,0.999426191391,-0.00057397329967,-0.000287027834443
1915,0.99827423729,-0.0017272535535,-0.000863999809734
1916,0.998784274006,-0.00121646558814,-0.000608417805143
1917,0.997195536081,-0.00280840379626,-0.00140518825124
1918,0.998853915705,-0.0011467415521,-0.000573535184494
1919,0.999295244341,-0.000705004115883,-0.000352564194093
1920,0.9972033621,-0.00280055579859,-0.00140125874616
1921,0.997898279774,-0.0021039319396,-0.00105251948008
1922,0.998592422635,-0.00140856893224,-0.000704532532659
1923,0.997867305398,-0.00213497203413,-0.00106805598305
1924,0.999340031478,-0.000660186397116,-0.000330147685313
1925,0.997187388412,-0.00281657441208,-0.00140927930813
1926,0.997336972548,-0.00266657961706,-0.00133417903454
1927,0.997862515987,-0.00213977169221,-0.00107045837813
1928,0.998808290249,-0.00119242040137,-0.000596387969315
1929,0.997912646573,-0.00208953498517,-0.00104531345226
1930,0.998226875985,-0.00177469786031,-0.000887742740689
1931,0.998068732341,-0.00193313496052,-0.000967034757147
1932,0.997604159906,-0.00239871471144,-0.00120007687238
1933,0.997581832851,-0.0024210956372,-0.00121128082736
1934,0.99807504916,-0.00192680593861,-0.000963867191013
1935,0.998467145372,-0.00153403065109,-0.000767309557022
1936,0.997338014888,-0.00266553449428,-0.0013336557761
1937,0.998569167843,-0.00143185677465,-0.000716184725223
1938,0.998427941246,-0.00157329573447,-0.000786957355818
1939,0.998541698285,-0.00145936607219,-0.000729949319526
1940,0.997503442557,-0.00249967903936,-0.00125062089459
1941,0.99658898078,-0.0034168500088,-0.00170988519382
1942,0.998597586689,-0.00140339761289,-0.000701945054646
1943,0.997868030623,-0.00213424525887,-0.00106769220737
1944,0.99674322355,-0.00326209128879,-0.00163237652282
1945,0.998204942078,-0.00179667096891,-0.000898739108633
1946,0.999320452819,-0.000679778178234,-0.000339946857958
1947,0.99702870722,-0.00297571583389,-0.00148896532669
1948,0.999274021737,-0.000726241912803,-0.000363186892797
1949,0.997250695454,-0.00275309082546,-0.00137749328625
1950,0.997598659363,-0.00240422847994,-0.00120283706891
1951,0.997821089093,-0.00218128818758,-0.00109123906234
1952,0.997235400489,-0.00276842807413,-0.00138517250351
1953,0.998248491397,-0.00175304428755,-0.000876906401572
1954,0.995491727091,-0.00451846581825,-0.00226178689878
1955,0.997246463141,-0.00275733481464,-0.00137961820613
1956,0.996562273194,-0.0034436493665,-0.00172330787451
1957,0.99699625435,-0.00300826594816,-0.00150526474946
1958,0.998766946246,-0.00123381459015,-0.000617097621516
1959,0.99870292834,-0.0012979135858,-0.000649167410919
1960,0.998890967278,-0.00110964815424,-0.000554978020465
1961,0.997950784386,-0.00205131812934,-0.0010261852328
1962,0.998892883799,-0.00110772950707,-0.000554018164941
1963,0.997859559052,-0.00214273496539,-0.00107194160185
1964,0.998583417878,-0.00141758642302,-0.000709044464779
1965,0.997643217862,-0.0023595637207,-0.00118047807674
1966,0.996629591957,-0.00337610066291,-0.00168947589044
1967,0.997826694602,-0.00217567045358,-0.00108842713414
1968,0.998159052926,-0.00184264370001,-0.00092174639735
1969,1.00019815184,0.000198132209867,9.90611980489e-05
1970,0.997262583428,-0.00274117014863,-0.00137152475529
1971,0.997633210125,-0.00236959514928,-0.00118549972456
1972,0.998642073064,-0.00135884975413,-0.000679655738426
1973,0.998968473989,-0.0010320583997,-0.000516162365821
1974,0.999106486807,-0.000893912613939,-0.000447056206822
1975,0.997380156276,-0.00262328152046,-0.00131250133719
1976,0.999608237567,-0.000391839191835,-0.000195938789415
1977,0.998528193372,-0.00147289079886,-0.000736716641926
1978,0.998995752902,-0.00100475169241,-0.000502502058084
1979,0.997352903729,-0.00265060602569,-0.00132618161498
1980,0.997816820726,-0.00218556588426,-0.00109338024696
1981,0.999413115649,-0.000587056634713,-0.000293571401009
1982,0.996781161594,-0.00322403001005,-0.00161331499966
1983,0.998736961012,-0.00126383729391,-0.000632118349606
1984,0.997484036949,-0.00251913340516,-0.00126036028988
1985,0.999911261835,-8.87421028436e-05,-4.43720358314e-05
1986,0.99951441674,-0.000485701193395,-0.000242880087291
1987,0.999083630662,-0.000916789461439,-0.000458499809639
1988,0.998202223232,-0.00179939470764,-0.00090010220289
1989,0.998174792136,-0.00182687558509,-0.000913855103896
1990,0.999297748522,-0.000702498171703,-0.000351310781035
1991,0.999368619401,-0.000631580003235,-0.000315839868529
1992,0.999563913514,-0.000436181599472,-0.000218114583264
1993,0.997894015178,-0.00210820552685,-0.001054658525
1994,0.998133761891,-0.00186798170122,-0.000934427155891
1995,0.9971952224,-0.00280871835916,-0.00140534575371
1996,0.997141936469,-0.00286215559324,-0.00143210227709
1997,0.998191382535,-0.00181025498811,-0.000905537245564
1998,0.997981073013,-0.00202096776778,-0.00101099459474
1999,0.997922480507,-0.00207968053066,-0.00104038108666
2000,0.998691636499,-0.00130922015538,-0.000654824381627
2001,0.999872601633,-0.00012740648292,-6.37052705545e-05
2002,0.998846344777,-0.00115432119541,-0.000577327186931
2003,0.998618188927,-0.00138276665427,-0.000691622387677
2004,0.999455451773,-0.000544696547706,-0.000272385364011
2005,0.99908868951,-0.000911725986252,-0.000455966914451
2006,0.998223200037,-0.00177838034483,-0.000889585619198
2007,0.999918121885,-8.18814676081e-05,-4.09415718874e-05
2008,0.998410942071,-0.00159032182063,-0.000795477134563
2009,1.00046885684,0.000468746965173,0.000234346019267
2010,0.998464207874,-0.00153697266335,-0.000768781692951
2011,1.00100401325,0.0010035095669,0.000501628925567
2012,0.999321157977,-0.000679072540322,-0.000339593919125
2013,0.999377716051,-0.000622477647802,-0.000311287263729
2014,0.99812524977,-0.00187650977361,-0.000938695185617
2015,0.999362037236,-0.000638166348374,-0.000319134086638
2016,0.996655880278,-0.00334972378767,-0.00167626525839
2017,0.997025432279,-0.00297900054072,-0.00149061012687
2018,0.998121507929,-0.00188025865026,-0.000940571385227
2019,0.996928689169,-0.00307603698572,-0.0015392018499
2020,0.998338631288,-0.00166275031552,-0.000831720845878
2021,0.998299974011,-0.00170147267255,-0.000851098315076
2022,0.999126843335,-0.00087353808848,-0.000436864441728
2023,0.998564202387,-0.00143682935844,-0.000718672800854
2024,0.998764762837,-0.00123600069759,-0.000618191350356
2025,0.996923834945,-0.00308090617666,-0.00154164019567
2026,0.998929740148,-0.00107083298951,-0.00053555985575
2027,0.996873370748,-0.00313152736922,-0.0015669901326
2028,0.998125337894,-0.00187642148446,-0.000938650999601
2029,0.997466401695,-0.00253681329678,-0.00126921141632
2030,0.997802495716,-0.00219992234014,-0.00110056634923
2031,0.998132898774,-0.00186884643213,-0.000934859925454
2032,0.997001803691,-0.00300269990343,-0.00150247754179
2033,0.99694615684,-0.00305851565437,-0.00153042773823
2034,0.998144310558,-0.00185741336646,-0.000929138064814
2035,0.998469507029,-0.00153166537214,-0.000766126010795
2036,0.996799371986,-0.00320576097918,-0.00160416578916
2037,0.996928907567,-0.00307581791473,-0.00153909214581
2038,0.998744148919,-0.00125664032292,-0.000628517595919
2039,0.99981610928,-0.000183907629829,-9.19580427963e-05
2040,0.997942110565,-0.00206000979939,-0.00103053553691
2041,0.999891665189,-0.000108340679667,-5.4171807073e-05
2042,0.999458772374,-0.000541374142715,-0.000270723710409
2043,0.998591260179,-0.00140973302795,-0.000705114990753
2044,0.999014447172,-0.000986038804176,-0.000493140956129
2045,0.997392525899,-0.00261087948216,-0.00130629219844
2046,0.99962474596,-0.000375324464999,-0.000187679842158
2047,1.00049634835,0.000496225213531,0.000248081829378
2048,0.997970953781,-0.00203110752191,-0.00101606961028
2049,0.99716708009,-0.00283694022223,-0.00141947661568
2050,0.99736161597,-0.00264187069947,-0.00132180816911
2051,0.998280187835,-0.00172129273987,-0.000861016832292
2052,0.997617667118,-0.00238517515182,-0.00119329899125
2053,0.996757168552,-0.0032481008208,-0.00162536989447
2054,0.996798929786,-0.00320620459914,-0.00160438795498
2055,0.998532577677,-0.00146850004142,-0.000734519648243
2056,0.997719235581,-0.00228336932371,-0.00114233663188
2057,0.997275213355,-0.00272850563296,-0.00136518383268
2058,0.998511078371,-0.00149003117399,-0.000745293180042
2059,0.998656390786,-0.00134451266576,-0.00067248234781
2060,0.999718051916,-0.000281987838566,-0.000141003859393
2061,0.998666659309,-0.00133423038081,-0.000667337761233
2062,0.99538259654,-0.00462809659606,-0.00231672777421
2063,0.998071012466,-0.00193085042644,-0.000965891386147
2064,0.997266609568,-0.00273713296505,-0.001369503397
2065,0.997581352355,-0.00242157729778,-0.0012115219494
2066,0.999228838732,-0.000771458765813,-0.000385803786051
2067,0.996545625606,-0.00346035452074,-0.00173167488064
2068,0.997350355785,-0.00265316073567,-0.00132746066479
2069,1.00029430489,0.000294261593685,0.000147119973638
2070,0.998715871885,-0.00128495331403,-0.000642683089347
2071,0.997978319651,-0.00202372670343,-0.00101237545815
2072,0.997287581755,-0.00271610351675,-0.00135897432825
2073,0.997582889442,-0.00242003648583,-0.00121075061035
2074,0.998806603427,-0.00119410923764,-0.000597232891405
2075,0.99582885336,-0.00417987013866,-0.00209212050584
2076,0.998712228712,-0.00128860117775,-0.000644508195084
2077,1.00066940732,0.000669183363226,0.000334535712059
2078,0.998443086524,-0.00155812672513,-0.00077936691125
2079,0.998289740925,-0.00171172323726,-0.000856227972694
2080,0.997970805857,-0.00203125574687,-0.00101614379807
2081,0.998916712564,-0.00108387461559,-0.00054208418235
2082,0.999216451329,-0.000783855805727,-0.000392004716639
2083,0.998453315005,-0.00154788234748,-0.000774240743489
2084,0.998539109413,-0.00146195872792,-0.000731246594485
2085,0.997404449137,-0.00259892514502,-0.00130030723983
2086,0.997101825351,-0.00290238248886,-0.00145224473199
2087,1.00039098264,0.000390906230705,0.000195434015636
2088,0.999567995497,-0.000432097844249,-0.000216072262373
2089,0.997670234292,-0.00233248383419,-0.00116692224165
2090,0.999687622438,-0.000312426361987,-0.000156225382907
2091,0.998644774507,-0.00135614464165,-0.000678302263832
2092,0.999438758013,-0.000561399542501,-0.000280739171118
2093,0.997585305781,-0.00241761429514,-0.00120953804941
2094,0.998049535941,-0.00195236869123,-0.000976660968631
2095,0.998233060126,-0.00176850275336,-0.000884642442189
2096,0.99855131524,-0.00144973511809,-0.000725130339025
2097,1.00005882681,5.88250803361e-05,2.94121076235e-05
2098,0.997761287114,-0.00224122254997,-0.0011212393944
2099,0.999456848107,-0.00054329945334,-0.000271686626798
2100,0.998056068123,-0.00194582376442,-0.000973385314499
2101,0.998676831529,-0.00132404463124,-0.00066224150076
2102,0.999413728189,-0.000586443735917,-0.000293264861693
2103,0.996635556876,-0.00337011558971,-0.00168647830251
2104,0.998344206327,-0.00165716601409,-0.000828926376774
2105,0.997428009132,-0.00257530411912,-0.00128848143942
2106,0.99674702801,-0.00325827440601,-0.00163046496796
2107,0.996565118498,-0.00344079425118,-0.00172187785775
2108,0.997873243709,-0.00212902104873,-0.00106507731679
2109,0.998071747738,-0.00193011373416,-0.000965522684294
2110,0.996375543593,-0.00363104066354,-0.00181716938662
2111,0.997277671146,-0.00272604112961,-0.00136394989952
2112,0.997450095433,-0.00255316111096,-0.00127739573128
2113,0.999471993704,-0.000528145740346,-0.000264107740483
2114,0.998904504012,-0.00109609648235,-0.000548198447049
2115,0.998579507681,-0.00142150217427,-0.000711003730543
2116,1.00017059887,0.000170584315546,8.52885205005e-05
2117,0.998726404325,-0.00127440738753,-0.000637406751168
2118,0.998280878092,-0.00172060129385,-0.000860670811671
2119,0.997830355105,-0.00217200198435,-0.00108659090478
2120,0.99941134478,-0.000588828545984,-0.000294457617127
2121,0.998886505476,-0.00111411491947,-0.000557212645055
2122,0.998463439859,-0.00153774186016,-0.000769166587105
2123,0.9978068659,-0.00219554254038,-0.00109837404162
2124,0.999589757971,-0.000410326201703,-0.00020518414824
2125,0.998570310879,-0.00143071210208,-0.000715611979204
2126,0.998393657163,-0.0016076343892,-0.000804140342219
2127,0.997556874334,-0.00244611496693,-0.00122380572328
2128,0.997629498859,-0.00237331522703,-0.00118736197024
2129,0.999529277824,-0.000470833000614,-0.000235444212946
2130,0.997641385386,-0.00236140052697,-0.00118139756445
2131,0.999209541098,-0.000790771479408,-0.000395463914948
2132,0.998438798408,-0.00156242153725,-0.000781515993232
2133,0.997442857459,-0.0025604176144,-0.0012810286243
2134,1.00007917859,7.91754521641e-05,3.95869424984e-05
2135,0.996127102187,-0.00388041690147,-0.00194209187303
2136,0.998666990673,-0.0013338985746,-0.000667171747429
2137,0.99858338481,-0.00141761953792,-0.00070906103397
2138,0.997786339781,-0.00221611398633,-0.00110867111512
2139,0.997097002165,-0.00290721970637,-0.00145466685608
2140,0.998942603608,-0.00105795583028,-0.000529117848629
2141,0.998774375306,-0.00122637638635,-0.000613376231487
2142,0.997059684709,-0.0029446465104,-0.00147340765522
2143,0.998326353397,-0.00167504871455,-0.000837875178731
2144,0.99857777895,-0.00142323336676,-0.000711869942605
2145,0.999706071008,-0.000293972197799,-0.000146996901885
2146,0.998518593624,-0.00148250474321,-0.000741527167037
2147,0.997836075266,-0.00216626940231,-0.00108372150339
2148,0.998472691616,-0.00152847590863,-0.000764530058547
2149,0.997330125435,-0.00267344503619,-0.00133761632986
2150,0.998985266044,-0.00101524914666,-0.000507753436486
2151,0.999125874467,-0.000874507803991,-0.000437349511418
2152,0.998384382509,-0.0016169240079,-0.000808788897445
2153,0.998073014634,-0.00192884439108,-0.000964887400163
2154,1.00015996068,0.000159947889977,7.99707471577e-05
2155,0.998072160698,-0.00192969997554,-0.000965315605258
2156,0.99884371837,-0.00115695063948,-0.000578642668853
2157,0.997744391326,-0.0022581563915,-0.0011297158445
2158,0.999047542355,-0.000952911521125,-0.000476569283637
2159,0.998453955197,-0.00154724116385,-0.000773919903508
2160,0.998816480603,-0.00118422030909,-0.000592285486366
2161,0.998609929293,-0.00139103775147,-0.000695760805073
2162,0.996803093348,-0.00320202767559,-0.00160229614469
2163,0.99781488696,-0.00218750388317,-0.00109435030637
2164,0.998710713493,-0.00129011835144,-0.000645267271134
2165,0.998251818896,-0.0017497109556,-0.000875238275474
2166,0.999562654708,-0.000437440955121,-0.000218744398628
2167,0.999621621771,-0.000378449832272,-0.0001892428203
2168,0.996327545346,-0.00367921467106,-0.00184130045117
2169,0.998817014286,-0.00118368599392,-0.000592018170582
2170,0.999033689267,-0.00096677791239,-0.000483505807464
2171,0.997862461128,-0.00213982666899,-0.00107048589594
2172,0.998465686626,-0.00153549163803,-0.000768040611271
2173,0.998209729032,-0.00179187541815,-0.000896339181156
2174,0.998365719486,-0.00163561740719,-0.00081814320031
2175,0.997973022545,-0.00202903455422,-0.00101503207384
2176,0.997364884016,-0.00263859401357,-0.00132016766192
2177,0.997747337568,-0.00225520349325,-0.0011282377285
2178,0.999793288654,-0.000206732714036,-0.000103371699504
2179,0.99963556354,-0.000364502882775,-0.00018226805019
2180,0.998229814137,-0.00177175449376,-0.000886269752025
2181,0.997330534357,-0.00267303501973,-0.00133741104742
2182,0.999850813528,-0.00014919760171,-7.46015834148e-05
2183,0.99818055248,-0.00182110472464,-0.000910967040974
2184,0.997547877326,-0.00245513405106,-0.00122832079433
2185,0.997989815294,-0.00201220783849,-0.00100661021157
2186,0.998726707586,-0.00127410373969,-0.000637254830483
2187,0.998177685927,-0.00182397650724,-0.000912404241355
2188,0.99918007221,-0.000820264114174,-0.000410216172738
2189,0.997589720796,-0.00241318860291,-0.00120732252922
2190,0.998789106067,-0.00121162765735,-0.000605997370934
2191,0.997581922378,-0.00242100589328,-0.00121123590105
2192,0.998109238231,-0.00189255151552,-0.000946723617919
2193,0.998136039208,-0.00186570012859,-0.000933285304242
2194,0.998884262034,-0.00111636086454,-0.000558336243954
2195,0.998369031123,-0.00163230035425,-0.000816483318304
2196,0.998964843626,-0.00103569251799,-0.000517980364518
2197,0.998344378848,-0.00165699320754,-0.000828839901881
2198,0.999153072564,-0.000847286281597,-0.000423732890227
2199,0.997541229374,-0.00246179836691,-0.00123165705077
2200,0.998185527269,-0.00181612088016,-0.000908472851784
2201,0.998477000024,-0.00152416091899,-0.00076237091659
2202,0.998766812311,-0.0012339486902,-0.000617164712921
2203,0.998643151169,-0.00135777018437,-0.000679115586825
2204,0.998764558142,-0.00123620564503,-0.000618293887431
2205,0.998074447265,-0.00192740899483,-0.000964169009801
2206,0.998289708656,-0.00171175556172,-0.000856244148761
2207,0.996586185511,-0.00341965484953,-0.00171129001315
2208,0.998788563577,-0.00121217080513,-0.000606269109433
2209,0.997757867442,-0.00224464990089,-0.00112295499277
2210,0.996871591923,-0.0031333117758,-0.00156788373435
2211,0.998664338858,-0.00133655393246,-0.000668500313033
2212,0.998528756738,-0.00147232660319,-0.000736434336302
2213,0.998297819673,-0.00170363068235,-0.000852178238898
2214,0.998787222942,-0.00121351306676,-0.000606940647359
2215,0.999313167313,-0.000687068664459,-0.000343593346906
2216,0.99792791507,-0.00207423466811,-0.00103765532621
2217,0.999165914862,-0.000834433180936,-0.000417303637415
2218,0.999700527988,-0.000299516862539,-0.000149769645623
2219,0.999702160725,-0.000297883637685,-0.000148952911226
2220,0.998835681235,-0.00116499711045,-0.000582668240453
2221,0.997336289627,-0.00266726436224,-0.00133452186398
2222,0.999749090513,-0.000250940969973,-0.000125478356737
2223,0.997345374555,-0.00265815521094,-0.00132996122053
2224,0.997928178953,-0.00207397023686,-0.0010375229734
2225,0.999481201314,-0.00051893330814,-0.000259500318454
2226,1.0003494082,0.000349347175622,0.000174658333268
2227,0.998956408089,-0.00104413683224,-0.000522204717556
2228,0.99905677391,-0.000943671207542,-0.000471946935699
2229,0.997768838761,-0.00223365398802,-0.00111745087751
2230,0.997764032656,-0.00223847085153,-0.00111986200348
2231,0.997088481923,-0.00291576479023,-0.00145894562228
2232,0.996422579862,-0.0035838344076,-0.00179352364683
2233,0.997548230835,-0.00245477967299,-0.00122814338767
2234,0.999256111,-0.000744165822596,-0.000372152142731
2235,0.999125782017,-0.000874600334049,-0.000437395796682
2236,0.99741621867,-0.00258712505372,-0.00129439953974
2237,0.99884095202,-0.00115972019534,-0.000580028249038
2238,0.997613029253,-0.00238982410284,-0.00119562624326
2239,0.998289500164,-0.00171196441129,-0.000856348662967
2240,0.998513647716,-0.00148745800158,-0.00074400563578
2241,0.999819843081,-0.000180173149183,-9.00906325085e-05
2242,0.998908078289,-0.00109251829179,-0.000546408372592
2243,0.997955673784,-0.00204641870333,-0.00102373300894
2244,0.998756816245,-0.00124395714904,-0.000622172043302
2245,0.99819922486,-0.0018023984842,-0.00090160544415
2246,1.00063205866,0.000631858991429,0.000315879595246
2247,0.997573747769,-0.00242920035024,-0.00121533810065
2248,0.995750914448,-0.00425813856943,-0.00213133736207
2249,1.00007647615,7.64732305072e-05,3.82358842435e-05
2250,0.998830172507,-0.00117051227499,-0.000585427433282
2251,0.998144767461,-0.0018569556148,-0.000928908976355
2252,0.996361620413,-0.00364501458834,-0.00182416906997
2253,0.998310561353,-0.00169086735772,-0.000845791158647
2254,0.999840799019,-0.000159213655041,-7.96099962279e-05
2255,0.997247872079,-0.00275592198761,-0.00137891081828
2256,0.998521326146,-0.00147976817097,-0.000740157867231
2257,0.998989651765,-0.0010108589807,-0.000505557241358
2258,0.998839714672,-0.00116095897982,-0.000580648000732
2259,0.999440237249,-0.000559919476215,-0.000279998930492
2260,0.9994583032,-0.00054184357088,-0.000270958488061
2261,0.996322082817,-0.00368469734967,-0.00184404684187
2262,0.999959048708,-4.09521306029e-05,-2.04762749374e-05
2263,0.999762467501,-0.000237560713819,-0.000118787411576
2264,0.997115338163,-0.00288883049245,-0.00144545891636
2265,0.99747616092,-0.00252702933074,-0.00126431323632
2266,0.997780893677,-0.00222157218802,-0.00111140324537
2267,0.997646775014,-0.00235599817125,-0.00117869319907
2268,0.998387474123,-0.00161382739629,-0.000807239340586
2269,0.998363369812,-0.00163797092995,-0.000819320925142
2270,0.999004971686,-0.000995523682871,-0.000497885745418
2271,0.997089951237,-0.00291429118702,-0.00145820774599
2272,0.997759999269,-0.00224251328528,-0.00112188548588
2273,0.998653333303,-0.00134757426762,-0.000674014179351
2274,0.998815096618,-0.00118560593476,-0.000592978709782
2275,0.998486287668,-0.00151485915161,-0.000757716498025
2276,0.998430129057,-0.00157110448162,-0.000785860867782
2277,0.996667731713,-0.00333783265775,-0.00167030974479
2278,0.998278746875,-0.00172273618282,-0.000861739175444
2279,0.996998701489,-0.0030058114395,-0.00150403564854
2280,0.997251134904,-0.00275265016404,-0.00137727265206
2281,0.997230538781,-0.00277330327153,-0.00138761348168
2282,0.998848225058,-0.00115243874457,-0.000576385418557
2283,0.996599070137,-0.0034067261708,-0.00170481463235
2284,0.997735505839,-0.00226706200568,-0.00113417369192
2285,0.998049960643,-0.00195194315902,-0.00097644799475
2286,0.9993455831,-0.00065463112438,-0.000327369135773
2287,0.99973609844,-0.000263936388372,-0.000131976902371
2288,0.997549080713,-0.00245392770624,-0.00122771688122
2289,0.998782931882,-0.00121780934714,-0.000609090093651
2290,0.998780988491,-0.00121975510804,-0.000610063567147
2291,0.999948714471,-5.12868438451e-05,-2.5643750718e-05
2292,0.997613229554,-0.00238962332326,-0.00119552573345
2293,0.997961006063,-0.00204107551475,-0.00102105868323
2294,0.997712758827,-0.00228986090446,-0.00114558613531
2295,0.997968136251,-0.00203393078482,-0.00101748267705
2296,0.997330780867,-0.00267278785058,-0.00133728729757
2297,0.998380398619,-0.00162091435318,-0.00081078568575
2298,0.999228632849,-0.000771664807918,-0.000385906846855
2299,0.99966545652,-0.000334599452479,-0.000167313721619
2300,0.996394081845,-0.00361243514924,-0.00180784976813
2301,0.997413765193,-0.00258958488917,-0.00129563105023
2302,0.999283521026,-0.000716735767239,-0.000358432105061
2303,0.998537732269,-0.00146333788793,-0.000731936678982
2304,0.998160588726,-0.00184110506875,-0.000920976372902
2305,0.999481358581,-0.000518775959892,-0.000259421623917
2306,0.998532517262,-0.0014685605453,-0.000734549922407
2307,0.997972146496,-0.00202991238271,-0.00101547143369
2308,0.999363146904,-0.000637055972816,-0.000318578721834
2309,0.997896657705,-0.00210555742613,-0.0010533330791
2310,0.997756932704,-0.00224558673926,-0.00112342393808
2311,0.999630084581,-0.000369983854828,-0.000185009039476
2312,0.99719999937,-0.00280392796439,-0.00140294719312
2313,0.998483968428,-0.00151718191058,-0.000758878758177
2314,0.997625101456,-0.00237772308799,-0.00118956852002
2315,0.998292628157,-0.00170883106306,-0.000854780648458
2316,0.998512447626,-0.00148865987861,-0.000744607021575
2317,0.998932000436,-0.00106857028233,-0.000534427896894
2318,0.997681082615,-0.00232161023782,-0.00116147911394
2319,0.996613678242,-0.00339206832201,-0.0016974732404
2320,0.997523890694,-0.00247917993406,-0.00124035857623
2321,0.997722154877,-0.00228044335888,-0.00114087197932
2322,0.998243778353,-0.00175776561181,-0.000879269136572
2323,0.998944791829,-0.00105576529516,-0.000528022002146
2324,0.996912461989,-0.00309231429015,-0.00154735306231
2325,0.998251465407,-0.00175006506402,-0.000875415484666
2326,0.99807431193,-0.00192754459105,-0.000964236873282
2327,0.998129846212,-0.00187190470865,-0.000936390494413
2328,0.996097284793,-0.00391035067245,-0.00195708793781
2329,1.0003813257,0.000381253012041,0.000190608337943
2330,0.998667950825,-0.00133293714146,-0.000666690710256
2331,0.99956608505,-0.000434009118709,-0.000217028106547
2332,0.996647437248,-0.00335819518299,-0.00168050806519
2333,0.9970744343,-0.00292985353243,-0.00146600029558
2334,0.997743741228,-0.00225880795896,-0.00113004199632
2335,0.997178109692,-0.00282587934704,-0.00141393834308
2336,0.997779888538,-0.00222257956275,-0.00111190749266
2337,0.998325426742,-0.00167597692324,-0.000838339672045
2338,0.99740791012,-0.00259545516151,-0.00129856999356
2339,0.998094164888,-0.00190765352673,-0.000954281800776
2340,0.997493875628,-0.00250926995819,-0.00125542236282
2341,0.997985637992,-0.0020163935642,-0.00100870518332
2342,0.999269298323,-0.000730968769258,-0.000365551182184
2343,0.998179318582,-0.00182234087297,-0.000911585678378
2344,0.99945071324,-0.000549437673217,-0.000274756575284
2345,0.995808445074,-0.0042003641175,-0.0021023889858
2346,0.998095852383,-0.00190596281075,-0.000953435636434
2347,0.997621664801,-0.00238116793074,-0.00119129299182
2348,0.997829641854,-0.00217271678709,-0.00108694869456
2349,0.999942074382,-5.79272958982e-05,-2.89640673996e-05
2350,0.9982800015,-0.00172147939587,-0.000861110240655
2351,0.997783935171,-0.00221852393407,-0.00110987742564
2352,0.997786526041,-0.00221592731383,-0.0011085776754
2353,0.998631712419,-0.00136922454141,-0.000684846671175
2354,0.998465415085,-0.00153576359634,-0.000768176694877
2355,0.998106574292,-0.00189522050431,-0.000948059376604
2356,0.997348984491,-0.00265453567375,-0.00132814904665
2357,0.997638621256,-0.00236417119614,-0.00118278453662
2358,0.998769674186,-0.001231083286,-0.000615731127635
2359,0.99959751185,-0.000402569170347,-0.000201304844275
2360,0.99708133941,-0.00292292818553,-0.00146253255185
2361,0.997235484822,-0.00276834350745,-0.0013851301616
2362,0.997933004492,-0.00206913469185,-0.00103510269532
2363,0.997348948498,-0.00265457176171,-0.0013281671146
2364,0.995830907695,-0.00417780720071,-0.00209108687943
2365,0.998616910875,-0.00138404647605,-0.000692262741349
2366,0.997621054986,-0.0023817791995,-0.00119159899034
2367,0.998562466482,-0.00143856776096,-0.000719542627164
2368,0.998395086008,-0.00160620324651,-0.00080342419571
2369,0.998403623028,-0.001597652539,-0.00079914541618
2370,1.00015111919,0.000151107772652,7.5551032203e-05
2371,1.00022084658,0.000220822199376,0.000110405004607
2372,0.998378192017,-0.00162312453744,-0.000811891674483
2373,0.999206789018,-0.000793525740528,-0.000396841591062
2374,0.996742400663,-0.00326291686524,-0.00163278998496
2375,0.997690904393,-0.00231176567915,-0.00115655112961
2376,0.998537472992,-0.00146359754463,-0.000732066602365
2377,0.99910561775,-0.000894782447977,-0.000447491318369
2378,0.998377724627,-0.00162359268633,-0.000812125939
2379,0.996874181448,-0.00313071412679,-0.00156658287429
2380,0.998932990625,-0.00106757903478,-0.000533932008368
2381,0.998460890664,-0.0015402949815,-0.000770444130476
2382,0.997526470841,-0.00247659338631,-0.00123906369907
2383,0.997691144778,-0.00231152473757,-0.0011564305195
2384,0.996770504246,-0.00323472182978,-0.00161866954847
2385,0.997588796329,-0.00241411530379,-0.00120778643918
2386,0.99742771251,-0.00257560150555,-0.00128863032424
2387,0.997168719203,-0.0028352964537,-0.00141865356512
2388,0.998979154892,-0.00102136652544,-0.000510813683617
2389,0.996812730458,-0.00319235970436,-0.0015974544253
2390,0.999253256412,-0.000747022540255,-0.000373581034147
2391,0.998418150393,-0.0015831020517,-0.000791864385036
2392,0.998477078325,-0.00152408249881,-0.000762331676605
2393,0.998042178848,-0.00195974018877,-0.000980350323927
2394,0.998780510051,-0.0012202341324,-0.000610303225474
2395,0.997341626074,-0.00266191367701,-0.00133184295464
2396,0.998773545068,-0.00122720764384,-0.000613792115255
2397,1.00038217616,0.000382103147916,0.000191033324768
2398,0.999747911933,-0.000252119846752,-0.000126067869262
2399,0.998283287176,-0.00171818806389,-0.000859463158921
2400,0.99845048211,-0.00155071963439,-0.000775660486321
2401,0.99914415356,-0.000856212885556,-0.000428198093419
2402,0.998810922667,-0.00118978484639,-0.000595069406787
2403,0.997352223989,-0.00265128756959,-0.00132652283891
2404,0.998878415827,-0.00112221361899,-0.00056126425937
2405,0.996770948145,-0.00323427649309,-0.00161844651972
2406,0.996436399831,-0.00356996491753,-0.00178657648825
2407,0.997760859252,-0.00224165137231,-0.001121454046
2408,0.998511522502,-0.00148958638065,-0.000745070617644
2409,0.998094707402,-0.00190710997624,-0.000954009766218
2410,0.998694184613,-0.00130666870648,-0.000653547822613
2411,0.998440077326,-0.00156114062062,-0.000780875034594
2412,0.996638791694,-0.00336686985668,-0.00168485270038
2413,0.998680522746,-0.00132034853105,-0.000660392228519
2414,0.997488266853,-0.00251489284112,-0.00125823733779
2415,0.999105115434,-0.000895285214288,-0.000447742814047
2416,0.997055691554,-0.00294865144891,-0.00147541307693
2417,1.00071148374,0.000711230753766,0.000355552153229
2418,0.998953619132,-0.00104692870676,-0.000523601384753
2419,0.997951805437,-0.00205029498168,-0.00102567313414
2420,0.998377997328,-0.00162331954278,-0.00081198925632
2421,0.99782430124,-0.00217806903078,-0.0010896277288
2422,1.00115540982,0.00115474284896,0.000577204777675
2423,0.996727588806,-0.00327777724175,-0.0016402323328
2424,0.998859933551,-0.00114071681886,-0.000570521094715
2425,0.997719620319,-0.00228298370578,-0.00114214360268
2426,0.998442510447,-0.00155870370037,-0.000779655623746
2427,0.99741911428,-0.00258422194732,-0.0012929461087
2428,0.999650009809,-0.000350051451922,-0.000175041043857
2429,0.999782408566,-0.00021761511,-0.000108813474756
2430,0.998575261319,-0.00142575458637,-0.000713131450592
2431,0.997174819735,-0.00282917861942,-0.00141559031312
2432,0.998677666467,-0.00132320858743,-0.00066182320211
2433,0.998394340192,-0.00160695026129,-0.000803798003257
2434,0.997387820847,-0.00261559684574,-0.00130865396414
2435,0.997230777083,-0.00277306430854,-0.00138749383439
2436,0.996950596687,-0.00305406221716,-0.00152819761427
2437,0.99864134239,-0.00135958142253,-0.000680021821338
2438,1.00079975584,0.000799436205865,0.000399638226295
2439,0.997959787895,-0.0020422961725,-0.00102166963547
2440,0.997932410528,-0.00206972988578,-0.00103540060038
2441,0.996771350774,-0.00323387255985,-0.00161824422625
2442,0.997363417634,-0.00264006427095,-0.00132090376138
2443,0.999760261276,-0.000239767465758,-0.000119890919221
2444,0.997546945338,-0.0024560683296,-0.00122878850751
2445,0.998633092576,-0.00136784249408,-0.000684155174504
2446,0.998542364604,-0.00145869878039,-0.000729615430134
2447,0.998155623707,-0.0018460792495,-0.000923465756928
2448,0.998440050395,-0.00156116759366,-0.000780888531649
2449,0.998482812915,-0.00151833917887,-0.000759457831603
2450,0.999377431062,-0.00062276281464,-0.000311429891543
2451,1.00013129839,0.000131289770815,6.56427308293e-05
2452,0.99797718816,-0.00202486048721,-0.00101294292411
2453,0.997321664148,-0.00268192901045,-0.00134186400015
2454,0.998763994449,-0.0012367700361,-0.000618576257483
2455,0.998514333084,-0.00148677161379,-0.000743662186606
2456,0.997337782384,-0.00266576761924,-0.00133377249404
2457,0.997595283116,-0.00240761285918,-0.00120453129539
2458,0.998314428879,-0.00168699329418,-0.000843852490432
2459,0.998377671481,-0.00162364591859,-0.000812152576745
2460,0.997612178456,-0.00239067693614,-0.00119605316984
2461,0.999890643995,-0.000109361985294,-5.46824876797e-05
2462,0.99741821285,-0.00258512570987,-0.00129339857434
2463,0.997820743548,-0.00218163448722,-0.00109141240112
2464,0.998690572973,-0.00131028507525,-0.00065535719037
2465,0.997587236505,-0.00241567889885,-0.00120856918126
2466,0.998790108319,-0.00121062419063,-0.000605495333652
2467,0.997840057868,-0.0021622781711,-0.00108172372709
2468,0.997233037037,-0.0027707980806,-0.00138635914888
2469,0.996562167833,-0.00344375509078,-0.00172336082775
2470,0.997016970817,-0.00298748728228,-0.00149485983187
2471,0.999065323328,-0.000935113754533,-0.00046766619902
2472,0.996833101705,-0.0031719235295,-0.00158722006723
2473,0.997478678052,-0.00252450583265,-0.00126304989283
2474,0.999211988369,-0.000788322275688,-0.000394238829553
2475,0.997316985092,-0.00268662064346,-0.00134421296717
2476,0.998994010679,-0.00100649566789,-0.000503374484379
2477,0.997353753053,-0.00264975444753,-0.00132575526132
2478,0.998858873253,-0.0011417783282,-0.000571052152333
2479,0.997442843879,-0.00256043122955,-0.0012810354406
2480,0.997938072686,-0.00206405601238,-0.00103256073034
2481,0.997826478159,-0.00217588736769,-0.00108853570925
2482,0.998528198947,-0.00147288521641,-0.000736713848643
2483,0.996607427872,-0.00339833994948,-0.00170061438203
2484,0.997294374151,-0.00270929267057,-0.00135556428308
2485,0.99772094403,-0.00228165697046,-0.00114147947758
2486,0.9997944336,-0.000205587532159,-0.00010279904954
2487,0.998563181121,-0.00143785209288,-0.00071918453571
2488,0.997323223129,-0.0026803658444,-0.00134108136865
2489,0.998460071533,-0.00154111537505,-0.000770854643367
2490,1.00041759571,0.000417508540324,0.000208732482505
2491,0.998189132909,-0.00181250869327,-0.000906665119184
2492,0.998667271571,-0.0013336173014,-0.000667031017012
2493,0.997505929256,-0.00249718611923,-0.00124937287645
2494,0.99800812228,-0.00199386414695,-0.000997429175435
2495,0.997625023153,-0.00237780157814,-0.00118960781178
2496,0.998189151889,-0.0018124896786,-0.00090665560323
2497,0.99742329663,-0.00258002878348,-0.00129084681822
2498,0.997705880495,-0.00229675502888,-0.00114903715238
2499,0.999010202268,-0.000990287905534,-0.000495266556769
2500,0.999710239178,-0.000289802810425,-0.000144911903928
2501,0.99936713902,-0.000633061321317,-0.000316580761774
2502,0.997099967372,-0.00290424587021,-0.00145317777614
2503,0.997976537707,-0.00202551225882,-0.00101326914007
2504,0.997950383809,-0.00205171952906,-0.00102638613864
2505,0.998451176009,-0.00155002465917,-0.000775312729241
2506,0.996938988528,-0.00306570595,-0.00153402839463
2507,0.99856989323,-0.00143113034908,-0.000715821252378
2508,1.00027359147,0.000273554046376,0.000136767669637
2509,0.997333068212,-0.00267049438627,-0.00133613903257
2510,0.998110858774,-0.00189092790391,-0.000945911043888
2511,0.997915187898,-0.00208698834816,-0.00104403880355
2512,0.999339806399,-0.000660411625241,-0.000330260336561
2513,0.997163312301,-0.00284071872268,-0.00142136854945
2514,0.999455267572,-0.000544880848878,-0.000272477539702
2515,0.999265875551,-0.00073439405055,-0.000367264450355
2516,0.99943306058,-0.000567100190709,-0.000283590299483
2517,0.997290334905,-0.00271334288282,-0.00135759213642
2518,0.996395627924,-0.00361088347639,-0.00180707252942
2519,0.998058546931,-0.00194334013228,-0.000972142290437
2520,0.998997434856,-0.00100306804879,-0.00050165981361
2521,0.998757895341,-0.00124287671049,-0.000621631488067
2522,0.999748835541,-0.000251196005883,-0.000125605890701
2523,0.996812268843,-0.00319282279583,-0.00159768634095
2524,0.996518495839,-0.00348757870015,-0.00174531063486
2525,0.99777156834,-0.00223091830894,-0.00111608151041
2526,0.995971725492,-0.00403640986066,-0.00202024287667
2527,0.999140369058,-0.000860000636401,-0.00043009278159
2528,0.997194827405,-0.00280911446521,-0.00140554408509
2529,0.999479136273,-0.000520999423808,-0.0002605336449
2530,0.998035938967,-0.00196599233028,-0.000983479464217
2531,0.997109099432,-0.00289508729231,-0.00144859184317
2532,0.998238125821,-0.0017634281046,-0.000882102876406
2533,0.999952182211,-4.78189319649e-05,-2.3909751816e-05
2534,0.998873381056,-0.00112725405591,-0.000563785895516
2535,0.997879492585,-0.00212275887392,-0.00106194289945
2536,0.999501373879,-0.000498750476569,-0.000249406334874
2537,1.00141099377,0.00140999925666,0.000704751174482
2538,0.998652841573,-0.0013480666611,-0.000674260542062
2539,0.997914222584,-0.00208795567871,-0.0010445229739
2540,0.998826771804,-0.00117391696687,-0.000587130777276
2541,0.995785414262,-0.00422349213785,-0.00211397737503
2542,0.998647410047,-0.00135350552803,-0.000676981812833
2543,0.996685231228,-0.00332027478844,-0.00166151618519
2544,0.9983287838,-0.00167261423945,-0.000836656922033
2545,0.99730039652,-0.0027032539808,-0.00135254084985
2546,0.998011465436,-0.00199051432406,-0.000995752594787
2547,0.998583356481,-0.00141764790715,-0.00070907522864
2548,0.998714572836,-0.00128625403432,-0.00064333386768
2549,0.99968342799,-0.000316622129377,-0.000158323596546
2550,0.998063249341,-0.00193862858597,-0.000969784229909
2551,0.998271804476,-0.00172969057654,-0.00086521937479
2552,0.99705863063,-0.00294570369871,-0.00147393702835
2553,0.998007163965,-0.00199482437453,-0.000997909768217
2554,0.997483687149,-0.00251948408691,-0.00126053585176
2555,0.995791212553,-0.00421766932341,-0.00211105981741
2556,0.99751672276,-0.00248636568678,-0.00124395591551
2557,0.996038223597,-0.00396964502883,-0.00198679357848
2558,0.998747525751,-0.00125325925057,-0.000626825998647
2559,0.99875919058,-0.00124157986181,-0.000620982660852
2560,0.998530398327,-0.00147068259665,-0.000735611728021
2561,0.997431439392,-0.00257186501953,-0.0012867596755
2562,0.997692623691,-0.00231004240387,-0.00115568849581
2563,0.997254559869,-0.00274921576349,-0.0013755530882
2564,0.99898526975,-0.00101524543698,-0.000507751580707
2565,0.999542375523,-0.000457729218867,-0.000228890800936
2566,0.998264565882,-0.0017369417281,-0.000868848094069
2567,0.997346222745,-0.00265730476453,-0.00132953543189
2568,0.99893604963,-0.00106451676656,-0.000532400057907
2569,0.997972161471,-0.00202989737782,-0.00101546392363
2570,0.997853416191,-0.00214889102204,-0.00107502293438
2571,0.998487611333,-0.00151353348094,-0.000757053160665
2572,0.99809329475,-0.0019085253267,-0.000954718116826
2573,0.99799139996,-0.00201061998195,-0.00100581548444
2574,1.0001382275,0.000138217951404,6.91065877318e-05
2575,0.997041121119,-0.00296326501746,-0.00148273066846
2576,1.000655224,0.000655009432496,0.000327451092433
2577,0.999089569742,-0.000910844951135,-0.000455526196128
2578,0.998686953931,-0.00131390886964,-0.000657170276646
2579,1.0001762016,0.000176186082983,8.80891614135e-05
2580,0.999076371028,-0.000924055780058,-0.000462134641354
2581,0.997537432549,-0.00246560455744,-0.00123356249181
2582,0.996073973527,-0.00393375354581,-0.00196881234383
2583,0.99886559878,-0.00113504513968,-0.000567683641242
2584,0.998409814017,-0.00159145167027,-0.000796042508926
2585,0.999454790591,-0.000545358089293,-0.000272716224956
2586,0.998663042627,-0.00133785189742,-0.000669149729565
2587,0.996795893227,-0.00320925091475,-0.00160591355769
2588,0.996257740974,-0.00374927879605,-0.00187639763298
2589,0.997278331878,-0.00272537859466,-0.00136361818027
2590,0.997920658759,-0.00208150607296,-0.00104129480786
2591,0.998965540416,-0.00103499500703,-0.000517631428449
2592,0.999246546849,-0.000753737139695,-0.000376939593729
2593,0.997427705513,-0.00257560852107,-0.00128863383651
2594,0.997608259624,-0.00239460515559,-0.00119801963067
2595,0.996185581424,-0.00382171202374,-0.00191268286065
2596,0.996825064757,-0.00317998604358,-0.0015912577309
2597,0.99941660324,-0.000583567001867,-0.00029182607388
2598,0.996995297344,-0.00300922583811,-0.00150574541699
2599,0.998634861124,-0.00136607152698,-0.000683269085536
2600,0.996967823025,-0.00303678333741,-0.001519545009
2601,1.00005522761,5.52260881973e-05,2.7612662862e-05
2602,0.997791834771,-0.00221060682101,-0.00110591448344
2603,0.998132877855,-0.00186886738988,-0.000934870414122
2604,0.9980644905,-0.00193738501879,-0.000969161843517
2605,1.00008804672,8.8042847839e-05,4.40204549909e-05
2606,0.998966616742,-0.00103391756691,-0.000517092429674
2607,0.995831795943,-0.00417691523457,-0.00209063996388
2608,0.999788620895,-0.00021140144903,-0.000105706311033
2609,0.995297700937,-0.00471338965198,-0.00235947401405
2610,0.999253113263,-0.000747165795488,-0.000373652688525
2611,0.998486387174,-0.00151475949475,-0.000757666631836
2612,0.99900242591,-0.000998071997994,-0.000499160538177
2613,0.998737330343,-0.00126346749586,-0.000631933333722
2614,0.999595405674,-0.000404676196603,-0.000202358570035
2615,0.997787746958,-0.00221470368874,-0.0011079651848
2616,1.00036191659,0.000361851117361,0.000180909192639
2617,0.998221193446,-0.00178039050941,-0.0008905915961
2618,0.998310159189,-0.00169127020264,-0.000845992751487
2619,0.999425700991,-0.000574463981624,-0.00028727324587
2620,0.99800415332,-0.00199784103639,-0.000999419605463
2621,1.00077212508,0.000771827147196,0.000385839118533
2622,0.997308280935,-0.00269534825494,-0.00134858264833
2623,0.998054798848,-0.00194709551228,-0.000974021807581
2624,0.999700224876,-0.000299820065751,-0.000149921269946
2625,0.998474047757,-0.00152711769364,-0.000763850432086
2626,0.99880573489,-0.00119497881254,-0.000597667938623
2627,0.998729236458,-0.00127157164679,-0.000635987978044
2628,0.998155504745,-0.0018461984308,-0.00092352540261
2629,0.997911829982,-0.00209035328452,-0.00104572302971
2630,0.998010262791,-0.00199171936631,-0.000996355716057
2631,0.996977210177,-0.00302736767947,-0.00151483003737
2632,0.997687225761,-0.00231545283172,-0.00115839683979
2633,0.995520152474,-0.00448991211271,-0.00224747785696
2634,0.998038753082,-0.00196317268141,-0.000982068254247
2635,0.998244728697,-0.00175681359627,-0.000878792710373
2636,0.997812346922,-0.00219004948642,-0.0010956245017
2637,0.998873940845,-0.00112669363556,-0.000563505527401
2638,0.998203821544,-0.00179779351875,-0.000899300888149
2639,0.997810636448,-0.0021917637118,-0.00109648255383
2640,0.998055540559,-0.00194635235612,-0.000973649867646
2641,0.997069869927,-0.00293443130876,-0.00146829254188
2642,0.997644066988,-0.00235871258888,-0.00118005200855
2643,0.998758755541,-0.00124201544132,-0.000621200585877
2644,1.00002345327,2.34529986217e-05,1.17264305557e-05
2645,0.998482161775,-0.00151899130789,-0.000759784143799
2646,0.998297691427,-0.00170375914664,-0.00085224252578
2647,0.998122730793,-0.00187903348545,-0.000939958226832
2648,0.996704560756,-0.00330088116313,-0.00165180330822
2649,0.998908799238,-0.00109179655461,-0.000546047306888
2650,0.997300681003,-0.00270296872786,-0.00135239803048
2651,1.00020616135,0.00020614010074,0.000103064738835
2652,0.998216611762,-0.0017849803684,-0.000892888572075
2653,0.996966183129,-0.0030384282226,-0.00152036870167
2654,0.999169081415,-0.000831263989462,-0.000415718381676
2655,0.997299026394,-0.00270462781617,-0.00135322869685
2656,0.998481761257,-0.00151939243532,-0.000759984859923
2657,0.998979814108,-0.00102070663622,-0.000510483570523
2658,0.998357658335,-0.00164369178668,-0.000822183701213
2659,0.998468632665,-0.00153254107684,-0.000766564198694
2660,0.998100765825,-0.00190104000692,-0.000950971890763
2661,0.998521274997,-0.00147981939568,-0.000740183498545
2662,0.996423811476,-0.00358259837243,-0.00179290452101
2663,1.00000467577,4.67576222149e-06,2.33787837789e-06
2664,0.997816832052,-0.00218555453332,-0.00109337456529
2665,0.999312921674,-0.00068731447294,-0.000343716293383
2666,0.998542186584,-0.00145887706028,-0.000729704635121
2667,0.999078763743,-0.000921660855421,-0.000460936626365
2668,0.99784530741,-0.00215701727952,-0.00107909043934
2669,0.999119800282,-0.00088058732171,-0.000440390604336
2670,0.998213728842,-0.00178786844314,-0.000894333899853
2671,0.997513737275,-0.00248935860879,-0.00124545423916
2672,0.998510098933,-0.00149101207337,-0.00074578399538
2673,0.99908137688,-0.000919045313044,-0.000459628253232
2674,0.999370836971,-0.000629361034827,-0.000314730034522
2675,0.998125533691,-0.00187622531988,-0.000938552825251
2676,0.997500836532,-0.00250229158947,-0.00125192880415
2677,0.997261418697,-0.00274233807673,-0.00137210952044
2678,0.997872564174,-0.00212970203193,-0.0010654181711
2679,0.99694301254,-0.00306166959053,-0.00153200712098
2680,0.997521784683,-0.00248129117513,-0.00124141550667
2681,0.998483592464,-0.00151755844529,-0.000759067168423
2682,0.998790896095,-0.00120983546054,-0.000605100729901
2683,0.997977713758,-0.00202433382414,-0.00101267932587
2684,0.998403824745,-0.0015974505002,-0.000799044316056
2685,0.998253920338,-0.00174760583603,-0.000874184795005
2686,0.997249659681,-0.00275412945421,-0.00137801331611
2687,0.998988347076,-0.00101216499013,-0.000506210576417
2688,0.998966720271,-0.00103381393077,-0.00051704058481
2689,0.998489132092,-0.00151201041948,-0.000756291053706
2690,0.998388442484,-0.00161285747179,-0.000806753986972
2691,0.999460937418,-0.000539207928267,-0.000269640310549
2692,0.998249244353,-0.00175229001066,-0.000876528932482
2693,0.996478201148,-0.00352801498448,-0.00176556426871
2694,0.997425059872,-0.00257826098801,-0.0012899617799
2695,0.996947186873,-0.0030574824662,-0.00152991035367
2696,1.00038568229,0.000385607930068,0.000192785379544
2697,0.999102698797,-0.000897704018678,-0.000448952758475
2698,0.997637877711,-0.00236491650041,-0.0011831576296
2699,0.998748543344,-0.00125224038132,-0.000626316244821
2700,0.999146529122,-0.000853835291422,-0.000427008788018
2701,0.998398240292,-0.00160304389647,-0.000801843252789
2702,0.998081885734,-0.00191995620299,-0.000960439027956
2703,0.998485460951,-0.00151568712226,-0.000758130797117
2704,0.999243937201,-0.00075634875857,-0.000378245896231
2705,0.999207235774,-0.000793078629657,-0.000396617946936
2706,0.996873790368,-0.0031311064335,-0.00156677933495
2707,0.997104888343,-0.00289931059927,-0.0014507065578
2708,0.99962872399,-0.000371344950104,-0.000185689713253
2709,1.00031944009,0.000319389075829,0.000159681787421
2710,0.99545009244,-0.00456028989367,-0.00228274645422
2711,0.997024198419,-0.00298023808223,-0.00149122982015
2712,0.9953979332,-0.00461268891123,-0.00230900611383
2713,0.999326784971,-0.0006734417395,-0.000336777566585
2714,0.998270228594,-0.0017312691876,-0.000866009363553
2715,0.997974589257,-0.00202746466112,-0.00101424633085
2716,0.996642878395,-0.00336276938143,-0.00168279901051
2717,0.997302947846,-0.00270069575168,-0.00135126000605
2718,0.998740874653,-0.00125991871169,-0.000630157821915
2719,0.998976126477,-0.00102439803977,-0.000512330216202
2720,0.999437120377,-0.000563038098904,-0.000281558679658
2721,0.997104423121,-0.00289977717155,-0.0014509401824
2722,0.997122170618,-0.00288197829501,-0.00144202787124
2723,0.997661135891,-0.00234160352387,-0.00117148741788
2724,0.998153725826,-0.00184798063866,-0.000924417329894
2725,0.9972206461,-0.00278322347611,-0.00139258047899
2726,0.99869080982,-0.00131004791839,-0.000655238534235
2727,0.997180003956,-0.00282397972409,-0.00141298718908
2728,0.999503904177,-0.0004962189197,-0.000248140241548
2729,0.997936692755,-0.00206543879568,-0.00103325283613
2730,0.997023461886,-0.00298097681376,-0.0014915997368
2731,0.997916928698,-0.00208524391231,-0.00104316567537
2732,0.994938101453,-0.00507475335351,-0.0025405985414
2733,0.997933471405,-0.00206866681189,-0.00103486851322
2734,0.998204453735,-0.0017971601909,-0.000898983939498
2735,0.996829542663,-0.00317549388512,-0.00158900808011
2736,0.998459766948,-0.00154142043056,-0.000771007288714
2737,0.997719885308,-0.00228271811121,-0.00114201065373
2738,0.998543205732,-0.00145785642481,-0.000729193945137
2739,0.997784844981,-0.00221761210419,-0.00110942100479
2740,0.999051333591,-0.000949116678152,-0.000474670959699
2741,0.999347909895,-0.000652302807796,-0.00032620459705
2742,0.997738655688,-0.00226390501208,-0.00113259340608
2743,0.997478423319,-0.00252476120999,-0.00126317774279
2744,0.996790305017,-0.00321485710266,-0.0016087211571
2745,0.997786346505,-0.00221610724769,-0.00110866774206
2746,0.99760263734,-0.00240024093502,-0.00120084090025
2747,0.998190626212,-0.00181101268207,-0.000905916435674
2748,0.997826304421,-0.00217606148404,-0.0010886228622
2749,1.00022725457,0.000227228753314,0.000113607922788
2750,0.997939674138,-0.0020624512531,-0.00103175752252
2751,0.995493718449,-0.00451646544328,-0.00226078444959
2752,0.997844884408,-0.00215744119531,-0.00107930262598
2753,0.999110100265,-0.000890295930735,-0.000445247058426
2754,0.998848945421,-0.00115171755067,-0.00057602461383
2755,0.99752366273,-0.00247940846443,-0.00124047298315
2756,0.998217325217,-0.00178426563853,-0.000892530888118
2757,0.997871384537,-0.0021308841849,-0.00106600987751
2758,0.997344781438,-0.00265874990754,-0.00133025896434
2759,0.99909445787,-0.000905952380526,-0.00045307879947
2760,0.99706579319,-0.00293852003447,-0.00147033990855
2761,0.998046662427,-0.00195524782452,-0.000978101942285
2762,0.998403237561,-0.00159803862272,-0.000799338612325
2763,0.999132832254,-0.000867543953675,-0.000433866069506
2764,0.998310446298,-0.00169098260784,-0.000845848832449
2765,0.999727951215,-0.000272085796743,-0.000136052152626
2766,0.996220758899,-0.00378640047596,-0.00189499347303
2767,0.997027711049,-0.00297671497418,-0.0014894656408
2768,0.996708451407,-0.00329697765534,-0.00164984833232
2769,0.998708156308,-0.00129267884186,-0.000646548343264
2770,0.998874220868,-0.00112641329719,-0.000563365279241
2771,0.998689831478,-0.0013110275432,-0.000655728667705
2772,0.99783361397,-0.00216873603921,-0.00108495615918
2773,0.998736514816,-0.00126428405461,-0.000632341871186
2774,0.996970636468,-0.00303396134132,-0.00151813186788
2775,0.999994068227,-5.93179086428e-06,-2.9658998304e-06
2776,0.99673400249,-0.00327134252074,-0.00163700970025
2777,0.99783203192,-0.00217032152527,-0.00108574976261
2778,0.998722542179,-0.00127827446586,-0.000639341524653
2779,0.997080466757,-0.00292380339295,-0.00146297079567
2780,0.99923835033,-0.000761939872673,-0.000381042514599
2781,0.999275875132,-0.000724387172606,-0.00036225918632
2782,0.9978872022,-0.0021150329056,-0.00105807582049
2783,1.00009219407,9.21898219246e-05,4.60938486082e-05
2784,0.996221055441,-0.00378610280985,-0.00189484435794
2785,0.998813034297,-0.00118767070515,-0.000594011707696
2786,0.996192947916,-0.00381431735208,-0.00190897845984
2787,0.998562923889,-0.00143810969522,-0.000719313429519
2788,0.997327809045,-0.00267576763049,-0.00133877918105
2789,0.999255970022,-0.000744306905862,-0.000372222710619
2790,0.999128254735,-0.000872125456344,-0.000436157817345
2791,0.998809295582,-0.00119141386975,-0.000595884403488
2792,0.998629658285,-0.00137128149195,-0.000685875851319
2793,0.999366703846,-0.000633496771142,-0.000316798555638
2794,0.999350631759,-0.000649579171407,-0.000324842335552
2795,0.998435255562,-0.00156596992877,-0.000783291577132
2796,0.998050869739,-0.00195103228757,-0.000975992114416
2797,0.99786189185,-0.00214039716669,-0.00107077145019
2798,0.9994617881,-0.000538356787806,-0.000269214625658
2799,0.998833205869,-0.00116747536568,-0.000583908090837
2800,0.999394858291,-0.000605324881029,-0.000302708247412
2801,0.998026186028,-0.00197576451007,-0.00098837037143
2802,0.998396761163,-0.00160452539984,-0.000802584598719
2803,0.996217965476,-0.0037892045008,-0.00189639814323
2804,0.998711587705,-0.00128924301199,-0.000644829319089
2805,0.997439074239,-0.00256421054053,-0.00128292751859
2806,0.997256127466,-0.00274764385239,-0.00137476605184
2807,0.997923542465,-0.00207861636236,-0.00103984844908
2808,0.997023940231,-0.00298049704033,-0.0014913594923
2809,0.998966058955,-0.00103447593032,-0.000517371755783
2810,0.998465135422,-0.00153604368968,-0.000768316849134
2811,0.998420686224,-0.00158056220711,-0.000790593457943
2812,0.998545881735,-0.00145517652143,-0.000727853017262
2813,0.998028775554,-0.00197316986544,-0.000987071767723
2814,0.998881020402,-0.00111960612289,-0.000559959780421
2815,0.997586685694,-0.00241623104219,-0.00120884558662
2816,0.997389571672,-0.00261384143666,-0.00130777511138
2817,0.998023895993,-0.00197805907618,-0.000989518789085
2818,0.998052018591,-0.00194988119232,-0.00097541600523
2819,0.99861370385,-0.00138725794738,-0.000693869589897
2820,0.999973902675,-2.60976654696e-05,-1.30489178711e-05
2821,0.997495310072,-0.00250783191141,-0.00125470243701
2822,0.997015695809,-0.00298876610597,-0.00149550019975
2823,0.99830474908,-0.00169668948425,-0.000848704688304
2824,0.999618389081,-0.000381683750868,-0.000190860086903
2825,0.996392840798,-0.00361368068865,-0.00180847366391
2826,0.997979615588,-0.0020224281416,-0.00101172552013
2827,0.997117188594,-0.00288697471047,-0.00144452968458
2828,0.997732843787,-0.00226973010314,-0.00113550925458
2829,0.997984088364,-0.00201794632094,-0.00100948234512
2830,0.998420848165,-0.00158040000985,-0.000790512295201
2831,0.998156004257,-0.00184569799635,-0.000923274954334
2832,0.998173194595,-0.00182847604916,-0.000914656067552
2833,0.99891569935,-0.00108488892956,-0.000542591614383
2834,0.999670230146,-0.000329824239997,-0.000164925718749
2835,0.997003969362,-0.00300052772228,-0.00150138981998
2836,0.999504049528,-0.000496073496358,-0.000248067511837
2837,0.998553747283,-0.00144729955037,-0.000723911672855
2838,0.998113971282,-0.00188780950971,-0.000944350373145
2839,0.996907940668,-0.00309684962418,-0.00154962424079
2840,0.999316318933,-0.000683914883646,-0.000342015915934
2841,0.997197735368,-0.00280619832614,-0.00140408396724
2842,0.996816510424,-0.00318856765943,-0.00159555537582
2843,0.999660172438,-0.000339885316872,-0.000169957099508
2844,0.998474057551,-0.00152710788526,-0.000763845524149
2845,0.99828060618,-0.00172087367413,-0.000860807119035
2846,0.999069075236,-0.000931358343187,-0.000465787616972
2847,0.999537845965,-0.000462260861198,-0.000231157143295
2848,0.998341560618,-0.00165981611505,-0.000830252526503
2849,0.997778097819,-0.00222437426849,-0.00111280584371
2850,1.0000039033,3.9032912556e-06,1.9516437233e-06
2851,0.997649902507,-0.0023528633061,-0.00117712392021
2852,0.997388217085,-0.00261519956997,-0.00130845506633
2853,0.998807320505,-0.0011933913031,-0.000596873709814
2854,0.996231131641,-0.00377598843869,-0.00188977760259
2855,0.997090777344,-0.00291346266963,-0.00145779288331
2856,0.999802526677,-0.000197492823613,-9.87512873938e-05
2857,0.997923858524,-0.00207829964558,-0.00103968992603
2858,0.997447046125,-0.00255621821882,-0.00127892623895
2859,0.998674549528,-0.00132632965853,-0.000663384771676
2860,0.998712052872,-0.00128877724458,-0.000644596285239
2861,0.997981440751,-0.00202059928524,-0.00101081016722
2862,0.997074454754,-0.00292983301822,-0.00146599002344
2863,0.998401195714,-0.00160008373752,-0.000800361987619
2864,0.997027471805,-0.00297695493136,-0.00148958579811
2865,1.00077698558,0.000776683887661,0.000388266548858
2866,1.00005977134,5.97695577491e-05,2.9884332329e-05
2867,0.996894225007,-0.00311060792103,-0.001556514073
2868,0.996680195326,-0.00332532745169,-0.00166404671756
2869,0.998619277553,-0.00138167652206,-0.000691076944744
2870,0.997544795458,-0.00245822349952,-0.00122986741718
2871,0.999991267413,-8.73262481625e-06,-4.36632194045e-06
2872,0.997999964652,-0.00200203808981,-0.00100152023169
2873,0.998568868685,-0.00143215636107,-0.000716334625721
2874,0.998634295519,-0.00136663790516,-0.000683552468163
2875,0.996881599185,-0.0031232731587,-0.00156285656873
2876,0.997432684303,-0.00257061690318,-0.0012861348145
2877,0.997710776082,-0.00229184819683,-0.0011465809203
2878,0.999098376142,-0.000902030564816,-0.000451117005092
2879,0.997938787288,-0.00206333993429,-0.00103220232166
2880,1.0002786985,0.000278659667006,0.000139320127553
2881,0.998423567964,-0.0015776759126,-0.000789149170787
2882,0.998428529053,-0.00157270700219,-0.000786662758065
2883,0.996703248371,-0.00330219788803,-0.00165246275837
2884,0.999196821591,-0.000803501129384,-0.000401831277258
2885,0.997395689083,-0.00260770803437,-0.00130470440439
2886,0.997200696265,-0.00280322911341,-0.00140259727747
2887,0.999356928015,-0.000643278844745,-0.000321691153877
2888,0.998626135303,-0.0013748093141,-0.000687640973775
2889,0.998016020246,-0.00198595044856,-0.000993468387398
2890,0.99862825901,-0.00137268268771,-0.000686576929971
2891,0.999126786311,-0.000873595161859,-0.000436892990884
2892,0.999156267217,-0.000844088925639,-0.000422133536114
2893,0.998238437167,-0.00176311620892,-0.000881946791012
2894,0.996551034909,-0.00345492648163,-0.00172895616497
2895,0.999068009639,-0.000932424933767,-0.000466321160806
2896,0.999236682249,-0.000763609226287,-0.000381877509802
2897,0.998672944893,-0.00132793642462,-0.000664188687996
2898,0.998955567121,-0.00104497867927,-0.000522625860968
2899,0.998265791177,-0.00173571430418,-0.000868233849072
2900,0.997491094937,-0.00251205763959,-0.00125681795435
2901,0.998104277266,-0.00189752189001,-0.00094921116104
2902,1.00029386121,0.000293818039892,0.000146898229344
2903,0.999585666856,-0.000414419003466,-0.000207230971105
2904,0.999776032313,-0.000223992771825,-0.000112002657742
2905,0.99861577442,-0.00138518450493,-0.000692832149862
2906,0.997798543637,-0.00220388313007,-0.00110254892572
2907,0.99758669784,-0.00241621886683,-0.00120883949158
2908,0.998105470952,-0.00189632593811,-0.000948612617666
2909,0.997162467996,-0.00284156542999,-0.00142179250493
2910,1.00057152833,0.000571365074733,0.000285641733996
2911,0.999283027924,-0.000717229223028,-0.000358678921421
2912,0.999553862273,-0.000446237276195,-0.000223143530912
2913,0.99764896483,-0.00235380319262,-0.00117759441676
2914,0.998343078716,-0.00165829549664,-0.000829491586339
2915,0.997759700642,-0.00224281258248,-0.00112203530238
2916,0.999639878076,-0.00036018678388,-0.000180109609729
2917,0.997245794328,-0.00275800547499,-0.00137995399898
2918,1.0000409847,4.09838637482e-05,2.0491721916e-05
2919,0.997864210196,-0.00213807385551,-0.00106960855141
2920,0.99918402768,-0.000816305406942,-0.000408236009119
2921,1.00040452104,0.00040443924548,0.00020219917773
2922,0.997677021258,-0.00232568104305,-0.0011635168827
2923,0.997954487891,-0.00204760702617,-0.0010243277788
2924,0.997926302936,-0.00207585015112,-0.0010384639062
2925,0.998461564813,-0.00153961979352,-0.000770106276448
2926,0.998585069769,-0.00141593219006,-0.000708216762176
2927,0.999092001221,-0.000908411259608,-0.0004543087968
2928,0.998027882298,-0.00197406488678,-0.00098751972022
2929,0.999049252618,-0.000951199628822,-0.000475712929935
2930,0.997405184729,-0.00259818763933,-0.00129993800756
2931,1.00059009288,0.000589918843251,0.000294915925372
2932,0.997601380001,-0.00240150129609,-0.00120147183773
2933,0.999774223758,-0.000225801733124,-0.000112907240105
2934,0.999285224272,-0.000715031301846,-0.00035757956726
2935,0.996646541074,-0.00335909437174,-0.00168095841521
2936,0.997038011814,-0.00296638355412,-0.00148429224999
2937,0.998245126209,-0.0017564153856,-0.000878593430089
2938,0.999054679422,-0.00094576767499,-0.000472995664683
2939,0.998476869177,-0.00152429196554,-0.000762436489816
2940,0.996954170004,-0.00305047797662,-0.0015264027569
2941,0.999765410855,-0.000234616665008,-0.000117315213395
2942,0.999385895078,-0.000614293561411,-0.000307193955108
2943,0.997990583322,-0.0020114382644,-0.00100622503727
2944,0.998033216328,-0.00196872033078,-0.000984844806867
2945,0.99779821877,-0.00220420871401,-0.00110271189718
2946,0.99690870229,-0.00309608564012,-0.00154924165688
2947,0.997847301745,-0.002155018641,-0.00107809004223
2948,0.997748104471,-0.00225443485831,-0.0011278529775
2949,0.99664924579,-0.00335638055833,-0.00167959922852
2950,0.999434983293,-0.000565176389194,-0.000282628126402
2951,0.997513094778,-0.00249000270687,-0.00124577668935
2952,0.997760097282,-0.00224241505227,-0.00112183631427
2953,0.999421889597,-0.000578277572862,-0.000289180591079
2954,0.998089073074,-0.00191275507641,-0.000956835013032
2955,0.999182071191,-0.000818263494974,-0.000409215453296
2956,0.996617967673,-0.00338776432605,-0.00169531759178
2957,0.998933797103,-0.00106677169532,-0.000533528123188
2958,0.998684800302,-0.00131606533243,-0.000658249217206
2959,0.996308957833,-0.0036978708712,-0.00185064577066
2960,0.998198999058,-0.00180262469362,-0.000901718650842
2961,0.998386387647,-0.00161491562779,-0.000807783895715
2962,0.999312710788,-0.000687525503304,-0.000343821844838
2963,0.99811313805,-0.00188864431635,-0.000944768170725
2964,0.997604319322,-0.0023985549127,-0.00119999687713
2965,0.999531616828,-0.000468492897178,-0.00023427388643
2966,0.997293060236,-0.00271061015088,-0.00135622391642
2967,0.998757811921,-0.00124296023433,-0.000621673275947
2968,1.00015820514,0.000158192624144,7.90931840412e-05
2969,0.999147464726,-0.000852898888933,-0.000426540386958
2970,0.999082398812,-0.000918022441195,-0.000459116582368
2971,0.997740682662,-0.00226187344608,-0.00113157647312
2972,0.997212314612,-0.00279157821968,-0.00139676367683
2973,0.998878914949,-0.00112171393697,-0.000561014278164
2974,1.00093403419,0.000933598252841,0.000466690192659
2975,0.997479448124,-0.00252373381458,-0.00126266339632
2976,0.999490752171,-0.000509377539778,-0.000254721205827
2977,0.998744466634,-0.00125632220876,-0.000628358438886
2978,0.996429600829,-0.00357678825801,-0.00178999425953
2979,0.998110203498,-0.00189158442018,-0.000946239612582
2980,0.9964830287,-0.00352317038257,-0.00176313769397
2981,0.999563797856,-0.000436297307599,-0.000218172449947
2982,0.996705217687,-0.00330022206039,-0.00165147321255
2983,0.998928459627,-0.00107211488332,-0.000536201146128
2984,0.998217458507,-0.00178413211109,-0.000892464064811
2985,0.998194318385,-0.00180731382301,-0.000904065332429
2986,0.998840982387,-0.00115968979321,-0.000580013039155
2987,0.99768156935,-0.00232112237114,-0.00116123489731
2988,0.997943328017,-0.00205878983698,-0.00102992492728
2989,0.9983375076,-0.00166387587444,-0.000832284093572
2990,0.998984077774,-0.00101643862432,-0.000508348477477
2991,0.9995683356,-0.000431757593686,-0.000215902100348
2992,0.998066834959,-0.00193503601604,-0.00096798620455
2993,0.99986010051,-0.000139909276425,-6.99570850955e-05
2994,0.998044400054,-0.00195751462786,-0.000979236453177
2995,0.99805290878,-0.00194898926623,-0.000974969607284
2996,0.99963299695,-0.000367070412413,-0.000183552049823
2997,0.996695394746,-0.00331007752126,-0.00165640909316
2998,0.99965522054,-0.000344838910016,-0.000172434320097
2999,0.997864671606,-0.00213761145822,-0.0010693771055
3000,0.999118961017,-0.000881427326001,-0.000440810791535
3001,0.998664452753,-0.00133643988499,-0.00066844325118
3002,0.999012069581,-0.000988418743444,-0.000494331513294
3003,0.9972310022,-0.00277283856592,-0.00138738080648
3004,0.999126543619,-0.000873838066102,-0.000437014496074
3005,0.99870343834,-0.00129740292284,-0.000648911913715
3006,0.999940919837,-5.90819083937e-05,-2.95413905351e-05
3007,0.997993048521,-0.0020089681052,-0.00100498871567
3008,0.997000153465,-0.00300435509367,-0.00150330638069
3009,1.00014231647,0.000142306348936,7.1150643141e-05
3010,1.00046617206,0.000466063440275,0.000233004570355
3011,0.997649640481,-0.0023531259491,-0.0011772553963
3012,0.996848794375,-0.00315618112862,-0.00157933640449
3013,0.999079869657,-0.00092055392319,-0.000460382905289
3014,0.997981937643,-0.002020101389,-0.00101056096749
3015,0.997605373032,-0.00239749867214,-0.00119946812324
3016,0.997395054213,-0.00260834456202,-0.00130502308351
3017,0.998790307226,-0.00121042504282,-0.00060539569946
3018,0.998741390197,-0.00125940251742,-0.000629899562171
3019,0.999183015859,-0.000817318054783,-0.000408742539868
3020,0.997170643237,-0.00283336695914,-0.00141768744966
3021,0.998772734793,-0.00122801891381,-0.000614197999299
3022,0.999499780523,-0.000500344628998,-0.000250203610202
3023,0.999408860418,-0.000591314374313,-0.00029570089805
3024,0.999229985311,-0.000770311302495,-0.000385229833209
3025,0.999136792101,-0.0008635806772,-0.000431883573467
3026,0.996311617778,-0.00369520107628,-0.00184930840367
3027,0.998139051925,-0.00186268179016,-0.000931774727685
3028,0.999056324482,-0.00094412105976,-0.000472171967987
3029,0.999912195514,-8.78083412776e-05,-4.3905134441e-05
3030,0.998659812409,-0.00134108644599,-0.000670768087359
3031,0.997510635307,-0.00249246831353,-0.00124701102924
3032,0.998109494932,-0.00189229432785,-0.00094659490235
3033,0.998458748074,-0.00154244087691,-0.000771517905402
3034,0.998545138726,-0.00145592061207,-0.000728225333446
3035,0.997347219123,-0.00265630573502,-0.00132903525313
3036,0.999382512065,-0.000617678659169,-0.00030888702536
3037,0.998617670647,-0.00138328565194,-0.000691882066024
3038,0.998460209415,-0.00154097728107,-0.000770785543154
3039,0.996019724892,-0.00398821748536,-0.00199609829976
3040,0.997719802768,-0.00228280084027,-0.0011420520655
3041,0.998591484553,-0.00140950833688,-0.000705002566007
3042,0.998296076431,-0.00170537689793,-0.000853052091109
3043,0.9992535052,-0.000746773566219,-0.000373456500631
3044,0.997784624606,-0.00221783296885,-0.00110953155965
3045,0.998286818421,-0.00171465075299,-0.000857692984943
3046,0.996435595789,-0.00357077183493,-0.00178698066784
3047,0.99624745794,-0.00375960050966,-0.00188156818694
3048,0.998311777091,-0.00168964956358,-0.000845181746765
3049,0.997154265236,-0.00284979156508,-0.00142591142887
3050,0.998464334337,-0.00153684600578,-0.00076871831548
3051,0.998474244043,-0.00152692110745,-0.000763752063912
3052,1.00031742246,0.000317372088819,0.000158673454445
3053,0.997265831947,-0.00273791271727,-0.00136989380712
3054,0.99977576968,-0.000224255463017,-0.000112134018058
3055,0.998176763395,-0.00182490072381,-0.000912866771376
3056,0.99889146214,-0.00110915274208,-0.000554730176948
3057,0.99801678207,-0.00198518711042,-0.000993086339225
3058,0.998991878341,-0.001008630155,-0.000504442265727
3059,0.99950490096,-0.000495221642354,-0.000247641479267
3060,0.997041122274,-0.0029632638586,-0.00148273008818
3061,0.996283793419,-0.00372312883211,-0.00186329820278
3062,0.998587393613,-0.00141360505563,-0.000707052371584
3063,0.999593017672,-0.000407065167372,-0.000203553297847
3064,0.999126444921,-0.000873936850473,-0.000437063909846
3065,0.998715354672,-0.00128547119243,-0.000642942194996
3066,0.998388174192,-0.00161312619677,-0.000806888457872
3067,0.997164255739,-0.00283977260146,-0.00142089481655
3068,0.999070053476,-0.000930379192995,-0.000465297813958
3069,0.997322150591,-0.00268144126128,-0.00134161979834
3070,0.999836087469,-0.000163925966406,-8.19663422602e-05
3071,0.997575742607,-0.00242720066299,-0.00121433704237
3072,0.998551917516,-0.00144913196846,-0.000724828545573
3073,0.998720004532,-0.00128081536187,-0.000640612785716
3074,0.997498652164,-0.00250448143297,-0.00125302509727
3075,0.995759548587,-0.00424946762496,-0.0021269926589
3076,0.996391383176,-0.00361514358848,-0.0018092064369
3077,0.999434616912,-0.000565542977265,-0.000282811472259
3078,0.995939775307,-0.00406848978542,-0.00203631537257
3079,0.998739523288,-0.00126127178114,-0.000630834783192
3080,0.998081141059,-0.00192070230971,-0.000960812439678
3081,0.996587731618,-0.00341810344718,-0.00171051298482
3082,0.998559663629,-0.00144137465215,-0.000720947083581
3083,0.997890160338,-0.00211206850918,-0.0010565920551
3084,0.997338182218,-0.00266536671809,-0.00133357177613
3085,0.99950139225,-0.000498732095722,-0.000249397142158
3086,0.998434643212,-0.00156658323857,-0.000783598472277
3087,0.998582062998,-0.00141894322571,-0.000709723347371
3088,0.997746803234,-0.00225573903331,-0.00112850580067
3089,0.997930540179,-0.00207160411203,-0.00103633868423
3090,0.998806790522,-0.0011939219192,-0.000597139176255
3091,0.998447440706,-0.00155376576295,-0.000777184733145
3092,1.0000215143,2.15140710312e-05,1.07569776588e-05
3093,0.999371645527,-0.000628551969925,-0.000314325374834
3094,0.996935390521,-0.00306931501094,-0.00153583569493
3095,0.999601528196,-0.000398551214727,-0.000199295464066
3096,0.997909072305,-0.0020931167363,-0.00104710620145
3097,0.997632146391,-0.00237066140732,-0.00118603348575
3098,0.997168053739,-0.00283596380711,-0.00141898771525
3099,0.998059390613,-0.00194249480936,-0.000971719218176
3100,0.998099327328,-0.00190248124225,-0.000951693193975
3101,0.998617276666,-0.00138368017834,-0.000692079465723
3102,0.998528363418,-0.00147272050301,-0.000736631431274
3103,0.999094433026,-0.000905977247498,-0.000453091238589
3104,0.996237465688,-0.00376963044965,-0.00188659260554
3105,0.99879397038,-0.0012067574592,-0.000603560799163
3106,1.00012570545,0.000125697552284,6.28468011988e-05
3107,0.997238993765,-0.00276482484282,-0.00138336839392
3108,0.996714375551,-0.00329103396574,-0.00164687158885
3109,0.99743839166,-0.00256489487268,-0.0012832701237
3110,0.99792889597,-0.0020732517318,-0.0010371633482
3111,0.999187066164,-0.00081326444546,-0.000406714908819
3112,0.998633822195,-0.00136711187649,-0.000683789615849
3113,0.996257582853,-0.00374943751084,-0.00187647713928
3114,0.998592337258,-0.00140865442951,-0.00070457531141
3115,0.999031479272,-0.000968990046822,-0.000484612410082
3116,0.997770586877,-0.0022319019647,-0.00111657388734
3117,0.995591021793,-0.00441872641488,-0.00221180564875
3118,0.997378425584,-0.00262501675937,-0.00131337009577
3119,0.999243978779,-0.000756307149477,-0.000378225083815
3120,0.997531904001,-0.00247114676836,-0.00123633701945
3121,1.00018045211,0.000180435828618,9.02138447955e-05
3122,0.996281115624,-0.00372581661838,-0.00186464460089
3123,0.997240016024,-0.00276379975416,-0.00138285514069
3124,0.998379267609,-0.00162204719879,-0.000811352567964
3125,1.00058552406,0.000585352704617,0.000292633526763
3126,0.998781761748,-0.00121898090717,-0.000609676230634
3127,0.996575311502,-0.0034305661672,-0.00171675502311
3128,0.999346239693,-0.000653974101802,-0.000327040516994
3129,0.997266417353,-0.00273732570715,-0.00136959990003
3130,0.998371026068,-0.00163030215265,-0.000815483402254
3131,0.999149326817,-0.000851035210606,-0.000425608150761
3132,0.998809061601,-0.00119164813012,-0.000596001603478
3133,0.998900785105,-0.0010998194747,-0.000550060965427
3134,0.997615515442,-0.00238733196811,-0.00119437868685
3135,0.999678601871,-0.000321449788344,-0.00016073781111
3136,0.997615902156,-0.00238694433073,-0.00119418463668
3137,0.998478036111,-0.00152312325244,-0.000761851687906
3138,0.998098718029,-0.00190309170165,-0.000951998714206
3139,0.999063198935,-0.000937240136989,-0.000468729888033
3140,0.996309069572,-0.0036977587191,-0.00185058959083
3141,0.99964577707,-0.000354285681693,-0.000177158531566
3142,0.996900818615,-0.00310399379337,-0.00155320186716
3143,0.996863509652,-0.00314141944279,-0.00157194393202
3144,0.996792788477,-0.00321236564872,-0.00160747342688
3145,0.99683589579,-0.00316912057164,-0.00158581636482
3146,0.998404663751,-0.001596610153,-0.000798623806807
3147,0.998125491088,-0.00187626800236,-0.000938574186522
3148,0.99640855443,-0.0035979102938,-0.00180057423745
3149,1.00047625342,0.000476140045255,0.000238041686208
3150,0.999560331287,-0.000439765395947,-0.000219906873946
3151,0.999312977319,-0.00068725878881,-0.000343688441748
3152,0.996808894743,-0.00319620769115,-0.00159938149404
3153,1.00060303429,0.000602852541278,0.000301380846305
3154,0.998496174907,-0.00150495697316,-0.000752761669542
3155,0.99863385153,-0.00136708250162,-0.000683774918369
3156,0.998895729,-0.001104881156,-0.000552593201402
3157,0.996758481094,-0.00324678400925,-0.00162471041876
3158,0.999115474302,-0.000884917122102,-0.000442556460279
3159,0.998884221559,-0.00111640138547,-0.000558356515733
3160,0.999220567403,-0.000779736512666,-0.000389944264839
3161,0.997322807551,-0.00268078253751,-0.00134128999463
3162,0.995302304908,-0.00470876394099,-0.00235715570411
3163,0.998428969165,-0.00157226619751,-0.000786442182367
3164,0.998289277403,-0.0017121875538,-0.00085646032977
3165,0.998484211837,-0.00151693813179,-0.000758756776293
3166,0.996762161338,-0.0032430918034,-0.00162286131816
3167,0.997955725612,-0.00204636676878,-0.00102370701509
3168,1.00036933821,0.00036927002184,0.000184617966925
3169,0.999135535103,-0.000864838762655,-0.000432512888066
3170,1.00005382345,5.3822005277e-05,2.69106405406e-05
3171,0.998970909829,-0.00102962004752,-0.000514942561184
3172,0.997768844064,-0.00223364867328,-0.00111744821717
3173,0.998922398033,-0.00107818299723,-0.000539236834554
3174,0.997351971946,-0.00265154028153,-0.0013266493625
3175,0.998862198295,-0.00113844949235,-0.000569386785325
3176,0.996898404757,-0.00310641515876,-0.00155441443102
3177,0.997377672413,-0.00262577191095,-0.00131374816753
3178,0.998665479841,-0.00133541142375,-0.000667928676954
3179,0.997808598243,-0.00219380639152,-0.00109750501409
3180,0.99926231932,-0.000737952899844,-0.000369044530105
3181,0.998593210148,-0.0014077803095,-0.00070413794356
3182,0.999510468698,-0.000489651161681,-0.000244855553069
3183,0.997259811977,-0.00274394921039,-0.00137291619291
3184,0.996126654606,-0.00388086622311,-0.00194231697019
3185,0.998436716821,-0.00156450638133,-0.000782559230486
3186,0.997744409212,-0.00225813846428,-0.00112970687076
3187,0.99770360967,-0.00229903107815,-0.00115017648529
3188,0.999349432768,-0.000650778943096,-0.000325442416444
3189,0.997201669457,-0.00280225318955,-0.00140210863124
3190,0.999352727035,-0.000647482536739,-0.000323793678229
3191,0.997925187418,-0.00207696798796,-0.00103902340519
3192,0.998200351461,-0.00180126985232,-0.000901040619578
3193,0.996750135366,-0.00325515691283,-0.0016289036811
3194,0.997183706968,-0.00282026624705,-0.00141112782874
3195,0.998100085582,-0.00190172154505,-0.00095131298395
3196,0.998448800526,-0.00155240382993,-0.00077650323763
3197,0.997175354734,-0.00282864210485,-0.00141532167612
3198,0.998045332842,-0.00195658001316,-0.000978768688334
3199,0.999715773724,-0.000284266675447,-0.000142143439145
3200,0.997504541177,-0.0024985776705,-0.00125006952161
3201,0.999620982105,-0.000379089740648,-0.000189562835088
3202,1.00002732882,2.73284469251e-05,1.36641301075e-05
3203,0.997712704375,-0.00228991548162,-0.00114561345515
3204,0.997590225406,-0.00241268277361,-0.00120706930925
3205,0.9985928836,-0.0014081073184,-0.000704301563155
3206,0.999604862194,-0.000395215893975,-0.000197627472724
3207,0.999343991631,-0.000656223636827,-0.000328165652984
3208,0.99903748516,-0.000962978355293,-0.000481605112167
3209,0.998282471684,-0.00171900495873,-0.000859871957469
3210,0.998771472744,-0.00122928251382,-0.000614830187552
3211,0.997353413155,-0.00265009524765,-0.0013259258873
3212,0.998888945352,-0.00111167232707,-0.000555990669079
3213,0.996878773596,-0.00312610759057,-0.00156427600058
3214,0.997715481993,-0.00228713149912,-0.00114421987019
3215,0.998451619798,-0.00154958018194,-0.000775090318346
3216,0.997016726696,-0.00298773213362,-0.00149498244056
3217,0.998552248184,-0.00144880082078,-0.000724662851733
3218,0.998962788704,-0.0010377495715,-0.000519009424556
3219,0.998744432174,-0.00125635671131,-0.000628375700997
3220,0.999845678919,-0.000154332989725,-7.7169472273e-05
3221,0.998079351791,-0.00192249501888,-0.000961709655893
3222,0.997628979946,-0.0023738353727,-0.00118762235191
3223,0.998371240545,-0.00163008732539,-0.00081537590104
3224,0.99646276307,-0.00354350774468,-0.0017733243556
3225,0.997864888118,-0.0021373944834,-0.00106926850208
3226,0.997551795695,-0.00245120605759,-0.00122635438711
3227,0.997139522307,-0.00286457667759,-0.00143331455363
3228,0.99861129161,-0.00138967353939,-0.000695078224682
3229,0.997465317581,-0.00253790016451,-0.00126975554007
3230,0.996512954881,-0.00349313903168,-0.00174809565675
3231,0.998146831329,-0.00185488791214,-0.000927874165202
3232,0.998406288053,-0.00159498325641,-0.000797809709202
3233,0.998277952106,-0.00172353232263,-0.000862137588461
3234,0.997439128551,-0.0025641560896,-0.0012829002582
3235,0.999771228818,-0.00022879735416,-0.000114405220858
3236,0.996798372153,-0.00320676402355,-0.001604668116
3237,0.999137950938,-0.000862420839895,-0.000431303404525
3238,0.995323062622,-0.00468790847074,-0.00234670344369
3239,1.00026883134,0.000268795212199,0.000134388575146
3240,0.99966975533,-0.000330299212336,-0.000165163244115
3241,0.996602461599,-0.00340332314081,-0.00170311021804
3242,0.998500263643,-0.00150086208732,-0.000750712687485
3243,0.996419904531,-0.00358651934739,-0.00179486852538
3244,0.998796940986,-0.00120378327087,-0.000602072808552
3245,1.00000197414,1.97414058261e-06,9.87069804115e-07
3246,0.999009978445,-0.000990511949645,-0.000495378634311
3247,0.999667018233,-0.000333037218126,-0.000166532474056
3248,0.998434447144,-0.00156677961479,-0.000783696737332
3249,0.998766189722,-0.00123457204865,-0.000617476584552
3250,0.999345277772,-0.000654936652564,-0.000327521949887
3251,0.998402517013,-0.00159876032307,-0.000799699751008
3252,0.998869921415,-0.00113071760537,-0.000565518648093
3253,0.997235876141,-0.00276795110373,-0.00138493368799
3254,0.999383147103,-0.000617043229459,-0.000308569212418
3255,0.99753391568,-0.00246913011461,-0.00123532744645
3256,0.998453696899,-0.00154749986186,-0.000774049352631
3257,0.997334484419,-0.00266907439288,-0.00133542808747
3258,0.99838372919,-0.00161757838438,-0.000809116350366
3259,0.99915100662,-0.000849353978749,-0.000424767177414
3260,0.998898406776,-0.00110220042334,-0.000551252095294
3261,0.99935311545,-0.000647093870145,-0.000323599282028
3262,0.997183070399,-0.00282090461416,-0.00141144746276
3263,0.996770545076,-0.00323468086773,-0.0016186490343
3264,0.997234977178,-0.00276885255875,-0.00138538503983
3265,0.997473606557,-0.00252959015984,-0.00126559527054
3266,0.997043258932,-0.0029611208623,-0.00148165700186
3267,0.998682117982,-0.00131875118843,-0.000659593030093
3268,0.997692799248,-0.00230986644066,-0.00115560041253
3269,0.999027059018,-0.000973414596142,-0.000486825759286
3270,0.99845111895,-0.00155008180614,-0.000775341324878
3271,0.997651971364,-0.0023507895783,-0.00117608583633
3272,0.999079918831,-0.000920504703286,-0.000460358284008
3273,0.999628946238,-0.000371122619101,-0.000185578527115
3274,0.99614908154,-0.00385835233781,-0.00193103822647
3275,0.998305220496,-0.00169621726778,-0.000848468379711
3276,0.997346188938,-0.00265733866149,-0.0013295524029
3277,0.998012665192,-0.00198931217763,-0.00099515092323
3278,0.998785281334,-0.00121545703447,-0.000607913221626
3279,0.999957732473,-4.2268420539e-05,-2.11344335985e-05
3280,0.998077354493,-0.0019244961626,-0.000962711190513
3281,0.998678894412,-0.00132197901746,-0.000661208010435
3282,0.998197017486,-0.00180460984338,-0.000902712121241
3283,0.997021551813,-0.0029828925914,-0.00149255905486
3284,0.99713736685,-0.0028667383208,-0.00143439692497
3285,0.996849226435,-0.0031557477027,-0.00157911934929
3286,0.998824581011,-0.00117611033533,-0.000588228106001
3287,0.996955084949,-0.00304956023664,-0.00152594318659
3288,0.997062766426,-0.00294155570977,-0.00147185997909
3289,0.998701776249,-0.00129906717336,-0.000649744579302
3290,1.00037704845,0.000376977389457,0.000188470931851
3291,0.997183587508,-0.00282038604428,-0.00141118781188
3292,0.999903619291,-9.638535434e-05,-4.81938384558e-05
3293,0.997031096189,-0.00297331974885,-0.00148776550104
3294,0.997745303109,-0.00225724254672,-0.00112925840602
3295,0.998814387626,-0.00118631576855,-0.000593333837199
3296,0.996990182325,-0.00301435628553,-0.00150831450657
3297,0.998272697324,-0.00172879618296,-0.000864771791179
3298,0.997448813764,-0.00255444605718,-0.00127803902529
3299,1.00043910771,0.000439011328241,0.000219481574515
3300,0.998505329868,-0.00149578826563,-0.000748173875368
3301,0.99663726756,-0.00336839913222,-0.00168561862675
3302,0.999048299284,-0.000952153870917,-0.000476190278069
3303,0.999211719798,-0.000788591058133,-0.000394373273766
3304,0.998105602717,-0.00189619392305,-0.000948546547523
3305,0.99835580795,-0.00164554521755,-0.000823111179007
3306,0.998145124627,-0.00185659778422,-0.000928729894881
3307,0.998729775399,-0.00127103202053,-0.00063571799335
3308,0.99918539026,-0.000814941715127,-0.00040755388509
3309,0.998464109226,-0.00153707146349,-0.000768831131003
3310,0.997715566247,-0.00228704705246,-0.00114417759855
3311,0.998055914745,-0.00194597744158,-0.000973462227874
3312,0.999604428052,-0.000395650207278,-0.000197844672315
3313,0.999162550066,-0.000837800791405,-0.000418988146726
3314,0.998331451617,-0.00166994196041,-0.000835319665516
3315,0.99894012303,-0.00106043903719,-0.000530360109809
3316,0.998124014025,-0.00187774784017,-0.000939314800171
3317,0.997218424678,-0.00278545109103,-0.00139369583814
3318,0.998361609943,-0.00163973368542,-0.000820203025398
3319,0.998891866846,-0.00110874758789,-0.000554527487496
3320,0.996048401044,-0.00395942715211,-0.00198167450279
3321,0.997377645798,-0.00262579859598,-0.00131376152757
3322,0.9966945554,-0.00331091965062,-0.00165683085538
3323,0.997220437792,-0.00278343236467,-0.00139268506872
3324,0.997435088596,-0.00256820642469,-0.00128492802589
3325,0.998998309079,-0.00100219294876,-0.000501222044191
3326,0.999346403981,-0.000653809706212,-0.000326958292321
3327,0.997769113166,-0.00223337896888,-0.00111731321429
3328,0.995851887841,-0.00415673944279,-0.00208053102882
3329,0.997558588241,-0.00244439686398,-0.00122294562086
3330,0.997623303831,-0.00237952499449,-0.00119047054542
3331,0.998685978601,-0.00131488548216,-0.000657658903925
3332,0.997630871437,-0.00237193938886,-0.00118667323459
3333,0.998845747269,-0.00115491939349,-0.000577626458694
3334,0.997705701099,-0.00229693483683,-0.00114912715966
3335,0.997783644067,-0.0022188156848,-0.00111002346292
3336,0.998927700118,-0.00107287520647,-0.000536581511619
3337,0.996466973356,-0.00353928252154,-0.00177120799992
3338,0.99648815618,-0.00351802481904,-0.00176056037935
3339,0.998700179018,-0.00130066648213,-0.000650544753576
3340,0.998396278264,-0.00160500907406,-0.000802826629949
3341,0.997295255176,-0.00270840925519,-0.00135512197673
3342,0.999060384673,-0.000940057042204,-0.000470139001816
3343,0.999270071151,-0.000730195376673,-0.000365164344609
3344,0.99889262972,-0.0011079838679,-0.000554145415824
3345,0.998169536227,-0.00183214111903,-0.000916490280304
3346,0.9987795322,-0.00122121317728,-0.000610793046791
3347,0.998583726586,-0.00141727727719,-0.000708889782273
3348,0.998575802623,-0.00142521250974,-0.000712860219031
3349,0.998627604739,-0.00137333785812,-0.00068690474014
3350,0.998019250339,-0.00198271393959,-0.000991848526539
3351,0.99914422822,-0.000856138162166,-0.000428160715727
3352,1.00021312259,0.000213099877843,0.000106544262678
3353,0.997824690011,-0.00217767941217,-0.00108943270725
3354,0.998058972498,-0.00194291373694,-0.00097192888553
3355,0.997600928772,-0.00240195360991,-0.00120169826639
3356,0.999454595161,-0.000545553626509,-0.000272814020232
3357,0.997746485984,-0.00225605700022,-0.00112866496355
3358,0.999775599581,-0.000224425600102,-0.000112219096143
3359,0.998347195772,-0.00165417161609,-0.000827427937828
3360,0.998930317914,-0.00107025460388,-0.000535270508096
3361,0.996359534359,-0.00364710826268,-0.00182521781729
3362,0.998765568909,-0.00123519362874,-0.000617787566551
3363,0.998298147923,-0.0017033018719,-0.000852013693582
3364,0.999715819214,-0.000284221173203,-0.000142120684789
3365,0.999430078027,-0.000570084439811,-0.000285082848299
3366,0.997982084631,-0.00201995410331,-0.00101048725022
3367,0.998420014602,-0.00158123489144,-0.000790930066077
3368,0.998347169118,-0.00165419831343,-0.000827441297543
3369,0.999116683984,-0.000883706369809,-0.000441950816402
3370,0.998604261959,-0.00139671299088,-0.000698600403113
3371,0.997991542386,-0.00201047726929,-0.00100574405634
3372,0.998877665234,-0.0011229650553,-0.000561640188469
3373,0.996874170126,-0.00313072548501,-0.0015665885623
3374,0.997496760799,-0.00250637754244,-0.00125397434039
3375,0.999542759845,-0.00045734472099,-0.000228698508012
3376,0.998108540453,-0.0018932506154,-0.000947073498848
3377,0.998807628141,-0.00119308330013,-0.000596719616423
3378,0.998142972879,-0.00185875353344,-0.00092980877113
3379,0.997676187292,-0.00232651695129,-0.00116393532321
3380,0.998848490487,-0.00115217300978,-0.000576252474591
3381,0.998410575909,-0.00159068856567,-0.000795660652969
3382,0.998373439207,-0.00162788507923,-0.000814273880735
3383,0.998401459112,-0.0015998199178,-0.000800229972193
3384,0.998690950165,-0.00130990738952,-0.000655168223762
3385,0.997353570964,-0.0026499370196,-0.00132584666838
3386,0.997687484406,-0.00231519358786,-0.00115826706771
3387,0.998287944413,-0.00171352282925,-0.000857128539526
3388,0.996498834624,-0.00350730879873,-0.00175519295047
3389,0.998778581642,-0.00122216489778,-0.000611269197807
3390,0.998346669384,-0.00165469887561,-0.000827691785759
3391,0.997263162243,-0.00274058974511,-0.00137123415556
3392,0.998827104022,-0.0011735843584,-0.000586964375408
3393,1.00001599864,1.59985170203e-05,7.99922651618e-06
3394,0.998433004504,-0.00156822451766,-0.000784419755211
3395,0.998803185837,-0.00119753091665,-0.000598944754147
3396,0.998281270774,-0.00172020793597,-0.000860473963474
3397,0.998932363739,-0.0010682065903,-0.000534245953714
3398,0.998961463955,-0.0010390756977,-0.000519672832014
3399,0.997604399102,-0.00239847494091,-0.00119995684325
3400,0.998839264054,-0.00116141012175,-0.000580873702702
3401,0.997706329338,-0.0022963051538,-0.0011488119564
3402,0.997481963721,-0.00252121186408,-0.00126140082968
3403,0.999498378514,-0.000501747340017,-0.000250905141439
3404,0.998988081932,-0.00101243040254,-0.000506343349806
3405,0.997782838663,-0.00221962287844,-0.00111042750782
3406,0.997418387302,-0.00258495080602,-0.0012933110093
3407,0.998571910718,-0.00142910997366,-0.000714810342062
3408,0.997572918481,-0.00243003165551,-0.00121575425852
3409,0.998949128953,-0.00105142359881,-0.000525850010071
3410,0.998709436023,-0.00129139747233,-0.000645907244471
3411,0.998831300334,-0.00116938312763,-0.000584862529246
3412,0.998582225653,-0.00141878033997,-0.000709641846699
3413,0.997579476186,-0.00242345801714,-0.00121246344878
3414,0.99861292147,-0.00138804141402,-0.000694261595104
3415,0.999038898439,-0.000961563715495,-0.00048089745187
3416,0.998575452456,-0.00142556317632,-0.000713035677325
3417,0.99767643998,-0.00232626367464,-0.00116380853749
3418,0.997858431036,-0.00214386540249,-0.00107250742644
3419,0.996142026592,-0.00386543458389,-0.00193458619383
3420,0.998722267254,-0.001278549742,-0.000639479250729
3421,0.998914417108,-0.00108617256368,-0.000543233779897
3422,0.997725171351,-0.00227742000212,-0.00113935857745
3423,0.997024565799,-0.00297986960611,-0.00149104530737
3424,0.997322507221,-0.00268108367356,-0.00134144076463
3425,0.998186419645,-0.0018152268826,-0.000908025447015
3426,0.997564537317,-0.00243843324659,-0.00121996017003
3427,0.996758568041,-0.00324669677972,-0.00162466673314
3428,0.998153345225,-0.00184836194415,-0.0009246081589
3429,0.996792468659,-0.0032126864959,-0.00160763410836
3430,0.998829905376,-0.0011707797189,-0.000585561233531
3431,0.998855605564,-0.0011450497558,-0.00057268880155
3432,0.998880615738,-0.00112001124092,-0.000560162452883
3433,0.998500718045,-0.00150040700257,-0.000750484974313
3434,0.998350562418,-0.00165079940234,-0.000825740437242
3435,0.998009619256,-0.0019923641845,-0.000996678446437
3436,0.997580298704,-0.00242263350432,-0.00121205069261
3437,0.998724019623,-0.00127679513346,-0.000638601385825
3438,0.998731531109,-0.00126927407879,-0.000634838464087
3439,0.998119001319,-0.00188276998079,-0.000941828232319
3440,0.999474619869,-0.00052551819197,-0.00026279362018
3441,0.996673059057,-0.0033324875163,-0.00166763271362
3442,0.99779914626,-0.00220327917757,-0.00110224661656
3443,0.998423819181,-0.00157742429896,-0.000789023264697
3444,0.998486895601,-0.00151425029722,-0.000757411840203
3445,0.996310310677,-0.00369651301702,-0.00184996558735
3446,0.998903449664,-0.0010971519871,-0.000548726488877
3447,0.999085590827,-0.000914827500572,-0.000457518379908
3448,0.996400623215,-0.00360587012807,-0.00180456132866
3449,0.999041076843,-0.000959383218361,-0.000479806679599
3450,0.997488377435,-0.0025147819798,-0.00125818183738
3451,0.998579230085,-0.00142178016555,-0.000711142825017
3452,0.997706782096,-0.00229585135545,-0.00114858479659
3453,0.998265983041,-0.00173552210671,-0.000868137666908
3454,0.99849736751,-0.00150376257441,-0.000752164020796
3455,0.998918747337,-0.00108183763831,-0.00054106514212
3456,0.997339512847,-0.00266403253837,-0.00133290379688
3457,0.997426031115,-0.00257728723842,-0.00128947427717
3458,0.99735675703,-0.00264674250506,-0.00132424729467
3459,0.995629421932,-0.00438015696491,-0.00219247845606
3460,0.99902754772,-0.000972925418879,-0.000486581051612
3461,0.999598315873,-0.000401764823339,-0.000200902589892
3462,0.999645783053,-0.000354279696912,-0.000177155538645
3463,0.997985070569,-0.00201696213206,-0.00100898975405
3464,0.998158494421,-0.00184320323454,-0.000922026422533
3465,0.9969953297,-0.00300919338399,-0.0015057291655
3466,0.998403697754,-0.00159757769425,-0.000799107963898
3467,0.999944941731,-5.50597851687e-05,-2.75302715353e-05
3468,0.997328948095,-0.00267462552862,-0.00133820736577
3469,0.998571232614,-0.0014297890474,-0.000715150121694
3470,0.998556581661,-0.00144446107086,-0.000722491406705
3471,0.998960081967,-0.00104045912326,-0.000520364904498
3472,0.999621598435,-0.000378473177381,-0.000189254495063
3473,0.997835907629,-0.00216643740241,-0.00108380559448
3474,0.99862442154,-0.00137652543649,-0.000688499625379
3475,0.999862227478,-0.000137782013309,-6.88933796946e-05
3476,0.997570639639,-0.00243231604503,-0.00121689784257
3477,1.00010769773,0.000107691932856,5.384451676e-05
3478,0.99862040306,-0.00138054946004,-0.000690513024447
3479,0.999299793474,-0.000700451784611,-0.000350287228554
3480,0.997835470101,-0.00216687587939,-0.0010840250706
3481,0.997374385391,-0.00262906758008,-0.00131539816829
3482,0.999101869407,-0.000898534154247,-0.000449368012692
3483,0.999062915177,-0.000937524161889,-0.000468871967058
3484,0.998341183696,-0.00166019366306,-0.000830441457254
3485,0.998523743068,-0.0014773476732,-0.000738946723305
3486,0.99868168045,-0.00131918929738,-0.000659812229078
3487,1.00001312119,1.31211051754e-05,6.5605310674e-06
3488,0.997899493878,-0.00210271527945,-0.00105191050991
3489,0.999270247332,-0.000730019067509,-0.00036507615784
3490,0.997965873173,-0.00203619847304,-0.00101861767547
3491,0.997772077639,-0.00223040787207,-0.00111582600717
3492,0.996201693558,-0.00380553832672,-0.00190458057732
3493,0.998234922166,-0.00176663741955,-0.000883708950641
3494,0.998535705169,-0.00146536795877,-0.000732952457858
3495,0.997263782158,-0.0027399681283,-0.00137092292101
3496,0.997830943823,-0.00217141198694,-0.00108629558558
3497,0.99706482324,-0.00293949283908,-0.00147082702615
3498,0.999339375614,-0.000660842694265,-0.000330475942279
3499,0.998400632754,-0.00160064759951,-0.000800644144303
3500,0.999224575167,-0.000775725630025,-0.00038793804352
3501,0.997393793599,-0.00260960846889,-0.00130565586185
3502,0.996707234521,-0.00329819856143,-0.0016504597927
3503,0.997597291738,-0.00240559939774,-0.00120352335253
3504,0.998633433182,-0.00136750142167,-0.00068398452164
3505,0.998570539786,-0.00143048286664,-0.000715497279465
3506,0.999867927127,-0.000132081595719,-6.6042978601e-05
3507,0.998068230916,-0.00193363735633,-0.000967286197999
3508,0.999043302849,-0.000957155078184,-0.000478692075593
3509,0.997445622362,-0.00255764562658,-0.00127964085586
3510,0.997393275746,-0.0026101276754,-0.00130591580409
3511,0.99632502051,-0.00368174881734,-0.00184256985817
3512,0.999242460754,-0.000757826323968,-0.000378984958644
3513,0.997820121668,-0.0021822577257,-0.00109172436051
3514,0.998753127001,-0.00124765099155,-0.000624020115367
3515,0.999322180917,-0.000678048905919,-0.000339081928244
3516,0.995994898773,-0.00401314312479,-0.00200858607431
3517,0.997779769768,-0.00222269859699,-0.00111196707596
3518,0.999429091283,-0.000571071747776,-0.000285576643136
3519,0.998057554016,-0.00194433497832,-0.000972640197146
3520,0.999680860016,-0.000319190919961,-0.000159608196013
3521,0.998462281596,-0.00153890190661,-0.00076974705663
3522,0.999135046109,-0.000865328179583,-0.000432757702399
3523,0.998221143378,-0.00178044066671,-0.000890616697084
3524,0.998573170111,-0.00142784877985,-0.000714179294601
3525,0.997232613489,-0.00277122280387,-0.00138657180494
3526,0.998213721191,-0.00178787610774,-0.000894337735583
3527,0.997439939391,-0.00256334316742,-0.00128249327575
3528,0.998331035857,-0.00167035841488,-0.000835528066705
3529,0.99825719468,-0.00174432577192,-0.000872543330607
3530,0.998831736135,-0.00116894681684,-0.000584644246285
3531,0.999175900981,-0.000824438775447,-0.000412304361811
3532,0.999238535058,-0.000761755003378,-0.000380950044734
3533,0.998529190715,-0.00147189198638,-0.000736216867887
3534,0.999370479851,-0.000629718380365,-0.00031490876354
3535,0.999874601646,-0.000125406216868,-6.27050743147e-05
3536,0.998390504646,-0.00161079198352,-0.000805720410199
3537,0.999065277186,-0.000935159939628,-0.000467689302368
3538,0.998283063307,-0.00171841231838,-0.000859575382541
3539,0.999141663735,-0.000858704846312,-0.000429444608101
3540,0.996302515677,-0.00370433691505,-0.001853884781
3541,0.998387205055,-0.00161409689869,-0.00080737420057
3542,0.998703623667,-0.00129721735536,-0.000648819069772
3543,0.998117939939,-0.0018838333612,-0.000942360423428
3544,0.996768132505,-0.00323710125824,-0.00161986118916
3545,0.997930974487,-0.00207116890281,-0.00103612085413
3546,0.99730937824,-0.00269424798902,-0.00134803177362
3547,0.999185666212,-0.000814665538028,-0.000407415740272
3548,0.997490044328,-0.00251311089125,-0.00125734524219
3549,0.997509883484,-0.00249322201232,-0.00124738834864
3550,0.997535390724,-0.00246765142536,-0.00123458718877
3551,0.997720824143,-0.00228177713165,-0.00114153962675
3552,0.99978330864,-0.000216714841258,-0.000108363291506
3553,0.997402744918,-0.00260063380089,-0.00130116267902
3554,0.997906228487,-0.00209596651729,-0.00104853258498
3555,0.997455870032,-0.00254737176638,-0.00127449736554
3556,0.999134835287,-0.000865539183765,-0.000432863250152
3557,0.998380787854,-0.0016205244868,-0.000810590594531
3558,0.999555810163,-0.000444288519001,-0.000222168935363
3559,0.99857956569,-0.00142144408314,-0.000710974664325
3560,0.998207130544,-0.00179447857038,-0.000897641924769
3561,0.999502595293,-0.000497528454185,-0.000248795171479
3562,0.998851753621,-0.00114890611872,-0.00057461808912
3563,0.998251561649,-0.00174996865337,-0.000875367237142
3564,0.999775777586,-0.000224247555164,-0.000112130063688
3565,0.998839864228,-0.00116080925005,-0.000580573092379
3566,0.999728807009,-0.000271229770895,-0.000135624081562
3567,0.997905511462,-0.00209668504674,-0.00104889222647
3568,0.999062954381,-0.000937484920707,-0.000468852337268
3569,0.995488681496,-0.00452152520992,-0.00226332005564
3570,0.999268913797,-0.000731353576555,-0.000365743656184
3571,0.997642396761,-0.00236038676142,-0.00118089008297
3572,0.999596880349,-0.000403200925812,-0.000201620785645
3573,0.997429501918,-0.00257380748431,-0.0012877321581
3574,0.99762745938,-0.00237535955366,-0.00118838534776
3575,0.996904060488,-0.0031007418471,-0.00155157336988
3576,0.998316337361,-0.0016850815923,-0.000842895833348
3577,0.997864770753,-0.00213751209954,-0.00106932737303
3578,0.996941567684,-0.00306311887821,-0.00153273287525
3579,0.995857682162,-0.00415092100256,-0.00207761576022
3580,0.998178068055,-0.00182359368121,-0.000912212653716
3581,0.999527937349,-0.000472174107382,-0.000236114924433
3582,0.998275910692,-0.00172557726068,-0.000863160939517
3583,1.00044176767,0.000441670121685,0.000220810678575
3584,0.999093032969,-0.000907378574836,-0.000453792219969
3585,0.998240968115,-0.00176058079851,-0.000880677968564
3586,0.997481448717,-0.00252172816886,-0.00126165930774
3587,0.997807135108,-0.00219527274127,-0.00109823899391
3588,0.998102395815,-0.00189940691713,-0.000950154569689
3589,0.999415438008,-0.000584732914488,-0.000292409200482
3590,0.998603153944,-0.00139782255474,-0.000699155572767
3591,0.997228758279,-0.00277508872031,-0.00138850744522
3592,0.997661654418,-0.0023410837812,-0.00117122724214
3593,0.998870859452,-0.00112977850712,-0.00056504883354
3594,0.997320898303,-0.00268269691275,-0.00134224846658
3595,0.997731823716,-0.00227075249204,-0.00113602102963
3596,0.997025497294,-0.00297893533112,-0.00149057747346
3597,0.999158825236,-0.000841528750236,-0.000420852908865
3598,0.998495403926,-0.00150572911564,-0.000753148031475
3599,0.99947815265,-0.000521983559986,-0.00026102584131
3600,0.997861643558,-0.00214064599024,-0.00107089599519
3601,0.997217871148,-0.00278600616541,-0.00139397376217
3602,0.998445773283,-0.00155543578067,-0.000778020391309
3603,0.998178973827,-0.00182268625685,-0.000911758527752
3604,0.995584751296,-0.00442502470105,-0.00221496176209
3605,0.999546872642,-0.000453230051562,-0.000226640704906
3606,0.999233401079,-0.000766892908237,-0.000383519979108
3607,0.99800910261,-0.00199288186106,-0.000996937542728
3608,0.994835436604,-0.00517794584942,-0.00259232720921
3609,0.998436690383,-0.00156453286092,-0.000782572480645
3610,0.999247281055,-0.000753002379694,-0.000376572075316
3611,1.00020414198,0.000204121143295,0.000102055363645
3612,0.997044083386,-0.00296029396417,-0.00148124294029
3613,0.998993232067,-0.00100727506402,-0.000503764378684
3614,0.998397664048,-0.00160362106483,-0.000802132068411
3615,0.99714819466,-0.00285587948494,-0.00142895973386
3616,0.998536522405,-0.00146454952455,-0.000732542940894
3617,0.998824051344,-0.00117664062657,-0.000588493407625
3618,0.996363657204,-0.0036429703623,-0.00182314509296
3619,0.997879893204,-0.00212235740419,-0.00106174195143
3620,0.997431641956,-0.00257166193374,-0.00128665800195
3621,0.999000603092,-0.000999896637974,-0.000500073313978
3622,0.998784604797,-0.00121613439485,-0.000608252107759
3623,0.997624972884,-0.00237785196666,-0.00118963303601
3624,0.999933834845,-6.6167344336e-05,-3.30842194387e-05
3625,0.997925146786,-0.00207700870437,-0.00103904378455
3626,1.00055647858,0.000556323800763,0.000278123216947
3627,0.997474373414,-0.00252882136133,-0.00126521038487
3628,0.997502455302,-0.00250066876541,-0.00125111637662
3629,0.998578757799,-0.00142225312389,-0.000711379472385
3630,0.996671713248,-0.00333383781902,-0.00166830899111
3631,0.997676726057,-0.00232597693145,-0.00116366499905
3632,0.998720381489,-0.00128043792139,-0.000640423944597
3633,0.997313991496,-0.00268962229769,-0.00134571581285
3634,0.997542186465,-0.00246083891714,-0.00123117673515
3635,0.997537485811,-0.00246555116358,-0.00123353576195
3636,0.99710054371,-0.00290366785585,-0.00145288834902
3637,0.99767618114,-0.00232652311684,-0.00116393840957
3638,0.997621039583,-0.00238179463915,-0.00119160671937
3639,0.998414873641,-0.00158638400087,-0.000793506660397
3640,0.998935823076,-0.00106474356244,-0.000532513516226
3641,0.998268114126,-0.00173338732251,-0.000867069348734
3642,0.999570108133,-0.000429984297181,-0.000215015261059
3643,0.99857618399,-0.00142483059968,-0.000712669127893
3644,0.998399865236,-0.00160141634693,-0.00080102882583
3645,0.998129765835,-0.00187198523663,-0.000936430796106
3646,0.998557368981,-0.00144367261284,-0.000722096892946
3647,0.997114924129,-0.00288924572498,-0.00144566683275
3648,0.997210762114,-0.002793135058,-0.00139754318357
3649,0.996817893336,-0.00318718033155,-0.00159486060535
3650,1.00023090858,0.000230881923279,0.000115434298588
3651,0.997460725351,-0.00254250407452,-0.00127206042065
3652,0.998744298458,-0.00125649059596,-0.000628442685392
3653,0.997132625965,-0.00287149282699,-0.00143677759082
3654,0.997847965376,-0.00215435357851,-0.00107775715254
3655,0.998074848885,-0.00192700660048,-0.000963967618658
3656,0.998802559919,-0.00119815758536,-0.000599258276221
3657,0.998496515407,-0.00150461596024,-0.000752591034746
3658,0.997308317508,-0.00269531158288,-0.00134856428757
3659,0.997960251549,-0.00204183157078,-0.0010214370973
3660,0.997012814343,-0.00299165620131,-0.00149694740953
3661,0.997802986664,-0.00219943031006,-0.00110032006346
3662,1.00088283869,0.000882449213977,0.000441127281726
3663,0.997406092371,-0.00259727763602,-0.00129948241453
3664,0.999855259771,-0.000144750704647,-7.23779714824e-05
3665,0.998647380354,-0.00135353526194,-0.000676996689854
3666,0.99859278247,-0.00140820859088,-0.00070435223506
3667,0.997793640785,-0.0022087968113,-0.00110500847814
3668,0.997676586317,-0.00232611699634,-0.001163735113
3669,0.999825676391,-0.000174338804693,-8.71732017091e-05
3670,0.999230596174,-0.000769699969138,-0.000384924048825
3671,0.998425444634,-0.0015757962808,-0.000788208613674
3672,0.998176593348,-0.00182507108145,-0.000912952027956
3673,0.998537669498,-0.00146340075034,-0.000731968133191
3674,0.99985717243,-0.000142837770682,-7.142143573e-05
3675,0.998189853223,-0.00181178707236,-0.000906303981661
3676,0.998086649443,-0.00191518335025,-0.000958050312418
3677,0.99763984675,-0.00236294280188,-0.00118216961322
3678,0.998014087652,-0.00198788688609,-0.000994437568528
3679,0.996716929958,-0.00328847114119,-0.00164558806707
3680,0.997073830123,-0.00293045948174,-0.00146630371444
3681,0.996787878513,-0.00321729142277,-0.00160994027597
3682,0.999040885119,-0.000959575125865,-0.000479902679395
3683,1.00003345457,3.34540100718e-05,1.67268651403e-05
3684,0.999442985721,-0.000557169469539,-0.0002786235431
3685,1.00076065075,0.000760361605101,0.000380108542987
3686,0.996959116709,-0.00304551617104,-0.00152391807033
3687,0.999125856834,-0.000874525452381,-0.000437358339472
3688,0.998556764523,-0.00144427794453,-0.00072239977739
3689,0.997785507659,-0.00221694795537,-0.00110908856203
3690,0.999901329475,-9.86753930117e-05,-4.933891363e-05
3691,0.999853278934,-0.00014673183025,-7.33686064693e-05
3692,0.999643687105,-0.000356376389554,-0.000178204071236
3693,0.99845133616,-0.00154986425889,-0.000775232466923
3694,0.998391103777,-0.0016101918867,-0.000805420120081
3695,0.997841969382,-0.00216036252132,-0.00108076486655
3696,0.998283643331,-0.00171783129661,-0.000859284621982
3697,0.999242770146,-0.000757516697022,-0.000378830086511
3698,0.998169786915,-0.0018318899713,-0.00091636459136
3699,0.997456946953,-0.00254629209871,-0.00127395684384
3700,0.997427466746,-0.00257584790388,-0.00128875368216
3701,0.99827678878,-0.0017246976565,-0.000862720757902
3702,0.996160110344,-0.0038472809593,-0.00192549186294
3703,0.997619354655,-0.00238348358637,-0.00119245219962
3704,0.997471581411,-0.00253162043757,-0.00126661169468
3705,0.998195920911,-0.0018057083997,-0.000903261895388
3706,0.998173885283,-0.00182778409753,-0.000914309775348
3707,0.997099990335,-0.00290422284045,-0.00145316624453
3708,0.996778273752,-0.00322692718214,-0.00161476592378
3709,0.996455508428,-0.0035507881654,-0.00177697102787
3710,1.00029665484,0.000296610845261,0.000148294425925
3711,0.998072528342,-0.00192933162154,-0.000965131250485
3712,0.997633722956,-0.00236908110139,-0.00118524239595
3713,0.997529355537,-0.00247370154143,-0.00123761598608
3714,0.997134058928,-0.00287005574468,-0.00143605801754
3715,0.999173381885,-0.000826959951713,-0.000413565470485
3716,1.00015000468,0.000149993435034,7.49939053334e-05
3717,0.999931917434,-6.80848837009e-05,-3.40430213011e-05
3718,0.999853144276,-0.000146866508641,-7.3435950608e-05
3719,0.999055982467,-0.000944463397841,-0.000472343217863
3720,0.996887181376,-0.00311767352185,-0.00156005237852
3721,0.996654812682,-0.00335079496616,-0.00167680174557
3722,0.99831608203,-0.0016853373533,-0.000843023821651
3723,1.00078115037,0.000780845434243,0.00039034651209
3724,0.997704392532,-0.002298246414,-0.00114978370204
3725,0.998391336573,-0.00160995871549,-0.000805303440581
3726,0.996077460819,-0.00393025251523,-0.00196705838364
3727,0.997557127857,-0.00244586082307,-0.00122367849585
3728,0.998601230622,-0.00139974856944,-0.000700119253872
3729,0.997844139269,-0.00215818794409,-0.00107967640343
3730,0.997627225397,-0.00237559409361,-0.0011885027571
3731,0.999528556896,-0.000471554268417,-0.000235804931822
3732,0.997015763345,-0.00298869836824,-0.00149546628024
3733,0.997863637537,-0.00213864774071,-0.00106989580097
3734,0.999222368128,-0.000777934384061,-0.000389042849578
3735,0.997505272931,-0.00249784408561,-0.00124970227072
3736,0.998368606383,-0.00163272578873,-0.000816696209251
3737,0.999500842017,-0.000499282604271,-0.000249672465118
3738,0.998477295776,-0.00152386471665,-0.000762222702519
3739,0.995325917779,-0.00468503990122,-0.00234526579412
3740,0.997358248751,-0.002645246831,-0.0013234984676
3741,0.998776631666,-0.00122411725949,-0.000612245975851
3742,0.998632769937,-0.00136816557504,-0.000684316825515
3743,0.998524037332,-0.0014770529738,-0.000738799264735
3744,0.997155569637,-0.00284848344295,-0.00142525643539
3745,0.998792376892,-0.00120835287252,-0.000604358987604
3746,0.997307126894,-0.00269650541131,-0.00134916200694
3747,0.999285753702,-0.00071450149383,-0.000357314568563
3748,0.99945740984,-0.000542737414863,-0.00027140553125
3749,0.997676065471,-0.00232663905536,-0.00116399644631
3750,0.998081411067,-0.00192043178263,-0.000960677046185
3751,0.996945880443,-0.00305879289778,-0.00153056657209
3752,0.998411099184,-0.00159016445719,-0.000795398390254
3753,0.998325503125,-0.0016759004115,-0.000838301384107
3754,0.999619452875,-0.000380619551158,-0.000190327885633
3755,0.998510403132,-0.00149070742081,-0.000745631555511
3756,0.998548247333,-0.00145280748063,-0.000726667635408
3757,0.996581569021,-0.00342428716427,-0.00171361013682
3758,0.998343903052,-0.00165746979263,-0.000829078391963
3759,0.996789665771,-0.00321549840691,-0.00160904232512
3760,0.998684149944,-0.00131671654715,-0.000658575038951
3761,0.997173213147,-0.00283078975989,-0.00141639702403
3762,0.998843636578,-0.00115703252573,-0.000578683635675
3763,0.998906728064,-0.0010938699937,-0.000547084593069
3764,0.998362650731,-0.00163869119032,-0.000819681350458
3765,0.998044225235,-0.00195768979,-0.000979324120014
3766,1.00010051922,0.000100514168825,5.02558215463e-05
3767,0.99631688818,-0.00368991117706,-0.00184665856624
3768,0.99883250088,-0.00116818117819,-0.000584261203222
3769,0.999085048904,-0.00091536991926,-0.000457789713372
3770,0.997631576357,-0.00237123279472,-0.00118631951833
3771,0.996802050827,-0.00320307354012,-0.00160281991498
3772,0.996860323371,-0.0031446157541,-0.00157354460117
3773,0.997509983653,-0.00249312159377,-0.00124733807674
3774,0.998986434433,-0.00101407957223,-0.000507168352518
3775,0.997144766719,-0.00285931723557,-0.00143068106686
3776,0.997728296803,-0.00227428742928,-0.00113779050769
3777,0.998763335369,-0.00123742993211,-0.000618906409642
3778,0.998357150038,-0.00164420092016,-0.000822438477286
3779,0.998426565139,-0.00157467400912,-0.000787647035703
3780,0.998180057629,-0.00182160047812,-0.000911215143555
3781,0.99837343843,-0.00162788585758,-0.000814274270229
3782,0.997551477041,-0.00245152549338,-0.00122651430089
3783,0.99631401904,-0.00369279092735,-0.00184810110138
3784,0.998788690578,-0.00121204365074,-0.000606205493695
3785,0.995938222992,-0.00407004842954,-0.00203709628188
3786,0.998436536511,-0.0015646869734,-0.000782649597189
3787,0.997618299186,-0.00238454157434,-0.00119298182454
3788,0.999486208626,-0.000513923410394,-0.000256994722684
3789,0.998573304261,-0.00142771443849,-0.000714112075951
3790,0.998768518076,-0.00123224082055,-0.000616310251442
3791,0.999913560641,-8.64430948879e-05,-4.32224815086e-05
3792,0.997010483945,-0.00299399358454,-0.00149811785131
3793,0.997081995445,-0.00292227023001,-0.00146220309301
3794,0.997304739383,-0.00269889937138,-0.00135036060262
3795,0.99896581007,-0.00103472507321,-0.000517496391683
3796,0.998811367397,-0.00118933958666,-0.000594846644465
3797,0.998451474242,-0.00154972596293,-0.00077516326534
3798,0.999103067559,-0.000897334925183,-0.000448768128892
3799,0.999493987067,-0.000506141000838,-0.00025310252546
3800,0.997821449367,-0.00218092712628,-0.0010910583347
3801,0.999387171855,-0.000613016000424,-0.000306554978589
3802,0.997335713767,-0.00266784176048,-0.00133481094841
3803,0.998065834467,-0.00193603844643,-0.000968487905043
3804,0.999453468907,-0.000546680495565,-0.000273377608632
3805,0.996513351652,-0.00349274087163,-0.00174789622874
3806,0.998299187135,-0.00170226088887,-0.000851492758736
3807,0.997001362148,-0.00300314277417,-0.00150269930988
3808,0.999764073927,-0.000235953908394,-0.000117983913751
3809,0.995211160308,-0.00480034292382,-0.00240305417931
3810,0.996708524701,-0.00329690411926,-0.00164981150362
3811,0.99999965039,-3.49610472734e-07,-1.74805251607e-07
3812,0.996200674521,-0.00380656124953,-0.00190509301298
3813,0.997053054754,-0.00295129603912,-0.00147673732385
3814,0.999649609747,-0.00035045165427,-0.000175241180077
3815,0.99880938479,-0.00119132455508,-0.000595839719545
3816,0.997952075637,-0.00205002422749,-0.0010255376182
3817,0.997899755114,-0.00210245349278,-0.00105177947889
3818,1.000794336,0.00079402068523,0.000396931544437
3819,0.998049657731,-0.00195224666288,-0.00097659989487
3820,0.998558666035,-0.00144237368621,-0.000721446960865
3821,0.997833371872,-0.00216897866232,-0.00108507760235
3822,0.996946117525,-0.00305855508991,-0.00153044748617
3823,0.9967442528,-0.00326105867671,-0.00163185937411
3824,1.00014045811,0.00014044824208,7.02216553842e-05
3825,0.999676990789,-0.000323061389971,-0.000161543741771
3826,0.997380670547,-0.00262276589831,-0.00131224318777
3827,0.997839171723,-0.00216316623545,-0.00108216823968
3828,0.998557496409,-0.00144354500088,-0.000722033040889
3829,0.998390522715,-0.00161077388495,-0.000805711353626
3830,0.996750888071,-0.00325440175413,-0.00162852548678
3831,0.99744375281,-0.00255951996806,-0.00128057922628
3832,0.998828657374,-0.00117202918408,-0.000586186332134
3833,0.999336382937,-0.000663837354555,-0.000331973768377
3834,0.997180711986,-0.00282326969217,-0.00141263167155
3835,0.999095689609,-0.000904719525869,-0.000452462093041
3836,0.998153264036,-0.00184844328306,-0.000924648865959
3837,0.999019987154,-0.000980493372506,-0.0004903668768
3838,0.999584933185,-0.000415152979076,-0.000207598035028
3839,0.998854905369,-0.00114575075272,-0.000573039500799
3840,0.997925465862,-0.00207668896441,-0.00103888374847
3841,0.998758122986,-0.00124264878194,-0.00062151745295
3842,0.997903050239,-0.00209915143816,-0.00105012671643
3843,0.995982842321,-0.00402524813099,-0.00201465075273
3844,1.00201794886,0.00201591553709,0.00100744994975
3845,0.997447315176,-0.00255594847963,-0.00127879119687
3846,0.999249923125,-0.000750358323354,-0.000375249550181
3847,0.996302275886,-0.00370457759588,-0.00185400534452
3848,0.997484923937,-0.00251824417973,-0.00125991511689
3849,0.99706640312,-0.00293790830914,-0.00147003359621
3850,0.99660868376,-0.00339707978771,-0.00169998322981
3851,0.997592601852,-0.00241030058994,-0.0012058767804
3852,0.998855461243,-0.00114519424215,-0.000572761086103
3853,0.998301068671,-0.00170037614929,-0.000850549586968
3854,0.997614408949,-0.00238844110678,-0.0011949339187
3855,0.997875722176,-0.00212653730259,-0.00106383412181
3856,0.999863080691,-0.00013692868336,-6.84666854163e-05
3857,0.998844414014,-0.00115625418998,-0.000578294242668
3858,0.998783339971,-0.0012174007604,-0.000608885675873
3859,0.997438220831,-0.0025650661404,-0.00128335586746
3860,0.99683508818,-0.00316993074538,-0.00158622209417
3861,0.997862317313,-0.00213997079199,-0.00107055803459
3862,0.999689144863,-0.00031090346199,-0.000155463814242
3863,0.996261165803,-0.00374584110856,-0.00187467556548
3864,1.00033668875,0.000336632079822,0.000168301875561
3865,0.997090585325,-0.00291365524862,-0.00145788931318
3866,0.999669155498,-0.000330899243485,-0.000165463309286
3867,1.00066957012,0.000669346057045,0.000334617031752
3868,0.998571544327,-0.00142947688838,-0.000714993930575
3869,0.997620626094,-0.00238220911447,-0.001191814204
3870,0.998463657388,-0.00153752399682,-0.000769057571651
3871,0.997706764401,-0.00229586909117,-0.00114859367463
3872,0.998654054874,-0.00134685172323,-0.000673652663719
3873,0.997403306648,-0.00260007060822,-0.00130088071632
3874,0.998247947975,-0.00175358866329,-0.000877178828159
3875,0.999790632722,-0.000209389198156,-0.000104700079749
3876,0.99840276524,-0.00159851169904,-0.000799575339588
3877,0.995455535076,-0.00455482239597,-0.00228000646866
3878,0.997222730194,-0.00278113357556,-0.00139153407408
3879,0.99909366673,-0.000906744238823,-0.000453474908084
3880,0.998065007558,-0.0019368669588,-0.000968902562513
3881,1.00019261505,0.000192596505866,9.6293616405e-05
3882,0.997724155059,-0.00227843861225,-0.00113986846292
3883,0.998054976788,-0.00194691722556,-0.0009739325774
3884,0.99642073246,-0.00358568844358,-0.00179445232787
3885,0.998622592113,-0.00137835738547,-0.000689416230937
3886,0.997390835774,-0.00261257402727,-0.00130714057814
3887,0.998774369155,-0.00122638254456,-0.000613379312481
3888,0.998835560716,-0.00116511777065,-0.00058272860571
3889,0.997021902207,-0.00298254115045,-0.00149238307213
3890,0.998417720275,-0.00158353285156,-0.000792079955557
3891,1.00001540856,1.54084395263e-05,7.70419008578e-06
3892,0.998190457746,-0.00181118145291,-0.000906000897545
3893,0.997123018569,-0.00288112789667,-0.00144160205901
3894,0.997898937848,-0.00210327247979,-0.00105218940318
3895,0.999860750983,-0.000139258712933,-6.96317806466e-05
3896,0.997620407651,-0.0023824280787,-0.0011919238166
3897,0.998634824101,-0.0013661086006,-0.000683287635012
3898,0.999043616914,-0.000956840712571,-0.000478534817557
3899,0.998314517364,-0.00168690465966,-0.000843808135775
3900,0.99884470022,-0.00115596765324,-0.00057815089146
3901,0.998059261453,-0.00194262421988,-0.000971783986315
3902,0.997671043518,-0.00233167271899,-0.00116651621088
3903,1.00059884004,0.000598660805838,0.000299285608044
3904,0.999168243071,-0.000832103030983,-0.000416138076928
3905,1.00062609359,0.000625897672468,0.000312899872855
3906,0.997978441747,-0.00202360435962,-0.00101231422432
3907,0.999082335847,-0.000918085464958,-0.000459148108717
3908,0.99886097543,-0.00113967375142,-0.000569999263587
3909,0.996623846262,-0.00338186580542,-0.00169236333589
3910,0.998206229178,-0.00179538155567,-0.000898093822794
3911,0.998448845622,-0.00155235866362,-0.000776480636936
3912,0.998279841629,-0.0017216395419,-0.000861190382622
3913,0.999150165461,-0.000850195852893,-0.000425188293375
3914,0.996901572287,-0.00310323777885,-0.00155282327285
3915,0.996052280827,-0.00395553198499,-0.00197972306165
3916,0.998340381087,-0.00166099760593,-0.000830843762583
3917,0.997393536487,-0.00260986625268,-0.00130578492204
3918,0.997609578186,-0.00239328343395,-0.00119735797835
3919,1.00036609213,0.000366025138948,0.000182995823695
3920,0.997583456137,-0.00241946841804,-0.0012104662326
3921,0.997203348357,-0.00280056957924,-0.00140126564614
3922,0.999397610292,-0.000602571217251,-0.000301330999693
3923,0.998400483025,-0.00160079756774,-0.000800719188454
3924,0.997905353693,-0.00209684314657,-0.0010489713593
3925,0.997852904627,-0.0021494036866,-0.00107527954226
3926,0.997928874926,-0.0020732728198,-0.00103717390314
3927,0.999373499932,-0.000626696400752,-0.000313397299051
3928,0.997138860998,-0.00286523988422,-0.00143364663229
3929,0.998894609016,-0.00110600237912,-0.000553154122906
3930,0.997252790556,-0.00275098994925,-0.00137644140172
3931,0.999765544871,-0.000234482617492,-0.000117248181777
3932,0.997766400663,-0.00223609754048,-0.00111867401977
3933,0.99703961786,-0.00296477273855,-0.00148348564707
3934,0.999080385544,-0.00092003756036,-0.000460124605045
3935,0.999130828768,-0.000869549180541,-0.000434869118442
3936,0.99832537601,-0.00167602774059,-0.000838365102025
3937,0.997451360191,-0.00255189312041,-0.00127676092634
3938,0.99714477647,-0.00285930745598,-0.00143067617007
3939,0.997778678115,-0.00222379268002,-0.00111251472592
3940,0.997533387137,-0.00246965996413,-0.00123559269852
3941,1.00058862573,0.000588452553534,0.000294182996461
3942,0.99996658756,-3.34129984302e-05,-1.67066387695e-05
3943,0.998917121863,-0.00108346487291,-0.000541879199971
3944,0.997967771959,-0.00203429581846,-0.0010176653796
3945,0.99876911825,-0.0012316399073,-0.000616009609685
3946,0.999665365295,-0.000334690707443,-0.000167359356736
3947,1.00003795769,3.79569709873e-05,1.89783054033e-05
3948,0.998071805546,-0.00193005581407,-0.000965493696289
3949,0.997683561093,-0.00231912600196,-0.00116023555409
3950,0.998612034272,-0.00138892984429,-0.00069470611874
3951,0.99705242585,-0.00295192680149,-0.00147705317081
3952,0.999001954271,-0.000998544107972,-0.000499396711023
3953,0.998735569129,-0.00126523093824,-0.000632815612489
3954,0.997601743057,-0.00240113736752,-0.00120128965484
3955,0.997704981898,-0.00229765569252,-0.00114948800175
3956,0.997383184798,-0.00262024504776,-0.00131098110931
3957,0.999241032924,-0.000759255237262,-0.000379699686315
3958,0.999654962595,-0.000345096944454,-0.000172563359571
3959,0.997691854046,-0.00231081382931,-0.00115607465437
3960,0.997467475388,-0.00253573687719,-0.00126867252357
3961,0.997302483094,-0.00270116176072,-0.00135149332545
3962,0.997536990839,-0.00246604735786,-0.00123378416516
3963,0.998107983298,-0.00189380882598,-0.000947352868513
3964,0.999201324481,-0.000798994630654,-0.000399577125007
3965,0.99543577182,-0.004574676073,-0.00228995598981
3966,0.999343917562,-0.000656297753846,-0.000328202723655
3967,1.00112399371,0.00112336250308,0.000561523538154
3968,0.997410446186,-0.00259291250845,-0.00129729701693
3969,0.997781136259,-0.00222132906636,-0.00111128154944
3970,0.999192269845,-0.000808056544422,-0.000404109902626
3971,0.998168214684,-0.00183346508628,-0.000917152870852
3972,0.997975498454,-0.00202655361967,-0.00101379034822
3973,0.998387373825,-0.00161392785642,-0.000807289611199
3974,0.995348449766,-0.00466240235968,-0.00233392054202
3975,0.998020818143,-0.00198114302594,-0.000991062290968
3976,0.999368761671,-0.000631437643889,-0.000315768666377
3977,0.999599090895,-0.000400989490715,-0.000200514845772
3978,1.0005056136,0.000505485820679,0.000252710973541
3979,0.998247062861,-0.00175447533108,-0.00087762255104
3980,0.999429464849,-0.000570697968121,-0.000285389699955
3981,0.997482680336,-0.00252049344013,-0.00126104116466
3982,0.996675905676,-0.00332963139989,-0.00166620227496
3983,0.997705457826,-0.00229717866928,-0.00114924921599
3984,0.996619907042,-0.00338581837793,-0.0016943429687
3985,0.997362248707,-0.00264123628848,-0.00132149054438
3986,0.997203573952,-0.00280034335167,-0.00140115237386
3987,0.999006622069,-0.000993871658355,-0.000497059322242
3988,0.998561113175,-0.00143992301682,-0.000720220742904
3989,0.997622209131,-0.00238062230281,-0.00119101985289
3990,0.997257060617,-0.00274670813459,-0.00137429754986
3991,0.998978305444,-0.00102221684146,-0.000511239058894
3992,0.997191489807,-0.00281246145737,-0.00140721993474
3993,0.997738914113,-0.00226364600147,-0.0011324637541
3994,0.997495546026,-0.00250759536489,-0.00125458401536
3995,0.997009546567,-0.00299493377371,-0.00149858865026
3996,0.996507358609,-0.0034987549015,-0.00175090850415
3997,0.997720703898,-0.00228189765126,-0.00114159995535
3998,0.998668572012,-0.00133231512588,-0.000666379495165
3999,0.998537644355,-0.00146342593041,-0.000731980732443
4000,0.996182900383,-0.00382440333338,-0.00191403109018
4001,0.998459958918,-0.00154122816432,-0.000770911081477
4002,0.997697431362,-0.00230522362536,-0.00115327632496
4003,0.99974140736,-0.000258626081266,-0.000129321401925
4004,0.996772215466,-0.00323300506768,-0.00161780977836
4005,1.00088508186,0.000884690408154,0.000442247383861
4006,1.00009994606,9.99410700492e-05,4.99692865182e-05
4007,0.998272695049,-0.0017287984623,-0.000864772931833
4008,0.998569055879,-0.0014319688995,-0.0007162408278
4009,0.998698250241,-0.00130259777162,-0.000651511026984
4010,0.997676727154,-0.00232597583142,-0.0011636644484
4011,0.99787843923,-0.0021238144682,-0.00106247125722
4012,0.99863619296,-0.00136473787098,-0.000682601802136
4013,0.998966678119,-0.00103385612597,-0.000517061693321
4014,0.998858992718,-0.00114165872652,-0.000570992317345
4015,0.999202761306,-0.000797556657701,-0.000398857851499
4016,0.997852521012,-0.00214978812749,-0.00107547196941
4017,0.999349274986,-0.000650936827118,-0.00032552138415
4018,0.997871537699,-0.00213073069595,-0.00106593305122
4019,0.997669764418,-0.00233295480592,-0.00116715800233
4020,0.998767705261,-0.00123305463879,-0.000616717411426
4021,0.996734458412,-0.00327088510504,-0.00163678061804
4022,0.999250222653,-0.000750058570592,-0.000375099617571
4023,0.996983320003,-0.00302123934759,-0.00151176123444
4024,0.998843581941,-0.00115708722646,-0.000578711001863
4025,0.996806551115,-0.00319855882506,-0.00160055894187
4026,0.9989351749,-0.00106539242858,-0.000532838122117
4027,0.997448743398,-0.00255451660298,-0.00127807434327
4028,0.998463908151,-0.00153727284757,-0.00076893190046
4029,0.998842372386,-0.00115829818244,-0.000579316830436
4030,0.997473939283,-0.00252925659196,-0.00126542827554
4031,0.999007601694,-0.000992891059237,-0.000496568779095
4032,0.999161705706,-0.000838645858857,-0.000419410857578
4033,1.00022805976,0.000228033754354,0.0001140103775
4034,0.997637782774,-0.00236501166301,-0.0011832052672
4035,0.996914950321,-0.00308981825525,-0.00154610311452
4036,0.998465095822,-0.00153608335009,-0.000768336694575
4037,0.999521380775,-0.000478733800014,-0.000239395550549
4038,0.999320723213,-0.000679507600228,-0.000339811522973
4039,0.997897016511,-0.0021051978638,-0.00105315310858
4040,0.998859362009,-0.00114128901367,-0.000570807355386
4041,0.998238280672,-0.0017632729807,-0.000882025246039
4042,0.997016095057,-0.00298836566301,-0.00149529967886
4043,1.00083334781,0.000833000771212,0.000416413661361
4044,0.997727567728,-0.00227501816446,-0.00113815629106
4045,0.99818472004,-0.00181692957737,-0.00090887756781
4046,0.998697201848,-0.00130364753107,-0.000652036248812
4047,0.99864728766,-0.00135362808123,-0.000677043130921
4048,0.998500948527,-0.00150017617471,-0.000750369473773
4049,0.995844081771,-0.00416457805853,-0.00208445849863
4050,0.997361738937,-0.00264174740719,-0.00132174644148
4051,0.997192625376,-0.00281132269111,-0.00140664975053
4052,0.997475600833,-0.0025275908355,-0.00126459434371
4053,0.998080690201,-0.00192115403384,-0.000961038518782
4054,0.998213398461,-0.00178819941454,-0.000894499533567
4055,0.997520347805,-0.00248273162381,-0.00124213662536
4056,0.996799370033,-0.00320576293826,-0.00160416677027
4057,0.998316338597,-0.00168508035364,-0.0008428952135
4058,0.998497718631,-0.00150341092555,-0.000751988064134
4059,0.998756172064,-0.00124460213231,-0.000622494735635
4060,0.997218132289,-0.00278574429624,-0.00139384264507
4061,0.997166012455,-0.00283801089136,-0.00142001271029
4062,0.998018261122,-0.00198370512024,-0.000992344608534
4063,0.99802965561,-0.00197228807172,-0.000986630435765
4064,0.997904306185,-0.00209789285407,-0.00104949676374
4065,0.998314108669,-0.00168731404475,-0.00084401300106
4066,0.997828891002,-0.00217346927233,-0.00108732534621
4067,1.00029660877,0.000296564794413,0.000148271403915
4068,0.99769212751,-0.0023105397318,-0.00115593744718
4069,0.996974785887,-0.00302979932339,-0.00151604770184
4070,0.997097610666,-0.00290660943302,-0.00145436127558
4071,0.996678278214,-0.00332725095159,-0.00166501006837
4072,0.998466035209,-0.00153514251966,-0.000767865918035
4073,0.999601488351,-0.000398591075908,-0.000199315398629
4074,0.99734132273,-0.00266221782939,-0.00133199523338
4075,0.998002796964,-0.0019992001054,-0.00100009981934
4076,0.99850523767,-0.00149588060162,-0.000748220077907
4077,0.999830250995,-0.000169763413519,-8.48853093134e-05
4078,0.997281133759,-0.00272256907122,-0.00136221150398
4079,0.996631185444,-0.00337450178825,-0.0016886751028
4080,0.999123919985,-0.000876463996954,-0.000438328036148
4081,0.998924935,-0.00107564329713,-0.000537966300561
4082,0.99709072249,-0.00291351768418,-0.00145782043068
4083,0.99715344127,-0.00285061788331,-0.0014263251772
4084,0.998466089923,-0.001535087721,-0.000767838497666
4085,0.997475184054,-0.00252800866869,-0.00126480352452
4086,0.998475604737,-0.00152555833576,-0.000763070157892
4087,0.998469992083,-0.00153117957388,-0.000765882925606
4088,0.999712362809,-0.000287678566521,-0.000143849628626
4089,0.998878807754,-0.00112182125232,-0.000561067965943
4090,0.997965395689,-0.00203667693058,-0.00101885714795
4091,0.999238587265,-0.000761702757174,-0.000380923911681
4092,0.997057428206,-0.00294690966977,-0.00147454090282
4093,0.999494041442,-0.000506086597914,-0.000253075317113
4094,0.997164287826,-0.00283974042246,-0.00142087870419
4095,1.00022729266,0.000227266837758,0.000113626962846
4096,0.997804142199,-0.00219827223213,-0.00109974038754
4097,0.998267474496,-0.00173402806159,-0.000867389996106
4098,0.999633183924,-0.000366883369944,-0.000183458511426
4099,0.998713790175,-0.00128703770299,-0.000643725954172
4100,0.999286297759,-0.000713957047768,-0.0003570422483
4101,0.998385605291,-0.00161569924786,-0.000808176022326
4102,0.996375601094,-0.00363098295297,-0.0018171404789
4103,0.999097830042,-0.000902577158072,-0.000451390425047
4104,0.999129561982,-0.000870817069566,-0.000435503338838
4105,0.998568128099,-0.00143289800901,-0.000716705715397
4106,0.997286994702,-0.00271669216693,-0.00135926905336
4107,0.99745882112,-0.00254441315534,-0.00127301617575
4108,0.997722253527,-0.00228034448378,-0.00114082248537
4109,0.997392035888,-0.00261137077435,-0.00130653816545
4110,0.999384276309,-0.000615913326236,-0.000308004086639
4111,0.999397213447,-0.000602968301651,-0.000301529601739
4112,0.997819240668,-0.00218314065027,-0.00109216630485
4113,0.998597782798,-0.00140320122873,-0.000701846793646
4114,0.996424269723,-0.0035821384809,-0.001792674163
4115,0.998071239052,-0.00193062340216,-0.000965777764374
4116,0.998343119081,-0.0016582550643,-0.000829471353401
4117,0.99764115682,-0.00236162963375,-0.00118151225318
4118,0.998992141154,-0.0010083670776,-0.000504310660684
4119,0.998191804377,-0.00180983238223,-0.000905325751301
4120,0.998744720945,-0.00125606757816,-0.000628231043592
4121,0.997920444203,-0.00208172107518,-0.00104140242091
4122,0.997782346868,-0.00222011576668,-0.00111067422563
4123,0.999263730846,-0.000736540333138,-0.000368337986352
4124,0.998495831292,-0.00150530110538,-0.000752933865191
4125,0.997306889162,-0.00269674378547,-0.00134928135483
4126,0.99642959549,-0.00357679361617,-0.0017899969434
4127,0.999352049158,-0.000648160852628,-0.000324132946049
4128,1.00094966737,0.00094921672115,0.000474495751843
4129,0.998542937149,-0.00145812539968,-0.000729328530651
4130,0.997061426939,-0.00294289914392,-0.00147253268506
4131,0.998670838883,-0.00133004523535,-0.000665243794243
4132,0.999285786169,-0.000714469003199,-0.000357298317443
4133,0.999375936552,-0.000624258256523,-0.000312177845626
4134,0.997383919732,-0.00261950818533,-0.00131061219515
4135,0.998589954182,-0.00141104086829,-0.000705769372228
4136,0.998276017829,-0.00172546993809,-0.000863107231903
4137,0.99823164796,-0.00176991742039,-0.000885350401687
4138,0.99919611328,-0.000804210010548,-0.000402185860328
4139,0.996959639158,-0.00304499212846,-0.00152365564978
4140,1.00055697956,0.000556824501233,0.000278373497523
4141,0.998148804451,-0.0018529111289,-0.000926884856971
4142,0.997329763186,-0.00267380825548,-0.00133779818244
4143,1.0002701436,0.000270107117242,0.0001350444393
4144,0.998804307332,-0.00119640807873,-0.000598382999085
4145,0.99785880291,-0.00214349272973,-0.00107232089023
4146,0.999493152568,-0.000506975922265,-0.000253520091921
4147,0.998203146152,-0.00179847012596,-0.000899639496048
4148,0.99798997541,-0.0020120474004,-0.00100652991178
4149,1.00004508199,4.50809697586e-05,2.25402308445e-05
4150,0.99872384338,-0.0012769716016,-0.000638689676247
4151,0.999587166395,-0.000412918844273,-0.00020648073635
4152,0.998895644568,-0.00110496568174,-0.000552635487624
4153,0.996684906992,-0.00332060010334,-0.00166167911291
4154,0.996620349749,-0.00338537416953,-0.0016941204882
4155,0.99795018272,-0.0020519210309,-0.00102648699297
4156,0.999131143402,-0.000869234272966,-0.000434711596195
4157,0.997768785962,-0.00223370690491,-0.00111747736552
4158,0.999752332292,-0.00024769838302,-0.000123856861137
4159,0.996982398758,-0.00302216338111,-0.00151222394977
4160,0.997810985838,-0.00219141355545,-0.0010963072837
4161,0.997123624685,-0.002880520032,-0.00144129768857
4162,0.998306688212,-0.00169474706106,-0.00084773265291
4163,0.997237285742,-0.00276653759694,-0.00138422595604
4164,0.997270720098,-0.00273301117667,-0.00136743968253
4165,0.996230173205,-0.00377695050077,-0.00189025954279
4166,0.998010460879,-0.00199152088318,-0.000996256375618
4167,0.9977373747,-0.0022651889043,-0.00113323607946
4168,0.996349867181,-0.00365681080902,-0.00183007795688
4169,0.996308916308,-0.00369791255055,-0.0018506666489
4170,0.998324028057,-0.00167737795505,-0.000839040775466
4171,0.998322322708,-0.00167908616897,-0.000839895599426
4172,0.999780595156,-0.00021942891631,-0.000109720477006
4173,0.999120699782,-0.000879687029033,-0.000439940259859
4174,0.997273392395,-0.00273033157074,-0.00136609804836
4175,0.998467845744,-0.00153332920496,-0.000766958564907
4176,0.99981512205,-0.000184895041573,-9.245179419e-05
4177,0.99864558053,-0.0013553375255,-0.000677898432103
4178,0.996995538262,-0.00300898419416,-0.0015056244131
4179,0.999573010221,-0.000427080964804,-0.000213563283794
4180,0.998711396972,-0.00128943399033,-0.00064492486984
4181,0.997655021543,-0.00234773222447,-0.00117455536273
4182,0.998640791309,-0.00136013325255,-0.000680297924013
4183,0.995748476168,-0.00426058725708,-0.00213256431613
4184,0.998904573501,-0.001096026917,-0.000548163645311
4185,0.998405129676,-0.00159614348401,-0.00079839028599
4186,0.997405032549,-0.00259834021478,-0.00130001439446
4187,0.997957049216,-0.00204504045434,-0.00102304317921
4188,0.999542332039,-0.000457772722693,-0.000228912557829
4189,0.997984763195,-0.00201727012708,-0.00100914390695
4190,0.997930219762,-0.00207192519385,-0.00103649939153
4191,0.998732527083,-0.00126827683997,-0.000634339528259
4192,0.99777219916,-0.00223028607977,-0.00111576504307
4193,0.998137236097,-0.00186450100502,-0.000932685183075
4194,0.998255149979,-0.00174637404534,-0.000873568361441
4195,0.998618183438,-0.00138277215093,-0.000691625137909
4196,0.998466532081,-0.00153464488389,-0.000767616909124
4197,0.999627939003,-0.000372130228539,-0.000186082425457
4198,0.998874993907,-0.00112563938714,-0.000562978106293
4199,0.998718369307,-0.00128245268385,-0.000641431971485
4200,0.998697539108,-0.00130330983155,-0.000651867288969
4201,0.998564337058,-0.00143669449377,-0.000718605320058
4202,0.997638221241,-0.00236457215738,-0.00118298525439
4203,0.998048807017,-0.00195309904032,-0.000977026499893
4204,0.998677766327,-0.00132310859538,-0.000661773172999
4205,0.998593114898,-0.00140787569431,-0.000704185669548
4206,0.998699325697,-0.00130152091351,-0.000650972247281
4207,0.998155529538,-0.00184617359221,-0.000923512971843
4208,0.996521811532,-0.00348425142803,-0.00174364409663
4209,0.997858081543,-0.00214421564549,-0.00107268273577
4210,0.998485072105,-0.00151607655811,-0.000758325662682
4211,0.997837616593,-0.00216472473415,-0.00108294833261
4212,0.998115137842,-0.00188664074615,-0.000943765439676
4213,0.999210181157,-0.00079013091397,-0.00039514350562
4214,0.998240543776,-0.00176100588459,-0.000880890698807
4215,0.996201160842,-0.00380607307408,-0.00190484846027
4216,0.998052767614,-0.00194913070787,-0.000975040397059
4217,0.996658758393,-0.00334683601993,-0.00167481895523
4218,0.998107210693,-0.00189458289584,-0.000947740270174
4219,0.997638451469,-0.00236434138477,-0.00118286973159
4220,0.998382055424,-0.0016192548622,-0.000809955267855
4221,0.996640155194,-0.00336550175863,-0.00168416749907
4222,1.00070529115,0.000705042547084,0.000352459145219
4223,0.999156858358,-0.000843497285526,-0.000421837591226
4224,0.995815796033,-0.00419298224399,-0.00209869029609
4225,0.999647214085,-0.000352848158101,-0.000176439642694
4226,0.999004278006,-0.000996218054764,-0.000498233104284
4227,0.998356246224,-0.00164510622187,-0.000822891500522
4228,0.999672746147,-0.00032730741197,-0.000163667097983
4229,0.998842655405,-0.00115801483566,-0.000579175074979
4230,0.998510746186,-0.00149036385497,-0.000745459644518
4231,0.999203359199,-0.000796958288237,-0.000398558547479
4232,0.998884748104,-0.00111587425189,-0.000558092801813
4233,0.996336498018,-0.00367022904035,-0.0018367993733
4234,0.997811003432,-0.00219139592356,-0.00109629845809
4235,0.996923653262,-0.00308108842016,-0.00154173145791
4236,0.996857793072,-0.00314715402601,-0.00157481573497
4237,1.00049906583,0.000498941340087,0.000249439554823
4238,0.99934690764,-0.000653305718113,-0.000326706215911
4239,0.996801197038,-0.00320393006872,-0.0016032488658
4240,0.998855820771,-0.001144834302,-0.000572581012961
4241,0.997594858464,-0.0024080385354,-0.00120474438989
4242,0.99920370222,-0.000796614993053,-0.00039838683149
4243,0.997567820917,-0.00243514163484,-0.0012183123577
4244,1.00006633819,6.63359884257e-05,3.31674441609e-05
4245,0.998703154042,-0.00129768758995,-0.000649054339646
4246,0.997684042655,-0.00231864332212,-0.00115999393419
4247,0.997014326892,-0.00299013912157,-0.00149618773446
4248,0.998877034032,-0.00112359696652,-0.000561956321583
4249,0.998253240023,-0.00174828734159,-0.000874525845725
4250,0.995704432239,-0.00430482021855,-0.00215472820678
4251,0.996704167486,-0.0033012757333,-0.0016520009192
4252,0.997927334446,-0.0020748164974,-0.00103794654277
4253,0.998715273836,-0.00128555213215,-0.000642982690879
4254,0.99706526969,-0.00293904507455,-0.00147060281462
4255,0.99706002507,-0.00294430514564,-0.00147323672136
4256,0.999748065359,-0.00025196638202,-0.000125991127226
4257,0.998018791828,-0.00198317336087,-0.000992078465044
4258,0.997223847126,-0.00278001353349,-0.00139097327392
4259,0.996477686634,-0.00352853131751,-0.00176582289107
4260,0.998090364382,-0.00191146129648,-0.000956187504309
4261,0.997538970907,-0.00246406240258,-0.00123279046351
4262,0.997258387605,-0.00274537749724,-0.00137363131706
4263,0.998245753893,-0.00175578659815,-0.000878278760186
4264,0.998149980598,-0.00185173280116,-0.000926295147188
4265,0.999244536593,-0.000755748913646,-0.000377945860369
4266,0.996938780694,-0.00306591442193,-0.0015341327905
4267,0.996931705414,-0.00307301145263,-0.00153768675605
4268,0.996367381723,-0.00363923225717,-0.00182127263459
4269,0.997323345606,-0.00268024303805,-0.00134101988313
4270,0.998310548769,-0.00169087996321,-0.000845797466722
4271,0.996987199607,-0.00301734801262,-0.00150981262747
4272,1.00011008774,0.000110081680888,5.5039325725e-05
4273,0.99856577595,-0.00143525353414,-0.000717884322762
4274,0.999123841668,-0.000876542383261,-0.000438367246482
4275,0.997660633577,-0.00234210701605,-0.00117173945892
4276,0.998694136695,-0.00130671668777,-0.000653571828941
4277,0.999370694917,-0.000629503178787,-0.000314801128872
4278,0.997856692505,-0.0021456076658,-0.00107337949277
4279,0.998687256104,-0.00131360629875,-0.000657018891793
4280,0.998607416195,-0.00139355435115,-0.000697019981184
4281,0.998552791427,-0.00144825679042,-0.000724390639472
4282,0.998688778692,-0.00131208171061,-0.000656256097174
4283,0.997622205914,-0.00238062552721,-0.00119102146701
4284,0.996828934281,-0.003176104202,-0.00158931372349
4285,0.999188173733,-0.000812155976528,-0.000406160449091
4286,1.00076099668,0.000760707268046,0.00038028130875
4287,0.997114921413,-0.00288924844851,-0.00144566819648
4288,0.999641886789,-0.000358177349104,-0.000179104711886
4289,0.998642245986,-0.00135867659726,-0.000679569101155
4290,0.997308581877,-0.00269504650047,-0.00134843156764
4291,0.998963597905,-0.00103693953082,-0.000518604194088
4292,0.999627299732,-0.000372769738202,-0.00018640223984
4293,0.999229686841,-0.000770610002457,-0.000385379240735
4294,0.996023422155,-0.00398450545452,-0.00199423858128
4295,0.997506491233,-0.00249662273755,-0.00124909083372
4296,0.998129209586,-0.00187254252808,-0.000936709702801
4297,0.997091149429,-0.00291308949939,-0.0014576060262
4298,0.99838473003,-0.00161657592516,-0.000808614715326
4299,0.999290867298,-0.000709384255131,-0.000354755038256
4300,0.999982043948,-1.79562128247e-05,-8.97814671563e-06
4301,0.99969420455,-0.000305842214841,-0.000152932800449
4302,0.999344918467,-0.000655296193019,-0.00032770177901
4303,0.997391117816,-0.00261229124792,-0.00130699900366
4304,0.999032831507,-0.000967636502491,-0.000483935310174
4305,0.999605517321,-0.000394560507358,-0.000197299714708
4306,0.996602279618,-0.00340350574211,-0.00170320167419
4307,0.997653660996,-0.0023490959703,-0.00117523803677
4308,0.998393317763,-0.00160797433477,-0.000804310451703
4309,0.999051490052,-0.000948960067879,-0.000474592617396
4310,0.997128976442,-0.00287515285156,-0.0014386102341
4311,0.997005174433,-0.00299931903068,-0.001500784567
4312,0.998362286811,-0.00163905570725,-0.000819863758333
4313,0.998033493439,-0.00196844267385,-0.000984705841687
4314,0.999437427604,-0.000562730699158,-0.000281404936522
4315,0.999594393875,-0.000405688405219,-0.000202864776886
4316,0.995536652835,-0.00447333763686,-0.00223917202807
4317,0.996698522748,-0.00330693915252,-0.00165483731081
4318,0.997821357092,-0.00218101960285,-0.00109110462344
4319,0.998982909039,-0.00101760854869,-0.000508933737194
4320,0.998578013693,-0.00142299828917,-0.000711752320141
4321,0.997997667043,-0.00200434030595,-0.00100267249328
4322,0.998620361641,-0.00138059093653,-0.000690533777012
4323,0.997576758142,-0.00242618266019,-0.001213827423
4324,0.9973767381,-0.00262670868097,-0.00131421716799
4325,0.997393333154,-0.00261007011754,-0.00130588698758
4326,0.9992546857,-0.000745592184425,-0.000372865589312
4327,0.998228071943,-0.00177349977877,-0.000887143168307
4328,0.998292122976,-0.00170933710851,-0.000855033887498
4329,0.998112947306,-0.0018888354209,-0.000944863813279
4330,0.998903921367,-0.0010966797663,-0.000548490248946
4331,0.998366274648,-0.00163506133668,-0.000817864937621
4332,0.999225369013,-0.000774931168475,-0.000387540658723
4333,0.999309903042,-0.000690335184909,-0.000345227169642
4334,0.998879103949,-0.001121524725,-0.000560919619108
4335,0.998151320096,-0.00185039082168,-0.000925623536136
4336,0.996489941077,-0.00351623363308,-0.00175966321002
4337,0.998132080096,-0.00186966664194,-0.000935270413831
4338,0.999044929185,-0.000955527185263,-0.000477877739834
4339,0.997534509477,-0.00246853484975,-0.00123502944639
4340,0.996503396276,-0.00350273113052,-0.00175290010164
4341,0.997865475735,-0.00213680560923,-0.00106897375021
4342,0.99604905676,-0.00395876883498,-0.00198134469199
4343,0.997410425332,-0.0025929334159,-0.00129730748422
4344,0.998687249656,-0.00131361275603,-0.000657022122554
4345,0.997269670443,-0.00273406370506,-0.0013679666665
4346,0.997448331659,-0.00255492939575,-0.00127828100347
4347,1.00039915281,0.000399073166599,0.0001995166772
4348,0.998329922818,-0.00167147331514,-0.000836085982759
4349,0.997759329949,-0.00224318410869,-0.00112222127393
4350,0.999632132751,-0.000367934928868,-0.000183984387486
4351,0.997809957051,-0.00219244460004,-0.0010968233713
4352,1.00077380022,0.000773500994206,0.00038667571877
4353,1.0002658554,0.000265820070774,0.000132901203239
4354,0.99762245314,-0.00238037771231,-0.00119089741199
4355,0.997803154732,-0.00219926187286,-0.0011002357522
4356,0.996611690954,-0.00339406236483,-0.00169847195473
4357,0.999400418112,-0.000599761709194,-0.000299925823355
4358,0.998619249908,-0.00138170420527,-0.000691090795915
4359,0.998796823933,-0.00120390046472,-0.000602131440757
4360,0.998761638367,-0.00123912903651,-0.000619756487995
4361,0.999604898132,-0.000395179941001,-0.000197609492684
4362,0.998821228509,-0.00117946678835,-0.000589907321104
4363,0.997854536254,-0.00214776855089,-0.00107446109562
4364,0.998721263421,-0.00127955486044,-0.00063998213145
4365,0.99755474637,-0.00244824814508,-0.00122487361823
4366,0.997792988597,-0.00220945044211,-0.00110533565473
4367,0.996366860285,-0.00363975559655,-0.00182153478089
4368,0.996881021854,-0.00312385229583,-0.00156314658989
4369,0.995853231478,-0.00415539020985,-0.00207985500901
4370,0.998347462969,-0.00165390397653,-0.00082729400733
4371,0.998424875666,-0.00157636614602,-0.000788493770912
4372,0.997037159554,-0.00296723834695,-0.00148472028087
4373,0.999414575084,-0.000585596344421,-0.00029284104178
4374,0.997934954491,-0.00206718065566,-0.00103412466639
4375,1.00012365069,0.000123643041433,6.18196098057e-05
4376,0.999929981083,-7.00213686331e-05,-3.50112971976e-05
4377,1.00040087069,0.000400790361489,0.000200375102972
4378,0.997384884377,-0.00261854101113,-0.00131012797437
4379,0.998542215839,-0.00145884776166,-0.000729689975125
4380,0.99902512174,-0.000975353763107,-0.000487795815257
4381,0.997821505849,-0.00218087052137,-0.00109103000137
4382,0.998784127389,-0.00121661238409,-0.000608491247781
4383,0.99647271323,-0.00353352231368,-0.00176832279888
4384,0.9983784187,-0.00162289748553,-0.000811778056364
4385,0.999816283065,-0.000183733812958,-9.18711263727e-05
4386,0.9974692764,-0.00253393129401,-0.00126776858705
4387,0.998693620036,-0.00130723402183,-0.000653830665061
4388,0.997104238171,-0.00289996265941,-0.0014510330609
4389,0.999825214038,-0.000174801238823,-8.74044389567e-05
4390,0.997565378536,-0.00243758997426,-0.00121953801958
4391,0.997996638553,-0.00200537085968,-0.00100318828693
4392,0.998379092853,-0.00162222223849,-0.000811440158825
4393,0.998609432465,-0.00139153527135,-0.000696009738123
4394,0.999475632135,-0.000524505394027,-0.000262287088258
4395,0.997596098896,-0.00240679511285,-0.0012041219298
4396,0.997217763008,-0.00278611460749,-0.00139402805879
4397,0.997444386541,-0.002558884613,-0.00128026114199
4398,0.999685051953,-0.000314997653157,-0.00015751123017
4399,0.996883091497,-0.00312177617951,-0.00156210690963
4400,0.997052903132,-0.00295144810919,-0.00147681347116
4401,0.998753650821,-0.00124712651812,-0.000623757715047
4402,1.00023846249,0.000238434062524,0.000119209925194
4403,0.998265512564,-0.00173599340139,-0.00086837351885
4404,0.997607092072,-0.00239577550796,-0.00119860550808
4405,0.998131539245,-0.00187020850555,-0.000935541599068
4406,0.998407933901,-0.00159333478319,-0.000796984815352
4407,0.996943969083,-0.00306071011559,-0.00153152664867
4408,0.997202120299,-0.00280180108237,-0.00140188226072
4409,0.999498266102,-0.000501859808792,-0.000250961389938
4410,0.997674329685,-0.00232837888621,-0.00116486737469
4411,0.99759345095,-0.00240944944354,-0.0012054506941
4412,0.998267992104,-0.00173350955623,-0.000867130518587
4413,0.998715691969,-0.00128513346147,-0.000642773220964
4414,0.997300001937,-0.00270364963244,-0.00135273894326
4415,0.996631780642,-0.00337390457853,-0.00168837599374
4416,0.998888876867,-0.00111174088759,-0.0005560249684
4417,0.998704106034,-0.00129673436309,-0.000648577416982
4418,0.997806329561,-0.0021960800585,-0.00109864309592
4419,0.999278224161,-0.000722036444787,-0.000361083397315
4420,0.999139292998,-0.000861077623323,-0.000430631506798
4421,0.996264401313,-0.00374259346073,-0.00187304869874
4422,0.998628759505,-0.00137218150558,-0.000686326166886
4423,1.00028652781,0.00028648677112,0.000143233126716
4424,0.999887291868,-0.000112714483657,-5.63588299274e-05
4425,0.999298787327,-0.00070145863761,-0.000350790831524
4426,0.999161275915,-0.00083907601093,-0.000419626023842
4427,0.99799040852,-0.00201161341841,-0.0010063127024
4428,0.996702399271,-0.0033030497965,-0.00165288941657
4429,0.997173653512,-0.00283034814717,-0.00141617590495
4430,0.998597543138,-0.00140344122529,-0.000701966876154
4431,1.00132756803,0.00132668759275,0.00066312383252
4432,0.998200844848,-0.00180077557511,-0.000900793258321
4433,0.996404647109,-0.00360183170559,-0.00180253847567
4434,0.998530417997,-0.00147066289818,-0.000735601871538
4435,0.998547539333,-0.0014535165105,-0.000727022408018
4436,0.996698975587,-0.00330648481441,-0.00165460976586
4437,0.997675821208,-0.00232688388767,-0.00116411900496
4438,0.997807015671,-0.00219539244076,-0.00109829890938
4439,0.998753894842,-0.00124688219277,-0.000623635476178
4440,0.999021991835,-0.000978486727281,-0.000489363062695
4441,0.997801533958,-0.00220088621667,-0.00110104881801
4442,1.00013844379,0.000138434206991,6.9214708047e-05
4443,0.998503336636,-0.0014977844836,-0.00074917273161
4444,0.998433843366,-0.00156738433971,-0.000783999336798
4445,0.999496918514,-0.000503208073891,-0.000251635691896
4446,0.997991961539,-0.00201005727276,-0.0010055338469
4447,0.998901974694,-0.00109862857789,-0.000549465189669
4448,0.998607994184,-0.00139297555637,-0.000696730382117
4449,0.999262869807,-0.000737402007361,-0.00036876898225
4450,0.998763951064,-0.00123681347427,-0.000618597990005
4451,0.999731482569,-0.000268553488124,-0.000134285759588
4452,0.998231446972,-0.00177011876441,-0.000885451162833
4453,0.997237339146,-0.00276648404506,-0.00138419914303
4454,0.997162940221,-0.00284109186154,-0.00142155538408
4455,0.997595705996,-0.00240718895963,-0.00120431909034
4456,0.998295666355,-0.00170578767407,-0.000853257654407
4457,0.998899775663,-0.00110083002769,-0.000550566519986
4458,0.997449900353,-0.00255335668959,-0.00127749364552
4459,0.997588606962,-0.0024143051283,-0.00120788146608
4460,0.999292084211,-0.000708166479324,-0.000354145934532
4461,0.999437080123,-0.000563078375621,-0.000281578823687
4462,0.997374236005,-0.00262921735984,-0.00131547315669
4463,0.999322134062,-0.000678095793121,-0.000339105379795
4464,0.997222396887,-0.00278146781089,-0.00139170142431
4465,0.998659760144,-0.00134113878084,-0.000670794272338
4466,0.996187380874,-0.00381990568513,-0.00191177796428
4467,0.998563567725,-0.00143746493263,-0.000718990816384
4468,1.00028607903,0.000286038116376,0.00014300883145
4469,0.998771478692,-0.0012292765588,-0.000614827208211
4470,0.999428521597,-0.000571641759313,-0.000285861730336
4471,0.996616802026,-0.00338893392926,-0.00169590338498
4472,0.996700965088,-0.00330448872581,-0.00165361007068
4473,0.998580174942,-0.00142083396498,-0.000710669388401
4474,0.997739355862,-0.00226320325136,-0.00113224212838
4475,0.99991354782,-8.64559173422e-05,-4.32288930128e-05
4476,0.996827981084,-0.00317706043195,-0.00158979259846
4477,0.997965743821,-0.0020363280882,-0.00101868254907
4478,0.997403646345,-0.00259973002702,-0.00130071020421
4479,0.999180851295,-0.000819484390374,-0.000409826150987
4480,0.997321578264,-0.00268201512544,-0.00134190711542
4481,0.997235631065,-0.00276819685874,-0.00138505673568
4482,0.997457171482,-0.00254606699704,-0.00127384414962
4483,0.997246814134,-0.00275698285305,-0.00137944198256
4484,0.999193484649,-0.000806840759967,-0.000403501764929
4485,0.997498716648,-0.00250441678698,-0.00125299273377
4486,0.999306235214,-0.000694005551745,-0.0003470629883
4487,0.9966470499,-0.00335858383367,-0.00168070271711
4488,0.996388087426,-0.00361845127983,-0.00181086327609
4489,0.999032500265,-0.00096796806465,-0.000484101171494
4490,0.997892070214,-0.00211015459687,-0.00105563408829
4491,0.998732448924,-0.00126835509793,-0.000634378682061
4492,0.996621787672,-0.00338393137135,-0.00169339786723
4493,0.997248974252,-0.00275481677345,-0.00137835744936
4494,0.996823678382,-0.003181376835,-0.0015919542334
4495,0.996800668464,-0.00320446033925,-0.00160351442618
4496,0.996640700426,-0.0033649546887,-0.00168389350346
4497,0.99804675075,-0.00195515932905,-0.000978057651267
4498,0.998011235434,-0.00199074478403,-0.000995867939517
4499,0.998574500701,-0.00142651628988,-0.00071351257402
4500,0.997897998001,-0.00210421430642,-0.00105266081209
4501,0.996872727566,-0.00313217256911,-0.0015673132381
4502,0.999046274182,-0.000954180904224,-0.000477204277863
4503,0.998770954728,-0.00122980116781,-0.000615089674025
4504,1.00046675389,0.000466644994196,0.000233295279521
4505,0.996966014654,-0.00303859721003,-0.00152045332385
4506,0.997548718519,-0.00245429079064,-0.00122789864631
4507,0.998356510556,-0.00164484145434,-0.000822759007826
4508,0.999814104746,-0.000185912534682,-9.29605879088e-05
4509,0.999509057455,-0.000491063097038,-0.000245561693857
4510,0.999595787343,-0.000404294373103,-0.000202167619671
4511,0.998638683627,-0.00136224380599,-0.000681353919194
4512,0.997568475347,-0.00243448560972,-0.00121798394557
4513,0.999158890684,-0.000841463246611,-0.000420820143269
4514,0.998724811612,-0.00127600213218,-0.000638204632058
4515,0.99825290738,-0.00174862056593,-0.000874692603617
4516,0.99911224774,-0.00088814654493,-0.000444171887598
4517,0.999248707307,-0.000751575054599,-0.000375858144278
4518,0.999632596816,-0.000367470693032,-0.000183752226889
4519,0.999804028218,-0.000195990987056,-9.80002952433e-05
4520,0.998622114349,-0.001378835808,-0.000689655607146
4521,0.997292771442,-0.00271089972828,-0.0013563689015
4522,0.999954780054,-4.52209683165e-05,-2.26107397772e-05
4523,0.99903644311,-0.000964021409343,-0.000482126890498
4524,0.996682609705,-0.00332290503406,-0.00166283349397
4525,0.99702595304,-0.00297847822607,-0.00149034858029
4526,0.997457971489,-0.0025452649513,-0.001273442616
4527,0.9990020244,-0.000998473909336,-0.000499361594177
4528,0.999756725154,-0.000243304442416,-0.000121659621139
4529,0.997896610918,-0.00210560431124,-0.00105335654635
4530,0.999188027113,-0.000812302715214,-0.000406233848237
4531,1.00007784315,7.78401248383e-05,3.89193050434e-05
4532,0.995418217949,-0.00459231058656,-0.00229879347668
4533,0.999182209716,-0.000818124856638,-0.000409146105763
4534,0.99661596208,-0.00338977672691,-0.00169632549855
4535,0.997519019063,-0.00248406367028,-0.00124280347611
4536,0.997155417205,-0.00284863630976,-0.00142533297774
4537,0.998264249842,-0.00173725831754,-0.000869006526333
4538,0.998123672202,-0.00187809030637,-0.000939486194126
4539,0.996874409364,-0.00313048549688,-0.00156646838026
4540,0.995182219631,-0.00482942328373,-0.00241762940607
4541,0.99798510878,-0.0020169238442,-0.0010089705908
4542,0.998327486237,-0.00167391397561,-0.000837307334041
4543,0.998240345811,-0.00176120419937,-0.000880989943552
4544,0.997014673926,-0.00298979104829,-0.00149601343744
4545,0.998182411226,-0.00181924259242,-0.000910035127128
4546,0.998345781288,-0.00165558844263,-0.00082813693751
4547,0.998585010456,-0.00141599158756,-0.000708246481959
4548,0.999107013863,-0.000893385087103,-0.000446792325522
4549,0.996475255819,-0.00353097072787,-0.00176704475078
4550,1.00189188431,0.00189009695162,0.000944602058141
4551,0.998019320273,-0.00198264386723,-0.00099181345561
4552,0.99738561554,-0.00261780793105,-0.00130976095419
4553,0.998438754963,-0.00156246504953,-0.000781537766378
4554,0.997292533067,-0.00271113875082,-0.00135648857487
4555,0.997311987748,-0.00269163144387,-0.00134672173831
4556,0.996805354614,-0.00319975915963,-0.00160116006994
4557,0.998823728073,-0.00117696427797,-0.000588655328572
4558,0.997232081198,-0.00277175657276,-0.00138683905948
4559,0.999244180087,-0.000756105688826,-0.000378124315396
4560,0.99897118669,-0.0010293429021,-0.000514803917127
4561,0.999142556589,-0.000857811225521,-0.000428997605925
4562,0.999468258739,-0.000531882685108,-0.000265976708088
4563,0.997179171856,-0.00282481417702,-0.00141340500517
4564,0.998080416558,-0.00192142820346,-0.000961175735343
4565,0.999800883933,-0.000199135893439,-9.95729037718e-05
4566,0.997669683471,-0.00233303594174,-0.0011671986176
4567,1.00017174897,0.000171734220231,8.58634236408e-05
4568,1.000135019,0.000135009881727,6.75026624563e-05
4569,0.997669235326,-0.00233348513384,-0.00116742347582
4570,0.997925554971,-0.00207659967046,-0.00103883905511
4571,0.999242148168,-0.000758139146503,-0.000379141429201
4572,0.99939542644,-0.000604756387788,-0.000302423914788
4573,0.998672214836,-0.00132866745132,-0.000664554444182
4574,0.997152592831,-0.00285146874485,-0.00142675121487
4575,1.00086949178,0.000869113994754,0.00043446259116
4576,0.999010939558,-0.000989549884778,-0.0004948973637
4577,0.998174197761,-0.00182747104778,-0.000914153107371
4578,0.997190206211,-0.00281374866908,-0.00140786444651
4579,0.99727496975,-0.00272874990392,-0.00136530613491
4580,0.998292383898,-0.00170907574001,-0.000854903091515
4581,0.998767565114,-0.00123319495843,-0.000616787614516
4582,0.999455942221,-0.000544205832101,-0.000272139939407
4583,0.997682199464,-0.00232049079357,-0.00116091874186
4584,0.998421902336,-0.00157934417174,-0.000789983958959
4585,0.998174176118,-0.00182749272971,-0.000914163958245
4586,0.997504706376,-0.00249841205755,-0.00124998661163
4587,0.998336066916,-0.00166531895788,-0.000833006236078
4588,0.994667102915,-0.0053471677392,-0.00267716108223
4589,0.998346904542,-0.00165446332784,-0.000827573914398
4590,0.997251737757,-0.00275204564926,-0.00137696997842
4591,0.997364255208,-0.00263922448309,-0.0013204833129
4592,0.998143444053,-0.00185828148275,-0.000929572526351
4593,0.998010817249,-0.00199116380297,-0.000996077657657
4594,0.998091329651,-0.00191049418156,-0.000955703484594
4595,0.998922562615,-0.00107801823798,-0.000539154410507
4596,0.99695685033,-0.00304778946538,-0.00152505645031
4597,0.998653498369,-0.00134740897907,-0.000673931479374
4598,1.00064291519,0.000642708608083,0.000321302675278
4599,0.998735258848,-0.00126554161184,-0.000632971047598
4600,0.998850514781,-0.00115014638336,-0.00057523857797
4601,0.997761110193,-0.00224139986801,-0.00112132815284
4602,0.999769932756,-0.000230093713104,-0.000115053474696
4603,0.999706058712,-0.000293984496832,-0.000147003052306
4604,0.997261529581,-0.0027422268891,-0.00137205385034
4605,0.997661727822,-0.00234101020499,-0.00117119041095
4606,0.99661480525,-0.00339093748588,-0.00169690686272
4607,0.998331683577,-0.00166970961245,-0.0008352033945
4608,0.998875689888,-0.00112494262261,-0.000562629527957
4609,0.997233891607,-0.00276994114076,-0.00138593008504
4610,0.998827777355,-0.00117291023548,-0.000586627116166
4611,0.998460803737,-0.00154038204252,-0.000770487694525
4612,0.9983057024,-0.00169573454587,-0.000848226813996
4613,0.999231166361,-0.000769129342885,-0.000384638625916
4614,0.997119139399,-0.00288501826724,-0.00144355005037
4615,0.998779751796,-0.00122099331291,-0.000610683047467
4616,0.996989490759,-0.00301504993982,-0.0015086618569
4617,0.996123057632,-0.00388447718959,-0.00194412596188
4618,0.997955240509,-0.00204685286601,-0.00102395031254
4619,0.998097672382,-0.0019041393414,-0.000952523032894
4620,0.998463862886,-0.00153731818224,-0.000768954585228
4621,0.998234494679,-0.00176706566278,-0.000883923261499
4622,0.998426035623,-0.00157520436013,-0.000787912420104
4623,0.996365242389,-0.0036413793926,-0.00182234815815
4624,0.996975876222,-0.00302870568052,-0.00151550005154
4625,0.997869493202,-0.00213277955616,-0.00106695857383
4626,0.998455977718,-0.00154521551232,-0.00077290629441
4627,0.996370331889,-0.00363627133946,-0.00181978948052
4628,0.999065555811,-0.000934881054038,-0.000467549794367
4629,0.994925834434,-0.00508708285917,-0.00254677897545
4630,0.99959151345,-0.000408570003135,-0.000204305869169
4631,0.998507267442,-0.00149384779294,-0.000747202913587
4632,0.998560790518,-0.0014402461389,-0.000720382420321
4633,0.99553994509,-0.00447003062724,-0.00223751482215
4634,0.997975014377,-0.00202703867856,-0.00101403312357
4635,0.997831440434,-0.00217091429606,-0.00108604646985
4636,0.998219881444,-0.00178170484979,-0.000891249351773
4637,0.998589858557,-0.00141113662858,-0.000705817286167
4638,0.998173992874,-0.00182767630957,-0.000914255832091
4639,0.998042810219,-0.00195910757966,-0.000980033709334
4640,0.999355394272,-0.000644813575864,-0.000322458766586
4641,0.999019132088,-0.000981349278148,-0.000490795039566
4642,0.999501652018,-0.000498472199125,-0.00024926716146
4643,0.998721024173,-0.00127979441507,-0.000640101985432
4644,0.997325491408,-0.00267809147994,-0.00133994266201
4645,0.99724710455,-0.00275669163576,-0.00137929617307
4646,0.998281979099,-0.00171949839101,-0.000860118885785
4647,0.998501651442,-0.00149947220485,-0.000750017224786
4648,0.998684732927,-0.00131613279588,-0.000658282971137
4649,0.998668853916,-0.00133203284599,-0.000666238261182
4650,0.999575609318,-0.000424480760847,-0.000212262905006
4651,0.997880928266,-0.00212132014327,-0.00106122277046
4652,0.998867116211,-0.00113352598665,-0.000566923633817
4653,0.996746228767,-0.00325907625711,-0.00163086654728
4654,0.996515035659,-0.00349105097485,-0.00174704980382
4655,0.99744316266,-0.00256011163106,-0.00128087543666
4656,0.997095735587,-0.00290848997228,-0.00145530291315
4657,0.997861349001,-0.00214094117898,-0.00107104374763
4658,0.997904572328,-0.00209762615271,-0.00104936327313
4659,0.996850171284,-0.00315479986772,-0.00157864468354
4660,0.998895037052,-0.00110557386954,-0.000552939749626
4661,0.998690800697,-0.00131005705356,-0.000655243104815
4662,0.998537217151,-0.00146385376072,-0.000732194804204
4663,0.998650632751,-0.00135027846453,-0.000675367190057
4664,0.997776487559,-0.00222598811553,-0.0011136136655
4665,0.997766883721,-0.00223561340094,-0.00111843167923
4666,1.00044248202,0.000442384154882,0.000221167616277
4667,0.998746398123,-0.00125438829269,-0.000627390873718
4668,0.999179059066,-0.000821278090901,-0.000410723369205
4669,0.998240697256,-0.00176085213447,-0.000880813756033
4670,0.997256416389,-0.00274735413429,-0.00137462099365
4671,0.99865081872,-0.00135009224482,-0.000675274017318
4672,0.998315631686,-0.00168578845688,-0.000843249563611
4673,1.00000357864,3.57863554767e-06,1.7893161729e-06
4674,0.999151324281,-0.000849036048374,-0.000424608144715
4675,0.99611646208,-0.00389109843432,-0.001947443026
4676,0.998552897265,-0.00144815079933,-0.000724337605539
4677,0.99842105372,-0.00158019412971,-0.000790409273759
4678,1.00003454526,3.45446604403e-05,1.72721810543e-05
4679,0.997282976523,-0.00272072128517,-0.00136128635284
4680,0.997163533488,-0.00284049690589,-0.00142125748342
4681,0.997834400416,-0.0021679478862,-0.00108456165519
4682,0.998699236587,-0.00130161013989,-0.000651016889513
4683,0.997393045037,-0.00261035898771,-0.00130603161129
4684,0.997018326691,-0.00298612735255,-0.00149417885079
4685,0.998426789514,-0.00157444928083,-0.00078753458306
4686,0.997324054846,-0.00267953189577,-0.00134066383522
4687,0.998005683864,-0.00199630743226,-0.000998652037336
4688,0.998593037078,-0.00140795362394,-0.000704224661804
4689,0.998240911846,-0.001760637166,-0.000880706177131
4690,0.999523657164,-0.000476456323252,-0.000238256540208
4691,0.997641025733,-0.00236176103006,-0.00118157802896
4692,0.997234006056,-0.00276982637371,-0.00138587262198
4693,0.998698002407,-0.00130284592817,-0.000651635186102
4694,0.997869478982,-0.00213279380647,-0.00106696570658
4695,0.997512522033,-0.00249057688017,-0.00124606413369
4696,0.999469274959,-0.000530865924912,-0.000265468192902
4697,0.997366043099,-0.00263743186882,-0.0013195858226
4698,0.999446125347,-0.000554028098031,-0.00027705242095
4699,0.997537635604,-0.00246540100127,-0.00123346058819
4700,0.998376443029,-0.00162487636749,-0.000812768301041
4701,0.998298538422,-0.00170291070747,-0.000851817944749
4702,1.00028634916,0.000286308174764,0.000143143841325
4703,0.998482646774,-0.00151850557268,-0.0007595410917
4704,0.995902863097,-0.00410555316506,-0.00205488497082
4705,0.997083468942,-0.00292079242276,-0.00146146310923
4706,0.998355651616,-0.0016457018082,-0.000823189538781
4707,1.00004717903,4.71779218992e-05,2.35886827323e-05
4708,0.998171762427,-0.00182991083886,-0.000915374118825
4709,0.997508993674,-0.00249411404419,-0.00124783492103
4710,0.999459058413,-0.000541087948951,-0.000270580574797
4711,0.996703833875,-0.00330161044696,-0.00165216855252
4712,0.999945804305,-5.41971639888e-05,-2.70989491642e-05
4713,0.996556350963,-0.00344959204419,-0.00172628433831
4714,0.998226709403,-0.00177486473796,-0.000887826253591
4715,1.00011507075,0.000115064129925,5.75304100251e-05
4716,0.999321776249,-0.000678453848951,-0.000339284468435
4717,0.999299707841,-0.000700537477592,-0.000350330090054
4718,0.999349275151,-0.000650936662342,-0.000325521301735
4719,0.998348938821,-0.00165242568222,-0.000826554248957
4720,0.998807546928,-0.0011931646096,-0.000596760295414
4721,0.99613136605,-0.00387613647005,-0.00193994750312
4722,1.00001805782,1.80576580613e-05,9.02878827092e-06
4723,0.997442224475,-0.00256105222126,-0.00128134633426
4724,0.997781102732,-0.00222136266788,-0.00111129836887
4725,1.0007670585,0.000766764456113,0.000383308746481
4726,0.998344985941,-0.00165638510733,-0.000828535599813
4727,0.99774732393,-0.00225521716176,-0.00112824457046
4728,0.997279938399,-0.0027237676902,-0.00136281163003
4729,0.998713940919,-0.00128688676432,-0.000643650436258
4730,0.999676786481,-0.000323265763399,-0.000161645944997
4731,0.997998091573,-0.00200391492435,-0.00100245958924
4732,0.99929082499,-0.000709426593321,-0.000354776214861
4733,0.997027536668,-0.00297688987496,-0.00148955322145
4734,0.997891812794,-0.00211041256124,-0.00105576320664
4735,0.999769913771,-0.000230112702657,-0.000115062970565
4736,0.998040595582,-0.00196132656198,-0.000981144288447
4737,0.997326456026,-0.00267712427586,-0.00133945841209
4738,0.997081179322,-0.00292308874191,-0.00146261294746
4739,0.99851581303,-0.00148528946633,-0.000742920562042
4740,0.99774646866,-0.00225607436345,-0.00112867365497
4741,0.99787376396,-0.0021284996891,-0.00106481635937
4742,0.998437054915,-0.00156416775815,-0.000782389786417
4743,0.999073014586,-0.000927415331059,-0.000463815194549
4744,0.997573307612,-0.00242964157819,-0.00121555898276
4745,1.00050763894,0.000507510130779,0.000253722872296
4746,0.997100263622,-0.00290394875879,-0.00145302900456
4747,0.998161507898,-0.00184018420297,-0.000920515516075
4748,0.99885797723,-0.00114267537509,-0.000571500932008
4749,0.997660773269,-0.00234196699608,-0.0011716693669
4750,0.998132290947,-0.00186945539661,-0.000935164692386
4751,0.998145949387,-0.00185577149221,-0.000928316365264
4752,0.997720235637,-0.00228236698169,-0.00114183488849
4753,0.998518343396,-0.00148275534283,-0.00074165255977
4754,0.998581993669,-0.00141901265292,-0.000709758085613
4755,0.999588807002,-0.000411277561065,-0.000205659925636
4756,0.99842802185,-0.00157321500355,-0.000786916958592
4757,0.999430336398,-0.000569825921834,-0.000284953552469
4758,0.99637298022,-0.0036336133648,-0.0018184580756
4759,0.998979793533,-0.00102072723181,-0.000510493873574
4760,0.998512343485,-0.00148876417479,-0.000744659208497
4761,0.997239459264,-0.00276435805562,-0.00138313467749
4762,0.998561321705,-0.0014397141867,-0.00072011625265
4763,0.999398970075,-0.000601210615554,-0.00030065049408
4764,0.997123905193,-0.00288023871531,-0.0014411568275
4765,0.99650216564,-0.00350396608565,-0.00175351866178
4766,0.997459024936,-0.0025442088202,-0.00127291387812
4767,0.997467131072,-0.00253608206695,-0.00126884533743
4768,1.00043431729,0.000434223004279,0.000217087935143
4769,0.996566644158,-0.00343926333422,-0.00172111108154
4770,0.999084656871,-0.000915762311766,-0.000457985999461
4771,0.995574903126,-0.00443491659444,-0.00221991867613
4772,0.997623060865,-0.00237976853914,-0.00119059246272
4773,0.998394297208,-0.00160699331471,-0.000803819547267
4774,0.997862613275,-0.00213967419594,-0.00107040957781
4775,0.996642998761,-0.00336264861043,-0.0016827385234
4776,0.999675925417,-0.00032412710671,-0.000162076686362
4777,0.997254544423,-0.0027492312522,-0.00137556084322
4778,0.997667059915,-0.00233566562939,-0.00116851499697
4779,0.998202551859,-0.00179906548958,-0.000899937445706
4780,0.996854882467,-0.00315007380967,-0.00157627792693
4781,0.996621656262,-0.00338406322673,-0.00169346390657
4782,0.999079605674,-0.000920818149241,-0.000460515079146
4783,0.997313742548,-0.00268987191615,-0.00134584079004
4784,0.997706936464,-0.00229569663178,-0.0011485073459
4785,0.998022841724,-0.00197911543318,-0.000990047490366
4786,0.999133540798,-0.0008668347951,-0.000433511336441
4787,0.997324590658,-0.00267899464561,-0.00134039485004
4788,0.997659892593,-0.00234284973707,-0.00117211125464
4789,1.00007594047,7.59375829954e-05,3.79680706922e-05
4790,0.998470736334,-0.00153043418342,-0.000765509945001
4791,0.99840208591,-0.00159919211632,-0.000799915820308
4792,0.998979334423,-0.00102118681067,-0.000510723780337
4793,0.99729780459,-0.00270585292993,-0.00135384208285
4794,0.996788537568,-0.00321663024428,-0.00160960915455
4795,0.996778362869,-0.00322683777685,-0.00161472114895
4796,0.997880642453,-0.00212160656336,-0.00106136613249
4797,0.998973088484,-0.00102743915112,-0.000513851552061
4798,1.00086388372,0.000863510786738,0.000431662200422
4799,0.998531371427,-0.00146970806545,-0.000735124104102
4800,0.997272745338,-0.0027309803965,-0.00136642290448
4801,0.997588161866,-0.00241475130073,-0.00120810482178
4802,0.998001018897,-0.00200098173214,-0.00100099152401
4803,0.996985202179,-0.00301935147885,-0.00151081587352
4804,0.99673383811,-0.00327150744,-0.00163709229488
4805,0.997841904994,-0.00216042704921,-0.00108079716537
4806,0.996715463245,-0.00328994268613,-0.00164632505059
4807,0.998601295834,-0.00139968326551,-0.000700086579051
4808,0.997540685476,-0.0024623436053,-0.00123193000578
4809,0.997212563892,-0.00279132824218,-0.00139663851351
4810,0.998644296503,-0.00135662329415,-0.000678541752443
4811,0.997007121183,-0.002997366435,-0.00149980680442
4812,0.99781183077,-0.00219056676994,-0.00109588342687
4813,0.998713854058,-0.00128697373768,-0.000643693950931
4814,0.996436877171,-0.00356948587053,-0.00178633653685
4815,0.998049105364,-0.00195280010953,-0.00097687688848
4816,0.999069105367,-0.000931328184935,-0.000465772530822
4817,0.999393764108,-0.000606419727158,-0.000303255836336
4818,0.998006611987,-0.00199537745501,-0.00099818658446
4819,0.998648488555,-0.00135242556058,-0.000676441463697
4820,0.998315724067,-0.00168569592062,-0.000843203256466
4821,0.998630466458,-0.00137047221037,-0.000685470933082
4822,0.997389929655,-0.00261348251696,-0.00130759541685
4823,0.999821992887,-0.000178022958063,-8.90154406707e-05
4824,0.997435132628,-0.00256816227984,-0.0012849059251
4825,0.998780624463,-0.00122011958073,-0.000610245914685
4826,0.998484060704,-0.00151708949413,-0.000758832514889
4827,0.999622948871,-0.000377122230723,-0.000188578894126
4828,0.99931138709,-0.000688850112366,-0.000344484377303
4829,0.997280179117,-0.00272352631571,-0.00136269077832
4830,0.999274093754,-0.000726169843543,-0.00036315084508
4831,0.999341543052,-0.000658673826262,-0.000329391150486
4832,0.997322241831,-0.00268134977608,-0.00134157399438
4833,0.99809681572,-0.00190499763661,-0.000952952589366
4834,0.998847161402,-0.0011535036274,-0.000576918167009
4835,0.998743476084,-0.00125731400432,-0.000628854648389
4836,0.99759232728,-0.00241057582501,-0.00120601456389
4837,0.997674275289,-0.00232843340903,-0.00116489466786
4838,0.999788300223,-0.000211722188708,-0.000105866697837
4839,0.999441984594,-0.000558171154992,-0.000279124525499
4840,0.997326974298,-0.00267660461387,-0.00133919823309
4841,0.998254280298,-0.00174724524665,-0.000874004342722
4842,0.996498889542,-0.00350725368838,-0.00175516534693
4843,0.997379933397,-0.00262350498443,-0.00131261321582
4844,0.998755410161,-0.00124536498456,-0.000622876399271
4845,0.998730951665,-0.0012698542589,-0.000635128738346
4846,0.998019204185,-0.00198276018576,-0.00099187167256
4847,0.998769777726,-0.00123097961908,-0.000615679262259
4848,0.995944253975,-0.00406399286834,-0.00203406233799
4849,0.997359214629,-0.00264427839609,-0.0013230136094
4850,0.997986447035,-0.00201558288781,-0.00100829943634
4851,0.997078013187,-0.00292626415033,-0.00146420297512
4852,0.997806070857,-0.00219633933183,-0.00109877287501
4853,0.996809285616,-0.00319581556654,-0.00159918511818
4854,0.999262346151,-0.00073792604913,-0.000369031099794
4855,0.998559187836,-0.00144185113239,-0.00072118549549
4856,0.997577550831,-0.0024253880458,-0.00121342963363
4857,0.998224785699,-0.00177679186132,-0.000888790671213
4858,0.99897522068,-0.00102530476542,-0.000512783811399
4859,0.999517291298,-0.000482825243588,-0.000241441764166
4860,0.996538021713,-0.00346798480099,-0.00173549663463
4861,0.997542853352,-0.00246017038675,-0.00123084205847
4862,0.999620659244,-0.000379412723509,-0.000189724357144
4863,0.998209757116,-0.00179184728403,-0.000896325101487
4864,0.9982549079,-0.00174661654666,-0.000873689718031
4865,0.997626088339,-0.00237673385672,-0.00118907331613
4866,0.99816455367,-0.00183713282601,-0.000918988424339
4867,0.998705572846,-0.00129526564817,-0.000647842583504
4868,0.997485156802,-0.0025180107281,-0.00125979824402
4869,0.997669065403,-0.00233365545389,-0.00116750873527
4870,0.997771858394,-0.00223062760705,-0.00111593599726
4871,0.998800812592,-0.00119990700827,-0.000600133512238
4872,0.998170230303,-0.00183144577052,-0.00091614228747
4873,0.99893199798,-0.00106857274071,-0.000534429126743
4874,0.997096768645,-0.00290745390533,-0.00145478412591
4875,0.996998055049,-0.00300645982525,-0.00150436032906
4876,0.998953134878,-0.00104741346835,-0.00052384389249
4877,0.996495600749,-0.00351055404177,-0.00175681842132
4878,0.999701711906,-0.000298332591019,-0.000149177421355
4879,0.998209691225,-0.00179191329316,-0.000896358135633
4880,0.997817583459,-0.00218480148219,-0.00109299762811
4881,0.998642866914,-0.00135805482516,-0.000679258003884
4882,0.998153781124,-0.00184792523872,-0.000924389604317
4883,0.996880613732,-0.00312426169481,-0.00156335160938
4884,0.997145347241,-0.00285873505104,-0.00143038955818
4885,0.99919728484,-0.00080303750833,-0.00040159937361
4886,0.998883911408,-0.0011167118825,-0.000558511850945
4887,0.999727792649,-0.000272244406293,-0.000136131468194
4888,0.997710622938,-0.00229200169241,-0.00114665775609
4889,0.995895998805,-0.00411244572036,-0.00205833833612
4890,0.998532849896,-0.00146822742252,-0.000734383238683
4891,0.997993604237,-0.0020084112709,-0.00100471001875
4892,0.999816180866,-0.000183836031288,-9.19222402342e-05
4893,0.998195935168,-0.0018056941173,-0.000903254747741
4894,0.998491398025,-0.00150974106089,-0.000755155516909
4895,0.998097862592,-0.00190394876832,-0.000952427655595
4896,0.998265430998,-0.00173607510862,-0.000868414407942
4897,0.997574070064,-0.00242887727172,-0.00121517636507
4898,0.998632549566,-0.00136838624737,-0.000684427237192
4899,0.998171636282,-0.00183003721472,-0.000915437364601
4900,0.999048735533,-0.00095171720597,-0.000475971841651
4901,0.998070049521,-0.00193181523276,-0.000966374255375
4902,1.00025409994,0.000254067658955,0.000127025761022
4903,0.99773797794,-0.00226458429648,-0.00113293343301
4904,0.997786980079,-0.00221547226837,-0.00110834990047
4905,0.995713516661,-0.00429569664685,-0.00215015660195
4906,0.998341509998,-0.00165986681897,-0.000830277899514
4907,0.996959121785,-0.00304551107988,-0.00152391552087
4908,0.996387120718,-0.00361942149296,-0.00181134926124
4909,0.997228817554,-0.00277502928089,-0.00138847768425
4910,1.000014068,1.40679005204e-05,7.03392552204e-06
4911,1.00055594631,0.000555791832805,0.000277857306909
4912,0.99739954275,-0.00260384431234,-0.00130277002473
4913,0.997433170775,-0.00257012917916,-0.00128589063888
4914,0.995911003176,-0.00409737963067,-0.00205078981415
4915,0.998205947171,-0.00179566406966,-0.000898235206664
4916,0.999142297839,-0.000858070197472,-0.000429127147457
4917,0.997164314563,-0.00283971360944,-0.00142086527863
4918,0.997605887348,-0.00239698312183,-0.00119921003893
4919,0.998189779383,-0.00181186104586,-0.000906341001934
4920,0.998621424878,-0.00137952623102,-0.000690001056793
4921,0.998148135886,-0.00185358093472,-0.000927220070353
4922,0.997952838256,-0.00204926004353,-0.00102515513444
4923,0.99875177439,-0.0012490052928,-0.000624697688778
4924,0.998797079103,-0.00120364498688,-0.00060200362493
4925,0.997624459829,-0.00237836624265,-0.00118989047994
4926,0.998648480829,-0.00135243329688,-0.00067644533446
4927,0.998207745258,-0.00179386275197,-0.000897333739222
4928,0.998432419998,-0.00156880994152,-0.000784712696794
4929,0.998302306822,-0.00169913589261,-0.000849928931372
4930,0.997524232293,-0.00247883748777,-0.00124018714072
4931,0.998303909832,-0.00169753015757,-0.000849125381793
4932,0.999442395519,-0.000557760000575,-0.00027891889093
4933,0.99754036573,-0.00246266413949,-0.00123209047033
4934,0.997098087087,-0.00290613162588,-0.00145412202459
4935,0.997094745929,-0.00290948251299,-0.00145579990585
4936,0.999992681645,-7.3183817884e-06,-3.65919758916e-06
4937,0.998445718666,-0.00155549048204,-0.000778047763272
4938,0.999777431786,-0.000222592985508,-0.000111302686439
4939,0.99595338634,-0.00405482335606,-0.0020294682667
4940,0.9981982943,-0.00180333072376,-0.000902071984298
4941,0.997473480644,-0.00252971639239,-0.0012656584667
4942,0.997263572062,-0.00274017880142,-0.00137102840198
4943,0.998717128451,-0.00128369513343,-0.000642053594939
4944,1.0002837185,0.000283678262933,0.000141829072773
4945,0.998841472093,-0.00115919951967,-0.000579767760234
4946,1.00004309795,4.30970182556e-05,2.15482769603e-05
4947,1.00080925328,0.000808926006554,0.000404381219143
4948,0.996649347409,-0.00335627859817,-0.00167954816282
4949,0.997647868195,-0.00235490241249,-0.00117814467407
4950,0.997232694629,-0.00277114143889,-0.00138653106605
4951,0.99777604573,-0.00222643092866,-0.00111383531866
4952,0.998274586517,-0.00172690372329,-0.000863824743517
4953,0.999592672036,-0.000407410944756,-0.000203726221747
4954,0.998204117327,-0.00179749720365,-0.00089915259737
4955,0.996574296695,-0.0034315844617,-0.00171726504457
4956,0.997535818863,-0.0024672222284,-0.00123437232537
4957,0.998271421663,-0.0017300740527,-0.000865411278787
4958,0.998286933625,-0.00171453535111,-0.000857635234514
4959,0.999828704236,-0.000171310437118,-8.56588870721e-05
4960,0.999466642095,-0.000533500190701,-0.000266785676321
4961,0.998772768521,-0.00122798514413,-0.000614181104086
4962,0.998495445964,-0.00150568701411,-0.000753126964855
4963,0.997631114385,-0.00237169586346,-0.0011865513274
4964,1.00030955987,0.000309511967782,0.000154744009801
4965,0.998956476024,-0.00104406882626,-0.000522170696807
4966,0.99541648586,-0.00459405064975,-0.00229966550868
4967,0.998932119552,-0.00106845103818,-0.000534368242958
4968,0.998936569311,-0.00106399653273,-0.000532139802539
4969,0.997586467735,-0.00241644952867,-0.00120895496193
4970,0.997049018798,-0.00295534393207,-0.00147876426121
4971,0.996710237671,-0.0032951854944,-0.00164895077386
4972,0.997875522173,-0.00212673773108,-0.00106393444267
4973,0.997722383549,-0.00228021416429,-0.00114075725129
4974,0.997129027206,-0.00287510194144,-0.00143858474242
4975,0.997721910762,-0.00228068803048,-0.0011409944547
4976,0.999731108641,-0.000268927516764,-0.000134472799038
4977,0.999348848972,-0.00065136311891,-0.000325734599452
4978,0.997329067676,-0.00267450562755,-0.00133814733501
4979,0.998294299061,-0.0017071573033,-0.000853943053583
4980,1.00055693826,0.000556783224969,0.000278352865135
4981,0.996877474333,-0.00312741092262,-0.0015649286862
4982,0.99715864205,-0.00284540227046,-0.0014237136546
4983,0.9976340187,-0.0023687846562,-0.00118509399768
4984,0.998711197801,-0.00128963341895,-0.00064502464846
4985,0.995931258286,-0.00407704156401,-0.00204059997808
4986,0.997950788524,-0.00205131398312,-0.00102618315757
4987,0.998627522778,-0.00137341993152,-0.000686945805028
4988,0.999292463755,-0.000707786666547,-0.000353955960907
4989,0.998323140456,-0.00167826704677,-0.00083948569442
4990,0.999583909841,-0.000416176748411,-0.000208110026093
4991,0.998426659946,-0.00157457905326,-0.000787599520376
4992,0.997372197495,-0.00263126123875,-0.001316496441
4993,0.997160637299,-0.00284340133799,-0.00142271176449
4994,0.997744339926,-0.00225820790709,-0.00112974163139
4995,0.998178490411,-0.00182317055527,-0.000912000897777
4996,0.996807084216,-0.00319802401579,-0.00160029110927
4997,0.997699464533,-0.00230318576415,-0.00115225621977
4998,0.997698050682,-0.0023046028768,-0.00115296559278
4999,0.998319153679,-0.00168226052856,-0.000841484113545
