replicate,RZ_ratio,log_RZ_ratio,coupling_advantage
0,1.00738034276,0.00735324128935,0.00366987015053
1,1.00770182736,0.00767231970388,0.00382881119062
2,1.01085041601,0.0107919726207,0.00538145412646
3,1.00668342616,0.0066611910795,0.00332505525894
4,1.00800276431,0.00797091201567,0.00397752461827
5,1.007395719,0.00736850476474,0.00367747385172
6,1.00722040264,0.00719446033149,0.00359076788441
7,1.01140061543,0.0113361181573,0.00565202593836
8,1.00747936993,0.00745153813108,0.00371883699974
9,1.00768487059,0.00765549239215,0.0038204297138
10,1.00376465224,0.00375758367204,0.00187702801143
11,1.00769311109,0.00766367001087,0.00382450289382
12,1.00716853104,0.00714295925986,0.00356510948243
13,1.00617418593,0.00615520373949,0.00307287090769
14,1.00591428543,0.0058968646995,0.00294408999185
15,1.01096163365,0.0109019904063,0.00543616548659
16,1.00593811862,0.00592055747994,0.00295590143527
17,1.005137357,0.00512420580095,0.00255882351614
18,1.00661473063,0.00659294930126,0.00329104724348
19,1.00873701791,0.00869907103866,0.00434008998923
20,1.00928590962,0.00924306061878,0.00461086747072
21,1.00897517134,0.00893513387411,0.00445760220478
22,1.00721962303,0.0071936863166,0.00359038226654
23,1.00959832368,0.00955255242348,0.0047648879429
24,1.0117997082,0.0117306344819,0.00584814984824
25,1.00672089716,0.00669841262321,0.00334360397635
26,1.01090739124,0.0108483346952,0.00540948311381
27,1.00989248841,0.00984387807004,0.00490984614138
28,1.00935034247,0.00930689862092,0.00464263879045
29,1.01093307475,0.0108737407661,0.00542211735215
30,1.00685892385,0.00683550844179,0.00341192034708
31,1.00933732526,0.00929400190826,0.00463622035082
32,1.00698901477,0.00696470480906,0.00347629604756
33,1.00496665953,0.00495436636724,0.0024741174973
34,1.01031075165,0.0102579584287,0.00511584845916
35,1.00940501881,0.00936106698599,0.00466959686584
36,1.00736113761,0.00733417666458,0.00366037277523
37,1.00879135871,0.00875293971771,0.00436690707015
38,1.00345404729,0.00344809577123,0.00172256256877
39,1.0073614899,0.00733452638424,0.00366054699499
40,1.01057428108,0.0105187643926,0.00524557586063
41,1.00873010325,0.00869221624232,0.00433667746043
42,1.00957471731,0.00952917020595,0.00475325247294
43,1.00619302571,0.00617392773465,0.00308220409338
44,1.00713697276,0.00711162509936,0.00354949813474
45,1.00889916101,0.00885979684649,0.00442010089591
46,1.00876929158,0.00873106466239,0.0043560172461
47,1.00764918974,0.00762008302198,0.00380279251208
48,1.00622587084,0.00620657017659,0.00309847487623
49,1.0069857562,0.00696146884588,0.00347468368925
50,1.00411627668,0.00410782798897,0.00205180615649
51,1.0079400902,0.00790873355443,0.00394655856448
52,1.0079150275,0.00788386798227,0.00393417476814
53,1.00840826387,0.00837311132484,0.00417780425527
54,1.00912426944,0.00908289477576,0.00453115060901
55,1.00782231135,0.00779187568315,0.00388835852179
56,1.00542218235,0.00540753523932,0.00270011573202
57,1.00615324005,0.00613438617537,0.00306249405647
58,1.00915380526,0.00911216311825,0.00454571836403
59,1.00870023886,0.00866260987516,0.00432193836439
60,1.00665460482,0.00663256067522,0.00331078755352
61,1.00829068509,0.00825650614158,0.00411974354793
62,1.00724064417,0.00721455655485,0.00360077986535
63,1.00856212754,0.00852568042628,0.00425376720664
64,1.00856441421,0.00852794767332,0.00425489600735
65,1.00744035671,0.00741281378874,0.00369954664658
66,1.00887481414,0.00883566443464,0.00440808795136
67,1.00864397182,0.00860682659644,0.00429416688368
68,1.00498823529,0.00497583526664,0.00248482533124
69,1.00778679107,0.00775663047948,0.00387080428827
70,1.00665944739,0.00663737122491,0.00331318486213
71,1.00666409029,0.00664198339776,0.00331548330541
72,1.0083514796,0.00831679894972,0.00414976530402
73,1.0076037667,0.00757500377943,0.00378033835126
74,1.00636463575,0.00634446699156,0.00316720727929
75,1.00761481314,0.00758596679322,0.00378579912123
76,1.00758935542,0.00756070114611,0.00377321404352
77,1.00735547863,0.00732855901762,0.00365757422915
78,1.00585033079,0.00583328406327,0.00291239276346
79,1.00344386816,0.00343795162108,0.00171749921782
80,1.01122721868,0.0111646612515,0.00556677837089
81,1.0110934751,0.0110323938277,0.00550101063597
82,1.0102438371,0.0101917245899,0.00508290041535
83,1.0068564789,0.00683308013961,0.00341071033784
84,1.00794191641,0.00791054538132,0.00394746090227
85,1.01026899819,0.0102166302295,0.00509528986156
86,1.00889733814,0.00885799005291,0.00441920149182
87,1.00571128514,0.00569503758518,0.00284346845633
88,1.00482106971,0.00480948556945,0.00240185370709
89,1.00773921348,0.0077094193941,0.00384728984049
90,1.00795435906,0.00792288991388,0.0039536087848
91,1.0071806998,0.00715504133274,0.00357112896373
92,1.00499634955,0.0049839092134,0.00248885226532
93,1.00493995706,0.00492779551094,0.00246086485083
94,1.00470548471,0.00469444852782,0.0023444716871
95,1.0096199315,0.00957395458495,0.0047755379772
96,1.0110325331,0.0109721186499,0.00547103838264
97,1.00620241233,0.00618325654289,0.00308685411
98,1.01181198955,0.0117427725316,0.00585418336223
99,1.00791765948,0.00788647929297,0.00393547528596
100,1.00691420714,0.00689041361946,0.00343927889433
101,1.01191976293,0.0118492820753,0.00590712496114
102,1.00783828441,0.00780772464494,0.00389625215819
103,1.00732613796,0.00729943216614,0.00364306396457
104,1.00389402538,0.00388646328739,0.00194134479148
105,1.00859336934,0.00855665651645,0.00426918924975
106,1.00867004963,0.00863268059194,0.00430703828755
107,1.00437861856,0.00436906030346,0.00218214580228
108,1.00772139485,0.00769173744562,0.00383848284111
109,1.00628103296,0.00626138948824,0.00312579922945
110,1.00977625454,0.00972877614895,0.00485257609924
111,1.00817870436,0.00814544000531,0.00406443772616
112,1.00850896776,0.0084729705483,0.0042275240296
113,1.00601846962,0.00600043097297,0.0029957193376
114,1.01045398092,0.0103997159247,0.00518636210326
115,1.0075668099,0.00753832519217,0.00376206821884
116,1.00906352001,0.00902269282367,0.00450118557404
117,1.00877712416,0.00873882912557,0.00435988255912
118,1.00982771834,0.0097797404056,0.00487793425051
119,1.00982499943,0.00977704795379,0.0048765945905
120,1.00726942247,0.00724312757604,0.00361501383529
121,1.00714704801,0.00712162890174,0.00355448226923
122,1.0082530828,0.00821921233858,0.00410117329374
123,1.00676347585,0.00674070615516,0.00336467981307
124,1.00556532767,0.0055498984514,0.00277110261297
125,1.00865233466,0.00861511772911,0.00429829463971
126,1.01148190549,0.0114164886719,0.00569198326469
127,1.00659911539,0.0065774365465,0.00328331636272
128,1.00918123335,0.00913934204269,0.00455924596047
129,1.00546047207,0.00544561774646,0.00271910539121
130,1.00533103011,0.00531687046755,0.00265490472407
131,1.0058692687,0.00585211164079,0.00292177909139
132,1.00656661826,0.00654515194482,0.0032672269323
133,1.00708378179,0.00705880966706,0.00352318380528
134,1.01025849715,0.0102062358772,0.00509011915311
135,1.00679837414,0.00677536939446,0.00338195296769
136,1.00568592884,0.00566982496548,0.00283089791289
137,1.00722012035,0.00719418006839,0.00359062825603
138,1.00608543937,0.00606699786368,0.00302890252286
139,1.00912511864,0.00908373629868,0.00453156946386
140,1.00598789876,0.00597004253773,0.0029805705225
141,1.0091433568,0.00910180937359,0.00454056501096
142,1.00640001422,0.0063796210956,0.00318472850715
143,1.00757776878,0.0075492017142,0.00376748600601
144,1.00757976307,0.00755118100936,0.00376847192461
145,1.009711985,0.00966512681837,0.00482090536161
146,1.00784404572,0.00781344112765,0.00389909925904
147,1.00568394173,0.00566784908326,0.00282991276806
148,1.00506613617,0.00505334648117,0.00252348388847
149,1.00729862949,0.007272123388,0.00362945922643
150,1.00882453796,0.00878582927821,0.00438327990294
151,1.0077661421,0.00773614084785,0.00386059907586
152,1.00927471674,0.00923197066153,0.00460534804396
153,1.00502462953,0.00501204820633,0.00250288664616
154,1.00725223972,0.00722606868681,0.00360651518849
155,1.00733885658,0.00731205820438,0.0036493539651
156,1.00773436378,0.00770460692375,0.00384489285991
157,1.00321816563,0.00321299841367,0.00160520947773
158,1.0118421253,0.0117725560254,0.00586898781987
159,1.00620919869,0.00619000104181,0.00309021594415
160,1.00631022102,0.00629039493972,0.00314025651775
161,1.01115262673,0.0110908947494,0.00553009976432
162,1.00799143385,0.00795967144967,0.00397192667436
163,1.00854225573,0.00850597711477,0.00424395740921
164,1.0050439576,0.00503127945678,0.00251247815845
165,1.00493659745,0.0049244524074,0.00245919741113
166,1.0068791706,0.00685561706512,0.00342194030386
167,1.00727989476,0.0072535242326,0.00362019335808
168,1.00593566304,0.00591811638958,0.00295468449716
169,1.00890773431,0.00886829448315,0.00442433092505
170,1.00733124284,0.00730449990165,0.00364558859808
171,1.01188250209,0.0118124594723,0.00588882224903
172,1.00686774167,0.00684426615555,0.00341628425409
173,1.00648153605,0.00646062122095,0.00322509877062
174,1.0083203878,0.00828596418731,0.00413441178298
175,1.00761888731,0.00759001016737,0.00378781315257
176,1.00847922507,0.0084434783667,0.00421284016999
177,1.00600175404,0.00598381525669,0.00298743633306
178,1.0017958267,0.00179421612764,0.000896705782687
179,1.00779286134,0.00776265383373,0.00387380430327
180,1.00800562989,0.00797375484352,0.00397894037749
181,1.00674149589,0.00671887362546,0.00335380021857
182,1.00596127591,0.00594357780279,0.00296737750775
183,1.01009700021,0.010046366057,0.00501058794261
184,1.01027572554,0.0102232891848,0.00509860236907
185,1.00797517664,0.00794354299643,0.00396389444587
186,1.00448216061,0.00447214564093,0.002233574672
187,1.00628455279,0.00626488733695,0.00312754268549
188,1.00811994553,0.00808715615287,0.00403541382258
189,1.01006925125,0.010018894093,0.00499692069207
190,1.0077585942,0.00772865108201,0.00385686864345
191,1.01096632436,0.0109066302403,0.0054384727895
192,1.00418820275,0.00417945664088,0.00208754635838
193,1.0082147249,0.00818116769958,0.00408222880789
194,1.00752137124,0.00749322676178,0.00373960358204
195,1.0076273073,0.00759836645907,0.00379197546369
196,1.01116262651,0.0111007841803,0.0055350171228
197,1.0086693078,0.00863194513514,0.00430667214291
198,1.00956519024,0.00951973344164,0.00474855650737
199,1.00879224612,0.00875381939636,0.00436734498864
200,1.00998825525,0.00993870232412,0.00495702436376
201,1.0110017726,0.0109416933473,0.00545590884526
202,1.00764113901,0.00761209337552,0.00379881287239
203,1.00470691059,0.00469586772598,0.00234517962229
204,1.00864662684,0.00860945885541,0.00429547736062
205,1.00755613762,0.00752773300531,0.00375679203569
206,1.00612340137,0.00610472952816,0.00304771103492
207,1.00705469862,0.0070299306478,0.00350879506482
208,1.00990814722,0.00985938336767,0.00491756069598
209,1.00760183936,0.00757309097836,0.00377938556578
210,1.01074492981,0.0106876132615,0.00532955389537
211,1.01259351725,0.0125148784495,0.0062379022237
212,1.01222911579,0.0121549442427,0.00605904164346
213,1.00809027645,0.00805772560755,0.0040207578243
214,1.00381091465,0.00380367150966,0.00190002841115
215,1.00547364082,0.00545871489197,0.00272563613632
216,1.00479914719,0.00478766799304,0.00239097106084
217,1.00543518452,0.00542046721123,0.00270656423821
218,1.00752758745,0.00749939654658,0.00374267693343
219,1.00720073265,0.00717493116444,0.00358103831573
220,1.00815402957,0.0081209650891,0.00405224993187
221,1.00890638394,0.0088669560386,0.00442366466341
222,1.00601278615,0.00599478149054,0.00299290305454
223,1.00616379927,0.00614488075489,0.00306772526271
224,1.00851372882,0.00847769143257,0.00422987449014
225,1.00983313776,0.00978510706373,0.00488060448689
226,1.0065347478,0.00651348889593,0.00325144700813
227,1.00818069769,0.00814741716885,0.00406542228941
228,1.01032603798,0.0102730886461,0.00512337483747
229,1.00602258195,0.00600451868952,0.00299775707096
230,1.00796128519,0.00792976136656,0.00395703092175
231,1.01050042103,0.0104456745195,0.00520922195904
232,1.0079887845,0.00795704310375,0.00397061772034
233,1.00538652286,0.00537206743547,0.00268242955686
234,1.00855132459,0.00851496912219,0.00424843432201
235,1.01002135171,0.00997147093348,0.00497332731748
236,1.00995102065,0.00990183527013,0.00493868204315
237,1.00680776988,0.00678470164658,0.00338660330228
238,1.00676969877,0.0067468872521,0.00336775995808
239,1.00517015031,0.00515683097245,0.00257509422816
240,1.00934822165,0.00930479743995,0.00464159307693
241,1.00571195223,0.00569570088306,0.00284379916219
242,1.00886015388,0.00882113302962,0.00440085425043
243,1.00677620152,0.00675334625676,0.00337097857902
244,1.00867217375,0.0086347864455,0.00430808667879
245,1.00672041882,0.00669793746838,0.00334336719327
246,1.01063489461,0.0105787418884,0.00527540685298
247,1.00946313465,0.00941863967813,0.00469824837889
248,1.0082081625,0.00817465874455,0.00407898761062
249,1.01038041564,0.0103269090877,0.0051501468269
250,1.00830139928,0.00826713217928,0.00412503466445
251,1.00632794624,0.00630800885682,0.00314903578153
252,1.00756735382,0.00753886502756,0.00376233712104
253,1.0074295259,0.0074020629138,0.00369419108139
254,1.00764690092,0.00761781157562,0.00380166110718
255,1.00925531488,0.00921274690311,0.00459578038482
256,1.00971693318,0.00967002738922,0.00482334383145
257,1.00912044459,0.0090791045071,0.00452926406004
258,1.00878415493,0.00874579869557,0.00436335214482
259,1.00802239253,0.00799038421389,0.0039872219446
260,1.00491267972,0.0049006518848,0.00244732634429
261,1.00392238138,0.0039147088987,0.00195544008036
262,1.00685256165,0.00682918955921,0.00340877168058
263,1.00916438287,0.00912264472615,0.00455093533109
264,1.01107476258,0.0110138864444,0.0054918078064
265,1.00602906064,0.0060109585771,0.00300096735698
266,1.00513569942,0.00512255669166,0.00255800107105
267,1.00970381874,0.00965703907118,0.00481688097501
268,1.00515046915,0.00513725084972,0.00256532932932
269,1.00769802009,0.00766854151798,0.00382692932887
270,1.00924461113,0.00920214125902,0.00459050191938
271,1.00830837404,0.00827404948887,0.00412847904622
272,1.00940437156,0.00936042576369,0.00466927775177
273,1.00438694132,0.00437734674594,0.00218627997384
274,1.00716657816,0.00714102027046,0.00356414344361
275,1.00874633975,0.00870831209237,0.00434469045196
276,1.00655340351,0.00653202332385,0.00326068404743
277,1.00995038746,0.00990120832144,0.0049383701169
278,1.00716698116,0.00714142041166,0.00356434280112
279,1.00661226117,0.00659049605952,0.00328982465872
280,1.00999436288,0.00994474953552,0.00496003297682
281,1.00786284584,0.00783209475721,0.00390838966432
282,1.00538372316,0.00536928273291,0.00268104093949
283,1.00686679487,0.00684332580772,0.00341581568632
284,1.00731015143,0.00728356177745,0.00363515764727
285,1.00749285728,0.00746492526809,0.00372550565364
286,1.00738286666,0.00735574669523,0.00367111825543
287,1.00605091489,0.00603268162306,0.00301179622607
288,1.00679866469,0.00677565798991,0.00338209677739
289,1.00715922952,0.00713372389546,0.00356050825215
290,1.00908571672,0.00904468991346,0.00451213455223
291,1.00638238532,0.00636210414313,0.00317599788605
292,1.00920594357,0.00916382715751,0.00457143262645
293,1.00670199235,0.00667963383813,0.00333424593429
294,1.0059408962,0.00592331865689,0.00295727794192
295,1.01136957892,0.0113054310254,0.00563676897761
296,1.00462442602,0.00461376621576,0.00230422429796
297,1.00790929337,0.00787817886735,0.00393134139763
298,1.00919473375,0.00915271952503,0.00456590418375
299,1.0079708978,0.00793929800666,0.00396178036208
300,1.00419477805,0.00418600449754,0.00209081344689
301,1.0104056523,0.0103518861593,0.00516257096732
302,1.0081863608,0.00815303430868,0.00406821943737
303,1.00783266546,0.00780214938155,0.00389347538394
304,1.0083874994,0.00835251978584,0.0041675514467
305,1.00895842663,0.00891853797441,0.00444934120961
306,1.00782799934,0.00779751951032,0.0038911694588
307,1.00837918894,0.00834427841514,0.00416344792607
308,1.00812747374,0.00809462369795,0.00403913252086
309,1.00857379037,0.00853724417272,0.00425952446847
310,1.00886685234,0.00882777264453,0.00440415944241
311,1.0066496248,0.00662761357138,0.00330832218795
312,1.00634291648,0.00632288485035,0.0031564503282
313,1.00751926789,0.00749113911624,0.00373856366222
314,1.01062265027,0.010566626319,0.00526938100728
315,1.00977509563,0.00972762846768,0.00485200504305
316,1.00699018652,0.00696586842989,0.00347687583526
317,1.00939027845,0.0093464638579,0.00466232937063
318,1.00956697327,0.00952149957992,0.00474943538282
319,1.01002346438,0.00997356264109,0.00497436796937
320,1.00520318714,0.00518969733644,0.00259148495848
321,1.00945903311,0.00941457658312,0.00469622637405
322,1.01017626628,0.0101248366938,0.00504962590315
323,1.00584307593,0.0058260713722,0.00290879691454
324,1.00867340287,0.00863600499977,0.00430869333092
325,1.00585337264,0.00583630821336,0.00291390043361
326,1.00762283336,0.00759392637537,0.00378976383773
327,1.00946236961,0.00941788181115,0.00469787122566
328,1.0092556738,0.00921310253338,0.00459595738273
329,1.01083826494,0.010779951912,0.00537547609856
330,1.00731709343,0.00729045337207,0.00363859091266
331,1.01000800933,0.00995826085029,0.00496675510322
332,1.00870501773,0.00866734752029,0.00432429694625
333,1.00889421558,0.00885489502212,0.00441766081402
334,1.00938778828,0.00934399684795,0.0046611016159
335,1.00542301688,0.00540836526672,0.00270052962504
336,1.0119993592,0.0119279376635,0.00594621967233
337,1.0056132656,0.00559756992858,0.002794872017
338,1.00740932655,0.00738201233149,0.00368420277551
339,1.01027284963,0.0102204425194,0.00509718629236
340,1.00457093167,0.00456051668573,0.00227766052875
341,1.00396996838,0.0039621088467,0.00197909343019
342,1.01229497363,0.0122200043175,0.00609137405411
343,1.00690690657,0.00688316315338,0.00343566612293
344,1.00296981011,0.00296540893096,0.00148160580228
345,1.00910113595,0.00905997018893,0.00451974018759
346,1.00750222086,0.00747421916644,0.00373013527982
347,1.00922523717,0.00918294457869,0.00458094759456
348,1.00764126349,0.00761221691206,0.00379887440601
349,1.00918929817,0.00914733345704,0.00456322344228
350,1.00726238158,0.00723613746911,0.00361153141041
351,1.00985025956,0.00980206199668,0.00488904054244
352,1.00809001771,0.00805746894617,0.00402063000959
353,1.00602066139,0.00600260963264,0.00299680540352
354,1.00650335397,0.00648229840031,0.00323590234623
355,1.00908344672,0.00904244034578,0.00451101484294
356,1.00897236848,0.00893235594302,0.00445621942973
357,1.00785822843,0.00782751335967,0.00390610791588
358,1.00846039525,0.00842480669867,0.00420354362296
359,1.00717302716,0.00714742336638,0.00356733357569
360,1.00574929164,0.00573282753849,0.00286230952772
361,1.0079801123,0.0079484395947,0.00396633303722
362,1.01028563579,0.0102330985865,0.00510348205081
363,1.00591412665,0.00589670684773,0.00294401129833
364,1.00664018335,0.00661823444642,0.0033036481291
365,1.01080555852,0.010747595642,0.00535938479861
366,1.00968286455,0.00963628605033,0.00480655439342
367,1.00974662089,0.00969942896978,0.00483797360723
368,1.00729754636,0.00727104810864,0.00362892353795
369,1.00793895776,0.00790761003351,0.00394599902089
370,1.00990001162,0.0098513275588,0.00491355259094
371,1.00733822846,0.00731143466024,0.00364904333075
372,1.00607674004,0.00605835111338,0.00302459223348
373,1.00993996807,0.00989089152997,0.004933237182
374,1.00736267848,0.00733570627416,0.00366113478026
375,1.0071702188,0.00714463499861,0.00356594436436
376,1.00878641444,0.00874803852671,0.00436446717318
377,1.0053067528,0.00529272160099,0.00264286227455
378,1.01015995154,0.0101086861749,0.00504159138827
379,1.00829701757,0.00826278653793,0.00412287080438
380,1.00937177005,0.00932812747003,0.00465320388
381,1.0057915001,0.00577479383245,0.00288323239492
382,1.00815402681,0.0081209623543,0.00405224857001
383,1.00949239728,0.00944762756673,0.0047126741225
384,1.00609897347,0.00608045000805,0.00303560819988
385,1.00795243453,0.00792098056995,0.00395265788678
386,1.00446561935,0.00445567805716,0.00222535923708
387,1.00924715144,0.00920465829862,0.00459175466116
388,1.01000671105,0.00995697543924,0.00496611558965
389,1.00589500928,0.005877701698,0.00293453665414
390,1.00764191225,0.00761286074996,0.00379919510198
391,1.00578688343,0.00577020373946,0.00288094396295
392,1.00815985341,0.00812674180497,0.0040551265813
393,1.00732477758,0.00729808167862,0.00364239118054
394,1.00251271744,0.00250956584421,0.00125399601119
395,1.00798360637,0.00795190599169,0.00396805935977
396,1.00669525677,0.00667294308374,0.00333091170582
397,1.00858865725,0.00855198456254,0.00426686324281
398,1.00857483493,0.00853827985208,0.00426004010227
399,1.00793835802,0.00790701501809,0.0039457026871
400,1.00924319641,0.009200739498,0.00458980425602
401,1.00660780451,0.00658606866384,0.00328761824112
402,1.01061378432,0.0105578535183,0.005265017711
403,1.00725432517,0.00722813911704,0.00360754666956
404,1.00672047291,0.0066979911991,0.00334339396881
405,1.00943999318,0.00939571488277,0.00468683976902
406,1.00708150393,0.00705654782871,0.00352205686991
407,1.00867329487,0.00863589792961,0.0043086400265
408,1.01043013761,0.0103761190145,0.00517462476997
409,1.00531853157,0.00530443812875,0.00264870503873
410,1.00908627451,0.00904524267822,0.0045124096875
411,1.00475836287,0.00474707764433,0.0023707242062
412,1.00450962102,0.00449948315073,0.0022472128035
413,1.00589877195,0.00588144231135,0.00293640147058
414,1.00637196238,0.00635174725478,0.00317083587524
415,1.00854890755,0.00851257257463,0.0042472411383
416,1.01006544444,0.010015125228,0.00499504567417
417,1.00837630357,0.00834141701502,0.00416202318163
418,1.00862967199,0.00859264921811,0.00428710860952
419,1.00712810457,0.00710281971773,0.00354511106161
420,1.01260163936,0.0125228995117,0.00624188772949
421,1.00858763203,0.00855096807311,0.00426635716658
422,1.00772574256,0.00769605183742,0.00384063175432
423,1.00810375424,0.0080710951488,0.00402741569483
424,1.00765018197,0.00762106771985,0.0038032829886
425,1.00942259077,0.00937847506588,0.00467826022373
426,1.00607005355,0.00605170499259,0.00302127921848
427,1.00603118092,0.00601306614351,0.00300201797726
428,1.00826480721,0.00823084071762,0.00410696362143
429,1.00891359565,0.00887410405376,0.00442722285442
430,1.00892233574,0.00888276689043,0.00443153508727
431,1.0045315466,0.00452131006021,0.00225810167397
432,1.00433511989,0.00432575032678,0.00216053783433
433,1.00801370319,0.00798176398773,0.00398292900765
434,1.00609407066,0.00607557691012,0.00303317904436
435,1.00652784846,0.00650663432958,0.00324803086273
436,1.00486562829,0.00485382937517,0.00242397211108
437,1.00555504304,0.005539670691,0.00276600289082
438,1.0081768435,0.00814359424258,0.00406351859536
439,1.00681585984,0.00679273688073,0.00339060730523
440,1.00716135934,0.00713583857633,0.00356156182736
441,1.01019786131,0.0101462139574,0.00506026050453
442,1.00693143417,0.00690752221421,0.00344780373463
443,1.00779588587,0.00776565497268,0.00387529905871
444,1.00911430807,0.00907302343142,0.00452623728899
445,1.0063965316,0.00637616061553,0.00318300377597
446,1.00892029857,0.00888074773923,0.00443052998513
447,1.00590462978,0.00588726576748,0.00293930464442
448,1.00954280763,0.00949756265836,0.00473752369419
449,1.00580244733,0.00578567796959,0.00288865875798
450,1.01037204589,0.0103186252934,0.00514602625259
451,1.00533851167,0.00532431233417,0.00265861577175
452,1.00806198964,0.00802966541566,0.00400678404194
453,1.00735650085,0.00732957377344,0.00365807975116
454,1.00575178773,0.00573530935831,0.00286354688499
455,1.00975880514,0.00971149554182,0.00484397768626
456,1.00970021979,0.00965347470739,0.00481510737609
457,1.01000413168,0.00995442161535,0.00496484501818
458,1.0077580783,0.00772813915879,0.00385661366901
459,1.01211126656,0.012038512013,0.00600117657816
460,1.00602510527,0.00600702689808,0.00299900741496
461,1.00867320814,0.00863581194797,0.00430859722091
462,1.00597945582,0.00596164982063,0.00297638666272
463,1.00745135994,0.00742373569694,0.00370498738277
464,1.00702711581,0.00700254069331,0.00349514804699
465,1.00544702686,0.00543224546247,0.00271243740724
466,1.00692729468,0.00690341120779,0.00344575531629
467,1.01074196631,0.010684681262,0.00532809570765
468,1.00312346711,0.00311859921815,0.00155808453308
469,1.00856576707,0.00852928904896,0.00425556384123
470,1.00774829603,0.0077184321444,0.00385177886819
471,1.01254855471,0.0124704741194,0.00621583830863
472,1.00576762612,0.00575105704372,0.00287139814967
473,1.0085869325,0.00855027449545,0.00426601185721
474,1.00636098083,0.0063408351793,0.00316539712287
475,1.00840917299,0.00837401287341,0.00417825314621
476,1.00924101203,0.00919857511396,0.00458872703046
477,1.00710544734,0.00708032259236,0.00353390231329
478,1.00694445867,0.00692045697648,0.00345424879667
479,1.00821163843,0.00817810636783,0.00408070438937
480,1.00619983667,0.00618069675369,0.00308557816544
481,1.00744393535,0.00741636599765,0.00370131617868
482,1.00986003899,0.00981174599067,0.00489385885505
483,1.00740407769,0.00737680206251,0.00368160723549
484,1.00693316729,0.00690924340005,0.00344866136003
485,1.00657186184,0.00655036130039,0.00326982309663
486,1.00548055095,0.00546558737922,0.0027290630081
487,1.00928582054,0.00924297236167,0.00461082354564
488,1.01108324842,0.0110222792968,0.00549598117789
489,1.00661273249,0.00659096428647,0.00329005800198
490,1.00633322642,0.00631325581879,0.00315165099764
491,1.00863717505,0.00860008804944,0.00429081207276
492,1.00602983796,0.00601173124051,0.00300135252924
493,1.0096724106,0.00962593230454,0.00480140239011
494,1.00724344907,0.0072173412926,0.00360216721964
495,1.00800540041,0.00797352718869,0.00397882700297
496,1.01008240745,0.0100319190563,0.00500340061026
497,1.00845118862,0.00841567725991,0.0041989980812
498,1.00395749224,0.00394968196696,0.00197289226804
499,1.00991119545,0.00986240168739,0.00491906243333
500,1.00796956116,0.0079379719336,0.00396111995214
501,1.00645090687,0.00643018882007,0.00320993152853
502,1.00736285425,0.00733588075492,0.00366122170123
503,1.00221819325,0.00221573668835,0.00110725488461
504,1.00636824405,0.00634805245942,0.00316899433365
505,1.0118929318,0.011822766652,0.00589394547711
506,1.00631227726,0.00629243827774,0.00314127497793
507,1.00769229976,0.00766286486912,0.0038241018625
508,1.00629472746,0.00627499840861,0.00313258239718
509,1.00982991229,0.00978191300141,0.00487901524894
510,1.00742596261,0.0073985258963,0.00369242910429
511,1.00984564956,0.00979749695893,0.00488676918031
512,1.00730971603,0.00728312953643,0.00363494231237
513,1.00589977991,0.00588244435672,0.00293690102194
514,1.01148006396,0.0114146680522,0.00569107813589
515,1.00654555258,0.00652422347824,0.00325679683346
516,1.00956368904,0.0095182464707,0.00474781655211
517,1.00815464867,0.00812157918169,0.00405255573389
518,1.00855576823,0.00851937508075,0.00425062793966
519,1.00612396148,0.00610528623431,0.00304798853961
520,1.00841290749,0.0083777162214,0.00418009708173
521,1.00685406007,0.00683067778034,0.00340951325436
522,1.00890120283,0.00886182065088,0.00442110832489
523,1.00652373938,0.00650255189234,0.00324599627197
524,1.00856949204,0.00853298237796,0.00425740264544
525,1.00819962862,0.00816619430544,0.00407477264532
526,1.01178341941,0.011714535516,0.00584014740768
527,1.0058897967,0.00587251965334,0.00293195323191
528,1.01006243309,0.010012143888,0.00499356244903
529,1.00319500359,0.00318991041177,0.00159368394079
530,1.00578957296,0.00577287778556,0.00288227713323
531,1.00911968765,0.0090783544057,0.00452889070797
532,1.00816479089,0.00813163931186,0.00405756540175
533,1.0065000498,0.00647901558065,0.0032342662465
534,1.00438644289,0.00437685049304,0.00218603238984
535,1.00872157694,0.00868376368812,0.00433246950244
536,1.01170969967,0.0116416716833,0.00580392759929
537,1.00715768915,0.00713219447185,0.00355974626282
538,1.00664520365,0.00662322161201,0.00330613347088
539,1.00714824656,0.00712281894949,0.00355507517793
540,1.01143282873,0.0113679678382,0.00566786064509
541,1.00888718285,0.00884792427017,0.00441419082921
542,1.00780862839,0.00777829883311,0.00388159646965
543,1.00758039139,0.00755180459906,0.00376878254443
544,1.00640286805,0.00638245677123,0.00318614182854
545,1.00833851116,0.00830393783723,0.00414336141248
546,1.00217841962,0.00217605030724,0.00108743346886
547,1.00790787298,0.00787676962188,0.00393063954476
548,1.00644228682,0.0064216239847,0.00320566284798
549,1.00824382843,0.00821003367892,0.00409660277507
550,1.00951454019,0.00946956202201,0.00472358960531
551,1.00909096166,0.00904988761507,0.00451472167331
552,1.00588773085,0.00587046589359,0.00293092936227
553,1.01187977476,0.0118097641604,0.00588748252828
554,1.00654701708,0.00652567845178,0.00325752195069
555,1.00700428252,0.0069798664792,0.00348385050077
556,1.00673300124,0.0067104358194,0.00334959545603
557,1.00938402087,0.00934026447642,0.00465924412688
558,1.00807616314,0.00804372546077,0.00401378587211
559,1.0057841342,0.00576747031974,0.00287958118958
560,1.00751520493,0.00748710646903,0.00373655487474
561,1.00838591924,0.00835095277202,0.00416677120479
562,1.00819052817,0.00815716782957,0.00407027778766
563,1.0096684979,0.00962205707714,0.00479947407781
564,1.00624597079,0.00622654555692,0.00310843157007
565,1.00876018529,0.00872203748886,0.00435152331046
566,1.0041518376,0.00414324250796,0.00206947692767
567,1.00974331337,0.00969615337117,0.00483634373023
568,1.00889788073,0.00885852785889,0.00441946920644
569,1.00916195273,0.0091202366442,0.00454973676891
570,1.01071860243,0.0106615654246,0.00531659930422
571,1.00925594697,0.00921337319984,0.00459609209397
572,1.00938686276,0.00934307993711,0.00466064529728
573,1.00627433893,0.00625473721861,0.00312248348595
574,1.00673211485,0.00670955536007,0.00334915670086
575,1.00477450884,0.0047631470244,0.002378739816
576,1.00931529443,0.00927217465392,0.00462535726235
577,1.00740105174,0.00737379834726,0.00368011090599
578,1.00425256151,0.0042435449211,0.00211952309253
579,1.00741828613,0.00739090597348,0.00368863320367
580,1.003653182,0.00364652534103,0.00182160153685
581,1.0063988281,0.00637844251907,0.00318414109544
582,1.00687172889,0.00684822616972,0.00341825749496
583,1.00795414753,0.00792268005367,0.00395350426955
584,1.00515266379,0.00513943424547,0.00256641822604
585,1.00809634117,0.00806374163625,0.00402375373965
586,1.00870717378,0.00866948495831,0.00432536104324
587,1.00427922542,0.00427009557117,0.00213277019228
588,1.01144708465,0.0113820625111,0.00567486801353
589,1.00462628604,0.00461561766699,0.00230514789007
590,1.00633773591,0.00631773692056,0.00315388448459
591,1.00687667548,0.00685313898936,0.00342070550513
592,1.00812963933,0.00809677182686,0.00404020224645
593,1.00675277383,0.00673007597526,0.00335938259262
594,1.00596232329,0.00594461898062,0.00296789655174
595,1.00989251969,0.00984390904255,0.0049098615516
596,1.00981031569,0.00976250696904,0.00486935952707
597,1.01005888424,0.0100086303863,0.00499181446909
598,1.00580528592,0.00578850017723,0.00289006578461
599,1.00772338861,0.00769371592575,0.0038394682835
600,1.00741357316,0.00738622769074,0.0036863026878
601,1.00712726292,0.0071019840239,0.00354469469593
602,1.00899600654,0.00895578351944,0.00446788095043
603,1.00755826227,0.00752984171971,0.00375784243134
604,1.00921869265,0.00917645985791,0.00457772008202
605,1.00797272711,0.00794111284055,0.00396268418363
606,1.01112529271,0.0110638618441,0.00551665796816
607,1.01246267797,0.0123856580575,0.00617369298551
608,1.00997910175,0.00992963929776,0.00495251530318
609,1.00950270068,0.00945783402793,0.00471775329028
610,1.00936662648,0.00932303165157,0.00465066782348
611,1.00862038244,0.00858343910555,0.00428252328505
612,1.0043026206,0.00429339079623,0.00214439289543
613,1.00458196996,0.00457150468722,0.00228314200097
614,1.00856539252,0.00852891767692,0.0042553789454
615,1.00805892952,0.00802662976997,0.00400527229954
616,1.01007899515,0.0100285408126,0.00500171993834
617,1.007226041,0.0072000582634,0.00359355679602
618,1.01321610376,0.0131295329793,0.00654326548553
619,1.00532913153,0.00531498195765,0.00265396297558
620,1.00611265213,0.00609404565331,0.00304238536395
621,1.00748079568,0.00745295329839,0.00371954195175
622,1.00647662574,0.00645574252138,0.00322266728501
623,1.00430000484,0.00429078623165,0.0021430934049
624,1.00686987863,0.00684638853176,0.00341734181632
625,1.00702541241,0.00700084918096,0.00349430524651
626,1.00854890998,0.00851257498204,0.00424724233689
627,1.00842776969,0.00839245432014,0.00418743530072
628,1.00821468559,0.00818112870378,0.00408220938959
629,1.01000968003,0.00995991499826,0.00496757806899
630,1.00761463616,0.00758579115291,0.00378571163355
631,1.00787017761,0.00783936930031,0.00391201271341
632,1.00635645076,0.00633633373413,0.00316315352218
633,1.00733281179,0.00730605743178,0.00364636452379
634,1.00976632116,0.0097189388999,0.00484768133068
635,1.00558342326,0.00556789372943,0.00278007527824
636,1.00479101811,0.00477957770718,0.00238693558157
637,1.00922098158,0.00917872787818,0.00457884890034
638,1.00595236167,0.00593471635332,0.00296295992086
639,1.00708993125,0.00706491585956,0.00352622614027
640,1.01155569021,0.0114894331658,0.00572824725088
641,1.00850023958,0.00846431597132,0.00422321502551
642,1.00765241288,0.00762328169435,0.00380438576505
643,1.00496188214,0.00494961257207,0.00247174647762
644,1.01317715087,0.0130910874426,0.00652416831333
645,1.00897418405,0.00893415536732,0.00445711513216
646,1.00626295915,0.00624342832589,0.00311684667957
647,1.00558679172,0.00557124348271,0.0027817454972
648,1.00542620342,0.00541153461336,0.00270211001766
649,1.00646236536,0.00644157379974,0.00321560572972
650,1.00909733376,0.00905620229131,0.00451786475197
651,1.00819417042,0.00816078048056,0.00407207675928
652,1.00742550443,0.00739807108828,0.00369220253993
653,1.00920577096,0.0091636561232,0.00457134750023
654,1.00876568151,0.00872748596921,0.00435423569234
655,1.00873643775,0.00869849590075,0.00433980366831
656,1.00585915202,0.00584205394149,0.00291676492233
657,1.00677681281,0.00675395343192,0.00337128114317
658,1.00686732019,0.00684384755029,0.00341607566648
659,1.00696661659,0.0069424618321,0.00346521315903
660,1.00763494298,0.00760594430852,0.00379575001376
661,1.00622830682,0.00620899108085,0.00309968157707
662,1.01002703882,0.00997710160117,0.00497612864581
663,1.00684836487,0.00682502133921,0.00340669467267
664,1.00806827214,0.00803589764889,0.00400988766812
665,1.00876649607,0.00872829344943,0.00435463767439
666,1.00777459447,0.00774452804777,0.00386477647726
667,1.00321980779,0.00321463530485,0.00160602660921
668,1.00857166763,0.00853513947853,0.00425847660332
669,1.00689454657,0.00687088786624,0.00342954954749
670,1.0114090551,0.0113444626589,0.00565617459884
671,1.01339801031,0.0133090506728,0.00663243301448
672,1.00660312408,0.0065814189522,0.00328530102585
673,1.00753807006,0.00750980078765,0.00374785957063
674,1.00680943692,0.00678635741634,0.0033874283831
675,1.00802425176,0.0079922286407,0.00398814048051
676,1.00376608953,0.00375901557468,0.00187774261863
677,1.00802055963,0.00798856590319,0.00398631641384
678,1.00964020821,0.00959403789767,0.00478553162908
679,1.00567738462,0.0056613290094,0.00282666195145
680,1.00616095002,0.00614204895673,0.00306631370623
681,1.01048125923,0.0104267116482,0.00519978986959
682,1.00397210937,0.00396424136722,0.00198015757966
683,1.00819147156,0.008158103559,0.00407074374793
684,1.01043924048,0.0103851278767,0.00517910588222
685,1.00981167351,0.00976385159871,0.00487002856794
686,1.00825402747,0.00822014928153,0.00410163984383
687,1.01093506185,0.0108757063692,0.00542309482435
688,1.00827465971,0.00824061240091,0.00411182938521
689,1.00424000704,0.00423104353699,0.00211328562946
690,1.00955819857,0.00951280799276,0.00474511021991
691,1.00648710503,0.00646615431882,0.00322785639335
692,1.00638426773,0.00636397461522,0.00317693015136
693,1.00733005391,0.00730331962554,0.00364500061126
694,1.0074425801,0.00741502075653,0.00370064604747
695,1.00838133454,0.00834640618713,0.00416450738206
696,1.00509113744,0.00507822142209,0.00253588989602
697,1.0040544808,0.00404628353888,0.00202109659759
698,1.00973803161,0.00969092257019,0.00483374097531
699,1.00844494138,0.0084094823585,0.00419591363191
700,1.0065421521,0.00652084509889,0.00325511314371
701,1.00382311184,0.00381582231678,0.00190609225285
702,1.00813153266,0.00809864989072,0.00404113748406
703,1.01147166189,0.011406361309,0.0056869483929
704,1.00574325817,0.00572682853825,0.00285931860861
705,1.00770590344,0.00767636461973,0.0038308259029
706,1.0053691288,0.0053547664131,0.00267380221274
707,1.00812236804,0.00808955914404,0.00403661046891
708,1.00709803249,0.00707296003057,0.00353023403493
709,1.00453376822,0.00452352164938,0.00225920497095
710,1.01022741876,0.0101754725961,0.00507481568924
711,1.0071635689,0.00713803241878,0.00356265484123
712,1.00912072945,0.00907938679461,0.00452940456451
713,1.00944145743,0.00939716543884,0.00468756164753
714,1.00907585795,0.00903491986307,0.00450727155705
715,1.00658447972,0.00656289672323,0.00327607029416
716,1.007502978,0.00747497066704,0.00373050962845
717,1.00457739384,0.00456694942975,0.00228086956979
718,1.00877357815,0.00873531396326,0.00435813263927
719,1.00951879452,0.00947377625295,0.00472568676542
720,1.00900008519,0.00895982579932,0.00446989305812
721,1.00522325233,0.00520965846116,0.00260143960669
722,1.00895605307,0.00891618548756,0.00444817019901
723,1.00495473462,0.00494250031863,0.00246819913444
724,1.00518321685,0.00516983021917,0.00258157709331
725,1.00896082442,0.00892091446898,0.00445052416928
726,1.01098897069,0.0109290306691,0.00544961202943
727,1.00335133806,0.00334573483955,0.001671468957
728,1.00726348304,0.00723723099459,0.00361207619835
729,1.01008491449,0.0100344010736,0.00500463540888
730,1.00680107096,0.00677804800627,0.00338328774323
731,1.00874335427,0.00870535249322,0.00434321708056
732,1.01289699497,0.0128145369458,0.0063867856978
733,1.00741770723,0.00739033133131,0.00368834694236
734,1.00872764494,0.00868977920601,0.00433546422585
735,1.00672656056,0.00670403819856,0.00334640735523
736,1.00866447805,0.0086271568822,0.0043042883243
737,1.01012215053,0.010071264664,0.00502297479068
738,1.00845219142,0.00841667165243,0.00419949318961
739,1.00495445499,0.00494222206905,0.00246806035303
740,1.00973279497,0.00968573641307,0.00483116042767
741,1.00928151363,0.00923870506417,0.0046086997325
742,1.00877674469,0.00873845295721,0.00435969529495
743,1.00623131605,0.00621198167453,0.00310117223786
744,1.00918842885,0.00914647204946,0.0045627947038
745,1.00633799096,0.00631799036125,0.00315401080527
746,1.01091864834,0.0108594702754,0.00541502076962
747,1.00744330603,0.00741574132065,0.0037010049962
748,1.00870308534,0.00866543179997,0.00432334322771
749,1.01206560993,0.0119934007132,0.00597875603584
750,1.00707637519,0.00705145514369,0.00351951949253
751,1.00827956401,0.00824547644537,0.00411425140444
752,1.00792075584,0.00788955132538,0.00393700525604
753,1.00823763124,0.00820388714089,0.00409354209131
754,1.00804198296,0.00800981854035,0.00399690031632
755,1.0048785197,0.00486665828372,0.00243037099637
756,1.01023383936,0.01018182817,0.00507797734445
757,1.00527199113,0.00525814283439,0.00262561843565
758,1.00399059051,0.00398264922634,0.00198934324172
759,1.01017269096,0.0101212973867,0.00504786518413
760,1.00346048983,0.00345451611277,0.00172576720468
761,1.00836625381,0.00833145068956,0.00415706074658
762,1.00871020226,0.00867248728895,0.00432685571436
763,1.00441874444,0.00440901045127,0.0022020770886
764,1.00717965853,0.0071540074867,0.00357061388658
765,1.00674013586,0.00671752269741,0.0033531270197
766,1.01009046995,0.0100399010478,0.00500737162953
767,1.00632181103,0.00630191220673,0.00314599705114
768,1.00592816408,0.00591066165013,0.00295096813371
769,1.0127616527,0.0126809090333,0.00632039625012
770,1.00624264463,0.00622324004137,0.00310678394842
771,1.00715231382,0.00712685733409,0.00355708718981
772,1.01068635846,0.0106296628855,0.00530073271462
773,1.00550371623,0.00548862613014,0.00274055088029
774,1.00987371561,0.0098252889906,0.00490059719344
775,1.00625720861,0.00623771356093,0.00311399819904
776,1.00573112255,0.00571476214885,0.00285330264659
777,1.00928925929,0.00924637946377,0.00461251924047
778,1.00873590933,0.00869797205702,0.0043395428831
779,1.00440454192,0.00439487031288,0.0021950225633
780,1.00713337204,0.00710804988848,0.00354771687281
781,1.00587546342,0.00585827020129,0.00292484936994
782,1.01080130954,0.0107433920823,0.00535729428082
783,1.00816083702,0.00812771745211,0.00405561242656
784,1.00501130794,0.00499879312854,0.00249627567333
785,1.00723791429,0.00721184629702,0.00359942961504
786,1.0100486356,0.00999848374853,0.00498676646246
787,1.00896029942,0.00892039413171,0.0044502651585
788,1.00754739802,0.00751905891167,0.00375247127289
789,1.00877457305,0.00873630021055,0.0043586236137
790,1.00634946888,0.00632939592666,0.00315969558513
791,1.00631761297,0.00629774050514,0.00314391776025
792,1.00992218959,0.00987328787859,0.00492447873926
793,1.0117063871,0.0116383974488,0.00580229998242
794,1.00884954318,0.00881061546498,0.00439561859748
795,1.00499222654,0.00497980669188,0.00248680610775
796,1.00692487041,0.00690100361059,0.00344455566496
797,1.00932221623,0.00927903253861,0.00462877033876
798,1.01101482773,0.010954606327,0.00546233008837
799,1.00469200925,0.00468103608148,0.00233778116404
800,1.00855683348,0.00852043129249,0.00425115380061
801,1.01152690472,0.0114609761058,0.0057141001248
802,1.00885102234,0.00881208164934,0.004396348467
803,1.0076310576,0.00760208836638,0.00379382935893
804,1.00576174844,0.00574521305593,0.00286848454173
805,1.00769181698,0.00766238578087,0.00382386323439
806,1.0062651796,0.00624563495009,0.00311794655221
807,1.01106313312,0.0110023842976,0.00548608830037
808,1.0111148263,0.0110535105415,0.00551151085584
809,1.01095617679,0.0108965927004,0.00543348130145
810,1.00700805006,0.00698360780739,0.003485714646
811,1.00679699511,0.00677399967571,0.00338127042424
812,1.00817239784,0.00813918463139,0.00406132274662
813,1.00917068667,0.0091288912595,0.00455404437913
814,1.0094338836,0.00938966242347,0.00468382771827
815,1.00816547017,0.00813231309603,0.00405790092682
816,1.00566346471,0.00564748759027,0.00281976078051
817,1.01017240745,0.0101210167289,0.00504772556357
818,1.00866810946,0.00863075708919,0.00430608067802
819,1.00877711388,0.00873881893016,0.00435987748364
820,1.00718429294,0.0071586088478,0.00357290634965
821,1.00635340128,0.00633330350896,0.00316164320099
822,1.00479278548,0.00478133665172,0.00238781295421
823,1.00915552388,0.00911386613947,0.00454656600355
824,1.00463973255,0.00462900216522,0.00231182469021
825,1.00828189747,0.00824779073924,0.00411540378992
826,1.00613459843,0.00611585838039,0.00305325848684
827,1.00821375005,0.00818020078879,0.00408174732595
828,1.00928936808,0.00924648725004,0.00461257288502
829,1.00888919311,0.00884991682162,0.00441518270669
830,1.00812646144,0.0080936195587,0.00403863247903
831,1.00845435974,0.00841882180072,0.00420056374842
832,1.0082925516,0.00825835730283,0.00412066531498
833,1.00574371778,0.00572728552921,0.00285954645072
834,1.00649027939,0.00646930821382,0.00322942824944
835,1.00728770837,0.0072612813447,0.00362405786552
836,1.00615597138,0.00613710079687,0.00306384720955
837,1.00821362363,0.0081800754031,0.004081684889
838,1.00748986302,0.00746195327087,0.00372402519002
839,1.00425735516,0.00424831826795,0.0021219047045
840,1.00520055962,0.00518708341412,0.00259018138344
841,1.01036934367,0.0103159508103,0.00514469589163
842,1.01056562272,0.0105101965974,0.00524131442542
843,1.00686216658,0.00683872907778,0.00341352516951
844,1.00619609052,0.00617697367429,0.00308372236793
845,1.00878792328,0.00874953422688,0.00436521175902
846,1.0061606397,0.00614174053785,0.00306615996963
847,1.00671493366,0.00669248891855,0.00334065202291
848,1.00535042514,0.00533616246782,0.00266452506859
849,1.00665038744,0.00662837117194,0.00330869973497
850,1.00392477173,0.00391708990889,0.0019566282568
851,1.00939037413,0.00934655864477,0.00466237654309
852,1.00971648038,0.00966957895566,0.00482312069612
853,1.01034728078,0.0102941141124,0.00513383365494
854,1.00848516695,0.00844937027312,0.00421577370805
855,1.01002222493,0.00997233548949,0.00497375744553
856,1.0106221267,0.0105661082508,0.00526912333812
857,1.01192330743,0.011852784818,0.00590886598543
858,1.00712984682,0.00710454963593,0.00354597295397
859,1.0091054635,0.0090642587081,0.00452187475338
860,1.01045066999,0.0103964392459,0.00518473225954
861,1.01003714226,0.00998710469649,0.00498110529268
862,1.00518341409,0.00517002644192,0.0025816749514
863,1.01032618934,0.0102732384516,0.00512344935647
864,1.00880001069,0.00876151626214,0.00437117660672
865,1.00880792386,0.00876936037543,0.00437508151171
866,1.00982575251,0.00977779370275,0.00487696564656
867,1.00859606822,0.00855933239338,0.00427052147542
868,1.00998282777,0.00993332849591,0.00495435076516
869,1.00671268451,0.00669025476073,0.00333953867515
870,1.00652882264,0.00650760218605,0.00324851321903
871,1.00796232727,0.00793079520576,0.00395754579575
872,1.01117389303,0.0111119262657,0.0055405573143
873,1.00728279016,0.00725639869781,0.0036216253866
874,1.0095326614,0.00948751228765,0.0047325223032
875,1.00669823185,0.00667589837199,0.00333238442696
876,1.00762833206,0.00759938346327,0.00379248203744
877,1.00995633237,0.00990709463648,0.00494129873571
878,1.00846748698,0.00843183890532,0.00420704494004
879,1.0079262497,0.00789500199418,0.00393971985708
880,1.0085212131,0.00848511250358,0.00423356932369
881,1.00803977727,0.0080076304452,0.00399581064095
882,1.00892115204,0.00888159365684,0.00443095106991
883,1.00622665821,0.00620735266743,0.00309886490931
884,1.00785507698,0.00782438647228,0.00390455057795
885,1.00937294369,0.00932929021557,0.00465378254735
886,1.00910561324,0.00906440708869,0.0045219486082
887,1.0071487246,0.00712329359558,0.00355531165724
888,1.00470872485,0.00469767348705,0.002346080385
889,1.01057087488,0.0105153938242,0.0052438994153
890,1.0111567052,0.0110949282283,0.00553210534898
891,1.0071824585,0.00715678749434,0.00357199892627
892,1.00907448163,0.00903355592333,0.00450659266077
893,1.00573455493,0.00571817496259,0.00285500418311
894,1.00880162901,0.00876312046892,0.00437197520365
895,1.01299852962,0.012914773756,0.00643658275951
896,1.00747922471,0.00745139399264,0.00371876519853
897,1.00524272166,0.00522902643934,0.0026110983567
898,1.00794896164,0.00791753507085,0.0039509419452
899,1.01033851855,0.0102854415771,0.00512951963964
900,1.00610995619,0.00609136608998,0.00304104965752
901,1.01108420644,0.0110232268153,0.00549645233326
902,1.00839159764,0.00835658393313,0.00416957504952
903,1.00876200649,0.00872384287227,0.00435242207367
904,1.00359635503,0.00358990360734,0.00179334184109
905,1.00878987391,0.00875146785984,0.00436617435468
906,1.0094581862,0.00941373760666,0.00469580885574
907,1.00819077913,0.00815741675088,0.00407040174172
908,1.00581464709,0.00579780727353,0.0028947058729
909,1.00948338033,0.00943869536403,0.0047082290585
910,1.00662180863,0.00659998076201,0.00329455139726
911,1.00812600484,0.00809316664262,0.00403840693555
912,1.00520064028,0.00518716365176,0.00259022139834
913,1.00810510046,0.0080724305454,0.00402808070381
914,1.00706551143,0.00704066766013,0.00351414471963
915,1.01125279089,0.01118994923,0.00557935189433
916,1.00796164978,0.00793012307215,0.00395721105888
917,1.00796065067,0.00792913185555,0.00395671741169
918,1.0064327033,0.0064121017632,0.00320091698845
919,1.00627133773,0.00625175472024,0.00312099689206
920,1.0110848079,0.0110238216848,0.00549674813315
921,1.00805186168,0.00801961840208,0.0040017806507
922,1.00656184939,0.00654041417597,0.00326486578476
923,1.00608674689,0.00606829747619,0.00302955036071
924,1.00782114575,0.00779071912914,0.00388778249317
925,1.01237852078,0.0123025333281,0.00613238635572
926,1.01097301194,0.0109132452599,0.00544176230604
927,1.00953248288,0.00948733544556,0.00473243430061
928,1.00987010679,0.0098217154414,0.00489881917352
929,1.00561164497,0.00559595834699,0.00279406847797
930,1.00735638055,0.00732945435328,0.00365802025951
931,1.00884912596,0.00881020190871,0.00439541272824
932,1.00899029195,0.00895011986941,0.00446506177368
933,1.0086724932,0.00863510314821,0.00430824434793
934,1.00972800556,0.00968099316098,0.00482880025653
935,1.0063232473,0.00630333944799,0.00314670842646
936,1.01206923642,0.0119969839637,0.00598053694778
937,1.00635573945,0.00633562691164,0.00316280122877
938,1.00582668192,0.00580977245707,0.00290067112898
939,1.01003267212,0.00998267896577,0.0049789034474
940,1.00693970946,0.00691574050374,0.00345189870346
941,1.00853463917,0.00849842503817,0.00424019738916
942,1.0054801748,0.00546521327834,0.00272887646812
943,1.00623632218,0.00621695679386,0.00310365208009
944,1.01198974131,0.0119184337674,0.00594149596918
945,1.0083867134,0.00835174032583,0.00416716334084
946,1.00860462701,0.00856781820857,0.00427474625462
947,1.0069237133,0.00689985446343,0.00344398307037
948,1.00209698347,0.00209478786703,0.00104684560795
949,1.00573091898,0.00571455974027,0.00285320173106
950,1.00830414641,0.00826985668218,0.00412639129564
951,1.00648543474,0.00646449479402,0.00322702930896
952,1.00854061913,0.00850435437882,0.00424314948432
953,1.0057533747,0.00573688725171,0.0028643335722
954,1.0126675877,0.0125880250213,0.00627424670438
955,1.00478160572,0.00477021015647,0.00238226297514
956,1.00698090115,0.00695664746535,0.00347228137247
957,1.00582375699,0.00580686446648,0.0028992213502
958,1.00980993052,0.00976212553785,0.00486916974012
959,1.0096988421,0.0096521102469,0.00481442843063
960,1.00546441463,0.00544953888432,0.00272106062722
961,1.0110435084,0.010982974132,0.00547643641365
962,1.00850288227,0.00846693638149,0.00422451969646
963,1.00849986634,0.00846394588147,0.00422303076205
964,1.01027560243,0.0102231673266,0.00509854175062
965,1.00833506474,0.00830051990655,0.00414165952655
966,1.00436799506,0.0043584830543,0.0021768687043
967,1.00785989056,0.00782916252336,0.00390692927648
968,1.00714071746,0.00711534326231,0.00355135061569
969,1.00623185883,0.00621252109586,0.00310144111207
970,1.00960433621,0.00955850777209,0.00476785142451
971,1.00831719489,0.00828279761524,0.00413283504165
972,1.00793614624,0.00790482065463,0.00394460983392
973,1.00568579423,0.00566969111139,0.00283083117531
974,1.00874114933,0.00870316666033,0.00434212891029
975,1.00703806049,0.00701340894142,0.00350056316327
976,1.00612910353,0.00611039696756,0.00305053611426
977,1.00648439779,0.00646346452417,0.00322651583626
978,1.00599624574,0.00597833980264,0.00298470678108
979,1.00811254647,0.00807981665686,0.00403175887682
980,1.00735986781,0.00733291613927,0.00365974481937
981,1.00784257923,0.0078119860512,0.0038983745573
982,1.01141835002,0.0113536526887,0.00566074361302
983,1.00841450546,0.00837930085632,0.00418088608692
984,1.00735623809,0.00732931293953,0.00365794981128
985,1.01016796544,0.010116619442,0.00504553801587
986,1.01056725182,0.0105118086617,0.00524211623256
987,1.00681282945,0.00678972700063,0.00338910746671
988,1.00542196074,0.00540731482635,0.00270000582309
989,1.00814604299,0.00811304307675,0.00404830496887
990,1.00649971862,0.00647868653449,0.00323410225552
991,1.00635142487,0.00633133956948,0.00316066433541
992,1.00944897553,0.00940461319378,0.00469126806219
993,1.00873237994,0.00869447322736,0.00433780105841
994,1.00851882143,0.00848274102975,0.00423238860598
995,1.0087854039,0.00874703678449,0.00436396848798
996,1.00622167119,0.00620239649754,0.00309639450056
997,1.00833724802,0.00830268514016,0.00414273765894
998,1.00996132101,0.00991203409441,0.00494375625798
999,1.00578495455,0.00576828595403,0.0028799878323
1000,1.00986176907,0.00981345918322,0.0048947112589
1001,1.00697927041,0.00695502803334,0.0034714744677
1002,1.00954655269,0.00950127230916,0.0047393697306
1003,1.00763730504,0.0076082884751,0.00379691764743
1004,1.00563608722,0.00562026390885,0.00280618722956
1005,1.00923395556,0.00919158323091,0.00458524712478
1006,1.00807518906,0.00804275919022,0.00401330467592
1007,1.01198885628,0.0119175592197,0.00594106129326
1008,1.00817118595,0.0081379825645,0.00406072415398
1009,1.00805987313,0.00802756583182,0.00400573845577
1010,1.00940958423,0.00936558985856,0.00467184773959
1011,1.00566128997,0.00564532509701,0.00281868258215
1012,1.00854593263,0.00850962286422,0.00424577254608
1013,1.00865786099,0.00862059664552,0.00430102231918
1014,1.00885988546,0.00882086696768,0.0044007218049
1015,1.01008558223,0.0100350621458,0.0050049642907
1016,1.00792388519,0.0078926560721,0.00393855151649
1017,1.00582982516,0.00581289748938,0.00290222911158
1018,1.00414116015,0.00413260914634,0.0020641712355
1019,1.00973491296,0.00968783398387,0.00483220414567
1020,1.00697909353,0.00695485238021,0.00347138694602
1021,1.00672017146,0.00669769176619,0.00334324475291
1022,1.0058846596,0.00586741262408,0.00292940720082
1023,1.00795232731,0.00792087419785,0.00395260491096
1024,1.00813575198,0.00810283516086,0.00404322166032
1025,1.00727114366,0.00724483634412,0.00361586513036
1026,1.01035693933,0.0103036736976,0.00513858889751
1027,1.00762202999,0.00759312908205,0.00378936670177
1028,1.00929670238,0.00925375402415,0.00461618950624
1029,1.00719325872,0.00716751063758,0.00357734133204
1030,1.0068406085,0.00681731769621,0.00340285596576
1031,1.01085186468,0.0107934057407,0.00538216683005
1032,1.00707282771,0.00704793258397,0.00351776440998
1033,1.00604244564,0.00602426327141,0.00300759971859
1034,1.00654072684,0.00651942910376,0.00325440745051
1035,1.00978248325,0.00973494454516,0.00485564532631
1036,1.00721542279,0.00718951617405,0.0035883046793
1037,1.00741362441,0.00738627856343,0.00368632803039
1038,1.00863712665,0.00860004006169,0.00429078818183
1039,1.01099622599,0.0109362070789,0.00545318067363
1040,1.00863138392,0.00859434649474,0.00428795360927
1041,1.00677626018,0.00675340451992,0.00337100761239
1042,1.00538451339,0.00537006872342,0.00268143288104
1043,1.011363628,0.0112995469869,0.00563384353753
1044,1.00400879428,0.00400078047826,0.00199839079202
1045,1.01003652149,0.00998649009193,0.00498079952106
1046,1.0076362563,0.00760724767759,0.00379639922445
1047,1.00965097978,0.00960470655276,0.00479084041487
1048,1.00697223049,0.00694803688395,0.00346799102172
1049,1.00975231424,0.00970506735266,0.00484077915554
1050,1.00735121256,0.00732432409146,0.00365546450862
1051,1.00966630013,0.00961988034925,0.00479839093685
1052,1.00661012949,0.00658837838383,0.00328876930371
1053,1.00609871818,0.00608019626528,0.00303548171362
1054,1.00692753113,0.00690364603731,0.00344587232646
1055,1.0052878995,0.00527396764648,0.00263351003551
1056,1.01264346948,0.0125642082139,0.00626241294647
1057,1.00494487345,0.00493268771962,0.00246330493265
1058,1.01120520245,0.0111428892279,0.00555595290018
1059,1.00729628219,0.00726979309332,0.00362829830727
1060,1.00616429514,0.0061453735921,0.00306797092534
1061,1.0062484353,0.00622899477109,0.0031096523698
1062,1.00648621258,0.00646526761987,0.00322741447484
1063,1.00656444379,0.00654299166129,0.00326615031902
1064,1.00987316536,0.00982474411336,0.0049003260899
1065,1.00574567223,0.00572922881435,0.00286051531437
1066,1.00620939567,0.00619019680718,0.00309031352436
1067,1.00860046915,0.00856369580883,0.00427269386374
1068,1.01248413085,0.0124068466391,0.00618422181465
1069,1.00800170887,0.00796986495429,0.0039770031698
1070,1.00912918312,0.00908776402077,0.00453357419693
1071,1.00631608799,0.00629622510076,0.00314316243993
1072,1.01081952975,0.0107614174239,0.00536625862767
1073,1.01104412054,0.0109835795782,0.00547673747888
1074,1.00606419559,0.00604588235227,0.00301837669001
1075,1.00806585958,0.00803350440272,0.00400869584265
1076,1.00866302033,0.00862571168788,0.00430356883715
1077,1.0048492142,0.00483749463211,0.00241582450375
1078,1.00671947848,0.00669700340438,0.00334290172262
1079,1.00669742612,0.00667509800328,0.00333198557609
1080,1.00988986636,0.0098412817008,0.00490855432981
1081,1.01000846449,0.00995871149931,0.00496697930857
1082,1.00953746261,0.00949226815053,0.00473488897821
1083,1.00893012916,0.00889049136482,0.0044353802014
1084,1.00807039357,0.00803800210263,0.00401093567512
1085,1.00689084874,0.00686721534475,0.00342771958261
1086,1.00692267161,0.00689881992953,0.00344346758474
1087,1.0088444297,0.00880554683268,0.00439309541802
1088,1.00854413506,0.00850784052445,0.0042448851595
1089,1.00699443909,0.00697009146264,0.00347898000793
1090,1.01081698189,0.0107588968349,0.00536500509548
1091,1.00743102025,0.00740354624126,0.003694930005
1092,1.00931968704,0.00927652670962,0.00462752322294
1093,1.01087984975,0.0108210899946,0.00539593436107
1094,1.00606930048,0.00605095645789,0.00302090608183
1095,1.00917591028,0.00913406738395,0.00455662065187
1096,1.00878545384,0.0087470862897,0.00436399313257
1097,1.00675115785,0.00672847083461,0.00335858271811
1098,1.00964033617,0.0095941646344,0.00478559469418
1099,1.00949472846,0.00944993682215,0.00471382330816
1100,1.00568388506,0.00566779273236,0.00282988467234
1101,1.00707253684,0.00704764375368,0.00351762050285
1102,1.00648775562,0.00646680071565,0.00322817854847
1103,1.00422411609,0.00421521955716,0.00210539032861
1104,1.00758776006,0.00755911780248,0.00377242535854
1105,1.00823419322,0.00820047720891,0.00409184410322
1106,1.00748075033,0.00745290828735,0.00371951952995
1107,1.00972858434,0.00968156635956,0.00482908547185
1108,1.00703565357,0.00701101884178,0.00349937229608
1109,1.00449151568,0.00448145892279,0.00223822090115
1110,1.00819031649,0.00815695786543,0.00407017323289
1111,1.00832462207,0.00829016350431,0.00413650275843
1112,1.00925041462,0.00920789156698,0.00459336387085
1113,1.00968025555,0.00963370206689,0.0048052686109
1114,1.00705116607,0.00702642284749,0.00350704731721
1115,1.0082360672,0.00820233587753,0.00409276963441
1116,1.00602230957,0.00600424794024,0.00299762210214
1117,1.00817946143,0.00814619093402,0.00406481166439
1118,1.00797544514,0.00794380937233,0.00396402710586
1119,1.00677690642,0.00675404641633,0.00337132747863
1120,1.00837458503,0.00833971275136,0.00416117459603
1121,1.00909994672,0.00905879168435,0.00451915359839
1122,1.00783989047,0.00780931821326,0.00389704583756
1123,1.00928050131,0.00923770205557,0.00460820053936
1124,1.01109041384,0.0110293661511,0.0054995051242
1125,1.00855156675,0.00851520923318,0.00424855386745
1126,1.00999831444,0.00994866198445,0.00496197949645
1127,1.00717004636,0.0071444637864,0.00356585906352
1128,1.00932388806,0.00928068893279,0.00462959470198
1129,1.00914421624,0.00910266102455,0.00454098890287
1130,1.00616231365,0.00614340424039,0.00306698926996
1131,1.00923975383,0.00919732843944,0.00458810655334
1132,1.0072266613,0.0072006741057,0.00359386361059
1133,1.0130365569,0.0129523123738,0.00645523108318
1134,1.00743637481,0.00740886129425,0.0036975777086
1135,1.00730362603,0.00727708371562,0.00363193038552
1136,1.00420411234,0.00419529974698,0.00209545134351
1137,1.01340330455,0.0133142749118,0.00663502780588
1138,1.01006863288,0.0100182818921,0.00499661612114
1139,1.00620787077,0.00618868131543,0.00308955811987
1140,1.00806512246,0.00803277317508,0.00400833169439
1141,1.00635828935,0.00633816070966,0.00316406412003
1142,1.00868397458,0.00864648574995,0.00431391111317
1143,1.00883918713,0.00880035020947,0.00439050851768
1144,1.0099311747,0.00988218467228,0.00492890522022
1145,1.00663028651,0.00660840283764,0.00329874855275
1146,1.0058529083,0.00583584657059,0.00291367028479
1147,1.00672009727,0.00669761806812,0.00334320802706
1148,1.00791389187,0.00788274126539,0.00393361362589
1149,1.00823829995,0.00820455038917,0.00409387235787
1150,1.01015704254,0.0101058064276,0.00504015877286
1151,1.01251973353,0.0124420097188,0.00620169447275
1152,1.00890618926,0.00886676307277,0.0044235686073
1153,1.00355786653,0.00355155229699,0.0017742003909
1154,1.00595742306,0.00593974778184,0.00296546817801
1155,1.00852381956,0.0084876969374,0.00423485606908
1156,1.00604459578,0.00602640049491,0.00300866511582
1157,1.00742738561,0.00739993840845,0.00369313275232
1158,1.00655021173,0.00652885231153,0.00325910370985
1159,1.00748988276,0.00746197286705,0.00372403495162
1160,1.0074787601,0.00745093283441,0.00371853547686
1161,1.00527009405,0.00525625570331,0.0026246773471
1162,1.00620375986,0.00618459575749,0.0030875216501
1163,1.01247275709,0.0123956130601,0.00617863974493
1164,1.00620011705,0.00618097539944,0.00308571705841
1165,1.01226214683,0.0121875756929,0.00607525837862
1166,1.00599409411,0.00597620099272,0.00298364056742
1167,1.00511500521,0.00510196800981,0.00254773301021
1168,1.00523670257,0.00522303872358,0.00260811231161
1169,1.00836213757,0.00832736859216,0.00415502818057
1170,1.00717274946,0.00714714764167,0.00356719620513
1171,1.00807134369,0.00803894461938,0.0040114050432
1172,1.00941430763,0.00937026921144,0.00467417648269
1173,1.00315764264,0.00315266775959,0.00157509211811
1174,1.01018849737,0.0101369444952,0.00505564921568
1175,1.01043143962,0.0103774075856,0.00517526572138
1176,1.00528336668,0.00526945866513,0.00263126147953
1177,1.00987162318,0.00982321701555,0.00489956628234
1178,1.00715907022,0.00713356573223,0.0035604294521
1179,1.00898193137,0.00894183374695,0.00446093720293
1180,1.00599396893,0.00597607655856,0.00298357853597
1181,1.00784924356,0.00781859850501,0.00390166788985
1182,1.00693280313,0.0069088817498,0.00344848115849
1183,1.0092740425,0.0092313026077,0.0046050155553
1184,1.00843338638,0.00839802405591,0.0041902085033
1185,1.00869669404,0.00865909562517,0.00432018883204
1186,1.01146002031,0.0113948516956,0.00568122629702
1187,1.00811096123,0.00807824417231,0.00403097580417
1188,1.00922161974,0.00917936020768,0.00457916361737
1189,1.00550836684,0.00549325127134,0.00274285711051
1190,1.00809030762,0.00805775652479,0.00402077322076
1191,1.00951515055,0.00947016663698,0.00472389048478
1192,1.00959765327,0.00955188838369,0.00476455750499
1193,1.01325915325,0.01317202004,0.00656436978967
1194,1.00798939013,0.00795764393304,0.0039709169421
1195,1.00806265811,0.00803032854103,0.00400711427607
1196,1.0093767937,0.00933310447142,0.00465568079811
1197,1.00660880275,0.00658706035073,0.0032881124543
1198,1.01128479375,0.0112215954715,0.00559508660786
1199,1.00830216915,0.00826789570622,0.00412541485306
1200,1.00865053461,0.00861333312166,0.00429740617097
1201,1.00973859754,0.00969148304039,0.00483401985578
1202,1.00845319552,0.00841766733833,0.00419998894175
1203,1.00627045732,0.00625087980228,0.00312056079829
1204,1.00693425266,0.0069103212976,0.00344919845
1205,1.00676767509,0.00674487718018,0.00336675830633
1206,1.00822142337,0.00818781156744,0.00408553717543
1207,1.00836995993,0.00833512605446,0.00415889078799
1208,1.01046193444,0.0104075871286,0.00519027728603
1209,1.00770374575,0.00767422342197,0.00382975940472
1210,1.00913997359,0.00909845681661,0.00453889634233
1211,1.00689022478,0.00686659566291,0.00342741080369
1212,1.00675155602,0.00672886633267,0.00335877980297
1213,1.00970691496,0.00966010553273,0.00481840681922
1214,1.0119463893,0.0118755944602,0.00592020335233
1215,1.01243472635,0.0123580501149,0.00615997414103
1216,1.00724308545,0.00721698028455,0.00360198736581
1217,1.0102626866,0.0102103827839,0.00509218205021
1218,1.00715778479,0.00713228943203,0.00355979357389
1219,1.00968497444,0.00963837570476,0.00480759419808
1220,1.00648905481,0.00646809152898,0.00322882187144
1221,1.0097973202,0.00974963764433,0.0048629561768
1222,1.00919280035,0.00915080373854,0.0045649506637
1223,1.0069850493,0.00696076685179,0.00347433391175
1224,1.00546716485,0.00545227414874,0.00272242453709
1225,1.00608178698,0.00606336755661,0.00302709286561
1226,1.00596091544,0.00594321947229,0.00296719887414
1227,1.00635667656,0.00633655810564,0.00316326535307
1228,1.00931789011,0.00927474636869,0.00462663717136
1229,1.0108658585,0.010807249241,0.0053890513024
1230,1.00607047622,0.00605212511126,0.00302148864315
1231,1.01073441307,0.0106772082697,0.00532437911297
1232,1.00845088591,0.00841537709225,0.00419884862756
1233,1.00548106107,0.00546609472117,0.00272931598676
1234,1.00988426784,0.00983573798723,0.00490579607501
1235,1.00675961113,0.0067368673943,0.00336276688891
1236,1.01134510996,0.0112812368428,0.00562474000202
1237,1.00798274922,0.00795105562941,0.00396763586569
1238,1.00626582269,0.00624627404413,0.00311826510285
1239,1.00674587885,0.00672322722463,0.00335596971524
1240,1.0072936207,0.0072671508771,0.00362698199166
1241,1.00624609376,0.00622666776592,0.00310849248462
1242,1.00408645764,0.00407813075391,0.00203698789543
1243,1.00707664795,0.00705172598444,0.00351965443628
1244,1.00768734162,0.00765794457031,0.00382165111794
1245,1.00698742549,0.00696312655906,0.00347550966548
1246,1.00800131772,0.00796947690668,0.00397680991761
1247,1.00432437697,0.00431505371641,0.00215520107008
1248,1.00446206626,0.00445214075279,0.00222359451922
1249,1.00573795626,0.00572155689609,0.00285669032072
1250,1.01144915112,0.0113841055957,0.00567588375823
1251,1.00795981406,0.00792830184667,0.00395630404922
1252,1.00675129498,0.00672860704477,0.00335865059445
1253,1.01002797179,0.00997802531036,0.00497658820205
1254,1.00643924628,0.00641860290418,0.00320415714886
1255,1.00537703429,0.00536262965621,0.00267772331421
1256,1.00764851172,0.00761941014808,0.00380245735448
1257,1.01207682641,0.0120044834042,0.0059842642357
1258,1.01245595233,0.012379015181,0.00617039204732
1259,1.00873324909,0.00869533485711,0.0043382300044
1260,1.0095920966,0.00954638452837,0.00476181868528
1261,1.00448051905,0.00447051140611,0.00223275937935
1262,1.00765911229,0.00762993019978,0.00380769736552
1263,1.00342588962,0.00342003462619,0.00170855606653
1264,1.00420231805,0.0041935129664,0.00209455982488
1265,1.00659559487,0.00657393910344,0.00328157338127
1266,1.00637189314,0.00635167845626,0.00317080158505
1267,1.00776108729,0.00773112497569,0.00385810081879
1268,1.00891457457,0.00887507432971,0.00442770584447
1269,1.0050018598,0.00498939205831,0.00249158686103
1270,1.00606422644,0.00604591302271,0.00301839197894
1271,1.00897874119,0.00893867196029,0.00445936336062
1272,1.00511493999,0.00510190312011,0.00254770064802
1273,1.00804725047,0.0080150440175,0.00399950260864
1274,1.01067988255,0.0106232554308,0.00529754596427
1275,1.00694974332,0.00692570516238,0.00345686382191
1276,1.01153762948,0.0114715785954,0.00571937106378
1277,1.0074506228,0.00742300400505,0.00370462289221
1278,1.01105449084,0.0109938365514,0.00548183786502
1279,1.00326200216,0.00325669337412,0.0016270216499
1280,1.00346534613,0.00345935565418,0.0017281827965
1281,1.00947055126,0.00942598673193,0.00470190463994
1282,1.00812410321,0.00809128033548,0.00403746759038
1283,1.00708911279,0.00706410316116,0.00352582122387
1284,1.00723110108,0.00720508202887,0.00359605964902
1285,1.00891470516,0.00887520376143,0.00442777027378
1286,1.00566306781,0.00564709292004,0.00281956400182
1287,1.00876384223,0.00872566267361,0.00435332801366
1288,1.00839324885,0.00835822139949,0.0041703903686
1289,1.00634309579,0.00632306303034,0.00315653913698
1290,1.01021222937,0.0101604368731,0.00506733595138
1291,1.0077765818,0.00774650004277,0.00386575866361
1292,1.00889418623,0.00885486592917,0.0044176463318
1293,1.00907950433,0.00903853343937,0.00450907019989
1294,1.00794019299,0.00790883553455,0.0039466093533
1295,1.00363212382,0.00362554359121,0.0018111297172
1296,1.00572658549,0.00571025093179,0.00285105347145
1297,1.01023551452,0.0101834863625,0.00507880223023
1298,1.00930168917,0.00925869487056,0.00461864852247
1299,1.00871293527,0.00867519670135,0.00432820455802
1300,1.00799886894,0.00796704756994,0.00397560007901
1301,1.00533852374,0.00532432433908,0.00265862175824
1302,1.0063267909,0.00630686077507,0.00314846354816
1303,1.00652889911,0.00650767816706,0.00324855108612
1304,1.00574825266,0.00573179449596,0.00286179448476
1305,1.00794916681,0.00791773862239,0.00395104331885
1306,1.00875870594,0.00872057098419,0.00435079324862
1307,1.00850233686,0.00846639557221,0.00422425043411
1308,1.00611693756,0.00609830503998,0.00304450857568
1309,1.00412677414,0.004118282359,0.0020570226027
1310,1.00738078292,0.0073536782272,0.00367008781768
1311,1.00718428372,0.00715859969396,0.00357290178908
1312,1.0060695675,0.00605122187122,0.00302103838759
1313,1.0055241863,0.00550898394431,0.0027507018399
1314,1.0058557995,0.0058387209442,0.00291510328308
1315,1.00974386657,0.00969670124134,0.00483661634043
1316,1.00772693869,0.00769723879791,0.00384122295506
1317,1.00706379137,0.00703895966439,0.00351329372247
1318,1.00824063137,0.00820686275244,0.00409502380559
1319,1.00993288763,0.00988388075442,0.00492974908102
1320,1.00684157326,0.00681827589784,0.00340333343615
1321,1.01074118471,0.010683907966,0.00532771111966
1322,1.00878982529,0.008751419664,0.00436615036197
1323,1.00751037264,0.0074823102118,0.003734165704
1324,1.00920305777,0.00916096767618,0.00457000942073
1325,1.01218560936,0.0121119625081,0.00603768076071
1326,1.00871094436,0.00867322298151,0.00432722196895
1327,1.00783259292,0.00780207740694,0.00389343953675
1328,1.01030082056,0.0102481286429,0.00511095869811
1329,1.00902726497,0.00898676278295,0.00448330125693
1330,1.00973822619,0.00969111527387,0.0048338368614
1331,1.00876645002,0.00872824780294,0.00435461495053
1332,1.00761113415,0.00758231559978,0.0037839804342
1333,1.00575049653,0.00573402554375,0.00286290681564
1334,1.00750328048,0.00747527089265,0.00373065918125
1335,1.00724562135,0.00721949794896,0.00360324166293
1336,1.00678591803,0.00676299731723,0.00337578783089
1337,1.00894336228,0.00890360726747,0.0044419090443
1338,1.00610410807,0.00608555346653,0.00303815217983
1339,1.00887011407,0.00883100569751,0.00440576884816
1340,1.00857716172,0.00854058685874,0.00426118869096
1341,1.00952113322,0.00947609289603,0.00472683961243
1342,1.00764461398,0.00761554198746,0.00380053062656
1343,1.00823933029,0.00820557231396,0.00409438122833
1344,1.0087638436,0.00872566402525,0.00435332868653
1345,1.00837419125,0.00833932224551,0.00416098015557
1346,1.00768737652,0.00765797920716,0.00382166837018
1347,1.00771060198,0.00768102721566,0.00383314826736
1348,1.0036252478,0.00361869243104,0.00180771033543
1349,1.00875813204,0.00872000206729,0.00435051002775
1350,1.00415186026,0.00414326506861,0.00206948818465
1351,1.00971078451,0.00966393787957,0.00482031375792
1352,1.00376841377,0.00376133108693,0.00187889820012
1353,1.01131218764,0.0112486833101,0.00560855465652
1354,1.0097681649,0.00972076479926,0.00484858985426
1355,1.00943918059,0.00939490989302,0.00468643916049
1356,1.01279878183,0.0127175696301,0.00633861052686
1357,1.00816898235,0.00813579681669,0.00405963571734
1358,1.00686272588,0.00683928456257,0.00341380196378
1359,1.00910994885,0.00906870357244,0.00452408713354
1360,1.00791343629,0.00788228926092,0.00393338851264
1361,1.00825838598,0.00822447209628,0.00410379238356
1362,1.00890349678,0.00886409435942,0.00442224015236
1363,1.00873094562,0.00869305132485,0.00433709319087
1364,1.0068322606,0.00680902647447,0.00339872445324
1365,1.0069621335,0.00693800975212,0.00346299483028
1366,1.00726975994,0.00724346260435,0.00361518074387
1367,1.00840950736,0.00837434445554,0.00417841824454
1368,1.00581619711,0.00579934833313,0.00289547417195
1369,1.00755815836,0.00752973858886,0.00375779105969
1370,1.00496202873,0.00494975844216,0.00247181923239
1371,1.00447268206,0.00446270933844,0.00222886704799
1372,1.00766070932,0.00763151508764,0.00380848679175
1373,1.00769228955,0.0076628547382,0.00382409681641
1374,1.00827803613,0.00824396110734,0.00411349685238
1375,1.0040722421,0.00406397296764,0.00202992339691
1376,1.00737981171,0.00735271412972,0.00366960753798
1377,1.00744626308,0.0074186765236,0.003702467165
1378,1.00779281616,0.00776260900142,0.00387378197395
1379,1.00955910958,0.00951371037656,0.00474555927075
1380,1.01091687821,0.0108577192622,0.00541415000355
1381,1.00812526651,0.00809243425536,0.00403804222069
1382,1.00474995671,0.00473871126311,0.00236655092406
1383,1.01038378138,0.0103302402445,0.00515180382593
1384,1.00911435228,0.00907306724165,0.00452625909496
1385,1.0052494563,0.00523572593939,0.0026144393546
1386,1.00568154889,0.00566546976544,0.00282872647508
1387,1.00471915901,0.00470805868807,0.0023512607898
1388,1.00784409989,0.00781349487647,0.00389912602867
1389,1.01013439905,0.0100833903685,0.00502900717109
1390,1.00645701375,0.00643625653921,0.00321295564504
1391,1.01023333403,0.0101813279616,0.00507772851028
1392,1.01031026821,0.010257479925,0.00511561043127
1393,1.00784953085,0.00781888355547,0.00390180985898
1394,1.0086028478,0.00856605417702,0.00427386800885
1395,1.0111014066,0.0110402382706,0.00550491127361
1396,1.0126880876,0.0126082682796,0.00628430477703
1397,1.00913351377,0.00909205548088,0.00453571019687
1398,1.01074359151,0.0106862891835,0.00532889538453
1399,1.00784056462,0.00780998712137,0.00389737898817
1400,1.00802072142,0.00798872640457,0.00398639634463
1401,1.00449044954,0.00448039754943,0.00223769140213
1402,1.01035725009,0.0103039812759,0.00513874189643
1403,1.00553014474,0.00551490963668,0.00275365653181
1404,1.00946172098,0.00941723925642,0.00469755145756
1405,1.00685925388,0.0068358362255,0.00341208367973
1406,1.00530572789,0.00529170210667,0.00264235387446
1407,1.0077056887,0.00767615152189,0.00383071976214
1408,1.00797409002,0.00794246497188,0.00396335757003
1409,1.0063506287,0.00633054842558,0.00316027001365
1410,1.00574583239,0.00572938805957,0.00286059470921
1411,1.0092145563,0.00917236128496,0.00457568017452
1412,1.01128609289,0.0112228801166,0.00559572533633
1413,1.00867563291,0.00863821585996,0.00430979399744
1414,1.00713889249,0.00711353122641,0.00355044781492
1415,1.01163720102,0.0115700095736,0.00576830386708
1416,1.01012024077,0.010069374036,0.0050220342245
1417,1.00972096131,0.00967401675506,0.00482532889135
1418,1.00792393995,0.00789271040218,0.00393857857454
1419,1.00963386223,0.00958775248248,0.00478240395609
1420,1.01076838224,0.0107108161029,0.00534109341873
1421,1.00825685745,0.0082229560897,0.00410303749067
1422,1.00649516051,0.00647415784925,0.00323184523345
1423,1.0106682385,0.0106117343516,0.0052918159249
1424,1.00617284366,0.00615386970588,0.00307220594033
1425,1.0087012564,0.00866361864033,0.00432244056694
1426,1.00571378057,0.00569751883749,0.00284470555404
1427,1.00913862861,0.00909712401576,0.00453823296641
1428,1.01211245977,0.0120396909459,0.00600176250693
1429,1.00831084899,0.00827650404706,0.00412970125777
1430,1.00839762379,0.00836255991286,0.00417255057629
1431,1.00701565486,0.00699115965573,0.00348947740128
1432,1.00766734569,0.00763810098997,0.00381176719636
1433,1.00962993994,0.00958386761133,0.00478047080815
1434,1.00798272325,0.00795102986982,0.003967623037
1435,1.00989651139,0.00984786163473,0.00491182814241
1436,1.00515892412,0.00514566245768,0.00256952433521
1437,1.00943182966,0.00938762767178,0.00468281510712
1438,1.00349598709,0.00348989033229,0.00174342363445
1439,1.00397456776,0.00396669003154,0.0019813794867
1440,1.00751169333,0.00748362105174,0.00373481867631
1441,1.00989773537,0.00984907361646,0.00491243115657
1442,1.01026843229,0.0102160700879,0.00509501121777
1443,1.00765859025,0.0076294121327,0.00380743931827
1444,1.01020023708,0.0101485657345,0.00506143044206
1445,1.00774064927,0.00771084415185,0.00384799947838
1446,1.00645516866,0.00643442328453,0.00321204196236
1447,1.00839278852,0.00835776489813,0.00417016306979
1448,1.01170685744,0.0116388623435,0.00580253108105
1449,1.00604553439,0.00602733346747,0.00300913019849
1450,1.01009284163,0.0100422490313,0.00500853974199
1451,1.00358009264,0.00357369935953,0.0017852542143
1452,1.01113160146,0.011070101164,0.00551976041317
1453,1.00718940483,0.00716368426084,0.00357543498597
1454,1.00644592125,0.00642523514461,0.00320746263823
1455,1.0041779326,0.00416922926905,0.00208244333447
1456,1.00779095976,0.00776076695104,0.00387286451619
1457,1.00844562783,0.00841016305984,0.00419625255444
1458,1.00781193265,0.00778157749183,0.00388322943445
1459,1.00947340587,0.00942881455888,0.00470331190433
1460,1.00873942874,0.0087014609882,0.00434127977699
1461,1.0108084569,0.0107504630376,0.00536081081163
1462,1.00729419865,0.00726772464134,0.00362726783323
1463,1.00913434413,0.00909287832804,0.00453611975426
1464,1.00926072262,0.00921810504123,0.00459844713789
1465,1.0068386198,0.00681534249986,0.00340187172775
1466,1.0085842756,0.00854764021127,0.0042647003332
1467,1.00854176666,0.00850549219444,0.00424371597801
1468,1.00375442524,0.00374739498086,0.00187194321512
1469,1.00836069895,0.00832594190093,0.00415431779867
1470,1.00755888747,0.00753046223361,0.00375815152235
1471,1.00743903868,0.00741150549205,0.00369889491807
1472,1.00803969966,0.00800755345314,0.00399577229874
1473,1.00759340813,0.0075647233208,0.00377521754059
1474,1.01319905824,0.013112709656,0.00653490882847
1475,1.00615901752,0.00614012829046,0.00306535631731
1476,1.00834723856,0.00831259302658,0.00414767106705
1477,1.00615274764,0.00613389677464,0.00306225010547
1478,1.01388889751,0.0137933306338,0.00687293789869
1479,1.00980672137,0.00975894755816,0.00486758848608
1480,1.00795676386,0.00792527572862,0.00395479697517
1481,1.00942442503,0.00938029220434,0.00467916454202
1482,1.00732463411,0.00729793925166,0.00364232022644
1483,1.00855556205,0.00851917064983,0.00425052615867
1484,1.01164624481,0.011578949293,0.00577274793337
1485,1.00659148591,0.00656985705967,0.00327953905507
1486,1.01096401754,0.0109043484467,0.00543733809678
1487,1.00870610781,0.00866842819413,0.00432483494646
1488,1.00852642991,0.00849028521498,0.00423614472654
1489,1.0102872811,0.0102347271375,0.00510429217035
1490,1.00898034569,0.00894026218308,0.00446015492601
1491,1.00545810463,0.0054432631608,0.00271793129887
1492,1.01002189331,0.00997200716651,0.00497359410053
1493,1.00289267373,0.00288849799856,0.00144320657359
1494,1.00610417172,0.00608561673025,0.00303818371558
1495,1.01141279663,0.0113481619771,0.00565801379422
1496,1.00968344941,0.00963686530473,0.00480684262847
1497,1.00866009589,0.00862281235931,0.00430212541054
1498,1.0104220654,0.010368130097,0.00517065097313
1499,1.00683425357,0.00681100591511,0.00339971080928
1500,1.01088182177,0.0108230407898,0.00539690449502
1501,1.00607598284,0.00605759848983,0.00302421705982
1502,1.00822567943,0.00819203291763,0.00408763922507
1503,1.00777356696,0.00774350845751,0.00386426865224
1504,1.00843926907,0.00840385752832,0.00419311301353
1505,1.0086820462,0.00864457397422,0.00431295934846
1506,1.00638121952,0.00636094574201,0.00317542052487
1507,1.00548144055,0.00546647212549,0.00272950417388
1508,1.00257445787,0.00257114962973,0.00128474881756
1509,1.00802394651,0.00799192582101,0.0039879896745
1510,1.00708983735,0.0070648226211,0.00352617968543
1511,1.00804583265,0.00801363751148,0.00399880216805
1512,1.00851890083,0.00848281976668,0.00423242780782
1513,1.00942309283,0.00937897243709,0.00467850774589
1514,1.00897052188,0.00893052576098,0.00445530841614
1515,1.00702883914,0.00700425199695,0.00349600070782
1516,1.00653313034,0.0065118819373,0.00325064614096
1517,1.01031258971,0.0102597777327,0.00511675345714
1518,1.00862236753,0.00858540722796,0.00428350313151
1519,1.00936090961,0.00931736781523,0.00464784907163
1520,1.00533341399,0.00531924170561,0.00265608719469
1521,1.00556167488,0.00554626587406,0.00276929135578
1522,1.00591595962,0.00589852904242,0.00294491971298
1523,1.00870435174,0.00866668727321,0.00432396825022
1524,1.01143721375,0.0113723032838,0.00567001607924
1525,1.00810828584,0.00807559030821,0.00402965422008
1526,1.0094063221,0.00936235812626,0.00467023942122
1527,1.00892776118,0.00888814434022,0.00443421189339
1528,1.00784209523,0.00781150581679,0.00389813537613
1529,1.00833739983,0.00830283569113,0.00414281262258
1530,1.00730096131,0.00727443830829,0.00363061248495
1531,1.01061878766,0.0105628043025,0.00526748006704
1532,1.01041696845,0.0103630857123,0.00516814181897
1533,1.00832578761,0.00829131942301,0.00413707832688
1534,1.0092283886,0.00918606719904,0.00458250175124
1535,1.00569035856,0.00567422962334,0.00283309400484
1536,1.00700327132,0.00697886231572,0.00348335016808
1537,1.00839046488,0.00835546059449,0.00416901572197
1538,1.00571107177,0.00569482542425,0.0028433626775
1539,1.01003348251,0.00998348130244,0.00497930261828
1540,1.00888216459,0.00884295020081,0.00441171476969
1541,1.01023164314,0.0101796541983,0.00507689587774
1542,1.01013371741,0.0100827155668,0.00502867146696
1543,1.00575713563,0.00574062665286,0.00286619791558
1544,1.0055016295,0.00548655081503,0.00273951606596
1545,1.00695055631,0.00692651253671,0.00345726611351
1546,1.00695742965,0.00693333841241,0.00346066724612
1547,1.00905862876,0.00901784549583,0.00449877281656
1548,1.00650936939,0.00648827493816,0.00323888094096
1549,1.00736737864,0.00734037206673,0.00366345913278
1550,1.01076281014,0.0107053033586,0.00533835176482
1551,1.00644714511,0.006426451164,0.00320806869757
1552,1.00697310481,0.00694890515096,0.00346842364956
1553,1.00456663998,0.0045562445145,0.00227552930614
1554,1.00488554574,0.00487365019301,0.00243385844845
1555,1.0076524666,0.00762333500408,0.00380441231851
1556,1.00642230779,0.0064017726436,0.00319576894668
1557,1.00858375925,0.00854712826151,0.00426444544995
1558,1.00735192699,0.00732503330768,0.00365581782041
1559,1.00928641278,0.00924355914604,0.004611115585
1560,1.01064246099,0.0105862286184,0.00527913046321
1561,1.00625583398,0.00623634747419,0.00311331728244
1562,1.00543060077,0.00541590823023,0.00270429091471
1563,1.01176981477,0.0117010892296,0.00583346350614
1564,1.00979684527,0.0097491673204,0.00486272215839
1565,1.00717612923,0.00715050334249,0.00356886806892
1566,1.00761614237,0.00758728598325,0.00378645621894
1567,1.00923449766,0.00919212037452,0.00458551446508
1568,1.00916640123,0.0091246447532,0.00455193079312
1569,1.00745388723,0.00742624429543,0.00370623703406
1570,1.00952431806,0.00947924769516,0.00472840955464
1571,1.00980107436,0.00975335537855,0.0048648060026
1572,1.00650256852,0.00648151802563,0.00323551342142
1573,1.00682177151,0.00679860850451,0.00339353315864
1574,1.00888219713,0.00884298245861,0.00441173082743
1575,1.00941259471,0.00936857227153,0.00467333197827
1576,1.00459748222,0.00458694607757,0.00229084503896
1577,1.00704659448,0.0070218832494,0.00350478547589
1578,1.00977285562,0.00972541013675,0.00485090125865
1579,1.00408822564,0.0040798915546,0.00203786650202
1580,1.0082503437,0.00821649565956,0.0040998205241
1581,1.00932955845,0.00928630692743,0.00463239069085
1582,1.00752542662,0.00749725186385,0.00374160860492
1583,1.00898849715,0.00894834105699,0.00446417633833
1584,1.00995211127,0.00990291514443,0.00493921931357
1585,1.0064986265,0.00647760146716,0.00323356147631
1586,1.0087568574,0.00871873849891,0.00434988099194
1587,1.00576826893,0.00575169616599,0.00287171679317
1588,1.00442588757,0.00441612213035,0.0022056250916
1589,1.0108034835,0.0107455428042,0.00535836388017
1590,1.00899379055,0.00895358729116,0.00446678774193
1591,1.00358932004,0.00358289380095,0.00178984321726
1592,1.00799423174,0.00796244714896,0.00397330901061
1593,1.0105111465,0.0104562884767,0.0052145012784
1594,1.01141502134,0.0113503615835,0.00565910737411
1595,1.00878894142,0.00875054349562,0.00436571419043
1596,1.0109716615,0.0109119094741,0.00544109804742
1597,1.00922897831,0.00918665150769,0.00458279256673
1598,1.00853676817,0.00850053602215,0.0042412484051
1599,1.00788345126,0.00785253921131,0.00391857188688
1600,1.01072127216,0.0106642068392,0.00531791298899
1601,1.00764401485,0.007614947404,0.00380023446465
1602,1.00545308954,0.0054382752824,0.00271544413492
1603,1.00650411601,0.00648305551892,0.00323627968048
1604,1.00797469952,0.00794306965154,0.00396365871154
1605,1.00355768739,0.00355137379134,0.00177411129642
1606,1.00705225032,0.00702749949946,0.00350758375511
1607,1.01089940871,0.0108404382611,0.00540555624683
1608,1.00723906715,0.00721299086962,0.00359999984127
1609,1.00765093159,0.00762181165032,0.00380365353908
1610,1.01001829987,0.00996844937111,0.00497182404877
1611,1.01006477563,0.0100144630853,0.0049947162565
1612,1.00975548572,0.00970820819573,0.00484234197379
1613,1.00493605051,0.0049239081515,0.00245892595236
1614,1.00699034391,0.00696602472788,0.00347695371253
1615,1.00713332447,0.00710800266017,0.00354769334244
1616,1.00471004795,0.00469899037968,0.00234673728633
1617,1.00748583638,0.00745795656084,0.00372203427494
1618,1.00710591735,0.00708078928949,0.0035341348372
1619,1.00922977497,0.00918744088777,0.00458318544791
1620,1.00740029521,0.00737304736773,0.00367973679799
1621,1.00696600183,0.00694185133201,0.0034649089667
1622,1.01053057308,0.0104755127993,0.00522406327111
1623,1.00568068387,0.00566460963352,0.00282829762556
1624,1.00886649396,0.00882741741588,0.00440398261031
1625,1.00874322613,0.00870522546778,0.00434315384369
1626,1.00521918835,0.00520561559285,0.00259942342913
1627,1.00307812083,0.00307339311848,0.00153551644565
1628,1.01127173002,0.0112086774388,0.00558866370952
1629,1.0069622179,0.00693809356425,0.00346303659122
1630,1.00557312134,0.00555764896129,0.0027749671217
1631,1.00591606911,0.00589863789319,0.00294497397809
1632,1.00750642832,0.00747839528165,0.00373221554652
1633,1.00864469704,0.0086075456035,0.00429452484338
1634,1.00561281375,0.00559712060465,0.00279464798291
1635,1.01294957896,0.0128664500506,0.00641257613655
1636,1.00659959201,0.00657791004776,0.003283552336
1637,1.00623254307,0.00621320110081,0.00310178005999
1638,1.01050698827,0.0104521734883,0.00521245451092
1639,1.01096518948,0.0109055076785,0.00543791456093
1640,1.00778819563,0.00775802418666,0.00387149844424
1641,1.00713073421,0.00710543074579,0.0035464119466
1642,1.01044299496,0.0103888435667,0.00518095410353
1643,1.00593564742,0.00591810086355,0.00295467675708
1644,1.00620069261,0.00618154741798,0.0030860021851
1645,1.01178799283,0.0117190556658,0.00584239428087
1646,1.00656134258,0.00653991066402,0.00326461485071
1647,1.00551373606,0.00549859106101,0.00274551967865
1648,1.00796345655,0.00793191556923,0.00395810376038
1649,1.00800433384,0.00797246908153,0.00397830005427
1650,1.00495422124,0.00494198947263,0.00246794434184
1651,1.00978715125,0.00973956731157,0.0048579454836
1652,1.00908541372,0.00904438964611,0.00451198509597
1653,1.00729511959,0.00726863891369,0.00362772331114
1654,1.0079875186,0.00795578723327,0.00396999227819
1655,1.00435717225,0.00434770725913,0.00217149252097
1656,1.00806801278,0.00803564037144,0.00400975954521
1657,1.00956133844,0.00951591813404,0.00474665791037
1658,1.00614060841,0.00612183169826,0.00305623602228
1659,1.00676668476,0.00674389350382,0.00336626812393
1660,1.00823660582,0.00820287010161,0.00409303565318
1661,1.00528651956,0.0052725949667,0.00263282550287
1662,1.00850969495,0.00847369159949,0.004227883031
1663,1.00737387531,0.00734682120543,0.00366667188387
1664,1.00689158027,0.00686794186971,0.00342808159986
1665,1.00793937317,0.00790802218005,0.00394620428097
1666,1.00766816096,0.00763891005635,0.00381217018748
1667,1.00741783915,0.00739046228145,0.00368841217594
1668,1.00919149329,0.00914950858551,0.00456430604313
1669,1.00757930364,0.00755072503593,0.00376824479704
1670,1.01007843373,0.0100279849926,0.00500144341832
1671,1.00839487377,0.00835983278758,0.00417119270226
1672,1.00916839086,0.00912661630785,0.00455291208277
1673,1.00577402864,0.00575742283077,0.00287457189879
1674,1.00860387508,0.00856707268827,0.00427437508786
1675,1.00766478165,0.00763555645452,0.00381049977741
1676,1.0076913722,0.00766194438937,0.00382364338252
1677,1.00771542095,0.00768580930494,0.00383553014392
1678,1.00721446114,0.00718856141289,0.00358782901159
1679,1.0108949997,0.0108360767835,0.00540338729374
1680,1.00679199424,0.00676903256017,0.00337879526098
1681,1.00867576751,0.0086383493027,0.00430986043126
1682,1.00904580671,0.00900513846325,0.0044924478632
1683,1.00700382784,0.00697941496349,0.00348362552939
1684,1.01037599118,0.0103225300701,0.00514796859202
1685,1.00857778204,0.00854120190074,0.00426149490151
1686,1.00820419134,0.00817071991192,0.0040770262256
1687,1.00870129208,0.00866365401168,0.00432245817617
1688,1.00367617941,0.00366943877269,0.0018330373176
1689,1.00899524365,0.0089550274371,0.00446750459823
1690,1.00797922758,0.00794756187427,0.00396589591757
1691,1.00650446503,0.00648340228389,0.00323645250184
1692,1.00889404711,0.00885472803388,0.00441757768874
1693,1.00565081382,0.00563490786841,0.00281348863576
1694,1.00943775727,0.00939349988515,0.00468573746027
1695,1.01223558228,0.0121613325924,0.00606221645962
1696,1.00625102019,0.00623156360841,0.00311093279354
1697,1.01035537999,0.0103021303444,0.00513782118595
1698,1.0080644365,0.00803209270345,0.0040079928223
1699,1.00914640374,0.00910482870814,0.00454206782237
1700,1.00647229966,0.00645144426654,0.00322052508121
1701,1.00963590032,0.00958977112761,0.00478340845116
1702,1.01099287543,0.0109328929591,0.00545153264856
1703,1.00798869783,0.00795695711394,0.00397057489615
1704,1.00849160332,0.00845575246275,0.00421895134486
1705,1.00834529959,0.00831067011013,0.00414671359617
1706,1.01080946199,0.010751457382,0.00536130531846
1707,1.00995795451,0.00990870078813,0.00494209784298
1708,1.00813106978,0.00809819074391,0.00404090883837
1709,1.00516766498,0.00515435842101,0.0025738611352
1710,1.00692414883,0.0069002869918,0.00344419858972
1711,1.01049112733,0.0104364773438,0.00520464731575
1712,1.00453767436,0.00452741015072,0.00226114482727
1713,1.00938309874,0.00933935091366,0.00465878947365
1714,1.00785219036,0.00782152235074,0.00390312410771
1715,1.0059066608,0.00588928486931,0.00294031122745
1716,1.00670963384,0.00668722443424,0.00333802857071
1717,1.00563495324,0.00561913628217,0.00280562499822
1718,1.00392565441,0.00391796913611,0.00195706701015
1719,1.00827182453,0.00823780049282,0.00411042921123
1720,1.00587285482,0.00585567683411,0.00292355647812
1721,1.00973598362,0.00968889432749,0.00483273175545
1722,1.00916378219,0.009122049497,0.0045506390709
1723,1.00690211716,0.00687840659126,0.00343329601004
1724,1.01072099255,0.0106639301945,0.00531777540223
1725,1.00636454612,0.00634437792933,0.00316716288921
1726,1.01217540562,0.012101881561,0.00603267070728
1727,1.00383204639,0.00382472280464,0.00191053400432
1728,1.00476212675,0.00475082369015,0.00237259278694
1729,1.00710549269,0.00708036762221,0.00353392474865
1730,1.00859211478,0.00855541264604,0.00426856996952
1731,1.00846666621,0.00843102502561,0.00420663971211
1732,1.00567118924,0.005655168588,0.00282359044273
1733,1.00855741761,0.00852101046275,0.00425144215463
1734,1.01085621561,0.0107977099526,0.00538430735072
1735,1.01300270721,0.0129188977266,0.00643863147056
1736,1.01165217712,0.0115848132874,0.0057756630006
1737,1.00751259083,0.00748451185945,0.00373526241656
1738,1.00804522973,0.00801303940511,0.00399850431067
1739,1.00846618226,0.00843054513697,0.00420640077712
1740,1.00783829082,0.00780773101025,0.00389625532844
1741,1.01114579045,0.0110841338439,0.00552673800012
1742,1.00863851058,0.00860141214723,0.0042914712807
1743,1.00755119918,0.00752283159403,0.00375435053386
1744,1.0098944614,0.00984583172593,0.00491081817278
1745,1.00477430817,0.00476294730602,0.00237864019435
1746,1.01034710675,0.0102939418645,0.00513374797314
1747,1.00933852695,0.00929519248422,0.00463681287874
1748,1.01055089247,0.0104956202426,0.00523406442121
1749,1.00877373915,0.00873547355651,0.00435821208813
1750,1.0082129508,0.00817940805488,0.00408135257679
1751,1.00774032757,0.00771052492377,0.00384784047852
1752,1.00745306819,0.00742543130874,0.0037058320472
1753,1.00790734621,0.00787624698346,0.00393037925267
1754,1.00487385696,0.00486201816869,0.00242805657477
1755,1.00968584726,0.00963924015735,0.00480802434631
1756,1.00969152675,0.00964486514391,0.00481082331312
1757,1.00814047954,0.00810752455844,0.00404555687624
1758,1.00751404988,0.00748596002914,0.0037359837965
1759,1.00893986815,0.00890014410732,0.00444018515426
1760,1.00601559382,0.00599757237041,0.00299429431709
1761,1.00561679491,0.00560107953256,0.00279662191301
1762,1.00751675849,0.00748864843497,0.00373732297659
1763,1.0070806022,0.00705565243905,0.00352161075179
1764,1.00475033879,0.0047390915308,0.00236674060792
1765,1.00669045681,0.00666817502763,0.00332853561593
1766,1.01031465336,0.0102618203144,0.00511776952176
1767,1.01466334894,0.0145568815545,0.00725201707382
1768,1.00905579665,0.00901503880189,0.00449737578195
1769,1.0042459528,0.0042369641724,0.0021162396868
1770,1.0040637764,0.0040555415658,0.00202571624467
1771,1.00689033223,0.0068667023737,0.00342746397621
1772,1.00937922166,0.00933550987357,0.00465687789907
1773,1.00791944088,0.00788824668899,0.00393635550581
1774,1.0064626551,0.0064418616855,0.00321574920972
1775,1.00684203176,0.00681873127868,0.00340356035163
1776,1.00553313634,0.00551788477639,0.0027551400043
1777,1.00611992058,0.00610126991841,0.0030459865005
1778,1.00585111762,0.00583406630814,0.00291278274672
1779,1.00582041105,0.00580353790102,0.00289756288831
1780,1.00574779858,0.00573134300927,0.00286156938742
1781,1.01172245919,0.0116542834437,0.00581019686086
1782,1.01088414981,0.010825343767,0.00539804976849
1783,1.0075877244,0.00755908241526,0.00377240773168
1784,1.00482047752,0.00480889622639,0.00240155974327
1785,1.01199897563,0.0119275586453,0.00594603129006
1786,1.00897005649,0.00893006451099,0.00445507881862
1787,1.01007825742,0.0100278104441,0.00500135658058
1788,1.00819031748,0.00815695884803,0.00407017372219
1789,1.00977438303,0.00972692276153,0.00485165390196
1790,1.00730624718,0.00727968585079,0.00363322672687
1791,1.00809155612,0.00805899500889,0.00402138997279
1792,1.00459542203,0.00458489531957,0.00228982200842
1793,1.00973684594,0.00968974833363,0.00483315669483
1794,1.0066240988,0.00660225586035,0.00329568519807
1795,1.00728152883,0.00725514649316,0.00362100155159
1796,1.00573902845,0.00572262296421,0.00285722183192
1797,1.00863260774,0.00859555984666,0.00428855768364
1798,1.00965654893,0.00961022245574,0.00479358514966
1799,1.00644730639,0.00642661141107,0.00320814856406
1800,1.0089445925,0.00890482658199,0.00444251599334
1801,1.00824885177,0.00821501593451,0.00409908369461
1802,1.0065442952,0.00652297426549,0.00325617426111
1803,1.00876199744,0.00872383390325,0.00435241760868
1804,1.00730593481,0.00727937574468,0.00363307223715
1805,1.00742144264,0.00739403923542,0.00369019405469
1806,1.00874426771,0.00870625801897,0.00434366787689
1807,1.00634138565,0.00632136366627,0.00315569213664
1808,1.00714093445,0.00711555870625,0.0035514579551
1809,1.0099920198,0.00994242963045,0.00495887877702
1810,1.00866487246,0.00862754790928,0.00430448299628
1811,1.00611998412,0.00610133307727,0.00304601798373
1812,1.0069803404,0.00695609060171,0.0034720039074
1813,1.00779007499,0.00775988902296,0.0038724272521
1814,1.01009901578,0.0100483614731,0.00501158065105
1815,1.00769874764,0.00766926351554,0.00382728894607
1816,1.01020733838,0.0101555953127,0.00506492743519
1817,1.01066941598,0.01061289941,0.00529239537129
1818,1.00848585661,0.00845005412663,0.00421611419326
1819,1.01031438253,0.0102615522545,0.00511763617773
1820,1.00757390566,0.00754536764259,0.00376557619078
1821,1.00919212942,0.00915013892785,0.00456461977572
1822,1.00922007113,0.00917782574584,0.00457839989943
1823,1.00541391522,0.00539931265779,0.00269601553378
1824,1.0089698608,0.0089298705622,0.00445498227625
1825,1.00445147151,0.00444159301604,0.00221833236391
1826,1.00971488675,0.00966800066,0.00482233535414
1827,1.00559727598,0.0055816694444,0.00278694396331
1828,1.00813474292,0.00810183425008,0.00404272322826
1829,1.00538911194,0.00537464263771,0.00268371370325
1830,1.01125966647,0.0111967482723,0.00558273244264
1831,1.00424391092,0.00423493093016,0.00211522521658
1832,1.00450780007,0.0044976703683,0.00224630844873
1833,1.0068771339,0.00685359427584,0.00342093236964
1834,1.00960627569,0.00956042879904,0.00476880735794
1835,1.01211863648,0.0120457937177,0.00600479557452
1836,1.0068987327,0.00687504532436,0.00343162114529
1837,1.0080638622,0.008031522995,0.00400770910973
1838,1.00719735099,0.00717157366984,0.00357936557869
1839,1.00985827688,0.00981000108241,0.00489299067022
1840,1.00630270517,0.00628292618553,0.0031365338606
1841,1.00779733715,0.00776709501744,0.00387601629053
1842,1.0095932367,0.00954751379219,0.00476238062835
1843,1.00644571422,0.00642502943962,0.00320736011562
1844,1.00819654566,0.00816313641234,0.00407324992772
1845,1.00838492505,0.00834996684735,0.0041662802964
1846,1.00447691093,0.00446691937225,0.00223096737088
1847,1.00688341796,0.0068598353984,0.00342404225084
1848,1.00952168186,0.00947663636497,0.00472711006242
1849,1.00764121018,0.00761216400928,0.00379884805511
1850,1.00849421042,0.00845833761109,0.00422023846489
1851,1.00705743353,0.00703264639942,0.0035101481752
1852,1.00597584093,0.00595805640772,0.00297459530235
1853,1.00894534379,0.00890557120763,0.00444288665209
1854,1.00690178798,0.0068780796643,0.00343313310776
1855,1.00783898142,0.00780841623027,0.0038965966035
1856,1.00910050731,0.0090593472243,0.00451943011304
1857,1.00866700755,0.00862966465111,0.00430553681089
1858,1.00506942632,0.00505662004293,0.00252511653762
1859,1.00967518421,0.00962867934162,0.0048027693129
1860,1.00854710072,0.008510781062,0.00424634918608
1861,1.0116556679,0.0115882638601,0.00577737832079
1862,1.00459862692,0.00458808553558,0.00229141346265
1863,1.00766860771,0.00763935340085,0.00381239101465
1864,1.01129202548,0.0112287464826,0.00559864210179
1865,1.00395957954,0.00395176103402,0.00197392975014
1866,1.00720146093,0.00717565423544,0.00358139855649
1867,1.00466831033,0.00465744756072,0.00232601440667
1868,1.00680307831,0.00678004179405,0.00338428126384
1869,1.0100502603,0.0100000922918,0.00498756672305
1870,1.00836290727,0.00832813190897,0.0041554082531
1871,1.00817865296,0.00814538902469,0.00406441233945
1872,1.01154927118,0.0114830874412,0.00572509255852
1873,1.01017260665,0.0101212139246,0.00504782366372
1874,1.00704106861,0.00701639603469,0.00350205148054
1875,1.01013538326,0.0100843646977,0.00502949188561
1876,1.00864142148,0.00860429810703,0.00429290806706
1877,1.00979637889,0.00974870546918,0.00486249235568
1878,1.00850838502,0.00847239272627,0.00422723633992
1879,1.00700060052,0.00697621008167,0.00348202866951
1880,1.00845024281,0.00841473938106,0.00419853111074
1881,1.0028539478,0.00284988301851,0.00142392676214
1882,1.00847102042,0.00843534266555,0.00420878944838
1883,1.00971665768,0.00966975454085,0.00482320806528
1884,1.00695623091,0.00693214795724,0.00346007407824
1885,1.00910485472,0.00906365542093,0.00452157447375
1886,1.00600711846,0.00598914766069,0.00299009456641
1887,1.00410297254,0.00409457829939,0.0020451948827
1888,1.00417430165,0.00416561342111,0.00208063917377
1889,1.01031395985,0.0102611338827,0.00511742806233
1890,1.0088971561,0.00885780961432,0.00441911167122
1891,1.00855523985,0.00851885117595,0.00425036710069
1892,1.00733577638,0.00730900043979,0.00364783066108
1893,1.00668205201,0.00665982605072,0.00332437501372
1894,1.00707357932,0.00704867891091,0.00351813626069
1895,1.00598188971,0.00596406924272,0.00297759277246
1896,1.0089442298,0.00890446710195,0.0044423370518
1897,1.00688830702,0.00686469102127,0.00342646174641
1898,1.00670076105,0.00667841073953,0.00333363642386
1899,1.00514624052,0.00513304387618,0.00256323123648
1900,1.00939395402,0.0093501052333,0.00466414156803
1901,1.00635115719,0.0063310735846,0.0031605317633
1902,1.0067360985,0.00671351236331,0.00335112857422
1903,1.0109592863,0.0108996685077,0.00543501084777
1904,1.00858253504,0.00854591446727,0.00426384114072
1905,1.00899255537,0.00895236311573,0.0044661783881
1906,1.00509339868,0.00508047120203,0.00253701193277
1907,1.01082081232,0.01076268627,0.00536688964605
1908,1.00716189827,0.00713637367331,0.00356182842292
1909,1.00657335981,0.00655184949011,0.00327056475816
1910,1.01039165142,0.010338029368,0.00515567831611
1911,1.00905731065,0.00901653921249,0.00449812261301
1912,1.00753158064,0.00750335989861,0.00374465119071
1913,1.00954031024,0.00949508886871,0.00473629265842
1914,1.00722194518,0.00719599181889,0.00359153087821
1915,1.01046898439,0.0104145640598,0.00519374763947
1916,1.00612933665,0.00611062867435,0.00305065161423
1917,1.00885249325,0.00881353965415,0.00439707426419
1918,1.01002826947,0.0099783200337,0.00497673483035
1919,1.012364436,0.0122886206678,0.0061254726604
1920,1.01090326398,0.0108442519601,0.00540745278691
1921,1.00818462802,0.00815131559101,0.00406736357423
1922,1.00757643265,0.00754787563838,0.00376682546587
1923,1.00819130831,0.00815794163382,0.00407066311491
1924,1.00929740707,0.00925445222614,0.00461653699566
1925,1.01165698771,0.0115895684572,0.00577802685054
1926,1.00723210957,0.0072060832722,0.00359655847029
1927,1.00923584624,0.00919345661053,0.0045861795192
1928,1.00539667011,0.00538216026126,0.00268746242041
1929,1.0084014628,0.00836636694454,0.00417444614781
1930,1.00949044297,0.00944569163758,0.00471171071916
1931,1.00810846254,0.00807576558207,0.00402974150386
1932,1.01043634499,0.0103822623028,0.00517768051485
1933,1.01090117631,0.010842186801,0.00540642579047
1934,1.00821013928,0.00817661943268,0.0040799639554
1935,1.0062995439,0.00627978471486,0.0031349680507
1936,1.00926650844,0.00922383775384,0.00460130030932
1937,1.00603627512,0.00601812979879,0.00300454220111
1938,1.00692890031,0.00690500578947,0.00344654985954
1939,1.00891236045,0.00887287977301,0.00442661342395
1940,1.0088333262,0.0087945406143,0.00438761646943
1941,1.00546186284,0.00544700095388,0.00271979511413
1942,1.0099657573,0.00991642661882,0.00494594165999
1943,1.00906954075,0.00902865945887,0.00450415545874
1944,1.00979597669,0.00974830717128,0.00486229417507
1945,1.00540827997,0.00539370773844,0.00269322062567
1946,1.00815475833,0.00812168795664,0.00405260990095
1947,1.00482667715,0.00481506609144,0.0024046372624
1948,1.0108374991,0.0107791942829,0.00537509932025
1949,1.00500467021,0.00499218847157,0.00249298158293
1950,1.00608379196,0.00606536041356,0.00302808627731
1951,1.0104731447,0.0104186812551,0.00519579554321
1952,1.01194195701,0.0118712144848,0.00591802632737
1953,1.00520343808,0.00518994697373,0.00259160945365
1954,1.01101911403,0.0109588459217,0.00546443830444
1955,1.00464919532,0.00463842119084,0.00231652330439
1956,1.01159032434,0.0115236710547,0.00574526798811
1957,1.00544819454,0.00543340681709,0.00271301650933
1958,1.00747589619,0.00744809017396,0.0037171194309
1959,1.00464232671,0.00463158434048,0.00231311279224
1960,1.00442145484,0.00441170892646,0.00220342335416
1961,1.00796416798,0.00793262137581,0.00395845526678
1962,1.0077584285,0.00772848666404,0.00385678675153
1963,1.00865041247,0.00861321202777,0.00429734588422
1964,1.00940123539,0.00935731880831,0.00466773152649
1965,1.00954437402,0.00949911424216,0.00473829581046
1966,1.01168998654,0.0116221865228,0.00579424151712
1967,1.01222519382,0.0121510696523,0.00605711608455
1968,1.00488243803,0.00487055757932,0.00243231590391
1969,1.00915948985,0.00911779612669,0.00454852206127
1970,1.00657961923,0.00655806801587,0.00327366384717
1971,1.00582137431,0.00580449558184,0.00289804034114
1972,1.0096692346,0.00962278672063,0.00479983714854
1973,1.00967903577,0.00963249398462,0.00480466747216
1974,1.00466352684,0.00465268629023,0.00232363930599
1975,1.00699004268,0.00696572558318,0.00347680466023
1976,1.00927310638,0.00923037509296,0.00460455393343
1977,1.01165441596,0.0115870263354,0.00577676313306
1978,1.00828519127,0.00825105748252,0.00411703043824
1979,1.01042778615,0.0103737918284,0.00517346719738
1980,1.00616502683,0.0061461007937,0.00306833341056
1981,1.00894916181,0.00890935536982,0.0044447703251
1982,1.00902838969,0.00898787743925,0.00448385608625
1983,1.00822200543,0.00818838887812,0.00408582465142
1984,1.01114196592,0.0110803514619,0.00552485725946
1985,1.01165260823,0.0115852394384,0.00577587484541
1986,1.00732594991,0.00729924548697,0.00364297096502
1987,1.00722669338,0.00720070595522,0.00359387947812
1988,1.00793806873,0.00790672801231,0.00394555975041
1989,1.00968209013,0.00963551906165,0.0048061727423
1990,1.00490515178,0.00489316072321,0.00244358992315
1991,1.0044295963,0.0044198145095,0.00220746720747
1992,1.00771437396,0.00768477032714,0.0038350126474
1993,1.01134313277,0.011279281837,0.00562376799686
1994,1.00564192782,0.00562607175149,0.00280908299772
1995,1.00743761471,0.00741009203896,0.00369819080539
1996,1.00843370772,0.00839834270985,0.00419036716264
1997,1.00697596669,0.0069517472004,0.00346983974456
1998,1.00874645477,0.00870842611971,0.00434474721792
1999,1.00591446998,0.0058970481593,0.00294418145169
2000,1.00308846297,0.00308370346099,0.00154066368779
2001,1.01094991556,0.0108903993104,0.00543040142752
2002,1.0116938719,0.0116260269858,0.00579615062051
2003,1.00716002362,0.00713451235396,0.00356090107766
2004,1.00431803837,0.00430874239785,0.00215205220692
2005,1.00666839481,0.00664625941352,0.00331761422248
2006,1.00463062806,0.0046199396831,0.00230730391435
2007,1.00721530003,0.0071893942868,0.00358824395436
2008,1.00424131166,0.00423234264892,0.00211393381252
2009,1.00623926719,0.00621988354757,0.00310511091406
2010,1.00689792127,0.00687423944827,0.00343121958989
2011,1.00969126978,0.00964461064474,0.0048106966757
2012,1.00559822355,0.00558261173685,0.00278741379636
2013,1.00896794246,0.00892796926846,0.00445403586405
2014,1.00686411761,0.00684066680239,0.0034144907241
2015,1.00726534487,0.00723907939218,0.00361299705844
2016,1.00846219746,0.00842659378448,0.00420443340942
2017,1.00763459314,0.00760559711837,0.00379557707759
2018,1.0083611267,0.00832636610604,0.00415452902006
2019,1.01090957707,0.0108504969363,0.00541055838549
2020,1.00293680159,0.00293249761107,0.00146517438794
2021,1.00647349954,0.00645263643566,0.00322111924589
2022,1.00755853283,0.00753011025495,0.0037579761944
2023,1.01066836321,0.010611857744,0.00529187729462
2024,1.00491780185,0.00490574896292,0.002449868643
2025,1.00463709294,0.00462637474876,0.00231051401819
2026,1.00926941198,0.00922671462917,0.00460273212727
2027,1.00870656977,0.00866888616121,0.00432506293965
2028,1.00856820867,0.00853170990547,0.00425676911771
2029,1.00759932652,0.00757059709588,0.00377814333644
2030,1.00765911674,0.0076299346199,0.00380769956717
2031,1.00631074109,0.0062909117431,0.00314051410795
2032,1.01056323409,0.0105078329375,0.00524013878911
2033,1.00864994407,0.00861274765181,0.00429711469401
2034,1.00793518356,0.00790386556178,0.00394413417111
2035,1.00974479028,0.00969761603718,0.00483707152599
2036,1.00785589171,0.00782519485383,0.00390495319046
2037,1.00492327044,0.00491119077885,0.0024525828814
2038,1.00741258114,0.00738524297155,0.00368581214308
2039,1.00516993038,0.00515661217133,0.00257498510931
2040,1.01235417116,0.0122784811375,0.00612043393722
2041,1.00835972931,0.00832498029561,0.0041538389933
2042,1.00681151605,0.00678842248251,0.00338845741802
2043,1.00579505935,0.00577833258088,0.00288499666606
2044,1.00760496243,0.00757619048718,0.00378092946188
2045,1.00741126552,0.00738393703342,0.00368516158052
2046,1.00904333395,0.00900268787646,0.00449122807362
2047,1.00919006684,0.00914809512521,0.00456360253847
2048,1.00731172316,0.00728512210469,0.00363593497457
2049,1.0042786143,0.00426948706011,0.0021324665856
2050,1.00811405305,0.00808131111258,0.00403250309176
2051,1.00716524986,0.00713970142285,0.00356348636987
2052,1.00820489062,0.00817141349762,0.00407737160451
2053,1.0098718498,0.00982344141328,0.00489967793147
2054,1.00837020779,0.00833537185437,0.00415901317681
2055,1.00786542616,0.00783465494288,0.00390966475324
2056,1.00464885893,0.00463808635461,0.00231635627409
2057,1.00600560001,0.0059876382763,0.00298934213053
2058,1.01307947799,0.0129946802268,0.00647627803961
2059,1.00764421377,0.00761514481181,0.00380033279346
2060,1.00957371959,0.00952818194462,0.00475276069088
2061,1.00546189935,0.00544703726527,0.00271981322045
2062,1.00731213234,0.00728552830837,0.00363613733793
2063,1.0099673593,0.00991801280153,0.00494673082845
2064,1.01127844334,0.0112153159044,0.00559196438676
2065,1.00949739151,0.00945257482301,0.00471513609019
2066,1.00901829472,0.00897787274078,0.00447887615437
2067,1.00493796847,0.00492581669086,0.00245987787511
2068,1.00907643644,0.00903549315137,0.00450755690918
2069,1.00916056252,0.00911885905651,0.00454905110866
2070,1.00939379672,0.00934994939585,0.00466406401273
2071,1.00818340504,0.00815010254622,0.0040667595186
2072,1.0087812124,0.00874288177978,0.00436190004963
2073,1.00955307768,0.00950773557312,0.00474258604148
2074,1.01126110971,0.0111981754506,0.00558344204777
2075,1.00480379077,0.00479228938358,0.00239327622864
2076,1.00942079629,0.00937669733373,0.00467737551561
2077,1.00950845706,0.00946353621206,0.00472059092754
2078,1.00755047244,0.00752211030118,0.00375399124136
2079,1.01117796983,0.0111159580118,0.00554256201626
2080,1.0097728469,0.00972540149481,0.00485089695864
2081,1.00768395015,0.0076545789699,0.0038199747474
2082,1.00932571013,0.00928249416673,0.00463049313979
2083,1.00648161163,0.00646069631024,0.00322513619418
2084,1.00684755183,0.00682421382148,0.0034062922892
2085,1.00806711402,0.00803474879877,0.00400931554628
2086,1.00806826502,0.00803589058653,0.0040098841511
2087,1.00719433884,0.00716858303848,0.00357787561418
2088,1.00660720334,0.00658547144021,0.00328732061098
2089,1.00699583806,0.00697148071744,0.0034796722185
2090,1.01009105489,0.0100404801449,0.00500765972819
2091,1.00596583013,0.00594810503185,0.00296963440273
2092,1.01119669007,0.0111344711341,0.00555176722974
2093,1.00647519001,0.00645431602424,0.00322195633475
2094,1.00685321397,0.00682983743796,0.00340909451566
2095,1.00687721324,0.00685367307811,0.00342097163599
2096,1.00971180523,0.00966494877856,0.00482081677086
2097,1.00749632191,0.00746836411938,0.00372721867208
2098,1.00229018051,0.00228756204503,0.00114312715432
2099,1.00863874929,0.0086016488089,0.00429158910372
2100,1.00966817918,0.0096217414065,0.00479931700001
2101,1.00570222912,0.00568603295232,0.00283897893199
2102,1.00759987477,0.00757114121483,0.003778414368
2103,1.00442362204,0.00441386658789,0.00220449980717
2104,1.00916040962,0.00911870754479,0.00454897569741
2105,1.00900131009,0.00896103977806,0.00447049733413
2106,1.00529570354,0.00528173061531,0.00263738129048
2107,1.00559671986,0.00558111641024,0.00278666821682
2108,1.00998003969,0.00993056797416,0.00495297734163
2109,1.00585406278,0.00583699433139,0.00291424249293
2110,1.00996625493,0.00991691933572,0.00494618679994
2111,1.00767967022,0.00765033166443,0.00381785920471
2112,1.00937308894,0.00932943411373,0.0046538541616
2113,1.00713898107,0.00711361918323,0.00355049163718
2114,1.00476021297,0.00474891898529,0.00237164269361
2115,1.00843709146,0.00840169814552,0.00419203784882
2116,1.0090155042,0.00897510716191,0.00447749955733
2117,1.00506282223,0.00505004924329,0.00252183942844
2118,1.00501795706,0.00500540907159,0.00249957538179
2119,1.00691925738,0.00689542917276,0.00344177804291
2120,1.00948357605,0.00943888924681,0.00470832554346
2121,1.00949602606,0.00945122222215,0.00471446297838
2122,1.0102632547,0.0102109451097,0.0050924617813
2123,1.00973841369,0.00969130096383,0.00483392925758
2124,1.00917883334,0.00913696385851,0.00455806228904
2125,1.00690719019,0.00688344483579,0.00343580648025
2126,1.00903970573,0.00899909216741,0.00448943829206
2127,1.00773802352,0.00770823856984,0.00384670169967
2128,1.00404701262,0.00403884548846,0.00201738508199
2129,1.00867646507,0.00863904086667,0.00431020472291
2130,1.00764192238,0.00761287080732,0.00379920011155
2131,1.010774467,0.0107168360194,0.00534408729602
2132,1.00893981514,0.00890009156618,0.00444015900034
2133,1.01080183375,0.010743910684,0.00535755219249
2134,1.00727528178,0.00724894457843,0.003617911818
2135,1.00766507383,0.00763584641347,0.00381064420443
2136,1.00852981438,0.00849364107089,0.00423781554515
2137,1.00892284496,0.0088832716135,0.00443178633042
2138,1.00840179708,0.00836669843791,0.00417461120258
2139,1.00652153694,0.00650036372756,0.00324490574038
2140,1.01191747302,0.0118470191403,0.00590600017674
2141,1.00593365411,0.00591611931055,0.00295368890752
2142,1.01033901494,0.0102859328859,0.0051297640339
2143,1.009015694,0.00897529525999,0.00447759318526
2144,1.0045707612,0.00456034699235,0.0022775758753
2145,1.0075569248,0.00752851428436,0.0037571812076
2146,1.00856017363,0.00852374309618,0.00425280266159
2147,1.00604420397,0.00602601104134,0.00300847097488
2148,1.01079465914,0.0107368127225,0.00535402221932
2149,1.00732224781,0.00729557030174,0.00364114006502
2150,1.0068698292,0.00684633944208,0.00341731735535
2151,1.00616423388,0.0061453127061,0.00306794057574
2152,1.01000448071,0.00995476718958,0.00496501694742
2153,1.00955602969,0.00951065964737,0.00474404114371
2154,1.00841030637,0.00837513679789,0.00417881276027
2155,1.00941676422,0.00937270288684,0.00467538763194
2156,1.0074619867,0.00743428380057,0.00371024188043
2157,1.01156111373,0.0114947947178,0.00573091266717
2158,1.0097395105,0.00969238719424,0.00483446974726
2159,1.00979267769,0.00974504016727,0.00486066861431
2160,1.00592958017,0.00591206939159,0.0029516699271
2161,1.00580242845,0.00578565919612,0.00288864939836
2162,1.00751911693,0.0074909892801,0.00373848902423
2163,1.01054765867,0.0104924202044,0.00523247277544
2164,1.00835433193,0.0083196276564,0.00415117378713
2165,1.01253245474,0.0124545735511,0.00620793741079
2166,1.01110696464,0.0110457352684,0.00550764463849
2167,1.00512531299,0.00511222328225,0.00255284756947
2168,1.00969018589,0.00964353715601,0.00481016251331
2169,1.01103043861,0.0109700470151,0.0054700082317
2170,1.00442488155,0.00441512054436,0.00220512540304
2171,1.00684638161,0.00682305156204,0.00340571313881
2172,1.00746094912,0.007433253909,0.00370972884509
2173,1.00710831878,0.00708317377447,0.00353532286544
2174,1.00785346941,0.00782279143332,0.00390375617211
2175,1.00892322004,0.00888364336889,0.00443197138433
2176,1.00926650649,0.00922383581744,0.00460129934557
2177,1.00795894988,0.00792744449332,0.00395587706843
2178,1.01136408863,0.0113000024409,0.00563406998152
2179,1.00444167125,0.00443183614189,0.00221346473696
2180,1.00664152375,0.00661956599456,0.00330431170346
2181,1.0075289778,0.00750077650809,0.00374336433157
2182,1.01019729249,0.0101456508749,0.00505998038788
2183,1.00673654168,0.00671395257202,0.00335134794095
2184,1.01066071924,0.0106042944379,0.00528811564648
2185,1.00990320845,0.0098544930479,0.00491512755735
2186,1.01096493973,0.0109052606305,0.00543779170862
2187,1.00780656023,0.00777624670333,0.003880574387
2188,1.00805804342,0.00802575074814,0.00400483454889
2189,1.00688174667,0.00685817553061,0.00342321515833
2190,1.00766716996,0.00763792659248,0.00381168032999
2191,1.01080905928,0.0107510589788,0.00536110718483
2192,1.00703049691,0.00700589819682,0.00349682092986
2193,1.00872745177,0.00868958771026,0.00433536889309
2194,1.00828880917,0.00825464564797,0.00411881713307
2195,1.00672919115,0.00670665120798,0.003347709487
2196,1.00701020916,0.00698575187717,0.00348678294351
2197,1.00808655462,0.00805403363752,0.00401891925985
2198,1.01129332573,0.0112300322143,0.00559928136825
2199,1.0090115467,0.00897118501022,0.00447554726029
2200,1.00791540807,0.0078842455611,0.0039343628148
2201,1.00685689903,0.00683349741669,0.00341091826475
2202,1.00789383146,0.00786283817199,0.00392370117541
2203,1.01167476712,0.0116071428478,0.00578676323481
2204,1.00703778327,0.00701313365621,0.00350042600248
2205,1.00859780478,0.00856105416076,0.00427137868231
2206,1.01139170813,0.0113273112223,0.00564764734972
2207,1.005336021,0.00532183488609,0.00265738034024
2208,1.00967953801,0.00963299140881,0.00480491498925
2209,1.00854641746,0.00851010358824,0.00424601188754
2210,1.00458169468,0.00457123067121,0.00228300530576
2211,1.00732640102,0.0072996933132,0.0036431940624
2212,1.00701982961,0.0069953053117,0.00349154299404
2213,1.00586065668,0.0058435498329,0.00291751068617
2214,1.00628833257,0.00626864350805,0.00312941489549
2215,1.01079168032,0.0107338657084,0.00535255660038
2216,1.00869599492,0.0086584025361,0.00431984378459
2217,1.01187558747,0.0118056260279,0.00588542564152
2218,1.01127682477,0.0112137153841,0.00559116860132
2219,1.00587243075,0.00585525524113,0.00292334629788
2220,1.00914686357,0.00910528436921,0.00454229461805
2221,1.00843693301,0.00840154101997,0.00419195961538
2222,1.0093005306,0.00925754697694,0.00461807722636
2223,1.00602235018,0.00600428830671,0.00299764222487
2224,1.00636952138,0.00634932170437,0.00316962694481
2225,1.0058622935,0.00584517712057,0.00291832195586
2226,1.00720862315,0.00718276521757,0.00358494130763
2227,1.00599536934,0.00597746862728,0.00298427249341
2228,1.00572793193,0.00571158970416,0.00285172094896
2229,1.00370518643,0.00369833913104,0.00184746090484
2230,1.0081215622,0.00808875979799,0.00403621240913
2231,1.00848477923,0.00844898581236,0.00421558228805
2232,1.01166868293,0.011601128849,0.00578377363171
2233,1.00623346323,0.00621411555927,0.00310223587089
2234,1.00872788468,0.00869001686731,0.00433558254131
2235,1.00573625316,0.0057198635057,0.00285584604391
2236,1.00747581536,0.00744800994787,0.00371707946696
2237,1.00723013663,0.00720412449339,0.00359558260284
2238,1.00651763519,0.0064964872421,0.00324297378518
2239,1.0075125913,0.00748451233072,0.00373526265132
2240,1.00642039369,0.0063998707555,0.00319482104118
2241,1.00723634331,0.00721028660139,0.00359865257393
2242,1.00914938017,0.00910777815569,0.00454353584676
2243,1.00478553763,0.00477412334178,0.00238421490476
2244,1.00885140403,0.00881245999555,0.00439653680841
2245,1.00847859466,0.00844285326169,0.00421252893417
2246,1.00682998423,0.00680676554567,0.00339759783034
2247,1.00465889755,0.00464807847278,0.00232134074807
2248,1.00419382931,0.00418505972171,0.00209034204653
2249,1.00899135461,0.00895117305451,0.00446558601482
2250,1.01168130329,0.011613603569,0.00578997489691
2251,1.00810335681,0.00807070090866,0.00402721936862
2252,1.00672991652,0.00670737172079,0.0033480685373
2253,1.00836209876,0.0083273301011,0.004155009015
2254,1.00498061887,0.00496825661835,0.00248104541574
2255,1.00747408821,0.00744629561046,0.00371622548405
2256,1.00680347113,0.00678043196317,0.00338447568816
2257,1.00624863917,0.0062291973722,0.00310975335534
2258,1.01162053689,0.011553537006,0.00576011505898
2259,1.010553523,0.0104982233109,0.0052353591422
2260,1.00990656386,0.00985781554458,0.00491678063907
2261,1.00876618869,0.00872798874327,0.00435448598474
2262,1.00875092491,0.00871285748805,0.00434695327306
2263,1.00723478997,0.00720874442054,0.00359788425809
2264,1.01261034058,0.0125314924078,0.00624615735045
2265,1.0076693609,0.00764010085554,0.00381276331713
2266,1.00997368113,0.00992427222249,0.00494984505223
2267,1.00856679577,0.00853030900528,0.00425607164902
2268,1.00566111029,0.0056451464268,0.00281859349885
2269,1.0100116944,0.00996190940416,0.00496857031776
2270,1.00990172981,0.00985302889897,0.00491439908085
2271,1.00999455144,0.00994493622418,0.00496012585816
2272,1.00808533106,0.00805281990006,0.00401831482989
2273,1.00593828665,0.00592072452183,0.00295598470934
2274,1.00619367667,0.00617457468733,0.00308252657265
2275,1.01001220049,0.00996241046966,0.00496881960569
2276,1.0086753285,0.00863791407082,0.00430964375318
2277,1.00484875139,0.00483703405332,0.00241559477067
2278,1.00974988878,0.00970266531546,0.0048395839501
2279,1.00854031415,0.00850405197885,0.00424299892588
2280,1.00559165611,0.00557608083494,0.00278415744226
2281,1.00684010734,0.006816819941,0.00340260793501
2282,1.00550299543,0.00548790927561,0.00274019343526
2283,1.008470403,0.00843473043534,0.0042084846216
2284,1.01103840795,0.0109779293809,0.00547392784857
2285,1.00462782771,0.00461715224376,0.00230591340944
2286,1.00791397192,0.00788282068745,0.00393365318071
2287,1.00970009706,0.00965335315583,0.00481504689296
2288,1.00744536135,0.00741778145588,0.00370202128802
2289,1.00861203546,0.00857516342939,0.00427840315884
2290,1.00710946842,0.00708431529631,0.00353589160837
2291,1.01003983741,0.00998977305454,0.00498243282513
2292,1.00591787386,0.00590043202223,0.00294586840037
2293,1.00666865654,0.00664651941073,0.0033177437898
2294,1.00493680673,0.00492466066082,0.00245930128177
2295,1.00976835153,0.00972094962607,0.00484868181958
2296,1.00774030027,0.0077104978288,0.00384782698317
2297,1.00793522863,0.00790391027478,0.00394415643944
2298,1.01007597698,0.0100255527519,0.0050002333796
2299,1.00875943858,0.0087212972647,0.00435115480886
2300,1.0092622916,0.0092196596246,0.00459922085494
2301,1.0090404935,0.0089998728739,0.00448982689277
2302,1.00692703419,0.00690315250762,0.00344562641191
2303,1.00923890212,0.00919648452707,0.00458768653304
2304,1.01097684332,0.0109170350452,0.00544364688532
2305,1.00643680361,0.00641617585693,0.00320294751282
2306,1.01033663714,0.0102835794148,0.00512859333404
2307,1.00858565283,0.00854900572706,0.00426538017911
2308,1.00943271908,0.0093885087808,0.00468325359849
2309,1.00617942822,0.00616041384874,0.00307546795394
2310,1.00737609723,0.00734902685916,0.00366777066643
2311,1.00675689344,0.00673416795021,0.00336142170475
2312,1.00560613131,0.00559047544286,0.00279133468196
2313,1.00672651908,0.00670399698823,0.00334638681902
2314,1.00815740688,0.0081243150768,0.00405391813682
2315,1.01156164244,0.0114953173789,0.00573117250002
2316,1.01010108403,0.0100504090402,0.00501259930328
2317,1.00771757943,0.00768795125852,0.00383659701238
2318,1.0108627435,0.0108041677139,0.00538751884092
2319,1.00799532423,0.00796353097884,0.0039738487722
2320,1.0094342831,0.0093900581881,0.00468402467371
2321,1.00882276913,0.00878407592776,0.00438240707005
2322,1.00848493059,0.00844913590304,0.00421565701703
2323,1.00837627747,0.00834139113781,0.00416201029688
2324,1.00782894383,0.00779845666263,0.00389163621153
2325,1.00901669983,0.00897629210573,0.00447808937627
2326,1.00720335419,0.00717753395668,0.00358233505066
2327,1.00702022064,0.00699569361819,0.00349173646936
2328,1.00701775694,0.00699324708683,0.00349051747426
2329,1.01028546106,0.0102329256344,0.00510339601608
2330,1.00738046504,0.00735336267456,0.0036699306204
2331,1.00695148072,0.00692743056967,0.00345772354294
2332,1.00888151208,0.00884230343403,0.00441139281292
2333,1.00926684716,0.00922417336522,0.00460146734287
2334,1.00836181496,0.00832704865346,0.00415486887588
2335,1.00693001545,0.00690611325369,0.00344710168304
2336,1.00638380997,0.00636351976358,0.00317670344803
2337,1.00251582052,0.00251266114131,0.00125554171779
2338,1.00453750895,0.00452724549376,0.00226106268494
2339,1.00710485826,0.00707973766852,0.00353361088486
2340,1.00900367985,0.00896338839201,0.00447166639069
2341,1.00634821956,0.00632815449135,0.00315907682856
2342,1.00532669821,0.00531256152911,0.00265275597244
2343,1.00767512791,0.00764582396444,0.00381561395707
2344,1.00900616057,0.00896584697487,0.00447289018438
2345,1.0084579511,0.00842238305095,0.00420233689232
2346,1.00824879981,0.00821496439883,0.00409905803239
2347,1.00821765491,0.00818407383011,0.00408367594036
2348,1.00666586738,0.00664374872368,0.00331636304153
2349,1.00889791526,0.00885856207926,0.00441948624101
2350,1.00683296658,0.00680972766779,0.00339907385825
2351,1.00792792452,0.00789666364511,0.00394054740898
2352,1.01001759819,0.00996775465427,0.0049714784173
2353,1.00589362698,0.00587632749723,0.00293385156984
2354,1.0088268122,0.00878808362828,0.00438440213662
2355,1.00890638627,0.00886695834477,0.0044236658114
2356,1.00651431452,0.00649318807717,0.00324132955092
2357,1.0065506803,0.00652931784039,0.00325933571565
2358,1.00840456749,0.00836944576741,0.00417597913188
2359,1.00623610981,0.00621674574137,0.00310354688135
2360,1.00536335805,0.00534902646465,0.00267093990815
2361,1.00573763045,0.00572123294535,0.00285652880805
2362,1.01009967185,0.010049010984,0.00501190377889
2363,1.00874901961,0.00871096871382,0.00434601299071
2364,1.00398598753,0.00397806452883,0.00198705545061
2365,1.00836791778,0.00833310084718,0.00415788239515
2366,1.012480793,0.0124035499387,0.00618258365687
2367,1.00714813038,0.00712270359579,0.00355501770612
2368,1.0078968817,0.00786586451289,0.00392520840749
2369,1.00860464628,0.00856783731021,0.00427475576461
2370,1.01102998714,0.010969600469,0.00546978617991
2371,1.00459017775,0.0045796750113,0.00228721782767
2372,1.00824052761,0.00820675984425,0.00409497256219
2373,1.0081501443,0.00811711123089,0.00405033080931
2374,1.00609650181,0.00607799333053,0.00303438358912
2375,1.00704318198,0.00701849462383,0.00350309709987
2376,1.00999919732,0.00994953611786,0.00496241439434
2377,1.01056086253,0.010505486159,0.00523897154792
2378,1.00758238884,0.0075537870162,0.00376977001686
2379,1.00688634198,0.00686273942608,0.00342548929188
2380,1.00548351101,0.00546853129611,0.0027305309484
2381,1.00687362498,0.00685010931848,0.00341919585035
2382,1.00770734379,0.00767779394768,0.00383153782886
2383,1.00489979208,0.0048878271636,0.00244092965632
2384,1.00386053302,0.00385310028619,0.00192469553656
2385,1.00995482836,0.00990560546171,0.00494055782728
2386,1.00947741332,0.00943278439003,0.00470528748227
2387,1.00687240073,0.00684889342674,0.00341858998299
2388,1.00477546973,0.00476410334632,0.00237921683943
2389,1.00813803085,0.00810509564512,0.004044347332
2390,1.00907755437,0.0090366010231,0.00450810834799
2391,1.00616496619,0.00614604053257,0.00306830337245
2392,1.00774376296,0.00771393391709,0.0038495384151
2393,1.00850375749,0.00846780422948,0.00422495178724
2394,1.00708010524,0.00705515897599,0.00352136488912
2395,1.00535939782,0.00534508735585,0.00266897561238
2396,1.00602661488,0.00600852747563,0.00299975545334
2397,1.00627328286,0.00625368772774,0.00312196037889
2398,1.00907814862,0.00903718993045,0.00450840147419
2399,1.00855308179,0.00851671142337,0.00424930177119
2400,1.00759635389,0.00756764688528,0.00377667380322
2401,1.009266748,0.00922407511713,0.00460141844487
2402,1.00435201823,0.00434257558766,0.00216893225365
2403,1.0078554429,0.00782474954769,0.00390473140681
2404,1.00516461308,0.00515132220849,0.00257234693519
2405,1.00751152527,0.00748345424887,0.00373473558636
2406,1.00611987564,0.00610122525916,0.00304596423888
2407,1.00912697084,0.00908557174519,0.00453248302796
2408,1.00943957885,0.00939530442791,0.00468663550343
2409,1.00883710578,0.00879828709198,0.00438948148747
2410,1.00955529683,0.00950993372544,0.00474367990458
2411,1.00528872692,0.00527479071981,0.0026339204883
2412,1.0083868774,0.00835190295812,0.00416724431813
2413,1.01001832451,0.009968473764,0.00497183618458
2414,1.00613701672,0.00611826192927,0.00305445659123
2415,1.00460221669,0.00459165887344,0.00229319603598
2416,1.00931865652,0.00927550570378,0.00462701508225
2417,1.00897423135,0.00893420224186,0.00445713846497
2418,1.00551007432,0.00549494939514,0.00274370384319
2419,1.00958419213,0.00953855512016,0.00475792261466
2420,1.00753393129,0.00750569297142,0.00374581335817
2421,1.01042583647,0.0103718622652,0.00517250740661
2422,1.00446016202,0.00445024497906,0.00222264873962
2423,1.00771977677,0.00769013176248,0.00383768308091
2424,1.01295696176,0.0128737384436,0.00641619695776
2425,1.00440340467,0.00439373805552,0.00219445767713
2426,1.0067110345,0.00668861575799,0.0033387219102
2427,1.00826920451,0.00823520195448,0.00410913528178
2428,1.01127623131,0.0112131285498,0.00559087682467
2429,1.00755654591,0.00752813823597,0.00375699388982
2430,1.00420597441,0.00419715402632,0.00209637653998
2431,1.00883203147,0.00879325721557,0.0043869775854
2432,1.0067902304,0.00676728061488,0.00337792224768
2433,1.0100026209,0.0099529257965,0.00496410082173
2434,1.01002647476,0.00997654314766,0.00497585080848
2435,1.00423165455,0.004222726274,0.00210913577771
2436,1.00697616444,0.00695194358217,0.00346993759473
2437,1.0042828812,0.00427373577162,0.00213458640899
2438,1.0070436148,0.00701892441859,0.00350331124443
2439,1.00574889417,0.00573243234226,0.00286211249517
2440,1.00926684774,0.00922417394304,0.00460146763045
2441,1.00677446823,0.00675162463547,0.00337012066978
2442,1.00882704489,0.00878831428147,0.00438451695758
2443,1.01046608322,0.0104116929439,0.00519231953643
2444,1.00499650491,0.00498406379956,0.00248892936602
2445,1.01007404187,0.0100236369518,0.00499928026885
2446,1.00859384933,0.00855713241816,0.00426942618472
2447,1.00707882067,0.0070538834315,0.0035207293625
2448,1.0068232825,0.00680010925914,0.00339428098925
2449,1.01284987998,0.012768020782,0.00636367589157
2450,1.00837856469,0.00834365935359,0.00416313968396
2451,1.00566636775,0.00565037427272,0.00282120005082
2452,1.0072198746,0.00719393607634,0.00359050669804
2453,1.00607504304,0.00605666436641,0.0030237514105
2454,1.00632146702,0.00630157035656,0.00314582666377
2455,1.00792346491,0.00789223910282,0.00393834385296
2456,1.00985097297,0.00980276844801,0.00488939204112
2457,1.00938338298,0.00933963251846,0.00465892962008
2458,1.00889295888,0.00885364939836,0.00441704075332
2459,1.00790851272,0.00787740433501,0.00393095565386
2460,1.00521476933,0.00520121950267,0.00259723109528
2461,1.00682351353,0.00680033872175,0.00339439533111
2462,1.01108736992,0.0110263556081,0.00549800812982
2463,1.00715226202,0.00712680589814,0.00355706156332
2464,1.01165690334,0.0115894850606,0.00577798539319
2465,1.00855287302,0.00851650442222,0.00424919871042
2466,1.00805310362,0.00802085042877,0.0040023941987
2467,1.00490089464,0.00488892434683,0.00244147690871
2468,1.00770819929,0.00767864290767,0.00383196068236
2469,1.00674702203,0.00672436274504,0.00335653556991
2470,1.00859050711,0.00855381867017,0.00426777638326
2471,1.01047323167,0.0104187673299,0.00519583835697
2472,1.00707046664,0.00704558809541,0.0035165962887
2473,1.00845104808,0.00841553789365,0.00419892869067
2474,1.00925737158,0.00921478474022,0.00459679462013
2475,1.00897972212,0.0089396441589,0.00445984729211
2476,1.00757094369,0.00754242793038,0.00376411186845
2477,1.00965370194,0.00960740269378,0.00479218202608
2478,1.00817324815,0.0081400280471,0.00406174274169
2479,1.00814310747,0.00811013126757,0.00404685495716
2480,1.00642229574,0.00640176067124,0.00319576297963
2481,1.01273768724,0.0126572452822,0.00630863908719
2482,1.00694125911,0.00691727946833,0.00345266552929
2483,1.00722836685,0.00720236742125,0.00359470722524
2484,1.00634750149,0.00632744094359,0.00315872118169
2485,1.00603034668,0.00601223690891,0.00300160460456
2486,1.00785131415,0.00782065296502,0.00390269111142
2487,1.01047794882,0.0104234355774,0.00519816035029
2488,1.00749093593,0.007463018203,0.00372455567303
2489,1.00541332035,0.00539872099618,0.0026957205005
2490,1.00587253809,0.0058553619457,0.0029233994942
2491,1.00751303399,0.00748495171718,0.00373548152391
2492,1.00807264038,0.00804023092663,0.00401204561667
2493,1.01087459852,0.0108158952705,0.00539335101088
2494,1.00650280907,0.00648175702074,0.00323563253233
2495,1.00918349697,0.00914158506147,0.00456036235599
2496,1.0041102031,0.00410177928724,0.00204878800644
2497,1.00832686457,0.00829238749076,0.00413761015127
2498,1.0064507011,0.00642998436987,0.00320982963157
2499,1.00837768187,0.00834278386947,0.00416270376418
2500,1.00774869257,0.00771882564265,0.00385197485946
2501,1.0089520853,0.00891225293114,0.00444621266521
2502,1.00692049788,0.00689666114934,0.00344239191091
2503,1.00945224799,0.00940785502119,0.00469288137045
2504,1.00827145664,0.00823743561254,0.00411024752098
2505,1.00783611405,0.0078055711598,0.0038951796103
2506,1.00681653094,0.00679340343086,0.00339093945024
2507,1.01024433375,0.0101922162021,0.00508314497201
2508,1.0076357735,0.00760676853664,0.00379616056345
2509,1.00329509796,0.00328968101704,0.00164348849975
2510,1.00586790501,0.00585075590435,0.00292110320353
2511,1.00391365954,0.00390602109967,0.00195110466567
2512,1.00741539663,0.00738803774287,0.00368720437726
2513,1.00678471728,0.0067618046685,0.00337519351941
2514,1.00548490767,0.00546992034126,0.00273122357432
2515,1.00433361924,0.0043242561519,0.00215979236072
2516,1.00420529937,0.00419648180827,0.00209604113551
2517,1.01135769394,0.0112936795782,0.00563092635691
2518,1.01060192663,0.0105461202921,0.00525918196862
2519,1.00750755837,0.00747951691572,0.0037327742703
2520,1.00955454225,0.00950918628562,0.0047433079574
2521,1.01030093309,0.0102482400318,0.00511101410789
2522,1.00538438956,0.00536994556401,0.00268137146645
2523,1.00693895164,0.00691498790619,0.00345152370356
2524,1.00784473454,0.0078141245896,0.00389943965752
2525,1.0082720035,0.00823797799165,0.00411051759585
2526,1.01203276647,0.0119609482725,0.00596262669722
2527,1.00467950917,0.00466859430712,0.00233157480063
2528,1.00907025455,0.00902936684435,0.00450450755833
2529,1.00665155665,0.00662953265602,0.00330927855534
2530,1.0063593101,0.00633917500491,0.00316456966288
2531,1.00759177172,0.00756309924561,0.00377440856828
2532,1.00981420988,0.00976636332071,0.00487127831208
2533,1.00822715969,0.00819350109223,0.00408837031141
2534,1.00975145544,0.00970421684418,0.00484035595978
2535,1.00773559366,0.0077058273639,0.00384550073357
2536,1.00533570345,0.00532151901312,0.00265722282343
2537,1.00613137932,0.00611265889588,0.00305166362773
2538,1.00733469769,0.00730792960394,0.00364729719612
2539,1.0085107541,0.00847474182043,0.00422840592123
2540,1.00638907834,0.00636875469751,0.00317931259666
2541,1.01115608366,0.0110943135435,0.00553179970675
2542,1.00844002608,0.0084046082069,0.00419348677891
2543,1.00792720486,0.00789594964001,0.00394019181315
2544,1.010825985,0.0107678035598,0.00536943455573
2545,1.00920894139,0.00916679762011,0.00457291106702
2546,1.00733634497,0.0073095648878,0.00364811185554
2547,1.00785331524,0.0078226384674,0.00390367998772
2548,1.0086654269,0.00862809758649,0.0043047566518
2549,1.00538419193,0.00536974898621,0.00268127344109
2550,1.00801539963,0.00798344694109,0.00398376713243
2551,1.01049461341,0.0104399272246,0.00520636327693
2552,1.00834850721,0.00831385117693,0.00414829753282
2553,1.00729909493,0.00727258545807,0.00362968942291
2554,1.01092925843,0.0108699657153,0.00542024005938
2555,1.00910685558,0.00906563822068,0.00452256139044
2556,1.0037219148,0.00371500561002,0.00185577871434
2557,1.00695450572,0.00693043468075,0.00345922040367
2558,1.00462519201,0.00461452867308,0.00230460464811
2559,1.01151935909,0.0114535164336,0.00571039159444
2560,1.01125401769,0.0111911623736,0.00557995508167
2561,1.00672216828,0.00669967525297,0.00334423318016
2562,1.00852739011,0.00849123730035,0.00423661875253
2563,1.0086842451,0.0086467539425,0.00431404463095
2564,1.00884830209,0.00880938526408,0.00439500620059
2565,1.00831855971,0.00828415117724,0.00413350902539
2566,1.00548778867,0.00547278561869,0.00273265229915
2567,1.00756981961,0.00754131229854,0.00376355615206
2568,1.0087540505,0.00871595595932,0.00434849577304
2569,1.00578966714,0.0057729714291,0.00288232382004
2570,1.00967016413,0.00962370734438,0.00480029525089
2571,1.01436250788,0.0142603441217,0.00710481269208
2572,1.0078567128,0.00782600954046,0.00390535894303
2573,1.0089810622,0.00894097231348,0.0044605084075
2574,1.00909588147,0.00905476308886,0.00451714840154
2575,1.00851092155,0.00847490785375,0.00422848858686
2576,1.00729724246,0.00727074640348,0.00362877323279
2577,1.00973212198,0.00968506991686,0.00483082878948
2578,1.00493617394,0.00492403097314,0.00245898721217
2579,1.00852031803,0.00848422499316,0.00423312744705
2580,1.00426889773,0.00425981183813,0.00212763927898
2581,1.00533074931,0.00531659115837,0.00265476544023
2582,1.00870065082,0.0086630182806,0.00432214168454
2583,1.00851687466,0.00848081070694,0.00423142752905
2584,1.00899236243,0.0089521718952,0.00446608320484
2585,1.00805050382,0.00801827139198,0.00400110984064
2586,1.00704125701,0.00701658311965,0.00350214469542
2587,1.0066522508,0.00663022221764,0.00330962219512
2588,1.00702716199,0.00700258654598,0.0034951708932
2589,1.00721015523,0.00718428632908,0.00358569913655
2590,1.00934183792,0.0092984728114,0.00463844543586
2591,1.00522323133,0.00520963756819,0.00260142918738
2592,1.00990030755,0.00985162058368,0.00491369838347
2593,1.00971492347,0.00966803701851,0.00482235344573
2594,1.00891931021,0.00887976811185,0.00443004234146
2595,1.00498360808,0.00497123100531,0.00248252891833
2596,1.00791538947,0.00788422711166,0.00393435362638
2597,1.00563222583,0.00561642414889,0.00280427273528
2598,1.00360835416,0.00360185966893,0.0017993091334
2599,1.01048234487,0.0104277860325,0.00520032426829
2600,1.00550601681,0.00549091411179,0.0027416917353
2601,1.00814849381,0.00811547408847,0.00404951555325
2602,1.00716943537,0.00714385714852,0.00356555682613
2603,1.01027024188,0.0102178612771,0.00509590224889
2604,1.0084263972,0.00839109330097,0.0041867576405
2605,1.0098090257,0.00976122951147,0.00486872390828
2606,1.006815574,0.00679245296885,0.0033904658306
2607,1.00730148775,0.00727496093559,0.00363087284984
2608,1.0072943335,0.0072678585171,0.0036273345283
2609,1.00606374655,0.00604543602333,0.00301815419911
2610,1.00905860645,0.00901782338098,0.00449876180887
2611,1.01017142748,0.0101200466296,0.00504724296221
2612,1.01038298758,0.0103294545958,0.00515141302525
2613,1.01044914242,0.0103949274696,0.00518398029018
2614,1.00726868703,0.00724239744201,0.00361465008793
2615,1.00949301981,0.00944824424866,0.00471298101031
2616,1.00687512025,0.00685159437474,0.00341993583936
2617,1.01164806309,0.0115807466329,0.00577364141511
2618,1.00975668472,0.00970939561384,0.00484293280773
2619,1.00936684301,0.00932324616873,0.00465077458323
2620,1.00965610273,0.0096097805212,0.0047933652416
2621,1.010444905,0.0103907338568,0.00518189435141
2622,1.00830816918,0.00827384631792,0.00412837788013
2623,1.0093685651,0.00932495227767,0.00465162366997
2624,1.00523659845,0.00522293514767,0.00260806065872
2625,1.00588808013,0.00587081313232,0.00293110247276
2626,1.00628878891,0.00626909699582,0.00312964092978
2627,1.00878755895,0.00874917306927,0.00436503196847
2628,1.00792023492,0.00788903449554,0.00393674785846
2629,1.00954823816,0.00950294183821,0.00474020053852
2630,1.00878126515,0.00874293407402,0.0043619260827
2631,1.00901279818,0.0089724253191,0.00447616463901
2632,1.0100602697,0.0100100020457,0.00499249687503
2633,1.01266319411,0.0125836863754,0.00627209098995
2634,1.00668662862,0.00666437227925,0.00332664056873
2635,1.00712516307,0.00709989902709,0.00354365589232
2636,1.01039480744,0.0103411529308,0.00515723204424
2637,1.009770891,0.00972346452803,0.0048499331728
2638,1.0058783222,0.00586111227687,0.0029262662504
2639,1.00768895677,0.00765954739925,0.00382244946936
2640,1.00918577389,0.00914384125781,0.004561485309
2641,1.01159973134,0.0115329702331,0.00574989085345
2642,1.00444579889,0.00443594552223,0.00221551487704
2643,1.00980384655,0.00975610065902,0.00486617196427
2644,1.00721813508,0.00719220903114,0.00358964627555
2645,1.00926800534,0.00922532090839,0.0046020384741
2646,1.00993725645,0.00988820659465,0.00493190133615
2647,1.00769433999,0.00766488952605,0.0038251103192
2648,1.00435846172,0.00434899113206,0.00217213306327
2649,1.00701396139,0.00698947797741,0.00348863949585
2650,1.00543715066,0.00542242271879,0.00270753934516
2651,1.00795870297,0.00792719953231,0.00395575507243
2652,1.00656173091,0.00654029646897,0.00326480712341
2653,1.00646397387,0.00644317198494,0.00321640225243
2654,1.00469963808,0.00468862925576,0.0023415688684
2655,1.00773848313,0.00770869464673,0.00384692886089
2656,1.00746546409,0.00743773543332,0.00371196129212
2657,1.00841992737,0.00838467750625,0.00418356316871
2658,1.00878150553,0.00874317236652,0.00436204470924
2659,1.00648780311,0.00646684790279,0.00322820206588
2660,1.00736017158,0.00733321769066,0.00365989504326
2661,1.00680895883,0.00678588256555,0.00338719176193
2662,1.00850374103,0.00846778790924,0.0042249436616
2663,1.00881840044,0.0087797454296,0.00438025130764
2664,1.00593314751,0.00591561570022,0.00295343784608
2665,1.00675579538,0.00673307725974,0.00336087819251
2666,1.0074972953,0.00746933026745,0.00372769994547
2667,1.00489693685,0.00488498585603,0.00243951246924
2668,1.01092914148,0.0108698500283,0.00542018252937
2669,1.00582232106,0.00580543685488,0.00289850961362
2670,1.00683213061,0.00680889737054,0.00339866012067
2671,1.00725610171,0.00722990286066,0.00360842535959
2672,1.00854632953,0.0085100164079,0.00424596848245
2673,1.00480690607,0.00479538978505,0.00239482271812
2674,1.01203612455,0.0119642664285,0.00596427588141
2675,1.00869541306,0.0086578256864,0.00431955660565
2676,1.00858940736,0.00855272828981,0.00426723351968
2677,1.00892797695,0.00888835819592,0.00443431834709
2678,1.00780578331,0.00777547579635,0.00388019042922
2679,1.00857048714,0.00853396901441,0.00425789386329
2680,1.00787349446,0.00784266024164,0.00391365174562
2681,1.00919731033,0.00915527262673,0.00456717490518
2682,1.00706734859,0.00704249192761,0.00351505364759
2683,1.00650974151,0.00648864465276,0.00323906519951
2684,1.00401383948,0.00400580551305,0.00200089828528
2685,1.01043565913,0.0103815835223,0.00517734288178
2686,1.01027385968,0.0102214423009,0.00509768363492
2687,1.00475981056,0.00474851847787,0.0023714429148
2688,1.01052348878,0.010468502302,0.005220576328
2689,1.00767993255,0.00765059199067,0.00381798887088
2690,1.01105008336,0.010989477249,0.00547967015996
2691,1.00697600707,0.00695178730139,0.00346985972548
2692,1.00671588226,0.00669343118237,0.00334112158082
2693,1.00732081263,0.00729414555395,0.00364043028473
2694,1.00805603182,0.00802375522309,0.00400384078175
2695,1.00650228492,0.00648123625546,0.00323537299216
2696,1.00404581524,0.00403765293569,0.00201679000834
2697,1.01098611352,0.0109262045513,0.00544820667017
2698,1.00937067367,0.00932704126922,0.00465266330661
2699,1.00623545723,0.0062160972044,0.0031032236192
2700,1.00975583164,0.00970855077363,0.00484251243329
2701,1.01021123752,0.0101594550425,0.00506684752358
2702,1.01148328483,0.011417852358,0.00569266122645
2703,1.00817965186,0.00814637982335,0.00406490572515
2704,1.00731769148,0.0072910470844,0.00363888668864
2705,1.00879756063,0.00875908757358,0.00436996756982
2706,1.00990569111,0.00985695135265,0.00491635066753
2707,1.00943852011,0.00939425558723,0.00468611354072
2708,1.00726554087,0.00723927397893,0.00361309400029
2709,1.01022897197,0.0101770100755,0.00507558052743
2710,1.00774930183,0.00771943021814,0.00385227598275
2711,1.00711981194,0.007094585746,0.00354100866248
2712,1.00602649622,0.00600840952006,0.00299969665247
2713,1.01268066632,0.0126009399546,0.00628066363459
2714,1.01055013698,0.0104948726382,0.00523369257543
2715,1.01131331008,0.0112497931992,0.00560910648849
2716,1.00637579804,0.00635555862655,0.0031727355167
2717,1.00426157864,0.00425252383098,0.00212400302191
2718,1.01321852909,0.0131319266684,0.0065444544981
2719,1.00704731636,0.00702260008432,0.00350514263711
2720,1.00951933035,0.00947430702901,0.00472595089928
2721,1.0064366866,0.00641605960267,0.00320288957187
2722,1.00709253566,0.0070675019248,0.00352751461253
2723,1.01000137195,0.00995168921777,0.00496348560143
2724,1.0085615057,0.00852506385866,0.00425346023415
2725,1.01120937906,0.0111470195463,0.00555800658332
2726,1.0082057527,0.00817226856601,0.0040777973954
2727,1.01023133613,0.0101793502948,0.00507674469741
2728,1.00642316532,0.00640262470551,0.00319619361605
2729,1.00640370208,0.00638328549544,0.00318655487034
2730,1.00520082682,0.00518734923042,0.00259031394733
2731,1.00657037591,0.00654888506977,0.00326908739456
2732,1.00885006622,0.00881113392139,0.00439587668618
2733,1.008169636,0.0081364451725,0.00405995857915
2734,1.00297796829,0.0029735429235,0.00148566676461
2735,1.00760712493,0.0075783366577,0.0037819984893
2736,1.00960813643,0.00956227183665,0.00476972448178
2737,1.00882123821,0.00878255839283,0.00438165162753
2738,1.00890249365,0.00886310007843,0.00442174521022
2739,1.00860777356,0.00857093790714,0.00427629943473
2740,1.00464339385,0.00463264655527,0.00231364267099
2741,1.0074062325,0.00737894102909,0.00368267278079
2742,1.00971905915,0.00967213290496,0.00482439151096
2743,1.00708172205,0.00705676441816,0.00352216478321
2744,1.00999709371,0.00994745333232,0.00496137816885
2745,1.01070935907,0.0106524200471,0.00531205091621
2746,1.00492344345,0.00491136293651,0.00245266874912
2747,1.00922911223,0.00918678420385,0.00458285861075
2748,1.00721973479,0.00719379727406,0.00359043754608
2749,1.00902770294,0.00898719683505,0.00448351730996
2750,1.00914315463,0.00910160904181,0.00454046529988
2751,1.00684702299,0.00682368857796,0.00340603056198
2752,1.01124488933,0.0111821355595,0.00557546684913
2753,1.00965752773,0.00961119189736,0.00479406754681
2754,1.00873555912,0.00869762487802,0.00433937004689
2755,1.00681249656,0.00678939635637,0.00338894270486
2756,1.01175678348,0.0116882094553,0.00582706116523
2757,1.00528874357,0.00527480728562,0.00263392874939
2758,1.01021029147,0.0101585185615,0.0050663816555
2759,1.00691948305,0.00689565328896,0.00344188971532
2760,1.00763208611,0.00760310907948,0.00379433777915
2761,1.01085119418,0.0107927424399,0.00538183696459
2762,1.00464246869,0.00463172566603,0.00231318329157
2763,1.00534290331,0.00532868064467,0.00266079411779
2764,1.01179942018,0.011730349822,0.00584800835067
2765,1.00827873709,0.00824465630965,0.00411384302362
2766,1.00516464629,0.00515135524963,0.00257236341326
2767,1.0101464202,0.0100952908424,0.0050349274666
2768,1.00947749664,0.00943286692831,0.00470532855722
2769,1.00836247303,0.00832770126608,0.00415519382638
2770,1.00782030144,0.00778988137713,0.00388736524558
2771,1.00852152757,0.00848542431006,0.00423372456689
2772,1.00751229901,0.00748422221639,0.00373511813597
2773,1.00822114706,0.00818753750947,0.00408540070627
2774,1.0088522122,0.00881326107316,0.00439693558615
2775,1.00765511649,0.00762596476059,0.00380572219356
2776,1.00662363871,0.00660179879898,0.00329545742052
2777,1.00410868226,0.00410026466999,0.0020480322491
2778,1.00636397721,0.00634381261122,0.00316688112534
2779,1.0110588374,0.0109981355761,0.00548397559178
2780,1.0096581809,0.00961183882005,0.00479438945741
2781,1.0068678525,0.00684437623225,0.00341633910442
2782,1.01070148717,0.0106446315206,0.00530817733195
2783,1.00746019403,0.00743250441394,0.0037093554877
2784,1.00873826963,0.00870031191724,0.00434070773557
2785,1.00547876732,0.00546381347137,0.00272817847434
2786,1.0086256624,0.00858867392679,0.00428512948314
2787,1.00734285711,0.00731602958086,0.0036513324049
2788,1.00736553619,0.00733854309315,0.00366254799576
2789,1.00392342558,0.00391574901396,0.00195595912092
2790,1.00549701346,0.00548196002204,0.00273722695511
2791,1.00870643976,0.00866875727445,0.00432499877499
2792,1.00275555709,0.00275176750288,0.00137493765735
2793,1.01099968941,0.0109396328279,0.00545488420603
2794,1.00649616735,0.006475158187,0.00323234378574
2795,1.0085986498,0.00856189197394,0.00427179579951
2796,1.00944007841,0.00939579931556,0.00468688178755
2797,1.00590803505,0.00589065104436,0.00294099230625
2798,1.00611840832,0.00609976686113,0.00304523726072
2799,1.0057704503,0.00575386502396,0.00287279810739
2800,1.0041968957,0.00418811330002,0.00209186564302
2801,1.01255200706,0.0124738836816,0.00621753249165
2802,1.00989160381,0.00984300213809,0.00490941032566
2803,1.00697176058,0.00694757022197,0.00346775849989
2804,1.00665646661,0.00663441015675,0.00331170923224
2805,1.01250394195,0.0124264132714,0.00619394458106
2806,1.00998614997,0.00993661785846,0.00495598729676
2807,1.0043714039,0.00436187706851,0.00217856201581
2808,1.0100871768,0.0100366407929,0.00500574966342
2809,1.00512201361,0.00510894071761,0.00255121047575
2810,1.00803970313,0.0080075568962,0.00399577401339
2811,1.00592036125,0.0059029047724,0.0029471011325
2812,1.01058112539,0.0105255370635,0.00524894442709
2813,1.0109040004,0.0108449804327,0.00540781505358
2814,1.00656207653,0.00654063983466,0.00326497824573
2815,1.01195917405,0.0118882282073,0.00592648280886
2816,1.00483618484,0.00482452806539,0.0024093568619
2817,1.00930033745,0.00925735560582,0.00461798198267
2818,1.0054680549,0.00545315936185,0.00272286593858
2819,1.00980462779,0.0097568743109,0.00486655690777
2820,1.00639922266,0.0063788345704,0.00318433649691
2821,1.00806440118,0.00803205766331,0.00400797537245
2822,1.00351208806,0.00350593507638,0.00175143198798
2823,1.00514714988,0.00513394858079,0.0025636824292
2824,1.00927215867,0.00922943608728,0.00460408659233
2825,1.00513898919,0.00512582964749,0.00255963336152
2826,1.00935107323,0.00930762261118,0.00464299910491
2827,1.00770562816,0.00767609144258,0.00383068983756
2828,1.00879878952,0.00876030574424,0.00437057399328
2829,1.00868307467,0.00864559358723,0.00431346695606
2830,1.01019244261,0.0101408499415,0.00505759206466
2831,1.01060074659,0.0105449526326,0.00525860120914
2832,1.00645499751,0.00643425323614,0.00321195721126
2833,1.00937938847,0.00933567512908,0.00465696014204
2834,1.00497720989,0.00496486452398,0.00247935357509
2835,1.00855154775,0.00851519039079,0.00424854448628
2836,1.00779524984,0.00776502385812,0.00387498472426
2837,1.00785555778,0.00782486352826,0.00390478817457
2838,1.00759922682,0.00757049815071,0.00377809405077
2839,1.00753882229,0.00751054738602,0.00374823147067
2840,1.00656784839,0.00654637404844,0.00326783598748
2841,1.00649969389,0.006478661961,0.00323409000851
2842,1.00770584784,0.00767630943855,0.003830798418
2843,1.0077830465,0.00775291483822,0.00386895365719
2844,1.01035354289,0.0103003120644,0.00513691671656
2845,1.00802349904,0.00799148191831,0.00398776860827
2846,1.00758491699,0.00755629613876,0.00377101984795
2847,1.00888904941,0.00884977437911,0.00441511179988
2848,1.00777319495,0.00774313931882,0.0038640847961
2849,1.01103053968,0.0109701469815,0.00547005794151
2850,1.0079434094,0.00791202660795,0.00394819859177
2851,1.0088761357,0.00883697437335,0.00440874003334
2852,1.00756052246,0.00753208495182,0.00375895983191
2853,1.00713691089,0.00711156366935,0.00354946752876
2854,1.00524082447,0.00522713914522,0.00261015717315
2855,1.01042916365,0.0103751551055,0.00517414530931
2856,1.00918322033,0.00914131094534,0.00456022592295
2857,1.00665920137,0.00663712683751,0.00331306307327
2858,1.0073814168,0.00735430746594,0.00367040128232
2859,1.00795330716,0.00792184631353,0.00395308904749
2860,1.01077071665,0.010713125648,0.00534224202286
2861,1.00813944054,0.00810649395173,0.00404504365744
2862,1.00880756843,0.00876900804758,0.0043749061185
2863,1.00734740063,0.0073205399726,0.00365357936377
2864,1.01035668192,0.0103034189286,0.00513846216761
2865,1.00615769395,0.00613881282612,0.00306470060111
2866,1.00695279648,0.00692873724763,0.00345837462264
2867,1.00459109034,0.00458058342713,0.00228767099661
2868,1.01145636552,0.011391238304,0.00567942986381
2869,1.00824428,0.00821048155847,0.00409682579742
2870,1.00770156703,0.00767206135785,0.00382868251218
2871,1.01195560744,0.0118847037378,0.00592473101644
2872,1.00841090456,0.00837572999813,0.00417910812091
2873,1.00550654696,0.00549144136265,0.00274195463792
2874,1.01136359922,0.0112995185301,0.00563382938929
2875,1.00708273414,0.00705776938526,0.0035226654968
2876,1.00573146427,0.00571510191796,0.0028534720464
2877,1.00523274552,0.00521910228086,0.00260614922165
2878,1.01183166849,0.0117622215489,0.0058638508948
2879,1.00698031287,0.00695606326513,0.00347199028658
2880,1.00879127956,0.00875286126197,0.00436686801358
2881,1.00659805458,0.00657638269673,0.00328279116775
2882,1.01011964365,0.0100687829013,0.00502174014148
2883,1.00873151451,0.00869361529092,0.00433737395087
2884,1.0064013653,0.00638096357897,0.00318539761089
2885,1.00455798692,0.00454763075783,0.00227123221897
2886,1.00929494979,0.00925201757375,0.00461532528856
2887,1.00802333692,0.00799132108477,0.00398768851218
2888,1.00791060427,0.00787947947471,0.00393198914454
2889,1.00995875727,0.0099094956315,0.00494249330049
2890,1.00670640672,0.00668401881469,0.00333643110988
2891,1.00716431982,0.00713877799973,0.00356302630351
2892,1.00740577535,0.00737848723805,0.00368244672082
2893,1.00525537776,0.00524161645755,0.00261737690916
2894,1.00574360053,0.00572716894013,0.00285948832288
2895,1.00691546686,0.00689166469115,0.00343990227859
2896,1.00678688274,0.00676395552639,0.003376265318
2897,1.00641474795,0.00639426101949,0.0031920251303
2898,1.01100497525,0.0109448611391,0.00545748409829
2899,1.00802309338,0.00799107948751,0.00398756819525
2900,1.00869282831,0.00865526321725,0.00431828090462
2901,1.00831246459,0.00827810632277,0.00413049908684
2902,1.00907327857,0.00903236368112,0.00450599922596
2903,1.00633525623,0.00631527284671,0.00315265633261
2904,1.00670092301,0.00667857162175,0.0033337165968
2905,1.00626115303,0.00624163344168,0.00311595203425
2906,1.01126773114,0.0112047231218,0.00558669759874
2907,1.00804741998,0.00801521216929,0.00399958634827
2908,1.00935367485,0.0093102001236,0.0046442818766
2909,1.00940996525,0.00936596732153,0.00467203558933
2910,1.00619255202,0.00617345695762,0.00308196943035
2911,1.00924668315,0.00920419429343,0.00459152372383
2912,1.00785456642,0.00782387989705,0.00390429827928
2913,1.00423983971,0.0042308769105,0.00211320249228
2914,1.00932072031,0.00927755043438,0.00462803271653
2915,1.00580214576,0.00578537814005,0.00288850927625
2916,1.00827206599,0.0082380399712,0.00411054845824
2917,1.00717505217,0.00714943395494,0.00356833528325
2918,1.00922201267,0.00917974954475,0.00457935739446
2919,1.00941644172,0.00937238339468,0.00467522863272
2920,1.00865908135,0.00862180652852,0.00430162465863
2921,1.00786513887,0.00783436989922,0.00390952278861
2922,1.00989410137,0.00984547523206,0.00491064080117
2923,1.00802184088,0.00798983694983,0.00398694940356
2924,1.00765349944,0.00762436000192,0.00380492286754
2925,1.00917582661,0.00913398447159,0.00455657938459
2926,1.00562847112,0.00561269046622,0.00280241112734
2927,1.00304971941,0.00304507845211,0.00152138075122
2928,1.01093988157,0.0108804739491,0.00542546568395
2929,1.00972542016,0.00967843266159,0.00482752618809
2930,1.00820289424,0.00816943336316,0.00407638557366
2931,1.01105877828,0.0109980771039,0.005483946516
2932,1.00721754038,0.00719161858834,0.00358935211385
2933,1.00584926592,0.00583222537991,0.0029118649633
2934,1.00893304461,0.00889338100707,0.00443681861315
2935,1.01041002655,0.0103562153478,0.00516472438438
2936,1.00531827193,0.00530417986164,0.00264857624721
2937,1.0078935287,0.00786253777965,0.00392355156855
2938,1.00665445017,0.00663240705274,0.00331071099658
2939,1.01190359722,0.0118333066635,0.00589918440794
2940,1.00964165781,0.00959547365425,0.00478624607168
2941,1.00718571559,0.00716002134707,0.00357361007567
2942,1.00901824069,0.0089778191962,0.004478849502
2943,1.0106315439,0.0105754264284,0.00527375786679
2944,1.00531656828,0.0053024852241,0.00264773117227
2945,1.005848351,0.00583131578183,0.00291141148847
2946,1.00736541868,0.00733842644616,0.00366248988587
2947,1.00952176014,0.00947671390337,0.00472714864835
2948,1.00854046884,0.00850420536,0.00424307529106
2949,1.0036128053,0.00360629479407,0.00180152270344
2950,1.00869286471,0.00865529930129,0.00431829886873
2951,1.00750568521,0.00747765771339,0.0037318481387
2952,1.00936238612,0.00931883062818,0.00464857707837
2953,1.00949910347,0.00945427067772,0.0047159800191
2954,1.0088962333,0.00885689495583,0.00441865636286
2955,1.00928261969,0.00923980095039,0.00460924515016
2956,1.0075772447,0.00754868157549,0.00376722691643
2957,1.00988937775,0.00984079787742,0.00490831360553
2958,1.00601275719,0.00599475270322,0.00299288870396
2959,1.00521557089,0.00520201690738,0.00259762876204
2960,1.00740367012,0.00737639748456,0.00368140569124
2961,1.01026225365,0.0102099542253,0.00509196886201
2962,1.00908286193,0.00904186082067,0.00451072638747
2963,1.00995948671,0.00991021788525,0.00494285264243
2964,1.01135262843,0.0112886709464,0.00562843613953
2965,1.01024987078,0.0101976970661,0.00508587147025
2966,1.01491840424,0.0148082193479,0.0073767667788
2967,1.01166565914,0.011598139936,0.0057822878177
2968,1.00805566012,0.00802338649658,0.00400365715663
2969,1.00706002629,0.00703522099003,0.00351143095109
2970,1.00825417139,0.00822029202434,0.00410171092249
2971,1.00811661806,0.00808385547974,0.00403377014445
2972,1.00765637177,0.00762721050656,0.00380634269587
2973,1.00703147773,0.00700687216239,0.00349730620963
2974,1.0121289681,0.0120560015772,0.00600986884326
2975,1.00891334695,0.00887385755289,0.00442710014964
2976,1.00853364355,0.00849743784138,0.00423970588359
2977,1.00640389578,0.00638347796591,0.00318665079891
2978,1.00658218088,0.00656061292288,0.00327493213429
2979,1.00590863211,0.00589124460052,0.00294128821147
2980,1.00660871539,0.0065869735725,0.00328806920785
2981,1.01016815333,0.0101168054422,0.00504563054672
2982,1.00971544635,0.00966855486842,0.00482261112202
2983,1.00894013038,0.00890040401027,0.00444031452872
2984,1.00746251549,0.00743480867888,0.00371050334584
2985,1.00863202319,0.00859498029821,0.00428826915209
2986,1.00800332764,0.00797147087211,0.00397780293502
2987,1.00843832632,0.00840292267205,0.00419264754527
2988,1.0066364324,0.00661450822851,0.00330179117347
2989,1.00961770933,0.00957175358728,0.00477444273324
2990,1.00499643586,0.00498399509192,0.00248889509771
2991,1.00875710424,0.00871898319551,0.00435000280803
2992,1.00716245681,0.0071369282459,0.00356210472153
2993,1.00650333669,0.00648228123695,0.00323589379232
2994,1.00915340368,0.00911176517495,0.00454552029683
2995,1.01211373511,0.0120409510202,0.00600238876255
2996,1.01052151766,0.0104665517118,0.00521960612401
2997,1.00668559122,0.00666334176278,0.00332612702443
2998,1.00728193064,0.00725554539326,0.00362120027941
2999,1.00730686234,0.00728029655355,0.0036335309688
3000,1.00530057308,0.00528657448989,0.00263979683728
3001,1.01007370713,0.0100233055432,0.00499911539292
3002,1.00545034308,0.0054355437054,0.00271408205421
3003,1.00809904045,0.00806641923544,0.00402508715135
3004,1.00594832072,0.00593069930055,0.00296095734365
3005,1.00578193661,0.00576528536962,0.00287849185979
3006,1.00850744744,0.00847146305236,0.00422677346784
3007,1.00979550895,0.00974784396534,0.0048620636982
3008,1.00647837869,0.00645748419096,0.00322353531302
3009,1.00842964588,0.00839431483274,0.0041883616612
3010,1.0109535025,0.0108939473922,0.00543216583308
3011,1.00649705253,0.0064760376617,0.00323278210161
3012,1.00739452258,0.00736731713247,0.00367688221916
3013,1.00508878512,0.00507588101525,0.00253472265942
3014,1.00897672989,0.00893667856321,0.00445837110623
3015,1.00649581215,0.00647480528448,0.00323216790482
3016,1.01326803243,0.0131807829932,0.00656872249511
3017,1.00761177088,0.00758294752133,0.00378429519933
3018,1.00596082314,0.00594312772103,0.00296715313463
3019,1.00789817677,0.00786714943814,0.00392584834811
3020,1.00802488247,0.00799285433151,0.0039884520782
3021,1.00526881596,0.00525498430916,0.00262404331833
3022,1.00720703034,0.00718118380454,0.00358415343544
3023,1.0088026193,0.00876410211788,0.00437246388214
3024,1.00878243362,0.00874409237168,0.00436250270516
3025,1.00402951949,0.00402142271841,0.00200869123331
3026,1.0063052458,0.00628545090622,0.00313779226071
3027,1.00733981848,0.00731301310018,0.00364982967051
3028,1.00696106282,0.00693694647008,0.00346246503019
3029,1.00299665011,0.00299216910432,0.00149496597556
3030,1.00820755516,0.00817405634827,0.00407868764102
3031,1.00563800896,0.0056221748769,0.00280714003186
3032,1.00790378477,0.00787271347149,0.00392861943915
3033,1.0064418199,0.00642116005328,0.00320543162584
3034,1.00728058897,0.00725421342837,0.0036205367084
3035,1.00788227212,0.00785136929971,0.0039179892231
3036,1.01096641847,0.0109067233378,0.00543851908509
3037,1.01103330777,0.0109728848667,0.00547141939495
3038,1.00857602814,0.00853946291869,0.00426062911544
3039,1.00900726232,0.00896693889007,0.00447343369982
3040,1.01300675142,0.0129228900268,0.00644061476623
3041,1.00694794587,0.00692392011257,0.00345597438195
3042,1.00642993301,0.00640934917553,0.00319954509907
3043,1.00471140302,0.0047003390953,0.00234741006138
3044,1.00756217358,0.00753372368651,0.00375977611896
3045,1.00656530605,0.00654384829333,0.00326657723601
3046,1.00584708197,0.00583005412603,0.00291078249697
3047,1.00743242048,0.0074049361411,0.00369562238689
3048,1.00465756051,0.00464674763948,0.00232067687586
3049,1.00828481963,0.0082506888913,0.00411684690137
3050,1.00583392018,0.00581696876762,0.00290425884074
3051,1.00978015474,0.00973263858955,0.00485449794629
3052,1.00903650548,0.0089959205782,0.00448785961554
3053,1.00771175966,0.00768217603609,0.00383372047561
3054,1.00699015531,0.00696583743601,0.0034768603922
3055,1.00659168471,0.00657005455485,0.00327963747881
3056,1.00693256589,0.00690864613769,0.00344836375868
3057,1.00724943231,0.00722328148059,0.00360512661047
3058,1.00875599318,0.00871788178287,0.00434945449714
3059,1.01059069222,0.0105350036822,0.0052536528804
3060,1.01000883034,0.00995907372129,0.00496715951997
3061,1.00774516902,0.00771532917146,0.0038502333565
3062,1.0069679711,0.00694380697173,0.00346588339803
3063,1.00675692881,0.00673420308373,0.00336143921246
3064,1.00630594245,0.00628614318561,0.00313813731423
3065,1.00598732285,0.00596947005784,0.00298028513568
3066,1.00996229834,0.00991300178324,0.00494423771027
3067,1.00469135431,0.00468038420408,0.00233745598727
3068,1.00591831258,0.00590086815871,0.00294608582619
3069,1.00526575159,0.00525193600016,0.00262252316212
3070,1.00694451354,0.00692051146074,0.00345427594469
3071,1.00759255062,0.00756387227528,0.00377479362418
3072,1.00693741806,0.00691346489325,0.00345076482516
3073,1.00421937977,0.00421050315204,0.00210303708821
3074,1.00700027668,0.00697588849506,0.00348186843607
3075,1.00676218956,0.00673942851323,0.00336404314133
3076,1.01410151994,0.0140030184428,0.00697705575936
3077,1.00663241596,0.00661051826184,0.00329980277517
3078,1.00548533276,0.00547034311743,0.00273143438503
3079,1.00624480828,0.00622539026896,0.00310785572149
3080,1.00789571207,0.00786470404977,0.00392463045329
3081,1.00587148795,0.00585431794208,0.00292287901827
3082,1.00638180372,0.00636152623127,0.00317570984781
3083,1.00733136574,0.00730462191079,0.00364564938025
3084,1.00968316336,0.00963658199082,0.00480670165243
3085,1.00698150524,0.00695724737239,0.00347258028442
3086,1.00949403172,0.00944924663816,0.00471347984281
3087,1.01063782342,0.0105816398737,0.00527684820057
3088,1.00901789833,0.00897747989352,0.00447868061048
3089,1.00848628182,0.00845047576553,0.00421632412385
3090,1.00635879745,0.00633866559936,0.0031643157661
3091,1.00698439316,0.00696011526582,0.00347400925062
3092,1.0053534156,0.00533913700957,0.00266600837549
3093,1.00670811369,0.00668571440607,0.0033372760766
3094,1.00870991213,0.00867219966687,0.00432671252555
3095,1.00751326319,0.00748517921206,0.00373559484644
3096,1.00820275655,0.00816929679356,0.00407631756722
3097,1.00488036481,0.00486849443093,0.0024312868383
3098,1.00710295987,0.00707785267241,0.00353267171679
3099,1.00656697078,0.00654550216668,0.00326740147109
3100,1.00500686982,0.00499437713254,0.00249407318467
3101,1.00901538079,0.00897498485101,0.0044774386757
3102,1.00867722085,0.00863979014341,0.00431057774644
3103,1.00718043628,0.00715477969173,0.0035709986104
3104,1.00884276527,0.00880389698559,0.0043922741181
3105,1.01093947049,0.0108800673186,0.00542526347179
3106,1.008709463,0.00867175441794,0.0043264908643
3107,1.00488930239,0.00487738856806,0.0024357230849
3108,1.00624178657,0.00622238730051,0.00310635890253
3109,1.00990542312,0.00985668599279,0.00491621863989
3110,1.00612915652,0.0061104496354,0.00305056236784
3111,1.0069512982,0.00692724930515,0.00345763322406
3112,1.0087608635,0.00872270981496,0.00435185801063
3113,1.0081949665,0.00816157009484,0.00407246995866
3114,1.00493662273,0.00492447756045,0.00245920995673
3115,1.00645014588,0.00642943270568,0.00320955468481
3116,1.00626779223,0.00624823131277,0.00311924068505
3117,1.00600657835,0.0059886107716,0.0029898269245
3118,1.00746499459,0.00743726941275,0.00371172914674
3119,1.00652092365,0.00649975440477,0.00324460206753
3120,1.00829494889,0.00826073487433,0.00412184920143
3121,1.00569435008,0.00567819855394,0.002835072846
3122,1.00684571182,0.00682238632831,0.00340538165469
3123,1.00805620873,0.00802393072296,0.00400392818034
3124,1.0062461939,0.00622676728261,0.00310854208829
3125,1.00561998577,0.00560425257413,0.00279820399564
3126,1.00795632408,0.00792483942135,0.00395457968427
3127,1.00310745309,0.00310263493832,0.0015501147982
3128,1.00582582717,0.00580892266276,0.00290024746422
3129,1.01072410251,0.0106670071599,0.00531930570243
3130,1.00596152542,0.005943825838,0.00296750115734
3131,1.00971080109,0.00966395429384,0.00482032192549
3132,1.01093216693,0.0108728427588,0.00542167078296
3133,1.00785273129,0.00782205906922,0.00390339141948
3134,1.0064085039,0.00638805675371,0.0031889328947
3135,1.00626195898,0.00624243438148,0.00311635125623
3136,1.00563202859,0.00561622801817,0.00280417494492
3137,1.00892621636,0.00888661318284,0.00443344970914
3138,1.00740294643,0.00737567911268,0.00368104782755
3139,1.01055226757,0.0104969809886,0.00523474123286
3140,1.00835297506,0.00831828202478,0.00415050376407
3141,1.00934757324,0.00930415503293,0.00464127336426
3142,1.00824123881,0.00820746523436,0.00409532381291
3143,1.00868100642,0.00864354313853,0.00431244615346
3144,1.00814116813,0.00810820759481,0.00404589701273
3145,1.00808040862,0.00804793692001,0.00401588314757
3146,1.00605546533,0.00603720468437,0.00301405094291
3147,1.00669097185,0.00666868664485,0.00332879057304
3148,1.00798325633,0.00795155873164,0.00396788641871
3149,1.01118002277,0.011117988254,0.00554357151047
3150,1.00691830315,0.00689448149305,0.00344130583379
3151,1.0049254276,0.00491333736079,0.00245365353947
3152,1.00611834654,0.00609970545731,0.00304520665231
3153,1.00642438716,0.00640383874308,0.0031967986945
3154,1.00693271142,0.00690879066991,0.00344843577559
3155,1.00821998873,0.00818638863027,0.00408482861332
3156,1.00903493469,0.0089943638497,0.00448708474417
3157,1.00683908076,0.00681580033565,0.00340209986687
3158,1.01015987724,0.0101086126267,0.00504155479961
3159,1.01061901268,0.010563026959,0.00526759080891
3160,1.01022261058,0.0101707130824,0.00507244800637
3161,1.00682354757,0.00680037253748,0.00339441218159
3162,1.00724540411,0.00721928226619,0.00360313421011
3163,1.00570371735,0.00568751273802,0.00283971672403
3164,1.00631282405,0.00629298164198,0.00314154580659
3165,1.00920321922,0.00916112765069,0.00457008904244
3166,1.01413995575,0.0140409190696,0.00699587367706
3167,1.01060018118,0.0105443931531,0.00525832294039
3168,1.00948885418,0.00944411778328,0.00471092749947
3169,1.00815722599,0.00812413565411,0.00405382878916
3170,1.00352204568,0.00351585780554,0.00175638465078
3171,1.00345457151,0.00344861818603,0.00172282332619
3172,1.00819238226,0.00815900685782,0.00407119355869
3173,1.00770566295,0.0076761259652,0.00383070703275
3174,1.00777019586,0.00774016335859,0.00386260256456
3175,1.00608068956,0.00606227677115,0.00302654912368
3176,1.01008707615,0.0100365411493,0.005005700091
3177,1.00563491794,0.00561910117741,0.00280560749509
3178,1.0084936676,0.00845779936266,0.00421997047641
3179,1.00693292078,0.00690899859183,0.00344853937804
3180,1.00738109352,0.00735398654874,0.00367024141265
3181,1.00610427484,0.00608571923207,0.00303823481078
3182,1.0081564172,0.00812333340591,0.00405342929106
3183,1.00684913943,0.00682579062838,0.00340707800681
3184,1.00793525728,0.0079039386963,0.00394417059415
3185,1.00788418651,0.00785326870837,0.00391893520605
3186,1.00952680028,0.0094817064949,0.00472963314066
3187,1.0115433785,0.0114772620245,0.0057221965215
3188,1.00527225769,0.00525840800203,0.00262575067134
3189,1.00755678226,0.00752837281325,0.0037571107378
3190,1.00420684275,0.0041980187302,0.00209680798545
3191,1.00640054948,0.00638015294594,0.00318499358539
3192,1.00587780827,0.00586060134815,0.00292601153357
3193,1.00358157624,0.00357517767374,0.00178599205155
3194,1.00699888979,0.00697451124353,0.00348118220778
3195,1.01023753135,0.0101854827549,0.00507979535631
3196,1.0065998746,0.00657819078426,0.00328369224333
3197,1.00818341863,0.00815011601938,0.00406676622779
3198,1.00792566981,0.00789442666491,0.00393943332572
3199,1.00847648799,0.00844076429393,0.00421148884967
3200,1.01029799468,0.0102453315691,0.00510956730809
3201,1.00636532527,0.00634515215126,0.00316754877405
3202,1.00705128355,0.00702653950508,0.00350710544144
3203,1.00819347769,0.00816009338385,0.00407173460982
3204,1.0074962793,0.0074683218307,0.00372719760655
3205,1.0109402577,0.0108808460084,0.00542565070429
3206,1.007406657,0.00737936240664,0.00368288269365
3207,1.01023029088,0.0101783156378,0.0050762299951
3208,1.00852385933,0.00848773636897,0.00423487570137
3209,1.00975372229,0.00970646180314,0.00484147300543
3210,1.00483488213,0.00482323162735,0.00240871020446
3211,1.00986016224,0.00981186804241,0.00489391958227
3212,1.01124854279,0.0111857483955,0.00557726319389
3213,1.0077168509,0.00768722830094,0.00383623692037
3214,1.00932530591,0.00928209368145,0.00463029382435
3215,1.00978838786,0.00974079193492,0.00485855482051
3216,1.00930224295,0.0092592435413,0.00461892159074
3217,1.00904959307,0.0090088908791,0.00449431564061
3218,1.00681222851,0.00678913012754,0.00338881004156
3219,1.00586981588,0.00585265562903,0.00292205029077
3220,1.00601117617,0.00599318113038,0.002992105269
3221,1.00727462023,0.00724828780515,0.00361758461938
3222,1.00815336432,0.0081203052214,0.00405192133494
3223,1.0088945559,0.00885523233969,0.00441782872771
3224,1.00586829513,0.00585114375512,0.00292129656242
3225,1.00912915905,0.00908774016979,0.00453356232551
3226,1.00536615401,0.00535180750849,0.00267232671511
3227,1.00630958692,0.00628976480885,0.00313994244165
3228,1.00861404185,0.00857715268513,0.0042793935308
3229,1.00893339583,0.00889372911242,0.00443699189357
3230,1.0072382424,0.00721217204551,0.00359959190301
3231,1.00858347715,0.0085468485659,0.00426430619851
3232,1.00779518548,0.00776495999964,0.00387495291874
3233,1.00926621969,0.00922355165631,0.00460115791875
3234,1.00689081783,0.00686718465383,0.00342770428975
3235,1.00686465681,0.00684120232682,0.00341475757201
3236,1.00270131019,0.00269766820712,0.0013479248357
3237,1.01171843077,0.0116503016865,0.00580821754772
3238,1.00618444955,0.00616540432348,0.00307795551418
3239,1.00811011352,0.00807740328846,0.00403055705695
3240,1.00689452264,0.00687086409955,0.0034295377049
3241,1.00948328871,0.00943860461015,0.00470818389521
3242,1.0082971838,0.008262951395,0.00412295289307
3243,1.01179089174,0.0117219207944,0.00584381847455
3244,1.00995326527,0.00990405777257,0.00493978780564
3245,1.00536181746,0.00534749409643,0.00267017577018
3246,1.00980328415,0.00975554371991,0.00486589484976
3247,1.00625145885,0.00623199954022,0.00311115008134
3248,1.00676121433,0.00673845982336,0.00336356042564
3249,1.01049413981,0.0104394585501,0.00520613015974
3250,1.00952542044,0.00948033967409,0.0047289529623
3251,1.0081713678,0.00813816293926,0.00406081397513
3252,1.00881281407,0.00877420787962,0.00437749465676
3253,1.00587147039,0.00585430048176,0.00292287031363
3254,1.00778145772,0.00775133832796,0.00386816845147
3255,1.00822056454,0.00818695974239,0.0040851130029
3256,1.0067643405,0.00674156500249,0.00336510779177
3257,1.00551864198,0.00550347007361,0.00274795248427
3258,1.00605275998,0.00603451561462,0.00301271045963
3259,1.00744744548,0.00741985017868,0.00370305181966
3260,1.00830509563,0.00827079809358,0.00412686005891
3261,1.00699733623,0.00697296847685,0.00348041350947
3262,1.00619366874,0.00617456681217,0.0030825226472
3263,1.00382407453,0.00381678134623,0.00190657085346
3264,1.00996631041,0.00991697426241,0.00494621412744
3265,1.00606719235,0.00604886104261,0.00301986153866
3266,1.00864464414,0.00860749315588,0.00429449873219
3267,1.00630370412,0.00628391887633,0.00313702864907
3268,1.0056916739,0.00567553752555,0.00283374610303
3269,1.00846754284,0.00843189429534,0.00420707251853
3270,1.00867591212,0.0086384926699,0.00430993180591
3271,1.0081403274,0.0081073736485,0.00404548172653
3272,1.00714238501,0.00711699898832,0.00355217553833
3273,1.00996676639,0.00991742574432,0.00494643875181
3274,1.00933669192,0.00929337443338,0.00463590806789
3275,1.00876722768,0.0087290186996,0.00435499872031
3276,1.0073631583,0.0073361825889,0.00366137206567
3277,1.00751148466,0.00748341393847,0.00373471550643
3278,1.01006430173,0.0100139939093,0.00499448284017
3279,1.00697982739,0.00695558115054,0.0034717500662
3280,1.0091718535,0.0091300474848,0.00455461985886
3281,1.00670320987,0.00668084325969,0.00333484862863
3282,1.00595401468,0.00593635957415,0.00296377909654
3283,1.00715085611,0.00712540997072,0.00355636608207
3284,1.01007132368,0.0100209458661,0.00499794145182
3285,1.00652464288,0.00650344953038,0.00324644363403
3286,1.00776308638,0.00773310867419,0.00385908884089
3287,1.00505378904,0.00504106151086,0.00251735688496
3288,1.01388485327,0.0137893417848,0.00687095717975
3289,1.01083584881,0.0107775616797,0.00537428740607
3290,1.00736870498,0.00734168870594,0.00366411504044
3291,1.00826317551,0.00822922238751,0.00410615777926
3292,1.00922510062,0.0091828092762,0.00458088025322
3293,1.00586013449,0.00584303069373,0.00291725187385
3294,1.00757363007,0.0075450941217,0.0037654399453
3295,1.00641653014,0.00639603185111,0.00319290771945
3296,1.00994491171,0.00989578650162,0.00493567259081
3297,1.00419380234,0.00418503285862,0.00209032864307
3298,1.00516414713,0.00515085865386,0.00257211575406
3299,1.01066982605,0.010613305147,0.00529259716612
3300,1.00653308913,0.00651184100001,0.00325062573886
3301,1.00731873302,0.00729208105641,0.00363940179326
3302,1.00473919142,0.00472799680373,0.0023612063582
3303,1.0073676083,0.00734060004561,0.00366357270462
3304,1.00869597337,0.00865838116967,0.00431983314752
3305,1.0094031158,0.00935918170082,0.00466865862458
3306,1.01020043226,0.0101487589432,0.00506152655749
3307,1.00959807068,0.0095523018308,0.00476476324358
3308,1.00776516118,0.00773516749115,0.00386011427626
3309,1.009925214,0.0098762825679,0.00492596870915
3310,1.00627461923,0.00625501576716,0.00312262232533
3311,1.00683887177,0.00681559276534,0.00340199643479
3312,1.00764325461,0.00761419293379,0.00379985866306
3313,1.00963004167,0.0095839683719,0.00478052094759
3314,1.00749067628,0.00746276047881,0.00372442729088
3315,1.00737343605,0.00734638515857,0.00366645465984
3316,1.0096086279,0.00956275863097,0.00476996671797
3317,1.00828274148,0.00824862781215,0.00411582060384
3318,1.00699917788,0.00697479732701,0.00348132475155
3319,1.00901071804,0.00897036374954,0.00447513846766
3320,1.00386726169,0.0038598030601,0.00192804046751
3321,1.00746524222,0.00743751520736,0.00371185158788
3322,1.00858284369,0.0085462204957,0.0042639935025
3323,1.00858063601,0.00854403159676,0.00426290371916
3324,1.00885611407,0.00881712869994,0.00439886089483
3325,1.00502377898,0.00501120190797,0.00250246455598
3326,1.00633732795,0.0063173315284,0.00315368242777
3327,1.00784820195,0.00781756500269,0.00390115315474
3328,1.00611978553,0.00610113568901,0.00304591959023
3329,1.00781654965,0.00778615869228,0.00388551113714
3330,1.009479999,0.00943534579325,0.00470656215699
3331,1.0073489006,0.00732202899586,0.00365432115499
3332,1.00850521851,0.0084692529245,0.00422567307415
3333,1.00771145926,0.00768187794164,0.00383357199978
3334,1.006857803,0.00683439522491,0.00341136563759
3335,1.00895275597,0.00891291764838,0.00444654354604
3336,1.00866889991,0.0086315407535,0.00430647082284
3337,1.0058106194,0.00579380286564,0.00289270946275
3338,1.0052428604,0.00522916445276,0.00261116718322
3339,1.01049401484,0.0104393348791,0.00520606864613
3340,1.00714655591,0.00712114030113,0.00355423883726
3341,1.00681949917,0.0067963515641,0.0033924085173
3342,1.00954345367,0.00949820259024,0.00473784214423
3343,1.00847173908,0.00843605528878,0.00420914426029
3344,1.00567929493,0.0056632285384,0.00282760903084
3345,1.00792914625,0.00789787575701,0.00394115107656
3346,1.00589164855,0.00587436065873,0.00293287103531
3347,1.01034236676,0.0102892504021,0.00513141428159
3348,1.00991500632,0.00986617515564,0.00492093988471
3349,1.00714006102,0.00711469147568,0.00355102587969
3350,1.01077777652,0.010720110258,0.00534571566504
3351,1.00941381636,0.00936978252781,0.00467393427827
3352,1.00848251749,0.00844674310491,0.00421446566086
3353,1.00967461048,0.0096281111073,0.00480248656025
3354,1.00664887394,0.0066268676651,0.0033079504686
3355,1.00478363716,0.00477223192983,0.00238327145311
3356,1.00773768772,0.00770790534821,0.00384653572974
3357,1.00814273311,0.00810975993606,0.00404667004276
3358,1.0096698505,0.00962339672598,0.0048001406872
3359,1.00835608645,0.00832136763222,0.00415204016319
3360,1.0077264968,0.00769680028876,0.00384100454267
3361,1.00461622296,0.00460560087828,0.00230015102829
3362,1.01005974345,0.0100094810373,0.00499223767134
3363,1.00987751889,0.00982905507525,0.00490247100597
3364,1.01121428135,0.0111518674814,0.00556041707554
3365,1.00757229224,0.00754376634456,0.00376477855635
3366,1.00498781207,0.00497541413969,0.00248461529096
3367,1.01005168707,0.0100015048568,0.00498826948267
3368,1.0046585819,0.00464776429354,0.0023211840231
3369,1.00670683562,0.00668444486045,0.003336643422
3370,1.00627978472,0.00626014903208,0.00312518093989
3371,1.00593306578,0.00591553445423,0.00295339734306
3372,1.00839220673,0.00835718795292,0.00416987580012
3373,1.0073247429,0.00729804725407,0.00364237403096
3374,1.00431743959,0.00430814618608,0.00215175474252
3375,1.01061346352,0.0105575360943,0.00526485983459
3376,1.00823701965,0.00820328054525,0.004093240035
3377,1.00838579761,0.00835083214636,0.00416671114327
3378,1.0045335002,0.00452325483673,0.00225907186601
3379,1.00528195072,0.00526805014477,0.00263055907219
3380,1.00819107812,0.00815771331561,0.0040705494205
3381,1.00724792663,0.00722178664266,0.00360438188577
3382,1.01003268241,0.00998268915191,0.00497890851511
3383,1.00711928446,0.00709406199359,0.00354074771354
3384,1.00604856131,0.0060303421881,0.00301063003086
3385,1.0085471139,0.00851079412705,0.00424635569086
3386,1.00785412348,0.00782344040667,0.00390407939201
3387,1.0061811442,0.0061621192805,0.00307631804695
3388,1.00709545131,0.00707039703789,0.00352895706175
3389,1.00466542069,0.00465457134962,0.00232457964515
3390,1.00705362804,0.0070288675766,0.00350826539413
3391,1.00631243815,0.0062925981641,0.00314135466999
3392,1.00912993221,0.00908850633,0.00453394366882
3393,1.00664372719,0.00662175490073,0.00330540253954
3394,1.00688650782,0.00686290412929,0.00342557136138
3395,1.00783104165,0.00780053819156,0.00389267292518
3396,1.0085628665,0.00852641310811,0.00425413198915
3397,1.00885989547,0.00882087689229,0.00440072674537
3398,1.00573108044,0.00571472027486,0.00285328176933
3399,1.01071566839,0.0106586624868,0.00531515555113
3400,1.01045670832,0.0104024151068,0.00518770469395
3401,1.00632777876,0.00630784242516,0.00314895282774
3402,1.00536907517,0.00535471307464,0.00267377561482
3403,1.00794517218,0.00791377549508,0.00394906958248
3404,1.0071732184,0.00714761323861,0.00356742817314
3405,1.00434647446,0.00433705582607,0.00216617835505
3406,1.00767755804,0.00764823557529,0.00381681516088
3407,1.00461811334,0.00460748257169,0.00230108971046
3408,1.00848532904,0.00844953099586,0.00421585373063
3409,1.01004191803,0.00999183299078,0.00498345766097
3410,1.01110218845,0.0110410115424,0.00550529578103
3411,1.00706123219,0.00703641842726,0.00351202756716
3412,1.01194959677,0.0118787640573,0.00592177876731
3413,1.00870672496,0.00866904001542,0.00432513953404
3414,1.00480148307,0.00478999271207,0.00239213064051
3415,1.01043696899,0.0103828798516,0.00517798769044
3416,1.00399449528,0.0039865384636,0.00199128398994
3417,1.00832236004,0.00828792015106,0.00413538572099
3418,1.01002258956,0.00997269650893,0.00497393705743
3419,1.00716915845,0.00714358220278,0.00356541984341
3420,1.01082575574,0.0107675767531,0.00536932176127
3421,1.00745658886,0.00742892593203,0.00370757288208
3422,1.01022934047,0.0101773748538,0.00507576199083
3423,1.01229323357,0.0122182853839,0.00609051982231
3424,1.00371654013,0.00370965085453,0.00185310630164
3425,1.00853238957,0.00849619447377,0.00423908683536
3426,1.00711896056,0.00709374038351,0.00354058747786
3427,1.00668691746,0.00666465919361,0.00332678354866
3428,1.0084882627,0.00845243997237,0.00421730208592
3429,1.00869268313,0.00865511929336,0.00431820925343
3430,1.00604552693,0.00602732604734,0.00300912649959
3431,1.01063569314,0.0105795320097,0.00527579982946
3432,1.01168161993,0.0116139165592,0.00579013048591
3433,1.00947140008,0.00942682758872,0.00470232309143
3434,1.00581774843,0.00580089068642,0.00289624311538
3435,1.0076231127,0.00759420360576,0.0037899019276
3436,1.00834191773,0.00830731623254,0.00414504360976
3437,1.00622512792,0.0062058318511,0.00309810685726
3438,1.00453950714,0.00452923464997,0.00226205501376
3439,1.00833220679,0.00829768558038,0.00414024823187
3440,1.0091424805,0.00910094101278,0.00454013280189
3441,1.00765838027,0.00762920374756,0.0038073355224
3442,1.01240887339,0.0123325143577,0.00614728483122
3443,1.00818952349,0.00815617130671,0.00406978155417
3444,1.01007102762,0.010020652753,0.00499779562774
3445,1.00692205127,0.00689820385666,0.00344316060897
3446,1.01021961344,0.0101677462613,0.00507097211929
3447,1.00664334424,0.00662137447192,0.00330521295385
3448,1.0078204638,0.00779004247218,0.00388744547998
3449,1.00977288568,0.00972543990021,0.00485091606819
3450,1.00367443901,0.00366770475009,0.00183217189519
3451,1.00803211418,0.00800002844773,0.00399202482309
3452,1.00801013599,0.00797822514621,0.0039811666328
3453,1.01193530554,0.0118646414878,0.00591475927313
3454,1.00561033372,0.00559465441049,0.00279341833115
3455,1.00246027721,0.00245725567851,0.00122787338509
3456,1.00526746516,0.00525364059034,0.00262337322168
3457,1.00906908049,0.00902820333618,0.0045039284246
3458,1.01004168197,0.00999159927493,0.0049833413854
3459,1.00883113654,0.00879237012266,0.00438653598467
3460,1.00930928858,0.0092662242117,0.0046223957983
3461,1.01075114376,0.0106937611322,0.00533261144331
3462,1.01133288423,0.0112691481858,0.00561872965317
3463,1.00862209234,0.00858513438982,0.00428336729678
3464,1.01208780498,0.0120153309112,0.00598965551743
3465,1.00928452,0.00924168377799,0.00461018222431
3466,1.00702339591,0.00699884674295,0.00349330752557
3467,1.00867689679,0.00863946887429,0.00431041780429
3468,1.00588936059,0.00587208609357,0.00293173708759
3469,1.00768374885,0.00765437920272,0.00381987524535
3470,1.00664435553,0.00662237909689,0.00330571360596
3471,1.00747884346,0.00745101557521,0.00371857669342
3472,1.00910886298,0.00906762750085,0.00452355153172
3473,1.00874097292,0.00870299177904,0.00434204184932
3474,1.00519339352,0.00517995436139,0.00258662608351
3475,1.00730305847,0.00727652026409,0.00363164968293
3476,1.00925293185,0.00921038572497,0.00459460522078
3477,1.00826017047,0.00822624197418,0.00410467369052
3478,1.00577370359,0.00575709964593,0.00287441077086
3479,1.00994023825,0.0098911590507,0.00493337028248
3480,1.00719351315,0.00716776324769,0.00357746718525
3481,1.00620546638,0.00618629175629,0.00308836703092
3482,1.00721361353,0.00718771987177,0.0035874097506
3483,1.00923032449,0.00918798538206,0.00458345644726
3484,1.0095275701,0.009482469047,0.00473001261334
3485,1.00849050841,0.00845466677237,0.00421841078976
3486,1.00604020834,0.00602203941188,0.00300649113245
3487,1.01139910486,0.0113346246084,0.00565128338441
3488,1.00914371942,0.00910216871385,0.00454074386528
3489,1.00848641299,0.00845060582409,0.00421638887895
3490,1.00938295868,0.00933921216212,0.00465872042109
3491,1.00830023838,0.00826598083114,0.00412446136489
3492,1.00695567854,0.00693159940204,0.00345980074963
3493,1.01026120736,0.0102089185627,0.00509145366738
3494,1.00894115944,0.00890142395559,0.00444082223681
3495,1.00967378724,0.00962729574992,0.00480208083935
3496,1.01223991441,0.0121656123438,0.00606434336064
3497,1.00734945248,0.00732257685486,0.00365459408342
3498,1.00947124463,0.00942667360207,0.00470224646015
3499,1.01184967517,0.0117800175118,0.00587269666048
3500,1.00744017062,0.00741262907916,0.00369945463345
3501,1.00272904795,0.00272533086256,0.00136173742431
3502,1.01031933418,0.0102664533403,0.00512007417668
3503,1.00722363054,0.00719766509364,0.00359236451042
3504,1.01113169229,0.0110701909952,0.00551980508082
3505,1.00961843933,0.00957247663444,0.00477480253068
3506,1.00640681423,0.00638637784128,0.00318809611511
3507,1.01013254344,0.010081553372,0.00502809329153
3508,1.00952014381,0.00947511281588,0.00472635188858
3509,1.01110756755,0.0110463315624,0.00550794114337
3510,1.01124556277,0.0111828015137,0.00557579796964
3511,1.00837183359,0.00833698416126,0.00415981597713
3512,1.0078062245,0.00777591356836,0.00388040846588
3513,1.00671157801,0.00668915564104,0.00333899095043
3514,1.00976659942,0.00971921446225,0.00484781844393
3515,1.00666225816,0.00664016340064,0.00331457632353
3516,1.00662801342,0.00660614471557,0.00329762321557
3517,1.00680301149,0.00677997542864,0.00338424819343
3518,1.00681875339,0.00679561082917,0.00339203940621
3519,1.00973705552,0.00968995588555,0.00483325996922
3520,1.00676418654,0.00674141206927,0.00336503158247
3521,1.00823080176,0.00819711344252,0.00409016910062
3522,1.00666331547,0.00664121370749,0.00331509973615
3523,1.01164499171,0.0115777106165,0.00577213217021
3524,1.00784375189,0.0078131495879,0.00389895405753
3525,1.00629947138,0.00627971264591,0.00313493212919
3526,1.00631627925,0.00629641515637,0.00314325716904
3527,1.00356680976,0.00356046377584,0.00177864821504
3528,1.00782216762,0.00779173307797,0.00388828749645
3529,1.00851320677,0.00847717378277,0.00422961676
3530,1.00905913605,0.00901834822337,0.00449902304947
3531,1.00661067508,0.00658892039436,0.00328903941767
3532,1.00886282846,0.00882378412233,0.00440217396237
3533,1.00866346473,0.00862615226512,0.00430378817771
3534,1.00412359054,0.00411511183756,0.00205544060164
3535,1.00609458504,0.00607608817529,0.00303343390154
3536,1.00836342606,0.00832864639637,0.00415566442781
3537,1.0069704996,0.00694631797392,0.00346713454692
3538,1.00625312428,0.00623365461684,0.00311197504472
3539,1.00793931218,0.00790796166191,0.00394617414131
3540,1.00854624998,0.00850993752672,0.00424592920932
3541,1.00886445071,0.00882539211588,0.00440297441949
3542,1.00699295114,0.00696861385266,0.00347824377296
3543,1.00564280304,0.00562694206761,0.00280951693329
3544,1.00878944586,0.00875104354144,0.00436596312178
3545,1.00651636141,0.00649522171586,0.0032423430739
3546,1.00617288801,0.00615391378275,0.00307222791105
3547,1.00846506786,0.0084294400975,0.00420585058135
3548,1.00707420927,0.00704930443951,0.00351844792459
3549,1.00778553787,0.00775538696529,0.00387018493769
3550,1.00383380135,0.00382647106252,0.00191140646283
3551,1.00747868488,0.00745085817019,0.00371849828357
3552,1.00683199286,0.00680876055591,0.00339859194584
3553,1.00557220509,0.00555673778895,0.00277451279966
3554,1.00768860008,0.00765919342922,0.00382227316085
3555,1.00848159765,0.00844583099629,0.00421401152847
3556,1.00958084901,0.00953524374103,0.00475627480137
3557,1.00759636529,0.00756765819334,0.0037766794359
3558,1.00440891938,0.00439922856665,0.00219719690459
3559,1.00770414985,0.00767462443445,0.00382995914305
3560,1.00994776723,0.00989861389787,0.00493707931039
3561,1.00653126295,0.00651002666669,0.00324972152064
3562,1.00675367843,0.00673097451475,0.00335983035299
3563,1.00530410854,0.00529009130292,0.00264155060041
3564,1.00535616681,0.00534187356712,0.00266737300549
3565,1.00817336735,0.00814014627758,0.00406180161682
3566,1.00744780225,0.00742020431824,0.00370322823372
3567,1.00585268954,0.0058356290879,0.00291356186028
3568,1.00907402802,0.00903310639551,0.00450636890975
3569,1.00619308757,0.00617398920954,0.00308223473608
3570,1.00705143993,0.0070266947838,0.00350718280851
3571,1.0080771399,0.00804469440038,0.00401426839724
3572,1.00797641376,0.00794477032644,0.00396450567818
3573,1.00863254939,0.00859550198736,0.00428852887806
3574,1.00707049313,0.00704561439915,0.00351660939432
3575,1.00785376708,0.00782308678261,0.00390390327026
3576,1.00861544181,0.00857854068465,0.00428008456042
3577,1.00880526953,0.00876672921378,0.00437377168579
3578,1.00718520966,0.00715951903072,0.003573359815
3579,1.00818858524,0.00815524068654,0.00406931813769
3580,1.00904380829,0.00900315795958,0.00449146205953
3581,1.00961940557,0.00957343366932,0.00477527876318
3582,1.00868607627,0.00864856934852,0.00431494841768
3583,1.00644383789,0.00642316512565,0.00320643094797
3584,1.00911042256,0.00906917300885,0.00452432078983
3585,1.00401226991,0.00400424222183,0.00200011820335
3586,1.00825431391,0.00822043337551,0.00410178130818
3587,1.00674444556,0.00672180353055,0.00335526025689
3588,1.00402552937,0.00401744860376,0.0020067081654
3589,1.00777011934,0.0077400874319,0.00386256474785
3590,1.00443957599,0.00442975014452,0.00221242404637
3591,1.00931025723,0.0092671839248,0.00462287343664
3592,1.00705918746,0.00703438803665,0.00351101593674
3593,1.00669253428,0.00667023868824,0.00332956401122
3594,1.00723294226,0.00720690998068,0.00359697033779
3595,1.00845412581,0.00841858982959,0.00420044825005
3596,1.01054273158,0.0104875445254,0.00523004768891
3597,1.00754529718,0.00751697380677,0.00375143263205
3598,1.01010289956,0.010052206415,0.00501349348554
3599,1.00698466255,0.006960382782,0.00347414254402
3600,1.00791239848,0.00788125960282,0.00393287570848
3601,1.00773760576,0.00770782401938,0.00384649522174
3602,1.01250685549,0.012429290828,0.0061953744466
3603,1.00817735318,0.0081440997899,0.00406377034184
3604,1.00765222273,0.00762309298794,0.0038042917708
3605,1.00908550184,0.00904447696521,0.00451202855852
3606,1.00658114653,0.00655958533582,0.00327442002326
3607,1.01030196164,0.0102492580956,0.00511152053802
3608,1.00584573046,0.00582871047446,0.0029101126265
3609,1.00897991856,0.00893983885825,0.00445994420762
3610,1.00795971543,0.00792820399948,0.00395625531918
3611,1.00769119597,0.00766176951349,0.0038235562789
3612,1.00288966148,0.00288549443837,0.00144170695976
3613,1.00896610798,0.00892615109072,0.00445313082388
3614,1.00486754707,0.00485573886267,0.0024249245401
3615,1.00585351711,0.00583645184406,0.0029139720397
3616,1.00815608602,0.00812300490548,0.00405326570662
3617,1.00973779682,0.00969069004305,0.00483362527372
3618,1.00769386002,0.00766441321805,0.00382487307614
3619,1.00965242693,0.00960613987528,0.00479155364246
3620,1.00564235523,0.00562649676913,0.00280929490957
3621,1.00820272858,0.00816926905049,0.00407630375222
3622,1.0046290022,0.00461832132241,0.0023064966007
3623,1.00967329387,0.00962680710847,0.00480183769184
3624,1.00575822593,0.00574171071543,0.00286673839315
3625,1.01146001223,0.0113948437061,0.00568122232497
3626,1.00789911876,0.00786808405,0.00392631381936
3627,1.0059316544,0.0059141313936,0.0029526978844
3628,1.00772243508,0.00769276970865,0.00383899699133
3629,1.00765467176,0.00762552341346,0.0038055023598
3630,1.00634249831,0.0063224693112,0.00315624321441
3631,1.0099186014,0.00986973492872,0.00492271101096
3632,1.00861856379,0.00858163599444,0.00428162559002
3633,1.00776112034,0.00773115777378,0.00385811715456
3634,1.0049092791,0.00489726788237,0.00244563848252
3635,1.00734030097,0.00731349207015,0.00365006828139
3636,1.00788348318,0.00785257088026,0.00391858765931
3637,1.00625779603,0.00623829732491,0.00311428917207
3638,1.00655905241,0.00653763542007,0.00326348094198
3639,1.00930810636,0.00926505289275,0.0046218128458
3640,1.00723853832,0.00721246584457,0.00359973827376
3641,1.0076050546,0.00757628195362,0.00378097502219
3642,1.00800400244,0.00797214031406,0.00397813632449
3643,1.00812268754,0.00808987607622,0.00403676829533
3644,1.01099530359,0.01093529472,0.00545272698169
3645,1.01151475537,0.0114489651275,0.00570812893369
3646,1.00714141078,0.00711603166022,0.00355169359222
3647,1.00870927744,0.00867157046255,0.00432639928454
3648,1.0084951224,0.00845924190681,0.00422068870448
3649,1.00962952275,0.00958345439915,0.00478026518971
3650,1.0051961239,0.00518267062928,0.00258798070355
3651,1.0077217194,0.00769205951041,0.00383864325536
3652,1.00673963873,0.00671702890017,0.00335288094893
3653,1.00938608242,0.00934230686017,0.00466026056026
3654,1.00616438935,0.00614546722085,0.00306801759609
3655,1.00862030866,0.00858336595188,0.00428248686486
3656,1.00633755214,0.00631755430636,0.00315379346546
3657,1.01191129104,0.0118409099506,0.00590296361767
3658,1.00844670001,0.00841122625373,0.00419678192053
3659,1.00519609194,0.00518263884075,0.00258796485042
3660,1.00573924183,0.00572283513117,0.00285732761229
3661,1.00692418577,0.00690032367828,0.00344421686978
3662,1.00757369395,0.00754515752302,0.0037654715266
3663,1.01032888944,0.0102759109571,0.00512477876207
3664,1.00809988397,0.00806725597928,0.0040255038392
3665,1.00663900387,0.00661706274308,0.00330306421271
3666,1.00616875888,0.00614980997203,0.00307018230752
3667,1.00888548941,0.00884624574372,0.0044133552703
3668,1.00916195145,0.00912023538048,0.00454973613992
3669,1.00671270337,0.00669027349308,0.00333954801004
3670,1.00283500613,0.00283099507702,0.00141449619439
3671,1.00728838798,0.00726195603655,0.00362439398882
3672,1.0104938783,0.0104391997553,0.00520600143595
3673,1.00847975458,0.00844400342261,0.00421310159193
3674,1.00820358619,0.00817011967778,0.00407672733207
3675,1.00888475561,0.00884551841071,0.00441299320872
3676,1.00743586287,0.00740835313243,0.00369732456715
3677,1.0079504227,0.00791898460835,0.00395166385016
3678,1.01025437811,0.0102021586583,0.00508809091834
3679,1.00961300612,0.009567095173,0.00477212464406
3680,1.00829156475,0.00825737856785,0.00412017796388
3681,1.00615684005,0.00613796415125,0.00306427756405
3682,1.01022892648,0.0101769650471,0.00507555812748
3683,1.0100877996,0.0100372573761,0.00500605641177
3684,1.00711976255,0.00709453670209,0.00354098422735
3685,1.00785259704,0.00782192586184,0.00390332507576
3686,1.0101700603,0.0101186932134,0.00504656966941
3687,1.00854911018,0.00851277348639,0.00424734116751
3688,1.00938801209,0.00934421858009,0.00466121196521
3689,1.00549951883,0.00548445169717,0.00273846938176
3690,1.01106806121,0.0110072584526,0.0054885120049
3691,1.00726349449,0.00723724235795,0.00361208185951
3692,1.00856712188,0.00853063234941,0.00425623263299
3693,1.0051297877,0.00511667515875,0.00255506782276
3694,1.00860668308,0.00856985673214,0.0042757611588
3695,1.01227188478,0.0121971956332,0.00608003911546
3696,1.00862711881,0.00859011787139,0.00428584836144
3697,1.00629346062,0.00627373949447,0.00313195491174
3698,1.00430775945,0.00429850761432,0.00214694581498
3699,1.00998917379,0.00993961177751,0.00495747683626
3700,1.00818451839,0.008151206859,0.00406730942935
3701,1.01061872134,0.0105627386808,0.00526744742905
3702,1.0050662443,0.00505345406616,0.00252353754522
3703,1.00817735894,0.00814410549852,0.00406377318455
3704,1.00582153612,0.0058046564575,0.00289812054585
3705,1.00810007026,0.00806744076903,0.00402559586213
3706,1.01020611941,0.0101543886602,0.00506432716453
3707,1.00963128809,0.00958520290294,0.00478113526207
3708,1.00801945017,0.00798746526553,0.00398576828861
3709,1.00788556212,0.00785463356354,0.00391961495901
3710,1.00721006586,0.00718419760395,0.00358565493305
3711,1.00542261423,0.00540796479553,0.00270032993017
3712,1.00908647414,0.00904544051507,0.00451250815956
3713,1.00374454552,0.00373755215805,0.00186703100423
3714,1.01048139283,0.0104268438663,0.00519985563485
3715,1.00704835642,0.00702363286347,0.00350565721653
3716,1.00880955582,0.0087709780885,0.0043758868291
3717,1.00669000447,0.00666772569417,0.00332831169698
3718,1.00510804075,0.00509503897076,0.00254427731137
3719,1.00612123589,0.00610257722907,0.00304663816459
3720,1.01209747164,0.0120248820747,0.00599440248377
3721,1.00748242578,0.00745457129328,0.00372034793978
3722,1.00770873066,0.00767917021758,0.00383222332696
3723,1.01236841054,0.0122925466505,0.00612742362558
3724,1.00825801262,0.00822410179491,0.00410360799268
3725,1.00865759388,0.00862033183024,0.00430089048102
3726,1.00828609386,0.00825195265571,0.00411747618201
3727,1.00936876232,0.00932514766047,0.00465172090694
3728,1.00697432983,0.00695012168362,0.00346902980598
3729,1.0077923725,0.00776216876584,0.00387356270882
3730,1.00667845514,0.00665625304969,0.00332259445061
3731,1.00880641271,0.0087678624186,0.00437433580985
3732,1.00887133159,0.00883221251439,0.00440636959794
3733,1.00742622165,0.00739878302769,0.00369255719526
3734,1.00714277788,0.00711738906668,0.00355236988467
3735,1.00338833264,0.00338260517128,0.00168987313941
3736,1.01015144625,0.0101002663974,0.00503740271529
3737,1.00439742772,0.00438778728323,0.00219148881593
3738,1.00651491488,0.00649378454684,0.00324162681903
3739,1.00258451605,0.00258118193201,0.00128975851164
3740,1.00448261583,0.0044725988344,0.00223380076259
3741,1.00412361155,0.00411513276042,0.00205545104157
3742,1.00711825652,0.00709304132496,0.00354023918606
3743,1.00817378012,0.00814055569831,0.00406200549567
3744,1.00748467997,0.00745680873436,0.00372146249766
3745,1.0089767048,0.00893665369579,0.00445835872795
3746,1.00761549673,0.00758664522201,0.00378613705138
3747,1.01058904888,0.0105333775575,0.00525284408929
3748,1.01432920084,0.0142275081401,0.00708851121417
3749,1.00639109002,0.00637075361062,0.00318030887513
3750,1.00694256815,0.0069185794932,0.00345331329724
3751,1.00963815657,0.00959200584308,0.0047845204635
3752,1.00616936918,0.00615041653189,0.00307048465627
3753,1.01102009665,0.0109598178333,0.00546492160463
3754,1.01054844305,0.0104931963956,0.00523285884027
3755,1.0106291655,0.0105730730469,0.00527258738096
3756,1.00744319638,0.00741563248621,0.00370095078037
3757,1.00956245007,0.00951701923881,0.00474720584931
3758,1.00887255881,0.00883342894112,0.00440697513111
3759,1.00830092439,0.00826666119449,0.00412480014344
3760,1.01019099412,0.0101394160659,0.00505687875256
3761,1.0076205253,0.00759163577648,0.00378862287805
3762,1.00970306557,0.00965629314504,0.00481650980839
3763,1.0033568645,0.00335124280953,0.001674218335
3764,1.00442786669,0.00441809253353,0.00220660811972
3765,1.01229884526,0.0122238289132,0.00609327470165
3766,1.00912478699,0.00908340765234,0.00453140588531
3767,1.00586321393,0.00584609218291,0.00291877815171
3768,1.00698833723,0.00696403197466,0.00347596079979
3769,1.00461462846,0.00460401370406,0.00229935926623
3770,1.00641884328,0.00639833024106,0.00319405324449
3771,1.00893704514,0.00889734610543,0.00443879236417
3772,1.00431990542,0.00431060141642,0.00215297971542
3773,1.00814463972,0.00811165114412,0.00404761181979
3774,1.00307067527,0.00306597037976,0.00153181076829
3775,1.00873728657,0.00869933737263,0.00434022257825
3776,1.01068274526,0.010626087879,0.00529895468486
3777,1.00989400241,0.00984537723865,0.00491059204507
3778,1.00938361101,0.00933985842857,0.00465904204888
3779,1.00767130237,0.00764202755216,0.00381372299196
3780,1.0042642001,0.00425513415851,0.00212530541265
3781,1.01063651186,0.0105803421191,0.0052762027471
3782,1.00754367134,0.00751536013922,0.00375062882473
3783,1.00735549359,0.00732857387267,0.00365758162952
3784,1.010857071,0.0107985561563,0.00538472817436
3785,1.00848677627,0.00845096604666,0.00421656823079
3786,1.00984795775,0.00979978263764,0.00488790643422
3787,1.00737455547,0.00734749639162,0.00366700823907
3788,1.00523498072,0.00522132584267,0.00260725810448
3789,1.006532273,0.00651103016561,0.00325022163943
3790,1.00919562503,0.00915360268559,0.00456634374772
3791,1.0067187406,0.00669627045099,0.00334253647095
3792,1.00711483765,0.00708964660545,0.00353854783394
3793,1.0067428869,0.0067202553203,0.00335448874879
3794,1.00834510437,0.00831047650208,0.00414661719356
3795,1.00676987349,0.00674706079627,0.00336784643793
3796,1.00194372444,0.00194183785445,0.000970447737952
3797,1.00547338851,0.0054584639556,0.0027255110101
3798,1.00688763932,0.00686402789158,0.00342613131761
3799,1.00577556072,0.00575894611016,0.00287533134881
3800,1.00934932544,0.00930589101289,0.00464213732529
3801,1.00638307532,0.00636278977603,0.00317633961366
3802,1.0073702072,0.0073431799392,0.00366485792477
3803,1.00745897868,0.00743129805914,0.00370875454752
3804,1.00769061222,0.00766119021254,0.00382326773589
3805,1.0074216526,0.00739424765057,0.00369029787771
3806,1.00663036497,0.00660848078312,0.00329878739693
3807,1.007452562,0.00742492886405,0.00370558175581
3808,1.00910571844,0.00906451134467,0.00452200050047
3809,1.00743891754,0.00741138524543,0.00369883501715
3810,1.00876330144,0.00872512657728,0.00435306113236
3811,1.00962899956,0.00958293620243,0.00478000732988
3812,1.00497688129,0.00496453755171,0.00247919049428
3813,1.0047723773,0.00476102560987,0.00237768163132
3814,1.01024744692,0.0101952977998,0.00508467793759
3815,1.00767747821,0.00764815635518,0.00381677570202
3816,1.01279152076,0.0127104002914,0.00633504857293
3817,1.00895902664,0.00891913265412,0.00444963722646
3818,1.00657044737,0.00654895606467,0.00326912277596
3819,1.01013286687,0.0100818735552,0.00502825257818
3820,1.00757724901,0.00754868585379,0.00376722904752
3821,1.01064243905,0.0105862069102,0.00527911966642
3822,1.00817158826,0.00813838160834,0.00406092286568
3823,1.01292777506,0.0128449246607,0.00640188240066
3824,1.01113766462,0.0110760975549,0.00552274205484
3825,1.00645750557,0.0064367452058,0.00321319919327
3826,1.00440917719,0.00439948524516,0.00219732496185
3827,1.01421427537,0.0141141997739,0.00703225703142
3828,1.00834651164,0.00831187212886,0.00414731211314
3829,1.00679572457,0.00677273771634,0.00338064157787
3830,1.00877035765,0.00873212146253,0.00435654334431
3831,1.0056330046,0.00561719855621,0.00280465885304
3832,1.00850694305,0.00847096292386,0.00422652446052
3833,1.00680769183,0.00678462412449,0.0033865646725
3834,1.00706112726,0.0070363142341,0.00351197565355
3835,1.00709279925,0.00706776365639,0.00352764501669
3836,1.0116565528,0.0115891385632,0.0057778131455
3837,1.00814197902,0.00810901193129,0.00404629755376
3838,1.01174723931,0.0116787761402,0.00582237198089
3839,1.00972410806,0.00967713320353,0.00482687959544
3840,1.00582311417,0.0058062253685,0.0028989027276
3841,1.00747515534,0.00744735482206,0.00371675312157
3842,1.00588969906,0.00587242258852,0.00293190484179
3843,1.00524565519,0.00523194466927,0.00261255366071
3844,1.01062086314,0.0105648579759,0.00526850149441
3845,1.0119910877,0.0119197642092,0.00594215723745
3846,1.0064412533,0.00642059707785,0.00320515104038
3847,1.00753751333,0.00750924822067,0.00374758432257
3848,1.01284991335,0.0127680537229,0.00636369225721
3849,1.01126944272,0.0112064156296,0.00558753912454
3850,1.00757641304,0.00754785616983,0.00376681576826
3851,1.00684690788,0.0068235742531,0.00340597359424
3852,1.00821208811,0.0081785523843,0.00408092648756
3853,1.00662166644,0.00659983951018,0.00329448100402
3854,1.01004203003,0.00999194387613,0.00498351282736
3855,1.00656556994,0.00654411046154,0.0032667078919
3856,1.00292058358,0.00291632696399,0.00145710087817
3857,1.00705962565,0.00703482315258,0.00351123273083
3858,1.00630857405,0.00628875829039,0.0031394407625
3859,1.00590505719,0.00588769067644,0.00293951647441
3860,1.00442604003,0.0044162739231,0.00220570082057
3861,1.00581126985,0.0057944495546,0.00289303187184
3862,1.00793905618,0.00790770768019,0.00394604765157
3863,1.00646226597,0.0064414750486,0.00321555651292
3864,1.00557423389,0.00555875534413,0.00277551877788
3865,1.0080519001,0.00801965651819,0.00400179963249
3866,1.00509777508,0.00508482541519,0.00253918351363
3867,1.00696925869,0.00694508565228,0.00346652052222
3868,1.0087866271,0.00874824933961,0.00436457211958
3869,1.00533718732,0.00532299501163,0.00265795886139
3870,1.00988379951,0.00983527424686,0.00490556534231
3871,1.00967077246,0.00962430985688,0.00480059506097
3872,1.00600346874,0.00598551972695,0.00298828602183
3873,1.00747044759,0.00744268199546,0.00371442538942
3874,1.01101943202,0.010959160448,0.00546459470824
3875,1.00840553497,0.00837040517702,0.00417645683333
3876,1.00855341167,0.00851703850978,0.00424946461944
3877,1.0109923637,0.0109323867989,0.00545128094813
3878,1.00542723864,0.00541256424662,0.00270262344306
3879,1.00986714677,0.00981878434641,0.0048973608044
3880,1.0057579532,0.00574143954502,0.00286660319663
3881,1.01022255563,0.0101706586915,0.00507242094889
3882,1.00681198344,0.00678888671375,0.0033886887471
3883,1.00586028887,0.00584318416568,0.00291732838596
3884,1.00833361488,0.00829908203042,0.00414094356583
3885,1.00786533651,0.00783456599456,0.00390962045296
3886,1.00431326653,0.00430399105674,0.00214968164611
3887,1.01325993435,0.0131727909192,0.006564752699
3888,1.00957159977,0.0095260822321,0.00475171582379
3889,1.0062652805,0.00624573522231,0.003117996532
3890,1.01021004413,0.0101582737153,0.00506625985264
3891,1.00927271918,0.00922999144872,0.00460436299455
3892,1.00866525129,0.00862792348352,0.00430466997505
3893,1.00733435446,0.00730758887874,0.00364712745487
3894,1.00306460484,0.00305991850617,0.00152878946208
3895,1.00851663502,0.00848057309314,0.00423130922486
3896,1.01044698486,0.0103927922229,0.00518291820078
3897,1.00930472786,0.00926170554943,0.00462014690815
3898,1.00975561665,0.009708337859,0.00484240649149
3899,1.00574105726,0.00572464019951,0.00285822756722
3900,1.00680406162,0.00678101845504,0.00338476794157
3901,1.00944734417,0.00940299709976,0.00469046380562
3902,1.00908868032,0.00904762682445,0.00451359638078
3903,1.01037878782,0.010325297989,0.00514934542593
3904,1.00625538598,0.00623590226399,0.00311309537035
3905,1.00832013761,0.00828571605842,0.00413428823145
3906,1.00506230421,0.0050495338304,0.00252158237185
3907,1.00945844873,0.00941399767531,0.00469593827944
3908,1.00639999421,0.00637960121063,0.00318471859633
3909,1.00613909181,0.00612032435269,0.00305548465261
3910,1.00699423062,0.00696988444003,0.00347887685674
3911,1.00840780141,0.0083726527304,0.00417757591598
3912,1.00955398396,0.00950863328384,0.00474303276801
3913,1.00654020475,0.00651891040504,0.00325414894514
3914,1.01157122549,0.0115047908594,0.00573588208205
3915,1.00696096475,0.0069368490798,0.00346241650365
3916,1.00668966753,0.00666739099836,0.00332814490605
3917,1.01143667184,0.0113717674947,0.00566974970363
3918,1.00611389557,0.00609528153796,0.00304300142607
3919,1.006738299,0.00671569813572,0.00335221779743
3920,1.01046540471,0.0104110214579,0.00519198553667
3921,1.0067091916,0.00668678513714,0.00333780965533
3922,1.01136281575,0.0112987438635,0.00563344423809
3923,1.00666228555,0.00664019060736,0.0033145898818
3924,1.01028067631,0.0102281895817,0.00510104007194
3925,1.00554730479,0.00553197515639,0.00276216575907
3926,1.01032362009,0.0102706954588,0.00512218437369
3927,1.00787792383,0.00784705499909,0.00391584052217
3928,1.00507274941,0.00505992636628,0.00252676552351
3929,1.00743493052,0.00740742766372,0.00369686354357
3930,1.00587011125,0.00585294927999,0.00292219668721
3931,1.00968585199,0.00963924483495,0.00480802667387
3932,1.00676313462,0.00674036721858,0.00336451091497
3933,1.00855753604,0.0085211278909,0.00425150061908
3934,1.00987959796,0.00983111380165,0.00490349532222
3935,1.00801403925,0.00798209738424,0.00398309504194
3936,1.0066661736,0.00664405292055,0.00331651463554
3937,1.00708293785,0.00705797166584,0.0035227662808
3938,1.00772874293,0.00769902919327,0.00384211471369
3939,1.0069526855,0.00692862702934,0.00345831970408
3940,1.00907238064,0.00903147382413,0.00450555630222
3941,1.00733640138,0.00730962089176,0.00364813975536
3942,1.00909361565,0.00905251769575,0.00451603077575
3943,1.00999421742,0.00994460550922,0.00495996132086
3944,1.00689311971,0.00686947077327,0.00342884343075
3945,1.0077340791,0.00770432443253,0.00384475215736
3946,1.00623095654,0.00621162439626,0.0031009941527
3947,1.00609749941,0.00607898488225,0.00303487786049
3948,1.00523037682,0.00521674591112,0.00260497410662
3949,1.0092596177,0.00921701025802,0.00459790226329
3950,1.00683934822,0.00681606597358,0.00340223223396
3951,1.00942609756,0.00938194912042,0.00467998912323
3952,1.00719654882,0.00717077723635,0.00357896878723
3953,1.01004586292,0.00999573865607,0.00498540075986
3954,1.0052681587,0.00525433049383,0.00262371726843
3955,1.01118704963,0.0111249373918,0.00554702681185
3956,1.00595890044,0.00594121640748,0.00296620031297
3957,1.00893994961,0.0089002248472,0.00444022534495
3958,1.00918614639,0.00914421036923,0.00456166902284
3959,1.00845143155,0.00841591815198,0.00419911802148
3960,1.00906191762,0.00902110481638,0.00450039514404
3961,1.00440076364,0.00439110859534,0.0021931458313
3962,1.01283340609,0.0127517557592,0.00635559509996
3963,1.0058347414,0.00581778521616,0.00290466587934
3964,1.0072330977,0.00720706430788,0.00359704722384
3965,1.00967978087,0.00963323194337,0.00480503467865
3966,1.00500449494,0.00499201407712,0.00249289460309
3967,1.00746943474,0.00744167665206,0.00371392458473
3968,1.00810466295,0.00807199655166,0.00402786458099
3969,1.00695388095,0.0069298142222,0.00345891124749
3970,1.00801540762,0.0079834548721,0.00398377108214
3971,1.00563666209,0.00562083555348,0.00280647224976
3972,1.00970357045,0.00965679317344,0.00481675861836
3973,1.0058460259,0.00582900420047,0.00291025906211
3974,1.00762256522,0.00759366026543,0.003789631287
3975,1.01083116547,0.0107729285355,0.00537198328118
3976,1.01124538592,0.011182626634,0.00557571101733
3977,1.00486838758,0.00485657530524,0.00242534174714
3978,1.00515241306,0.00513918479724,0.00256629382201
3979,1.00563047612,0.0056146842402,0.00280340522015
3980,1.00777709096,0.00774700527257,0.00386601030193
3981,1.00674639687,0.00672374177581,0.0033562261274
3982,1.01022596148,0.0101740300634,0.00507409808293
3983,1.00920178251,0.00915970404167,0.00456938049069
3984,1.0077981505,0.0077679020749,0.00387641825509
3985,1.01175566602,0.0116871049753,0.00582651214304
3986,1.00963874896,0.0095925925716,0.00478481242411
3987,1.00747503831,0.00744723866009,0.00371669525646
3988,1.00538862723,0.00537416052621,0.0026834732944
3989,1.01033242036,0.0102794057762,0.00512651721501
3990,1.01135356636,0.0112895983492,0.00562889723089
3991,1.00783484711,0.00780431407026,0.00389455351363
3992,1.01217980908,0.0121062320415,0.00603483282266
3993,1.00659824778,0.0065765746323,0.00328288682049
3994,1.00634424624,0.00632420622778,0.00315710893127
3995,1.00557856494,0.00556306237191,0.00277766631234
3996,1.01013458975,0.0100835791548,0.0050291010895
3997,1.00958976995,0.00954407997749,0.00476067189611
3998,1.00658063112,0.006559073291,0.00327416483915
3999,1.01215855333,0.0120852318415,0.00602439603424
4000,1.00992273981,0.00987383269106,0.004924749804
4001,1.00516229685,0.00514901787337,0.00257119773074
4002,1.00847803466,0.00844229797155,0.00421225245865
4003,1.01056661951,0.0105111829596,0.00524180502149
4004,1.00586102803,0.00584391902661,0.00291769474444
4005,1.01189580678,0.0118256078413,0.00589535769784
4006,1.00707013084,0.00704525464382,0.0035164301492
4007,1.00611801172,0.00609937266928,0.00304504076498
4008,1.00960994133,0.00956405956071,0.00477061407993
4009,1.00788714926,0.0078562082819,0.00392039923174
4010,1.00828314847,0.00824903146017,0.00411602159716
4011,1.00424580306,0.00423681507376,0.00211616529524
4012,1.00960526716,0.00955942986377,0.00476831027205
4013,1.00819469544,0.00816130123258,0.00407233607499
4014,1.01014286206,0.0100917684349,0.00503317512884
4015,1.00827058927,0.00823657535674,0.00410981916092
4016,1.00710581752,0.0070806901609,0.00353408544807
4017,1.00924163766,0.00919919502399,0.00458903556314
4018,1.00815213681,0.00811908763151,0.0040513150066
4019,1.00700576249,0.00698133615456,0.00348458277811
4020,1.00789221515,0.00786123451269,0.00392290249157
4021,1.0027072113,0.00270355340432,0.00135086346358
4022,1.00924940668,0.00920689287025,0.00459286681604
4023,1.00631423904,0.0062943877486,0.00314224665098
4024,1.0064624221,0.00644163017884,0.00321563382862
4025,1.0106913287,0.0106345805588,0.00530317851464
4026,1.00238400209,0.0023811648672,0.00118987397152
4027,1.0067476787,0.00672501500898,0.00335686060715
4028,1.00917509534,0.00913325985925,0.00455621872923
4029,1.00957172379,0.00952620507739,0.00475177695457
4030,1.00831514225,0.00828076191034,0.0041318213953
4031,1.00443714916,0.00442733403516,0.00221121866369
4032,1.00881317315,0.00877456381744,0.0043776718466
4033,1.00750315663,0.00747514796643,0.00373059794743
4034,1.00591688476,0.00589944874565,0.00294537821026
4035,1.00819514756,0.00816174968031,0.00407255938571
4036,1.00778645048,0.00775629251869,0.00387063596196
4037,1.01016397482,0.0101126689826,0.00504357275032
4038,1.00765990443,0.00763071632266,0.00380808893023
4039,1.00652877523,0.00650755508758,0.0032484897463
4040,1.00714811532,0.00712268864224,0.00355501025593
4041,1.00799148191,0.00795971912405,0.00397195041687
4042,1.00595849874,0.00594081709238,0.00296600124763
4043,1.00557255181,0.00555708258315,0.00277468471843
4044,1.00621130741,0.00619209674393,0.00309126055658
4045,1.00757572597,0.00754717426251,0.00376647609885
4046,1.00686877027,0.00684528773357,0.00341679329797
4047,1.00675811648,0.00673538277952,0.00336202707745
4048,1.00535807686,0.00534377343399,0.00266832040465
4049,1.01114390083,0.0110822650556,0.00552580876966
4050,1.0077241723,0.0076944936167,0.00383985563594
4051,1.01144984008,0.0113847867562,0.00567622240532
4052,1.00867759167,0.00864015777756,0.00431076077114
4053,1.00647937187,0.00645847097335,0.00322402711362
4054,1.00875541345,0.00871730707963,0.0043491683953
4055,1.00651707111,0.00649592681603,0.00324269448083
4056,1.01000876837,0.00995901236672,0.00496712899506
4057,1.00646409863,0.00644329594043,0.00321646403083
4058,1.00899203333,0.00895184572754,0.00446592084934
4059,1.00785367554,0.0078229959553,0.00390385803389
4060,1.00984583023,0.0097976758684,0.00488685819789
4061,1.00829294033,0.00825874283821,0.00412085728831
4062,1.00789953226,0.00786849430836,0.00392651814311
4063,1.00826658979,0.00823260867929,0.0041078439714
4064,1.00922116437,0.00917890899692,0.00457893904505
4065,1.00730292419,0.00727638695693,0.0036315832714
4066,1.00440985655,0.00440016162254,0.00219766240737
4067,1.01260031992,0.0125215964958,0.00624124028797
4068,1.00841308176,0.00837788903268,0.00418018312619
4069,1.01043366267,0.0103796076857,0.0051763600778
4070,1.00746491195,0.00743718738409,0.00371168828464
4071,1.00808898655,0.00805644606277,0.00402012062408
4072,1.00610289488,0.00608434764373,0.00303755109998
4073,1.0066677505,0.00664561937506,0.0033172952649
4074,1.00539702454,0.00538251279144,0.00268763821178
4075,1.00550771445,0.00549260245589,0.00274253359254
4076,1.00437960337,0.00437004081864,0.00218263498994
4077,1.00711809369,0.00709287964507,0.00354015863231
4078,1.00875269083,0.00871460809138,0.00434782476944
4079,1.00363820128,0.0036315990347,0.00181415195077
4080,1.00985813668,0.00980986225936,0.00489292159832
4081,1.00906496941,0.00902412919574,0.00450190052713
4082,1.00726965047,0.00724335392536,0.00361512660082
4083,1.00969287467,0.00964620012603,0.00481148759277
4084,1.00717613227,0.00715050635468,0.00356886956963
4085,1.00836308401,0.00832830717864,0.00415549552377
4086,1.00779403608,0.00776381948471,0.00387438487084
4087,1.00672590462,0.00670338663675,0.00334608266447
4088,1.00674794365,0.00672527818702,0.00335699175444
4089,1.00976723782,0.0097198466862,0.0048481330234
4090,1.00657917222,0.00655762392785,0.00327344253004
4091,1.00684458866,0.00682127080569,0.00340482579262
4092,1.00818765833,0.00815432129642,0.00406886031317
4093,1.00702668351,0.00700211141046,0.00349493415575
4094,1.00875595305,0.00871784200205,0.00434943469324
4095,1.00695855885,0.00693445980865,0.00346122600369
4096,1.00763335679,0.00760437013947,0.0037949659165
4097,1.00901442706,0.00897403964417,0.00447696818823
4098,1.00725568926,0.00722949338455,0.00360822136029
4099,1.00630017899,0.00628041582972,0.00313528261882
4100,1.00978108557,0.00973356040252,0.0048549566152
4101,1.00785749463,0.00782678528373,0.00390574529981
4102,1.00463061755,0.00461992922173,0.00230729869573
4103,1.00851011389,0.00847410700936,0.00422808985776
4104,1.0086534113,0.00861618513686,0.00429882604942
4105,1.00759436973,0.00756567768064,0.00377569291894
4106,1.00941172037,0.00936770608296,0.00467290090789
4107,1.00419112671,0.00418236839928,0.00208899919731
4108,1.01029084272,0.0102382524898,0.00510604584772
4109,1.00525084946,0.00523711182115,0.00261513048359
4110,1.01018653008,0.0101349970479,0.00505468041436
4111,1.01047162624,0.0104171785358,0.00519504808717
4112,1.00717734489,0.0071517103378,0.00356946941258
4113,1.00917646219,0.00913461427971,0.00455689285371
4114,1.00658032462,0.00655876879637,0.0032740130903
4115,1.01155875995,0.0114924678355,0.00572975589291
4116,1.00892764598,0.00888803015752,0.00443415505519
4117,1.01031334711,0.010260527396,0.00511712637078
4118,1.00633768069,0.00631768204617,0.00315385713393
4119,1.00550730236,0.00549219262492,0.00274232923902
4120,1.00878156918,0.00874323545531,0.00436207611604
4121,1.01072953317,0.0106723801861,0.00532197792153
4122,1.01181270399,0.0117434786239,0.00585453434153
4123,1.01018915019,0.0101375907373,0.00505597070308
4124,1.00735786683,0.00733092977596,0.00365875527201
4125,1.00967653613,0.00963001830247,0.00480343557775
4126,1.00898119388,0.00894110282744,0.0044605733734
4127,1.00866167471,0.00862437762352,0.00430290467536
4128,1.00981215501,0.00976432841478,0.00487026581489
4129,1.00563387992,0.00561806897513,0.00280509284179
4130,1.00467761044,0.00466670441403,0.00233063205686
4131,1.00672917933,0.00670663946046,0.0033477036329
4132,1.00603461517,0.00601647980257,0.0030037196814
4133,1.00510482364,0.00509183820011,0.00254268099659
4134,1.00948885861,0.00944412216567,0.00471092968034
4135,1.00748224896,0.00745439579017,0.00372026051468
4136,1.0080694267,0.00803704297596,0.00401045803517
4137,1.00806813366,0.008035760281,0.00400981925959
4138,1.01024868618,0.0101965244894,0.00508528816355
4139,1.00774127851,0.0077114685615,0.00384831048179
4140,1.00876225355,0.00872408778949,0.00435254399928
4141,1.01045132606,0.0103970885244,0.00518505521556
4142,1.00909082124,0.00904974846535,0.00451465241256
4143,1.0085953316,0.00855860205725,0.00427015786674
4144,1.00722562849,0.00719964871112,0.00359335275574
4145,1.00700546177,0.00698103752048,0.00348443398137
4146,1.01112791182,0.011066452137,0.0055179459689
4147,1.01148680935,0.0114213368563,0.00569439355607
4148,1.00612500026,0.00610631868793,0.00304850319284
4149,1.00762958277,0.00760062470654,0.00379310030518
4150,1.00844610995,0.00841064113559,0.00419649058922
4151,1.00909206657,0.00905098257138,0.0045152666796
4152,1.01049491045,0.0104402211842,0.00520650949153
4153,1.00719823189,0.00717244827498,0.00357980131589
4154,1.01160775644,0.0115409032795,0.00575383456171
4155,1.0084497475,0.00841424821709,0.00419828655981
4156,1.00780897367,0.00777864143864,0.00388176710747
4157,1.00857657588,0.0085400060008,0.00426089949952
4158,1.00914961177,0.00910800765367,0.00454365007438
4159,1.00778008069,0.00774997193025,0.00386748789511
4160,1.00898361676,0.0089435041375,0.00446176867211
4161,1.00986843294,0.00982005794802,0.00489799448637
4162,1.00758245291,0.00755385060902,0.0037698016934
4163,1.01135392905,0.0112899569628,0.00562907552837
4164,1.01125535439,0.0111924841973,0.00558061230548
4165,1.0111761395,0.0111141479082,0.00554166198035
4166,1.00840860601,0.00837345061963,0.0041779731939
4167,1.00977276175,0.00972531717407,0.00485085500279
4168,1.01053837709,0.0104832354615,0.00522790442299
4169,1.00830180392,0.00826753348291,0.00412523448855
4170,1.00658661945,0.00656502245895,0.00327712967943
4171,1.00737667811,0.00734960348401,0.00366805792135
4172,1.00602482372,0.00600674704098,0.00299886790605
4173,1.00612759382,0.00610889645733,0.00304978814754
4174,1.00751550208,0.00748740139917,0.00373670178879
4175,1.00556032447,0.00554492292665,0.00276862174135
4176,1.0062709411,0.00625136056461,0.0031208004293
4177,1.01186549553,0.0117956524753,0.00588046820214
4178,1.00724774246,0.00722160379974,0.00360429079382
4179,1.00898723877,0.00894709388687,0.00446355553687
4180,1.0067507768,0.00672809234492,0.00335839410884
4181,1.00747268808,0.00744490586304,0.0037155331924
4182,1.0103860369,0.0103324725849,0.00515291424523
4183,1.00824927901,0.00821543967567,0.00409929469669
4184,1.00783272859,0.00780221202104,0.00389350658174
4185,1.00694012815,0.00691615630627,0.00345210588705
4186,1.00782203102,0.00779159753659,0.00388821998927
4187,1.00907413934,0.00903321670551,0.00450642381621
4188,1.00909298659,0.00905189430031,0.00451572048562
4189,1.00846385341,0.00842823583532,0.00420525098256
4190,1.00801015465,0.00797824365549,0.0039811758506
4191,1.01182970742,0.0117602834049,0.00586288750482
4192,1.00977615115,0.00972867376581,0.00485252515608
4193,1.00651983648,0.00649867427852,0.00324406375655
4194,1.00745629856,0.00742863778279,0.00370742934161
4195,1.00906467477,0.00902383720171,0.00450175518737
4196,1.00626947794,0.00624990651739,0.00312007567432
4197,1.00827850415,0.00824442528271,0.00411372798535
4198,1.00646139962,0.0064406142651,0.00321512750502
4199,1.00893264031,0.00889298027947,0.00443661913831
4200,1.0051046182,0.00509163380033,0.00254257905656
4201,1.00688071547,0.00685715137416,0.00342270483293
4202,1.00533990533,0.00532569859289,0.0026593070581
4203,1.00810459883,0.00807193295064,0.00402783290857
4204,1.0062408794,0.00622148576294,0.0031059095339
4205,1.00706337139,0.0070385426255,0.0035130859356
4206,1.00606857544,0.0060502357925,0.0030205468376
4207,1.0091985841,0.00915653478908,0.00456780310391
4208,1.0068585397,0.00683512690327,0.00341173022869
4209,1.0087130969,0.00867535693544,0.0043282843283
4210,1.00836383526,0.00832905220167,0.00415586648725
4211,1.00805556778,0.00802329489451,0.00400361153897
4212,1.00363962082,0.0036330134232,0.00181485786181
4213,1.00998641246,0.00993687775664,0.00495611660182
4214,1.00854628028,0.00850996757526,0.0042459441698
4215,1.00851466863,0.00847862329919,0.0042303384525
4216,1.00888189912,0.00884268707214,0.00441158378577
4217,1.00805797292,0.00802568081687,0.00400479972329
4218,1.00496476973,0.00495248590593,0.00247317959245
4219,1.00911635431,0.00907505118459,0.00452724657602
4220,1.00835291505,0.0083182225146,0.00415047413248
4221,1.00562517949,0.0056094172461,0.0028007791024
4222,1.00783645619,0.00780591063794,0.00389534868819
4223,1.00559554511,0.00557994819968,0.00278608573909
4224,1.00841932376,0.00838407894177,0.00418326513849
4225,1.00596723056,0.00594949714821,0.00297032839363
4226,1.00518299951,0.0051696139978,0.00258146926171
4227,1.00732391555,0.0072972259191,0.00364196485919
4228,1.00674407033,0.00672143081851,0.00335507452613
4229,1.00935226002,0.0093087984007,0.0046435842699
4230,1.01060707283,0.0105512124974,0.00526171467759
4231,1.00929559098,0.0092526528551,0.00461564146317
4232,1.00768231454,0.00765295582526,0.00381916627494
4233,1.01069593674,0.0106391398448,0.00530544606571
4234,1.00539069728,0.0053762194777,0.00268450000704
4235,1.00767036961,0.00764110188863,0.0038132619252
4236,1.00999241886,0.00994282474781,0.00495907535601
4237,1.01264252115,0.0125632717197,0.00626194763164
4238,1.00928094042,0.00923813712722,0.00460841707271
4239,1.00931704482,0.00927390888827,0.00462622036842
4240,1.00689431752,0.00687066038496,0.00342943619692
4241,1.00932879943,0.00928555491735,0.00463201642754
4242,1.00745267289,0.00742503893406,0.00370563658688
4243,1.01086034826,0.0108017982167,0.00538634047445
4244,1.00849505814,0.00845917819434,0.0042206569827
4245,1.00554928893,0.00553394835487,0.00276314963267
4246,1.00942818123,0.00938401332331,0.00468101639392
4247,1.00586766032,0.00585051265012,0.00292098193169
4248,1.00478458422,0.00477317447314,0.00238374160149
4249,1.0109155373,0.0108563928254,0.00541349037566
4250,1.0061933132,0.00617421345647,0.00308234651395
4251,1.00934198469,0.00929861822493,0.00463851780537
4252,1.00554413284,0.00552882070208,0.00276059288724
4253,1.00664125406,0.00661929808894,0.00330417819327
4254,1.00766315732,0.00763394447822,0.00380969686016
4255,1.00750052265,0.0074725335996,0.00372929563974
4256,1.00849486607,0.00845898773732,0.00422056215611
4257,1.00673273511,0.00671017146839,0.00334946372325
4258,1.00854132536,0.00850505462461,0.00424349812153
4259,1.00476372778,0.0047524171327,0.0023733876176
4260,1.00598133987,0.00596352266704,0.00297732029833
4261,1.01000449801,0.00995478432092,0.00496502547056
4262,1.00418719378,0.00417845188026,0.00208704502668
4263,1.0069493277,0.00692529240794,0.00345665815809
4264,1.00833977986,0.00830519604185,0.004143987908
4265,1.00816480588,0.00813165418329,0.00405757280729
4266,1.00912483855,0.00908345874435,0.00453143131556
4267,1.00786590392,0.00783512897853,0.00390990084438
4268,1.00801164945,0.00797972657483,0.00398191435812
4269,1.00778073435,0.00775062053665,0.00386781094402
4270,1.00663794686,0.00661601270289,0.00330254092665
4271,1.00581205758,0.00579523273139,0.00289342232727
4272,1.00786990507,0.00783909888542,0.00391187803488
4273,1.0055081142,0.00549300001605,0.00274273182743
4274,1.00892073701,0.00888118230398,0.00443074630481
4275,1.00794550659,0.0079141072686,0.00394923481413
4276,1.0086390484,0.00860194535896,0.0042917367424
4277,1.00586779658,0.00585064811623,0.0029210494669
4278,1.00857786109,0.00854128028296,0.00426153392561
4279,1.00726902828,0.00724273622911,0.00361481886917
4280,1.00714347215,0.00711807841054,0.00355271333214
4281,1.00804010186,0.00800795245361,0.0039959710018
4282,1.00904207003,0.00900143528241,0.00449060458925
4283,1.00983857356,0.00979048992581,0.00488328277852
4284,1.01069387778,0.0106371026785,0.00530443288606
4285,1.01297798535,0.0128944928943,0.0064265075473
4286,1.00919531191,0.00915329241777,0.00456618932219
4287,1.00870204212,0.00866439758448,0.00432282835547
4288,1.0089432868,0.00890353245318,0.00444187180332
4289,1.00753474869,0.0075065042614,0.00374621748361
4290,1.00651913294,0.00649797529927,0.00324371540063
4291,1.008125844,0.00809300709665,0.00403832748472
4292,1.00722012429,0.00719418397965,0.00359063020463
4293,1.00677003686,0.00674722307047,0.00336792730177
4294,1.00949999343,0.00945515225986,0.00471641873131
4295,1.00452955674,0.00451932917216,0.00225711346598
4296,1.00658018202,0.00655862712881,0.00327394248843
4297,1.01145911157,0.0113939532516,0.00568077962703
4298,1.00970805311,0.00966123274569,0.00481896770986
4299,1.00786719242,0.00783640741645,0.00391053756385
4300,1.0033925437,0.00338680201007,0.00169196801055
4301,1.00892642594,0.00888682091212,0.0044335531133
4302,1.00773579173,0.00770602391356,0.00384559863048
4303,1.00771686874,0.00768724601209,0.00383624574198
4304,1.00621474631,0.00619551441184,0.00309296410663
4305,1.00624964534,0.00623019729247,0.00311025176059
4306,1.008769887,0.00873165490256,0.00435631108059
4307,1.00581852774,0.00580166548306,0.00289662939162
4308,1.00870316609,0.0086655118601,0.00432338308471
4309,1.00943182902,0.00938762704002,0.00468281479272
4310,1.00856071682,0.00852428167478,0.00425307080562
4311,1.00633114735,0.00631118983092,0.00315062125881
4312,1.00960541512,0.00955957642116,0.00476838320132
4313,1.00683066763,0.00680744431807,0.00339793606338
4314,1.00541516818,0.00540055887182,0.0026966369607
4315,1.00672371501,0.00670121165729,0.00334499881298
4316,1.00646815586,0.00644732710723,0.00321847312915
4317,1.00984342344,0.00979529253389,0.00488567235344
4318,1.00565847363,0.00564252460143,0.00281728628024
4319,1.00415538804,0.00414677825857,0.00207124114284
4320,1.00776347033,0.00773348966722,0.00385927860224
4321,1.00760882369,0.00758002259045,0.00378283826723
4322,1.00634716278,0.00632710437564,0.00315855342926
4323,1.01079565752,0.0107378004374,0.00535451343252
4324,1.00563536993,0.00561955063638,0.00280583159405
4325,1.0088052309,0.00876669092947,0.00437375262736
4326,1.01020929413,0.0101575312926,0.00506589052186
4327,1.00711504214,0.00708984965898,0.00353864900144
4328,1.00682855645,0.00680534745504,0.00339689119382
4329,1.00728903915,0.00726260249368,0.00362471604583
4330,1.0072848411,0.00725843481029,0.0036226397553
4331,1.00956409455,0.00951864814045,0.00474801643344
4332,1.00669262656,0.00667033035909,0.00332960969403
4333,1.00830451495,0.00827022218883,0.00412657329484
4334,1.00915479584,0.00911314470934,0.00454620692844
4335,1.00605497911,0.00603672138884,0.00301381002345
4336,1.00760487253,0.00757610126737,0.00378088502064
4337,1.00831185466,0.00827750142882,0.00413019788908
4338,1.00774051368,0.0077107096026,0.00384793246262
4339,1.01024309582,0.0101909908257,0.00508253539801
4340,1.00457785184,0.00456740534666,0.00228109700828
4341,1.01026817088,0.0102158113305,0.00509488249823
4342,1.00843813139,0.00840272936674,0.00419255129784
4343,1.00841062254,0.00837545033354,0.00417896887298
4344,1.00678141574,0.00675852537222,0.00337355940406
4345,1.00555647132,0.00554109107975,0.00276671112054
4346,1.00948348617,0.00943880021257,0.00470828123595
4347,1.00767233718,0.00764305448156,0.00381423449832
4348,1.00552610297,0.00551089008076,0.00275165228607
4349,1.00819570345,0.00816230105021,0.00407283394788
4350,1.00573015792,0.00571380301245,0.00285282444663
4351,1.00950887486,0.00946395007095,0.00472079688014
4352,1.01334829777,0.0132599941734,0.00660806714793
4353,1.00991539558,0.00986656058901,0.00492113165303
4354,1.0109822722,0.0109224049722,0.00544631722927
4355,1.00742631937,0.00739888002411,0.00369260551439
4356,1.0055142781,0.0054991301347,0.00274578847544
4357,1.00598021127,0.00596240078296,0.00297676102623
4358,1.01044897943,0.0103947661621,0.00518390005456
4359,1.0041776943,0.00416899196476,0.00208232492941
4360,1.00634295922,0.00632292731727,0.00315647149464
4361,1.00715883978,0.00713333692665,0.00356031545663
4362,1.0086194795,0.00858254387654,0.00428207758737
4363,1.00748136449,0.00745351787978,0.00371982319242
4364,1.00639142323,0.00637108470284,0.00318047389474
4365,1.01212581704,0.0120528882729,0.00600832154517
4366,1.01216274701,0.0120893751343,0.00602645519809
4367,1.00712543572,0.00710016975644,0.0035437907773
4368,1.01067971489,0.010623089538,0.00529746345727
4369,1.01062458741,0.0105685430976,0.005270334346
4370,1.00649624586,0.00647523619572,0.00323238266402
4371,1.00826153136,0.00822759170897,0.00410534578757
4372,1.00919633433,0.00915430552689,0.0045666935636
4373,1.00752002754,0.00749189309755,0.0037389392434
4374,1.0069046628,0.00688093477711,0.00343455576216
4375,1.00545870133,0.00544385661926,0.00271822722156
4376,1.00674577506,0.00672312412916,0.00335591834051
4377,1.00824874206,0.00821490712624,0.00409902951348
4378,1.00748318388,0.00745532375722,0.00372072277196
4379,1.00539367707,0.00537918328401,0.00268597793093
4380,1.00968512799,0.00963852778326,0.00480766987176
4381,1.00910552066,0.00906431535009,0.00452190294632
4382,1.00854228799,0.0085060091001,0.004243973334
4383,1.00569100358,0.00567487099565,0.00283341378241
4384,1.00668929081,0.0066670167792,0.00332795841918
4385,1.01173689576,0.0116685526394,0.00581728998001
4386,1.01087569019,0.010816975196,0.00539388806127
4387,1.00552353596,0.00550833717786,0.00275037934616
4388,1.00739812473,0.00737089283412,0.00367866349467
4389,1.00495823493,0.00494598336372,0.00246993635705
4390,1.00535138979,0.00533712198119,0.00266500354684
4391,1.00623778866,0.00621841418072,0.00310437851164
4392,1.01069151948,0.0106347693225,0.00530327239594
4393,1.00584364464,0.00582663677242,0.0029090787923
4394,1.00740693488,0.00737963824897,0.00368302010685
4395,1.00800542781,0.00797355436647,0.0039788405378
4396,1.00755327394,0.00752489079912,0.00375537627038
4397,1.00653619048,0.00651492221155,0.00325216133551
4398,1.00991299939,0.00986418792241,0.00491995115714
4399,1.00615765025,0.00613876938861,0.00306467894892
4400,1.00873720572,0.00869925722472,0.00434018267822
4401,1.00973508948,0.00968800881005,0.00483229113636
4402,1.00900769439,0.00896736710196,0.00447364684796
4403,1.00770409638,0.00767457137133,0.0038299327131
4404,1.00777626296,0.00774618366476,0.00386560108611
4405,1.00489763066,0.00488567628234,0.00243985684019
4406,1.0071928276,0.00716708259007,0.0035771280739
4407,1.00480909584,0.00479756908268,0.00239590975682
4408,1.0096527074,0.00960641765973,0.00479169186917
4409,1.00666258551,0.00664048858563,0.00331473837708
4410,1.00483825995,0.00482659318895,0.00241038693534
4411,1.00777234099,0.0077422919446,0.00386366274606
4412,1.00706120791,0.00703639432699,0.00351201555935
4413,1.00631546262,0.00629560365363,0.00314285269297
4414,1.00566877951,0.00565277244836,0.00282239575506
4415,1.01259615033,0.0125174787824,0.00623919427898
4416,1.00885937132,0.00882035734336,0.00440046811407
4417,1.00806190726,0.00802958369385,0.00400674334476
4418,1.00661366674,0.00659189240278,0.00329052053325
4419,1.00708441248,0.00705943591933,0.00352349582817
4420,1.01018270429,0.0101312098325,0.00505279637647
4421,1.0080297324,0.00799766564656,0.00399084813799
4422,1.00837101735,0.00833617469771,0.00415941292888
4423,1.00686922594,0.006845740303,0.00341701880949
4424,1.0104505126,0.0103962834816,0.00518465478116
4425,1.00656453885,0.006543086103,0.00326619738564
4426,1.0078120206,0.00778166476281,0.0038832729005
4427,1.00700402067,0.00697960645389,0.00348372094105
4428,1.00652913124,0.00650790879094,0.00324866602346
4429,1.00598813614,0.00597027850666,0.0029806881553
4430,1.00755677913,0.00752836970673,0.00375710919038
4431,1.00832739489,0.00829291343441,0.00413787203499
4432,1.01089935398,0.010840384127,0.00540552932608
4433,1.00919514223,0.00915312428868,0.0045661056415
4434,1.0089827444,0.00894263953994,0.00446133830205
4435,1.00693315343,0.00690922963185,0.00344865449967
4436,1.00864754619,0.00861037032567,0.00429593113805
4437,1.00936649246,0.0093228988742,0.00465060174354
4438,1.00871300005,0.00867526092313,0.00432823652993
4439,1.00639159105,0.00637125145525,0.00318055700577
4440,1.00891285205,0.00887336703178,0.00442685597485
4441,1.00563758548,0.00562175377023,0.00280693006955
4442,1.00965267268,0.00960638327251,0.00479167475794
4443,1.00776434761,0.00773436018272,0.00385971218012
4444,1.01151949958,0.0114536553239,0.005710460643
4445,1.00940875777,0.00936477109518,0.00467144027038
4446,1.00879681156,0.00875834503668,0.00436959792373
4447,1.00776876659,0.00773874511168,0.00386189617992
4448,1.01098275239,0.0109228799468,0.00544655342308
4449,1.00832942533,0.00829492710346,0.00413887470285
4450,1.00967749209,0.00963096509579,0.00480390670036
4451,1.00601616244,0.00599813759126,0.00299457608125
4452,1.0087670949,0.00872888707208,0.00435493319317
4453,1.00701251153,0.00698803821294,0.00348792212477
4454,1.00802831222,0.00799625677191,0.00399014651172
4455,1.00581836601,0.00580150468621,0.00289654922608
4456,1.00974427608,0.00969710679505,0.00483681813651
4457,1.01038108985,0.0103275763747,0.00515047875201
4458,1.00564991988,0.00563401894584,0.00281304542486
4459,1.01127192127,0.0112088665553,0.00558875773933
4460,1.00856796926,0.00853147253078,0.00425665093558
4461,1.0073569124,0.00732998231914,0.00365828327675
4462,1.01123940196,0.0111767091997,0.00557276879282
4463,1.00734161687,0.00731479838243,0.00365071905325
4464,1.00855941858,0.00852299445509,0.00425242993289
4465,1.00857015565,0.00853364034697,0.00425773022927
4466,1.00476973993,0.00475840075839,0.00237637232525
4467,1.00444266459,0.00443282508947,0.00221395811613
4468,1.01131120316,0.0112477098406,0.00560807065158
4469,1.00658943671,0.00656782127749,0.00327852450168
4470,1.01170416931,0.0116362053115,0.0058012102729
4471,1.0061500702,0.00613123570384,0.00306092364362
4472,1.0091488209,0.00910722394965,0.00454326000273
4473,1.00992069607,0.00987180902638,0.00492374295417
4474,1.00793665604,0.00790532644894,0.00394486173346
4475,1.01013935333,0.0100882949336,0.00503144711811
4476,1.00646621136,0.00644539510505,0.00321751023665
4477,1.00587921395,0.00586199881403,0.00292670822176
4478,1.00961510811,0.00956917714905,0.00477316066382
4479,1.00568985123,0.00567372516913,0.00283284249229
4480,1.00665300206,0.00663096851402,0.00330999410826
4481,1.0050001689,0.00498770957237,0.00249074771374
4482,1.00540093651,0.0053864037596,0.00268957846521
4483,1.00791120911,0.00788007956483,0.00393228800978
4484,1.00591213728,0.00589472917166,0.00294302537096
4485,1.00829442977,0.0082602200259,0.00412159283825
4486,1.01250103931,0.0124235464807,0.00619252006302
4487,1.00622363112,0.00620434430981,0.00309736539062
4488,1.01168470511,0.0116169661058,0.00579164642939
4489,1.00951462221,0.00946964327655,0.00472363004067
4490,1.00525938901,0.00524560672888,0.00261936682081
4491,1.00878541628,0.00874704906389,0.00436397460089
4492,1.00805442276,0.00802215902058,0.00400304587564
4493,1.00672855351,0.00670601782679,0.00334739385654
4494,1.00996671709,0.00991737693506,0.0049464144679
4495,1.00838089377,0.00834596907582,0.00416428973656
4496,1.00523090641,0.00521727274742,0.00260523683854
4497,1.00497873687,0.00496638394308,0.00248011140076
4498,1.00455519491,0.00454485141126,0.002269845701
4499,1.00401090396,0.00400288173151,0.00199943931853
4500,1.00788108005,0.00785018654753,0.00391740016384
4501,1.00473763056,0.00472644330628,0.00236043144324
4502,1.00692581596,0.00690194266625,0.00344502357537
4503,1.00873699923,0.00869905251825,0.00434008076921
4504,1.00974954191,0.00970232179044,0.00483941301883
4505,1.00661909359,0.00659728358203,0.00329320724936
4506,1.00937325086,0.00932959452987,0.00465393399639
4507,1.00954639122,0.00950111236516,0.00473929013761
4508,1.00708168822,0.00705673081984,0.00352214804321
4509,1.00662774132,0.00660587440597,0.00329748850646
4510,1.00781752435,0.00778712583335,0.00388599282864
4511,1.00928819743,0.009245327373,0.00461199562135
4512,1.0036936679,0.00368686306425,0.00184173345581
4513,1.00774308697,0.00771326312778,0.00384920431151
4514,1.00625904753,0.00623954104043,0.00311490909299
4515,1.00849472623,0.00845884908145,0.00422049312078
4516,1.01090806851,0.0108490046536,0.00540981628086
4517,1.00825852879,0.0082246137354,0.00410386291249
4518,1.00801942899,0.00798744425566,0.00398575782554
4519,1.00805676542,0.0080244829682,0.00400420319735
4520,1.00624924751,0.00622980193665,0.0031100546975
4521,1.00727060499,0.00724430155928,0.00361559870476
4522,1.00542762844,0.00541295194181,0.00270281676674
4523,1.0067891908,0.00676624803166,0.00337740769993
4524,1.01178598591,0.0117170721232,0.00584140830337
4525,1.00844206788,0.0084066329164,0.00419449488786
4526,1.00919730988,0.00915527218737,0.00456717468651
4527,1.00865609208,0.00861884291545,0.00430014922517
4528,1.00989560618,0.00984696529516,0.00491138217386
4529,1.01080621553,0.010748245633,0.0053597080523
4530,1.00758069319,0.00755210412414,0.00376893174253
4531,1.00688784512,0.00686423227884,0.0034262331611
4532,1.0098977177,0.00984905612287,0.00491242245274
4533,1.01121506899,0.0111526463848,0.00556080436161
4534,1.00801121671,0.00797929727356,0.00398170056218
4535,1.00619958288,0.00618044452643,0.00308545244093
4536,1.00752194103,0.00749379229986,0.0037398852936
4537,1.0130440706,0.0129597293538,0.00645891562719
4538,1.00696637167,0.00694221861281,0.00346509197079
4539,1.01183685164,0.0117673440726,0.00586639713455
4540,1.00643527918,0.00641466118335,0.00320219260146
4541,1.00834937805,0.0083147148009,0.00414872755343
4542,1.00795206537,0.00792061432282,0.00395247548703
4543,1.00875697134,0.00871885144442,0.00434993721904
4544,1.00950260288,0.00945773715427,0.00471770508196
4545,1.00918699065,0.00914504694207,0.00456208540109
4546,1.00862374024,0.00858676819332,0.00428418069911
4547,1.00915941802,0.00911772495075,0.00454848663517
4548,1.0072370063,0.00721094482865,0.00359898050314
4549,1.00959559706,0.00954985171746,0.00476354402327
4550,1.00675342621,0.00673072398265,0.00335970550781
4551,1.00748088546,0.00745304241234,0.003719586343
4552,1.00690980546,0.00688604215875,0.00343710067893
4553,1.00401987824,0.00401182012008,0.00200389956697
4554,1.00786286087,0.00783210966499,0.00390839708908
4555,1.009955418,0.00990618928537,0.00494084829686
4556,1.00738411405,0.00735698494801,0.00367173510874
4557,1.00901181038,0.00897144633293,0.00447567733685
4558,1.00269623599,0.00269260766274,0.00134539797093
4559,1.00711907858,0.00709385756482,0.00354064586107
4560,1.00496292456,0.00495064984447,0.00247226383175
4561,1.00604647963,0.00602827302218,0.00300959856211
4562,1.00673941881,0.00671681044641,0.00335277208827
4563,1.00681753992,0.00679440557921,0.00339143882517
4564,1.00698448529,0.00696020675956,0.00347405483856
4565,1.00876678255,0.00872857744345,0.00435477905305
4566,1.01046442374,0.0104100506461,0.00519150265088
4567,1.00213225716,0.00212998713018,0.00106442666071
4568,1.00806634037,0.00803398133909,0.00400893335485
4569,1.00694253599,0.00691854755128,0.00345329738143
4570,1.00639041368,0.00637008155603,0.00317997391645
4571,1.01014145091,0.0100903714531,0.00503248015336
4572,1.01218158521,0.0121079867924,0.00603570490292
4573,1.01034682711,0.0102936650827,0.00513361029269
4574,1.00796767392,0.00793609960809,0.0039601874972
4575,1.00852181341,0.00848570773418,0.00423386567897
4576,1.01044151916,0.0103873830142,0.00518022761054
4577,1.00824834056,0.00821450891017,0.00409883122157
4578,1.00791373333,0.00788258397648,0.00393353529079
4579,1.00800751719,0.00797562715208,0.00397987280642
4580,1.00577483423,0.00575822379424,0.00287497122923
4581,1.00956713682,0.00952166158439,0.00474951600034
4582,1.00932534695,0.00928213434449,0.00463031406173
4583,1.00849477685,0.00845889927585,0.00422051811205
4584,1.00697543499,0.00695121918628,0.00346957665352
4585,1.00938552089,0.00934175054354,0.00465998369819
4586,1.00765079245,0.00762167356536,0.0038035847592
4587,1.01043523897,0.0103811677033,0.00517713604865
4588,1.00797683023,0.00794518350182,0.00396471144683
4589,1.00763113075,0.00760216095837,0.00379386551723
4590,1.00727204131,0.00724572750881,0.00361630910144
4591,1.00519754486,0.00518408424626,0.00258868568258
4592,1.00762349616,0.00759458416353,0.00379009148533
4593,1.00679854779,0.00677554188071,0.00338203891914
4594,1.00773004043,0.0077003167431,0.00384275601493
4595,1.00953155567,0.0094864169897,0.00473197724584
4596,1.00865256482,0.00861534592034,0.0042984082449
4597,1.00769479901,0.00766534504126,0.00382533720559
4598,1.00836640367,0.00833159930898,0.00415713474738
4599,1.00523066794,0.0052170355146,0.00260511853114
4600,1.00689298889,0.00686934085259,0.00342877869314
4601,1.00755748812,0.00752907337817,0.00375745970415
4602,1.00941731935,0.00937325284287,0.00467566132429
4603,1.00766998049,0.00764071573809,0.00381306958616
4604,1.0095695203,0.00952402247594,0.00475069083887
4605,1.01173876811,0.0116704032675,0.00581820991082
4606,1.00661345349,0.00659168055481,0.0032904149578
4607,1.00693130272,0.00690739166883,0.00344773868699
4608,1.01054203901,0.0104868591828,0.00522970680974
4609,1.00824088304,0.00820711237238,0.00409514810445
4610,1.00585630576,0.00583922426205,0.00291535420836
4611,1.0084214937,0.00838623076237,0.00418433654739
4612,1.00842092626,0.00838566806002,0.00418405637345
4613,1.01059468097,0.010538950619,0.00525561597896
4614,1.00689186028,0.00686821996398,0.00342822017032
4615,1.00851852551,0.00848244761556,0.00423224251979
4616,1.00844395728,0.00840850650005,0.00419542774988
4617,1.01013186524,0.010080881977,0.00502775928191
4618,1.01040574888,0.0103519817411,0.00516261851149
4619,1.0103618468,0.0103085308501,0.00514100499142
4620,1.00919133176,0.00914934853227,0.00456422638178
4621,1.01280190037,0.0127206487561,0.00634014033
4622,1.01050778378,0.0104529607281,0.005212846079
4623,1.00954265025,0.00949740675987,0.00473744611423
4624,1.00889396644,0.0088546480826,0.0044175378897
4625,1.00994761808,0.00989846622534,0.00493700583866
4626,1.00738819187,0.00736103286471,0.00367375163361
4627,1.00827780041,0.00824372732479,0.00411338044193
4628,1.00963530469,0.00958918118306,0.00478311488982
4629,1.01022734549,0.0101754000714,0.00507477961092
4630,1.00783160116,0.00780109335343,0.00389294942555
4631,1.00830455981,0.00827026668436,0.00412659545079
4632,1.0086354974,0.00859842476162,0.00428998399693
4633,1.00805719428,0.0080249083926,0.00400441505778
4634,1.00923312587,0.00919076113906,0.00458483796352
4635,1.01192509883,0.0118545551117,0.00590974590167
4636,1.00871724293,0.00867946714777,0.00433033053728
4637,1.01193763231,0.011866940817,0.00591590213708
4638,1.00661228376,0.00659051850005,0.00328983584208
4639,1.00753917775,0.00751090019168,0.00374840721229
4640,1.00977509474,0.00972762758172,0.00485200460222
4641,1.00354666606,0.00354039147107,0.00176862986317
4642,1.00879068394,0.00875227082863,0.00436657408604
4643,1.01007867675,0.0100282255937,0.00500156311722
4644,1.00538511589,0.00537066800403,0.00268173171783
4645,1.00550001406,0.00548494421563,0.00273871496659
4646,1.00650474565,0.00648368108905,0.00323659145324
4647,1.00548224109,0.00546726830151,0.00272990117523
4648,1.00496670822,0.00495441481548,0.00247414166149
4649,1.00989839739,0.00984972914924,0.00491275731278
4650,1.00209206439,0.00208987906617,0.00104439377388
4651,1.01024818597,0.0101960293451,0.00508504185034
4652,1.00496295612,0.00495068124986,0.00247227949563
4653,1.00790320653,0.00787213976965,0.00392833371512
4654,1.00679401431,0.00677103900068,0.00337979509105
4655,1.00878264388,0.00874430080698,0.00436260646815
4656,1.00667538758,0.00665320583987,0.00332107590686
4657,1.00637835319,0.00635809758473,0.00317400096727
4658,1.00792959741,0.007898323369,0.00394137400048
4659,1.00833072367,0.0082962147147,0.00413951584364
4660,1.00802059224,0.00798859825195,0.00398633252375
4661,1.00779870213,0.0077684494342,0.00387669087381
4662,1.00616027814,0.00614138118929,0.00306598084624
4663,1.00707422086,0.00704931594366,0.00351845365642
4664,1.00770833309,0.00767877569011,0.00383202681917
4665,1.00632245354,0.00630255067242,0.00314631527962
4666,1.00457770371,0.00456725789436,0.0022810234503
4667,1.0058623648,0.00584524800537,0.00291835729483
4668,1.00804923951,0.00801701717673,0.00400048524194
4669,1.00309537608,0.00309059526294,0.00154410427386
4670,1.01023139428,0.0101794078641,0.00507677333594
4671,1.00944450455,0.00940018405296,0.00468906387849
4672,1.01324727011,0.0131602923275,0.00655854440884
4673,1.00895979606,0.00891989524301,0.00445001682421
4674,1.00650296429,0.00648191124269,0.0032357093938
4675,1.01128810827,0.0112248729979,0.00559671620069
4676,1.00704875757,0.00702403120551,0.0035058556893
4677,1.00669737063,0.0066750428842,0.00333195810838
4678,1.00759644524,0.00756773754223,0.0037767189605
4679,1.00860458062,0.00856777220964,0.00427472335347
4680,1.0086906637,0.00865311725739,0.00431721255755
4681,1.00849984737,0.00846392706851,0.00422302139529
4682,1.00882230132,0.00878361220204,0.00438217622328
4683,1.0049176151,0.00490556312729,0.00244977595282
4684,1.00885529859,0.00881632037032,0.0043984585078
4685,1.00880193887,0.00876342762754,0.00437212811151
4686,1.01029339609,0.0102407798497,0.00510730307446
4687,1.00875318812,0.00871510106644,0.00434807018526
4688,1.00961876933,0.00957280348866,0.00477496517744
4689,1.00723471471,0.0072086697009,0.00359784703269
4690,1.00938778804,0.00934399661797,0.00466110150145
4691,1.00706044783,0.00703563957164,0.00351163950696
4692,1.00753720092,0.00750893815119,0.00374742986883
4693,1.00796328811,0.00793174846017,0.00395802053656
4694,1.00386395649,0.003856510585,0.00192639740262
4695,1.00765594835,0.00762679030456,0.00380613339457
4696,1.01066990823,0.0106133864587,0.0052926376068
4697,1.00853830653,0.00850206135481,0.00424200783648
4698,1.01017463479,0.0101232216382,0.00504882245271
4699,1.00992113884,0.00987224745262,0.00492396108791
4700,1.00804613265,0.00801393512194,0.00399895037822
4701,1.00693084454,0.00690693663944,0.00344751195668
4702,1.01025202211,0.0101998265706,0.00508693080674
4703,1.0070592269,0.00703442719649,0.00351103544791
4704,1.00742426272,0.00739683853074,0.0036915885364
4705,1.00907712824,0.00903617872302,0.00450789814982
4706,1.00730541086,0.00727885559917,0.00363281310923
4707,1.00603604511,0.00601790116567,0.00300442822802
4708,1.01108992948,0.0110288871033,0.00549926691753
4709,1.00978220382,0.00973466782046,0.00485550763579
4710,1.01099907063,0.0109390207817,0.00545457985219
4711,1.01079996349,0.0107420604164,0.00535663201472
4712,1.0099936005,0.00994399469706,0.00495965742953
4713,1.00609098598,0.00607251091179,0.00303165069389
4714,1.00720098932,0.00717518599955,0.00358116527699
4715,1.00709725531,0.00707218833073,0.00352984954708
4716,1.00957074873,0.00952523925834,0.00475129633961
4717,1.00910126243,0.00906009553028,0.004519802575
4718,1.00723488496,0.0072088387278,0.00359793124207
4719,1.00587599288,0.00585879656238,0.00292511178069
4720,1.00735387742,0.00732696950434,0.00365678237908
4721,1.00653955164,0.00651826153767,0.00325382556716
4722,1.00516741264,0.00515410738209,0.0025737359388
4723,1.0067389399,0.00671633474067,0.00335253503283
4724,1.00667455363,0.00665237741788,0.00332066307141
4725,1.0090991999,0.00905805160644,0.00451878523163
4726,1.00880164902,0.00876314029964,0.00437198507567
4727,1.00592633906,0.00590884739118,0.00295006368074
4728,1.00379179901,0.00378462826029,0.00189052483258
4729,1.00624394289,0.00622453024267,0.00310742704467
4730,1.01084883479,0.0107904083793,0.00538067621439
4731,1.00734675806,0.00731990208869,0.00365326158704
4732,1.00557103198,0.00555557117483,0.00277393111083
4733,1.00737861279,0.00735152400146,0.00366901465733
4734,1.00624905533,0.0062296109519,0.0031099595021
4735,1.00893473015,0.00889505161687,0.00443765021161
4736,1.0091988487,0.00915679697749,0.00456793359929
4737,1.00932488734,0.00928167898212,0.00463008743475
4738,1.01096642333,0.0109067281383,0.00543852147227
4739,1.00774141429,0.00771160329521,0.0038483775894
4740,1.00900381409,0.00896352143593,0.00447173261518
4741,1.0068576079,0.00683420145505,0.00341126908316
4742,1.01159303736,0.0115263529893,0.0057466012503
4743,1.00963955168,0.0095933876361,0.00478520805416
4744,1.00765336217,0.00762422377019,0.00380485501085
4745,1.0059055688,0.00588819927561,0.00293977002644
4746,1.00848179466,0.00844602634593,0.00421410879168
4747,1.00964676817,0.00960053519776,0.00478876472735
4748,1.00871458195,0.00867682915645,0.00432901725244
4749,1.00778983592,0.00775965180076,0.00387230910031
4750,1.00540822095,0.00539364903662,0.0026931913538
4751,1.00421148221,0.00420263873907,0.00209911314359
4752,1.00956888374,0.00952339194713,0.00475037707214
4753,1.00887534026,0.00883618592769,0.00440834754846
4754,1.00841919787,0.00838395410543,0.00418320298143
4755,1.00851238925,0.00847636316386,0.00422921316477
4756,1.00731432761,0.00728770763895,0.00363722304045
4757,1.00869471045,0.00865712914084,0.00431920983719
4758,1.01023089834,0.0101789169435,0.00507652912176
4759,1.00669256237,0.00667026659508,0.00332957791818
4760,1.0098970581,0.00984840299027,0.00491209749062
4761,1.00620877056,0.00618957555185,0.00309000385658
4762,1.00842452728,0.00838923900071,0.0041858343717
4763,1.00774002708,0.00771022674605,0.00384769196332
4764,1.00549640517,0.00548135505272,0.00273692529837
4765,1.00382835615,0.00382104664642,0.00190869943524
4766,1.00829929309,0.00826504332271,0.00412399454393
4767,1.00490134483,0.00488937234862,0.00244170036268
4768,1.00518867784,0.00517526303177,0.00258428648331
4769,1.00886285855,0.00882381394463,0.00440218880788
4770,1.00872019702,0.00868239569891,0.00433178847099
4771,1.00471705256,0.00470596213078,0.00235021497539
4772,1.0083385751,0.00830400124488,0.00414339298495
4773,1.00630408334,0.00628429572253,0.00313721648107
4774,1.00546636882,0.00545148244695,0.00272202976379
4775,1.00442029456,0.00441055375502,0.00220284704094
4776,1.0050383952,0.00502574495821,0.002509717858
4777,1.00811672142,0.00808395800248,0.00403382119904
4778,1.00957769195,0.00953211663488,0.00475471868377
4779,1.00868773793,0.00865021669248,0.00431576853522
4780,1.00956700905,0.00952153502418,0.00474945302078
4781,1.00769135063,0.0076619229879,0.0038236327227
4782,1.00660834901,0.00658660959314,0.00328788781655
4783,1.00683950261,0.00681621931308,0.00340230864286
4784,1.00433467632,0.00432530867591,0.00216031748597
4785,1.01068169389,0.010625047622,0.00529843731235
4786,1.00721849772,0.00719256906322,0.00358982564538
4787,1.00911418194,0.00907289844022,0.00452617507626
4788,1.00458015045,0.00456969347563,0.00228223846239
4789,1.00346725375,0.00346125668723,0.0017291316699
4790,1.00817379637,0.00814057181659,0.00406201352207
4791,1.01084078849,0.0107824484023,0.00537671763307
4792,1.01012234095,0.0100714531721,0.00502306857126
4793,1.00650156486,0.00648052084673,0.00323501644504
4794,1.00742688307,0.00739943957075,0.00369288425458
4795,1.00727707326,0.00725072312324,0.00361879787271
4796,1.0047945011,0.00478304408806,0.00238866463349
4797,1.00452058309,0.00451039593931,0.00225265692126
4798,1.00838918712,0.00835419346353,0.00416838479763
4799,1.01308830543,0.0130033936602,0.00648060653161
4800,1.00851284722,0.00847681727229,0.0042294392587
4801,1.01053963449,0.0104844797427,0.0052285233109
4802,1.0132082427,0.0131217744304,0.00653941158671
4803,1.00639258738,0.00637224145555,0.00318105043142
4804,1.00497560458,0.00496326716303,0.00247855687451
4805,1.00745618718,0.00742852722632,0.00370737426832
4806,1.00645171717,0.00643099392941,0.00321033279095
4807,1.00695293135,0.00692887118209,0.00345844135827
4808,1.00952379824,0.0094787327726,0.00472815331071
4809,1.00665165526,0.00662963061481,0.00330932737265
4810,1.00905735693,0.00901658507694,0.00449814544208
4811,1.0072968566,0.00727036334541,0.00362858239875
4812,1.01030772644,0.0102549640895,0.00511435894776
4813,1.00810340534,0.00807074904881,0.00402724334176
4814,1.00643839405,0.00641775612332,0.00320373511495
4815,1.00727110035,0.00724479334047,0.00361584370628
4816,1.01057453141,0.0105190121023,0.00524569906579
4817,1.00846043432,0.00842484543194,0.00420356290818
4818,1.00751273096,0.00748465094576,0.00373533169995
4819,1.00546932776,0.00545442529983,0.00272349718388
4820,1.00648690858,0.00646595914256,0.00322775912021
4821,1.00612873831,0.00611003397247,0.00305035517036
4822,1.0057078614,0.00569163327929,0.00284177114196
4823,1.00664444188,0.006622464877,0.00330575635423
4824,1.00852079261,0.00848469556264,0.00423336173577
4825,1.00815693363,0.00812384565537,0.00405368437758
4826,1.00991333402,0.00986451926633,0.00492011601399
4827,1.00731398882,0.00728737131013,0.00363705548768
4828,1.00529469956,0.00528073191749,0.00263688325842
4829,1.00482212107,0.00481053188299,0.00240237560718
4830,1.0076642709,0.00763504958316,0.00381024730741
4831,1.00541755128,0.0054029291331,0.00269781889477
4832,1.00823378478,0.00820007210191,0.00409164237852
4833,1.00908399112,0.00904297985009,0.0045112833782
4834,1.0066629482,0.00664084886827,0.00331491792126
4835,1.00785723609,0.0078265287554,0.00390561753661
4836,1.00859791084,0.00856115930971,0.00427143103222
4837,1.00669277707,0.00667047987255,0.00332968420185
4838,1.007363557,0.00733657837618,0.00366156923473
4839,1.00498735177,0.00497495613065,0.0024843868554
4840,1.00565305165,0.00563713312213,0.00281459813164
4841,1.00900632457,0.00896600950493,0.00447297108592
4842,1.00880938442,0.00877080818114,0.00437580224717
4843,1.00837036227,0.0083355250487,0.0041590894554
4844,1.00822619938,0.00819254862206,0.00408789602324
4845,1.01164465117,0.0115773739933,0.00577196483008
4846,1.00647545277,0.00645457709265,0.00322208644837
4847,1.00881300544,0.00877439757749,0.0043775890905
4848,1.01063600383,0.010579839429,0.00527595272815
4849,1.00807467986,0.00804225406267,0.00401305312573
4850,1.00575749146,0.00574098045496,0.00286637430958
4851,1.00580375577,0.00578697885638,0.00288930732225
4852,1.0060470285,0.00602881859268,0.00300987052635
4853,1.009134916,0.00909344501839,0.00453640181411
4854,1.00801384966,0.00798190929744,0.00398300137312
4855,1.00380792944,0.00380069762569,0.00189854429329
4856,1.00874324088,0.00870524009059,0.00434316112334
4857,1.00773704088,0.00770726346996,0.00384621602507
4858,1.0089743379,0.00893430784397,0.00445719103068
4859,1.00510829406,0.00509529098628,0.00254440299852
4860,1.00623133517,0.00621200068074,0.00310118171149
4861,1.01085645521,0.010797946979,0.00538442522582
4862,1.00889387995,0.00885456235239,0.00441749521395
4863,1.00390533093,0.00389772492479,0.001946964663
4864,1.00786552967,0.00783475764656,0.00390971590431
4865,1.0060024598,0.00598451680424,0.00298778605886
4866,1.00842183957,0.00838657374769,0.00418450732245
4867,1.00885110557,0.00881216414479,0.00439638953338
4868,1.00964099998,0.00959482210153,0.00478592185451
4869,1.00747717727,0.00744936174605,0.00371775285344
4870,1.00626030746,0.00624079313502,0.00311553319001
4871,1.01211768537,0.0120448539943,0.00600432853413
4872,1.00841181081,0.00837662868566,0.00417955558672
4873,1.01165851873,0.0115910818347,0.00577877916685
4874,1.01088888163,0.0108300246272,0.00540037756212
4875,1.01105007739,0.0109894713408,0.00547966722203
4876,1.00828247788,0.00824836638541,0.00411569042845
4877,1.00776388356,0.00773389971255,0.00385948283365
4878,1.006235865,0.00621650244904,0.00310342561271
4879,1.00987075255,0.00982235489039,0.00489913733169
4880,1.00776877646,0.00773875490771,0.00386190105902
4881,1.01142130372,0.0113565730409,0.0056621955224
4882,1.01125630556,0.0111934247873,0.00558107997584
4883,1.00881254501,0.00877394117,0.00437736188571
4884,1.00725839373,0.0072321783705,0.00360955900836
4885,1.00983236111,0.00978433797493,0.00488022181922
4886,1.00764476187,0.00761568875337,0.00380060373062
4887,1.00960168703,0.00955588379164,0.0047665456888
4888,1.00519939265,0.00518592248149,0.00258960242047
4889,1.0056482807,0.00563238897914,0.00281223273377
4890,1.00321308797,0.00320793702932,0.00160268284464
4891,1.00968256646,0.00963599081821,0.00480640748688
4892,1.01128019646,0.0112170494704,0.00559282632237
4893,1.01018836118,0.0101368096832,0.00505558215046
4894,1.00944099287,0.00939670522906,0.00468733262124
4895,1.00718156755,0.00715590289885,0.00357155820831
4896,1.00551017112,0.00549504566821,0.00274375184766
4897,1.0049180528,0.00490599868713,0.0024499931992
4898,1.00723675289,0.00721069324543,0.00359885516424
4899,1.00738129948,0.00735419100798,0.00367034326706
4900,1.0072421153,0.00721601710961,0.00360150751289
4901,1.0072083798,0.00718252360896,0.00358482093639
4902,1.00611594601,0.00609731952195,0.00304401731675
4903,1.00725621758,0.00723001789644,0.00360848266993
4904,1.0080516176,0.0080193762729,0.00400166007057
4905,1.00745594205,0.00742828390673,0.00370725305955
4906,1.00663883709,0.00661689706418,0.00330298164687
4907,1.00825472314,0.00822083925526,0.00410198341562
4908,1.00827944683,0.00824536023098,0.00411419353631
4909,1.00622996668,0.0062106406671,0.00310050381326
4910,1.00711652396,0.00709132100498,0.00353938207088
4911,1.00474846728,0.00473722886936,0.00236581148099
4912,1.00916556864,0.00912381972815,0.00455152015824
4913,1.00660988493,0.0065881354296,0.0032886482261
4914,1.00565603322,0.00564009792354,0.00281607635889
4915,1.01038315606,0.0103296213486,0.00515149597217
4916,1.00907544246,0.00903450810706,0.00450706660697
4917,1.00576108559,0.00574455400373,0.00286815596081
4918,1.00947767784,0.00943304642739,0.00470541788446
4919,1.00583833723,0.00582136018453,0.00290644816989
4920,1.00515612477,0.00514287747306,0.00256813541998
4921,1.00589199372,0.00587470380602,0.00293304210574
4922,1.00637098376,0.00635077482655,0.00317035120271
4923,1.00776022093,0.00773026529517,0.0038576726368
4924,1.00643691134,0.00641628290424,0.00320300086504
4925,1.00623849057,0.00621911174085,0.0031047262089
4926,1.00270675681,0.00270310013922,0.00135063713715
4927,1.01003385192,0.00998384703954,0.00497948457625
4928,1.01049402539,0.0104393453143,0.0052060738366
4929,1.00763462881,0.0076056325233,0.00379559471286
4930,1.00624215872,0.00622275714236,0.00310654324901
4931,1.00869413004,0.00865655372512,0.00431892337196
4932,1.01012870277,0.0100777512169,0.00502620177099
4933,1.00880174067,0.0087632311566,0.00437203030553
4934,1.00976965768,0.00972224314431,0.00484932544256
4935,1.00846181105,0.00842621062006,0.00420424263268
4936,1.00942226692,0.00937815423694,0.0046781005597
4937,1.00775567885,0.00772575818089,0.00385542777062
4938,1.00567595384,0.00565990631185,0.00282595261317
4939,1.00835377199,0.00831907234844,0.0041508972857
4940,1.00853705978,0.00850082516516,0.00424139236343
4941,1.01313519129,0.013049672715,0.00650359583485
4942,1.00798622813,0.00795450698342,0.00396935469435
4943,1.00812958895,0.00809672184975,0.00404017735885
4944,1.0080494087,0.00801718501902,0.00400056882736
4945,1.00564865222,0.00563275840825,0.00281241692884
4946,1.00661667854,0.006594884408,0.00329201161212
4947,1.00531710249,0.00530301660515,0.00264799615928
4948,1.00683132844,0.00680810063609,0.00339826310727
4949,1.00528149521,0.00526759703091,0.00263033311121
4950,1.00780019622,0.00776993196797,0.00387742926676
4951,1.00562590014,0.00561013386484,0.00280113640816
4952,1.00604861289,0.00603039346338,0.00301065559131
4953,1.00743702051,0.00740950222905,0.003697896991
4954,1.01341449829,0.0133253205346,0.00664051395813
4955,1.00695453893,0.00693046765931,0.0034592368359
4956,1.00789079324,0.00785982374143,0.00392219987286
4957,1.00889095865,0.00885166680018,0.00441605383235
4958,1.00551309918,0.00549795767247,0.00274520385382
4959,1.00820362182,0.00817015501931,0.0040767449308
4960,1.00950861953,0.00946369714463,0.00472067101398
4961,1.01181043744,0.0117412385387,0.00585342085564
4962,1.00981450166,0.00976665225931,0.00487142207762
4963,1.00906658571,0.00902573098097,0.00450269781389
4964,1.00842479194,0.00838950144835,0.00418596504622
4965,1.00668680762,0.00666455009083,0.00332672917876
4966,1.00808008599,0.00804761688019,0.00401572377027
4967,1.00820551454,0.00817203234031,0.00407767976418
4968,1.01077336129,0.0107157420987,0.0053435432585
4969,1.00902218207,0.00898172534641,0.00448079382767
4970,1.00494852959,0.00493632586493,0.00246511952272
4971,1.00800700182,0.00797511587997,0.00397961818774
4972,1.00850852802,0.00847253451503,0.00422730693462
4973,1.01214556759,0.0120724020104,0.0060180197442
4974,1.0096006059,0.00955481294442,0.00476601281717
4975,1.00786594705,0.00783517177258,0.00390992215774
4976,1.00881258291,0.00877397873501,0.00437738058599
4977,1.00587352442,0.00585634252453,0.00292388835018
4978,1.01151690571,0.0114510909945,0.00570918579923
4979,1.00673734795,0.00671475344848,0.00335174703709
4980,1.00647386718,0.00645300170888,0.00322130129419
4981,1.0108706974,0.0108120361111,0.00539143183621
4982,1.00651777451,0.00649662566702,0.00324304277319
4983,1.00586200787,0.00584489315387,0.00291818038685
4984,1.00891295327,0.00887346735251,0.00442690591316
4985,1.00974944575,0.00970222656402,0.00483936563604
4986,1.01026201995,0.0102097229007,0.00509185378864
4987,1.00662271845,0.00660088459369,0.00329500182414
4988,1.01068291537,0.0106262561952,0.00529903839704
4989,1.00792259114,0.00789137219658,0.00393791210684
4990,1.00752288217,0.00749472641415,0.0037403506039
4991,1.00708643081,0.00706144005429,0.00352449436437
4992,1.00957366386,0.00952812674776,0.00475273322363
4993,1.00522375168,0.00521015521343,0.00260168733666
4994,1.00645230388,0.00643157687676,0.00321062332886
4995,1.00427485476,0.0042657435269,0.00213059880873
4996,1.00734706271,0.00732020452125,0.00365341225088
4997,1.00950966469,0.00946473246911,0.00472118623238
4998,1.00619569849,0.00617658406375,0.00308352816337
4999,1.00739567939,0.00736846544901,0.00367745426615
