replicate,RZ_ratio,log_RZ_ratio,coupling_advantage
0,1.01056208315,0.0105066940251,0.0052395723168
1,1.01286812269,0.0127860318845,0.00637262409412
2,1.0131704085,0.0130844327346,0.00652086266202
3,1.01169438272,0.0116265318923,0.00579640161044
4,1.00932434621,0.00928114285098,0.00462982061032
5,1.01204971518,0.0119776953349,0.00597095026534
6,1.0121974714,0.0121236816695,0.00604350494603
7,1.01391671427,0.0138207659645,0.00688656118991
8,1.01346476903,0.0133749246229,0.0066651509984
9,1.0139817256,0.0138848829149,0.00691839838217
10,1.01106323806,0.0110024880918,0.00548613991275
11,1.01164104601,0.0115738103252,0.00577019327915
12,1.00949416842,0.00944938205549,0.00471354723233
13,1.01086574566,0.0108071376056,0.00538899578547
14,1.01124817264,0.0111853823616,0.00557708119766
15,1.01225362128,0.0121791533756,0.00607107279505
16,1.01140831661,0.011343732503,0.00565581158578
17,1.01174948106,0.0116809918619,0.00582347339073
18,1.01263293232,0.0125538025597,0.00625724268818
19,1.01344595809,0.0133563634301,0.00665593221582
20,1.0117379151,0.0116695601547,0.00581779080702
21,1.01197317148,0.0119020601202,0.00593335775421
22,1.01381031541,0.0137158220038,0.00683444919386
23,1.01063123953,0.010575125266,0.00527360807973
24,1.01219244073,0.0121187116143,0.00604103493364
25,1.01523850571,0.0151235658836,0.00753326458963
26,1.01275191698,0.0126712959412,0.00631562007191
27,1.01058626654,0.0105306243715,0.00525147472636
28,1.00942853319,0.00938436200403,0.00468118991818
29,1.01057097198,0.0105154899097,0.00524394720612
30,1.01103463554,0.0109741981416,0.00547207243948
31,1.012221814,0.0121477306461,0.00605545669243
32,1.01067781918,0.0106212138627,0.00529653058737
33,1.0129993204,0.0129155543883,0.00643697056331
34,1.01217140802,0.0120979320361,0.00603070785597
35,1.01030104677,0.0102483525526,0.00511107008078
36,1.01207714615,0.0120047993314,0.00598442125404
37,1.00839618299,0.00836113110693,0.00417183915396
38,1.01133125403,0.0112675362507,0.0056179282138
39,1.01233328189,0.0122578465788,0.00611017975119
40,1.0088543337,0.00881536395514,0.00439798240348
41,1.01066376867,0.0106073116984,0.00528961629782
42,1.00849392016,0.00845804979348,0.00422009516341
43,1.01292657601,0.0128437409082,0.00640129431334
44,1.01281007571,0.0127287207287,0.00634415071947
45,1.01332277871,0.0132348109538,0.00659555866559
46,1.01088125131,0.0108224764698,0.00539662385781
47,1.01200793922,0.0119364159089,0.00595043357931
48,1.01025580008,0.0102035661909,0.00508879110359
49,1.01012405055,0.0100731456331,0.00502391055072
50,1.0107267364,0.0106696131013,0.00532060174139
51,1.01053631437,0.01048119425,0.00522688915232
52,1.00993301238,0.00988400427789,0.00492981053828
53,1.01078759685,0.0107298258267,0.00535054746932
54,1.00947268186,0.0094280973405,0.00470295498172
55,1.0113177744,0.0112542075695,0.00561130129088
56,1.0128548922,0.0127729694015,0.00636613445259
57,1.01204283738,0.0119708993987,0.0059675725806
58,1.01219093841,0.0121172273897,0.0060402973042
59,1.01221146017,0.0121375017758,0.00605037321451
60,1.01132928366,0.0112655879604,0.00561695954085
61,1.00987727729,0.00982881584067,0.0049023519751
62,1.01362006864,0.013528149193,0.00674124973594
63,1.00908627697,0.0090452451151,0.00451241090044
64,1.01403126681,0.0139337398139,0.00694265752959
65,1.01074478789,0.0106874728533,0.00532948406541
66,1.01142872602,0.0113639114913,0.00566584396501
67,1.0098418031,0.00979368798771,0.00488487399968
68,1.00908948055,0.00904841985015,0.00451399110386
69,1.00966098408,0.00961461518482,0.00479577098334
70,1.01386203774,0.0137668384605,0.00685978276443
71,1.01256651969,0.0124882163,0.00622465421857
72,1.00928857436,0.00924570083842,0.00461218149282
73,1.01221546219,0.0121414555054,0.00605233811664
74,1.01081969469,0.0107615806021,0.00536633977896
75,1.01093925479,0.010879853955,0.00542515736876
76,1.0123669832,0.0122911367492,0.00612672299424
77,1.01456665432,0.0144615797744,0.00720471062174
78,1.01016474549,0.0101134318981,0.00504395228407
79,1.01215870447,0.0120853811648,0.0060244702461
80,1.01060426928,0.0105484383687,0.00526033491062
81,1.01315832303,0.0130725043001,0.00651493731898
82,1.01164520757,0.0115779239859,0.0057722382391
83,1.01213507897,0.0120620392016,0.00601286950826
84,1.00993519173,0.00988616218849,0.00493088417396
85,1.01222625973,0.0121521226868,0.00605763941247
86,1.01408688345,0.0139885853775,0.00696988955102
87,1.0123238877,0.0122485668004,0.00610556820183
88,1.00991000909,0.00986122697511,0.00491847796625
89,1.0116551716,0.0115877732715,0.00577713444363
90,1.01151029672,0.0114445572276,0.00570593756172
91,1.01106555886,0.0110047834992,0.00548728131931
92,1.01013280184,0.0100818091824,0.00502822055363
93,1.01173103673,0.0116627615569,0.00581441127878
94,1.01112729379,0.0110658409104,0.00551764204191
95,1.01329821928,0.0132105741257,0.00658352010631
96,1.00856447706,0.00852800999389,0.00425492703505
97,1.01292428521,0.0128414793423,0.00640017076827
98,1.0123029148,0.0122278489978,0.00609527249416
99,1.0104484902,0.0103942819982,0.00518365922748
100,1.01086053013,0.0108019781285,0.00538642994583
101,1.01364410163,0.0135518589771,0.00675302464139
102,1.01122694441,0.0111643900332,0.00556664351664
103,1.01351421376,0.0134237112452,0.00668938142892
104,1.01340887114,0.0133197678638,0.00663775605521
105,1.01204779786,0.0119758008327,0.00597000866982
106,1.01165740089,0.0115899768781,0.00577822988107
107,1.01527563508,0.0151601372793,0.00755141237057
108,1.00988027854,0.00983178772442,0.00490383063126
109,1.01284531048,0.0127635092389,0.00636143447247
110,1.0106077707,0.0105519030412,0.00526205813271
111,1.01070782803,0.0106509052221,0.00531129752687
112,1.01067657654,0.0106199843445,0.00529591908418
113,1.01245203328,0.0123751443428,0.00616846856864
114,1.01161564348,0.0115486997871,0.00575771037806
115,1.0115322778,0.0114662879376,0.005716740861
116,1.01208284657,0.0120104317138,0.00598722058799
117,1.01128732017,0.0112240936962,0.00559632873056
118,1.01288850779,0.0128061577955,0.00638262287184
119,1.01203125592,0.0119594556854,0.00596188485329
120,1.01581542351,0.0156916628758,0.00781513323918
121,1.01066150937,0.0106050762355,0.0052885044781
122,1.01283322304,0.0127515750326,0.00635550531096
123,1.01118798506,0.0111258624789,0.00554748678954
124,1.01188087387,0.0118108503693,0.00588802243505
125,1.01067955668,0.0106229330032,0.00529738560449
126,1.01034511943,0.0102919748898,0.0051327695343
127,1.01010152312,0.0100508437444,0.00501281556588
128,1.01001560081,0.00996577707598,0.00497049454341
129,1.01093205665,0.010872733671,0.00542161653477
130,1.01041548986,0.010361622358,0.00516741392296
131,1.01078614705,0.0107283914995,0.00534983414269
132,1.01274883579,0.0126682535494,0.00631410848211
133,1.01155089986,0.0114846975244,0.00572589299089
134,1.0113967899,0.011332335745,0.00565014541955
135,1.01245578006,0.0123788450285,0.00617030749602
136,1.01075815426,0.0107006970379,0.0053360608969
137,1.00973279811,0.00968573952283,0.00483116197504
138,1.0120808107,0.0120084201503,0.00598622082759
139,1.01378910689,0.0136949021704,0.00682406071064
140,1.01048546588,0.0104308746576,0.00520186054873
141,1.01161608443,0.0115491356798,0.00575792706952
142,1.01424756442,0.0141470217399,0.00704855247443
143,1.01240648533,0.0123301555635,0.00614611268353
144,1.01055294832,0.0104976546303,0.0052350762905
145,1.01311805504,0.013032758492,0.00649519368946
146,1.00923787407,0.00919546588305,0.00458717954752
147,1.01430639827,0.0142050274462,0.00707735048185
148,1.01060212885,0.010546320391,0.00525928149185
149,1.01025267722,0.0102004750284,0.00508725338625
150,1.01317124055,0.0130852539718,0.00652127060296
151,1.01199799904,0.0119265936252,0.00594555164893
152,1.01094546788,0.0108859997911,0.00542821361101
153,1.01158796746,0.0115213411801,0.00574410974303
154,1.01481954461,0.0147108081225,0.00732841927867
155,1.01108194716,0.0110209923059,0.00549534121888
156,1.01225026785,0.0121758405339,0.00606942642904
157,1.01052796453,0.0104729314346,0.00522277933054
158,1.01198644537,0.0119151768726,0.00593987719587
159,1.01285959869,0.0127776161446,0.00636844303051
160,1.01399964006,0.0139025502024,0.00692717087248
161,1.0109972688,0.0109372385464,0.00545369359485
162,1.00918997713,0.0091480062368,0.00456355829709
163,1.01145251175,0.0113874281785,0.00567753561893
164,1.01300808485,0.0129242063258,0.0064412686766
165,1.01353150051,0.0134407673448,0.00669785239525
166,1.01205617656,0.0119840797591,0.00597412341185
167,1.00921252591,0.00917034943221,0.00457467885044
168,1.01018677427,0.0101352387771,0.00505480066804
169,1.01026778233,0.0102154267272,0.00509469117634
170,1.01013841952,0.0100873704971,0.00503098722535
171,1.01158178979,0.0115152342578,0.00574107381666
172,1.01191528136,0.01184485329,0.00590492364677
173,1.01150985113,0.0114441167116,0.00570571856048
174,1.01281730169,0.0127358552871,0.00634769536099
175,1.01275861277,0.0126779073996,0.00631890491791
176,1.01089206521,0.0108331739163,0.00540194370177
177,1.01223701083,0.0121627438725,0.00606291782168
178,1.01125315329,0.0111903075931,0.00557953007615
179,1.01304087294,0.0129565728666,0.00645734757611
180,1.01213992826,0.0120668303401,0.00601525067045
181,1.01195196197,0.0118811013268,0.00592294048095
182,1.01054511932,0.0104899073538,0.00523122292359
183,1.01381963105,0.0137250106934,0.00683901212839
184,1.01253656102,0.0124586289984,0.00620995254437
185,1.0130674659,0.0129828231491,0.00647038787818
186,1.01310984782,0.0130246575116,0.00649116949979
187,1.01061297684,0.0105570545171,0.00526462031371
188,1.01307283573,0.0129881236949,0.00647302099929
189,1.01181312304,0.0117438927893,0.00585474021183
190,1.01104163844,0.0109811245942,0.00547551670879
191,1.01034229029,0.0102891747117,0.00513137663062
192,1.01500346516,0.0148920264355,0.00741836033846
193,1.01080617683,0.0107482073509,0.00535968901381
194,1.01121205743,0.0111496682242,0.00555932356071
195,1.01438612973,0.0142836312381,0.00711637345764
196,1.01546781442,0.0153494072159,0.00764532826728
197,1.00808678469,0.00805426186729,0.00401903291611
198,1.01248253994,0.0124052753502,0.00618344102849
199,1.01117273006,0.0111107761496,0.00553998544221
200,1.01077265266,0.0107150410262,0.00534319459528
201,1.01004811974,0.00999797302908,0.00498651237613
202,1.01344315513,0.0133535976528,0.00665455853062
203,1.00983468643,0.00978664065282,0.00488136753872
204,1.01201348243,0.0119418933375,0.00595315599337
205,1.01374347372,0.0136498886649,0.00680170729376
206,1.01250173913,0.0124242376595,0.00619286351229
207,1.01429352701,0.0141923376531,0.00707105047036
208,1.01319416922,0.0131078843173,0.0065325119228
209,1.0090614645,0.00902065576621,0.00450017162938
210,1.01152465107,0.01145874813,0.00571299250173
211,1.01173505616,0.0116667343793,0.0058163861382
212,1.01353748184,0.0134466687993,0.00670078335465
213,1.01125855601,0.0111956501765,0.00558218645977
214,1.01350637597,0.0134159779264,0.00668554062766
215,1.0114347246,0.0113698422722,0.00566879254968
216,1.01005391907,0.0100037146475,0.0049893688659
217,1.01426320245,0.014162439978,0.00705620722587
218,1.01097897408,0.0109191426687,0.00544469495997
219,1.01279888208,0.0127176686177,0.00633865970693
220,1.01148967344,0.011424168414,0.00569580127194
221,1.01072612557,0.01066900875,0.00532030117342
222,1.00949215462,0.00944738719103,0.00471255450105
223,1.00831574528,0.00828135996856,0.00413211918883
224,1.01037460032,0.0103211534974,0.0051472838487
225,1.01075866335,0.010701200714,0.0053363113911
226,1.01180018838,0.011731109056,0.00584838574758
227,1.01345310856,0.0133634189985,0.00665943651313
228,1.00872446422,0.00868662600537,0.00433389445959
229,1.0109048571,0.0108458278986,0.00540823649494
230,1.01285981898,0.0127778336391,0.00636855108523
231,1.01105545878,0.0109947939047,0.00548231391752
232,1.01239052005,0.0123143858033,0.00613827623385
233,1.01304149061,0.01295718258,0.00645765046418
234,1.0089117092,0.00887223427299,0.00442629210257
235,1.00996728787,0.00991794208064,0.00494669564293
236,1.01184323206,0.0117736498293,0.00586953151192
237,1.0099152538,0.00986642020721,0.00492106180755
238,1.01459721716,0.0144917033541,0.00721966378314
239,1.0141352819,0.0140363103697,0.00699358544543
240,1.01192269982,0.0118521843718,0.00590856753627
241,1.01220645127,0.0121325532925,0.00604791393991
242,1.010026241,0.00997631170417,0.00497573566254
243,1.01141662697,0.0113519490894,0.00565989663485
244,1.01236897243,0.0122931016834,0.00612769944152
245,1.01192498097,0.0118544386436,0.00590968801175
246,1.01275100233,0.0126703928084,0.00631517135733
247,1.01125526087,0.011192391718,0.00558056632384
248,1.00995173333,0.00990254092641,0.00493903312872
249,1.01047463284,0.0104201539775,0.00519652807815
250,1.01318153839,0.0130954178856,0.0065263194062
251,1.01073706585,0.0106798328745,0.00532568442732
252,1.01097172139,0.0109119687142,0.0054411275063
253,1.01137488126,0.0113106737395,0.00563937555522
254,1.01266753377,0.0125879717601,0.00627422024088
255,1.01277432056,0.0126934171915,0.00632661078155
256,1.01275122405,0.0126706117405,0.00631528013204
257,1.01227889725,0.0122041230665,0.00608348176663
258,1.01325629184,0.0131691960663,0.0065629670706
259,1.0142800759,0.0141790760027,0.00706446651024
260,1.01213807237,0.0120649967099,0.00601433936977
261,1.01229106673,0.012216144854,0.00608945607523
262,1.00918301195,0.00914110445709,0.00456012314964
263,1.01065821678,0.0106018183749,0.00528688416111
264,1.01044908166,0.0103948673378,0.00518395038014
265,1.01286714469,0.0127850663071,0.00637214438193
266,1.01057387296,0.010518360542,0.00524537499452
267,1.00962270187,0.00957669855952,0.00477690341157
268,1.01129272278,0.011229435995,0.00559898492774
269,1.01069582273,0.0106390270478,0.0053053899664
270,1.01255386908,0.0124757226177,0.00621844624249
271,1.01243020904,0.012353588275,0.00615775696101
272,1.01212741328,0.0120544653874,0.00600910536422
273,1.0117064043,0.0116384144467,0.00580230843206
274,1.01275199229,0.0126713703115,0.00631565702221
275,1.01090562313,0.0108465856592,0.0054086133261
276,1.00922289799,0.00918062678077,0.00457979400379
277,1.01224467308,0.0121703134631,0.00606667966293
278,1.01090901128,0.0108499372515,0.00541028005711
279,1.01020251371,0.0101508193811,0.00506255156143
280,1.01325456817,0.0131674949475,0.00656212209307
281,1.01269193449,0.0126120669583,0.00628619217857
282,1.01068472794,0.0106280496079,0.00529993035128
283,1.01144582634,0.0113808184411,0.00567424950833
284,1.01105317787,0.0109925379327,0.00548119211489
285,1.01171975433,0.0116516099206,0.00580886786528
286,1.01171597396,0.0116478733351,0.00580701042349
287,1.01146830288,0.0114030403898,0.00568529737487
288,1.0122929665,0.0122180215641,0.00609038871577
289,1.01258708797,0.0125085291089,0.0062347473517
290,1.01091638652,0.0108572328773,0.00541390812772
291,1.01170617626,0.0116381890415,0.0058021963834
292,1.00964341957,0.0095972185839,0.00478711436029
293,1.0118412486,0.0117716895902,0.00586855714475
294,1.00987096438,0.0098225646506,0.00489924169796
295,1.01068886017,0.0106321381379,0.00530196377976
296,1.01061753292,0.0105615627499,0.0052668625605
297,1.00958317932,0.00953755193115,0.00475742340657
298,1.01526037608,0.0151451077499,0.00754395432493
299,1.00997473909,0.00992531974318,0.0049503662199
300,1.01384589407,0.013750915383,0.00685187580864
301,1.01202869924,0.011956929396,0.00596062923849
302,1.01003683429,0.00998679978486,0.00498095359625
303,1.00947666134,0.00943203947681,0.0047049167781
304,1.01063675164,0.0105805793781,0.00527632075063
305,1.0108915595,0.010832673648,0.00540169491877
306,1.00977651989,0.00972903893044,0.00485270685239
307,1.01148534241,0.0114198865781,0.00569367254596
308,1.01298311568,0.0128995574891,0.00642902356769
309,1.01163566894,0.0115684951193,0.00576755100759
310,1.01153537441,0.0114693492423,0.00571826276186
311,1.0110283999,0.0109680305391,0.00546900550826
312,1.01358377527,0.0134923428631,0.00672346710149
313,1.01154821801,0.0114820462993,0.00572457496776
314,1.00876480831,0.00872662035246,0.00435380476842
315,1.00904063453,0.00900001263955,0.00448989646183
316,1.01175637504,0.0116878057574,0.00582686049247
317,1.01411726255,0.0140185420264,0.0069847633668
318,1.01297968523,0.0128961709996,0.00642734120743
319,1.01292406326,0.0128412602268,0.00640006191169
320,1.00910618954,0.009064978193,0.00452223286906
321,1.01213841945,0.012065339624,0.00601450979561
322,1.01235447271,0.012278779008,0.00612058196087
323,1.01149491488,0.0114293503095,0.00569837745879
324,1.01222934906,0.0121551746899,0.00605915616892
325,1.01188008496,0.0118100707205,0.00588763490588
326,1.01106248606,0.0110017443154,0.00548577006469
327,1.0114453327,0.0113803303913,0.00567400686804
328,1.011128433,0.0110669675736,0.00551820226509
329,1.01059120728,0.0105355133463,0.00525390637365
330,1.01035222241,0.0102990051162,0.00513626659909
331,1.00931637622,0.00927324645439,0.00462589068372
332,1.01114771077,0.0110860330001,0.0055276823297
333,1.01200002935,0.0119285998661,0.00594654880474
334,1.01218518638,0.0121115446171,0.0060374730767
335,1.0106060781,0.0105502282081,0.00526122512236
336,1.01194830498,0.0118774875213,0.00592114427879
337,1.01049124737,0.0104365961465,0.00520470640794
338,1.00956368987,0.00951824729571,0.00474781696266
339,1.013499626,0.0134093178884,0.00668223286615
340,1.01068069681,0.0106240610843,0.00529794665694
341,1.01198944408,0.011918140057,0.00594134998647
342,1.01184639497,0.0117767757217,0.00587108528315
343,1.01282187572,0.0127403714252,0.006349939094
344,1.01141015199,0.011345547174,0.00565671378915
345,1.01144089464,0.0113759425403,0.00567182538848
346,1.01004370154,0.0099935987717,0.0049843361512
347,1.01296946387,0.0128860805555,0.00642232840009
348,1.01289688401,0.0128144273982,0.00638673127385
349,1.0104863405,0.0104317402087,0.00520229107296
350,1.00983233458,0.00978431170303,0.00488020874738
351,1.01248042032,0.0124031818609,0.0061824007558
352,1.01212541757,0.0120524935868,0.00600812538784
353,1.00856691888,0.00853043107261,0.00425613242292
354,1.01165022229,0.011582880971,0.00577470242215
355,1.01196718667,0.0118961461038,0.00593041828669
356,1.01160179222,0.0115350074811,0.00575090361994
357,1.01268696683,0.0126071615443,0.00628375488675
358,1.01205452449,0.011982447369,0.00597331209253
359,1.01245446522,0.0123775463655,0.00616966217092
360,1.01105905165,0.0109983474795,0.00548408096245
361,1.01123774374,0.0111750694104,0.00557195346688
362,1.01161434036,0.0115474116312,0.00575707000832
363,1.01042733831,0.010373348605,0.0051732467322
364,1.01207866031,0.0120062954213,0.00598516482208
365,1.0105930601,0.010537346744,0.00525481825583
366,1.01327344637,0.0131861260291,0.00657137646103
367,1.01153913268,0.011473064645,0.00572010983867
368,1.00963412174,0.00958800951923,0.00478253185983
369,1.01399893624,0.0139018560971,0.00692682622385
370,1.01504303405,0.0149310096706,0.00743770717161
371,1.01189563614,0.011825439205,0.00589527387676
372,1.01270865469,0.0126285774774,0.00629439551009
373,1.01358640085,0.0134949332527,0.00672475358728
374,1.0112671697,0.0112041679377,0.0055864215575
375,1.00999086734,0.00994128857244,0.00495831107704
376,1.01231651451,0.0122412833355,0.00610194869764
377,1.01299654751,0.012912817074,0.00643561071523
378,1.01150418193,0.0114385120046,0.00570293219251
379,1.01223380546,0.012159577246,0.00606134410668
380,1.00952792042,0.00948281605732,0.0047301852978
381,1.01245756238,0.0123806054219,0.00617118226128
382,1.00973856805,0.00969145383334,0.00483400532285
383,1.01109097059,0.0110299167951,0.00549977893199
384,1.01023686901,0.0101848271261,0.0050794692071
385,1.00948226687,0.00943759236977,0.0047076801578
386,1.01136947495,0.0113053282178,0.00563671786354
387,1.01306441481,0.0129798114069,0.00646889174953
388,1.01116715658,0.0111052642377,0.00553724475044
389,1.01241475578,0.0123383246345,0.00615017210668
390,1.01127405671,0.0112109781891,0.00558980765495
391,1.01475937273,0.0146515131836,0.00729898864204
392,1.00961005246,0.00956416962581,0.00477066884994
393,1.01149042393,0.011424910382,0.00569617014281
394,1.01094328354,0.0108838391003,0.0054271391294
395,1.01313134689,0.0130458781589,0.00650171089414
396,1.01014373823,0.0100926358062,0.00503360663161
397,1.0114583529,0.0113932031707,0.00568040671702
398,1.01246546,0.0123884058317,0.0061750583897
399,1.01281869678,0.0127372327198,0.00634837970537
400,1.01296544089,0.0128821090823,0.00642035541458
401,1.01422554637,0.0141253127519,0.00703777443039
402,1.01247199943,0.0123948647317,0.00617826789251
403,1.0116258008,0.0115587404281,0.00576270178048
404,1.01048176736,0.010427214514,0.00520003999505
405,1.0135304035,0.0134396849802,0.00669731483753
406,1.01211025303,0.0120375106109,0.00600067888178
407,1.01237296468,0.0122970451462,0.00612965908885
408,1.01500298974,0.014891558042,0.00741812787904
409,1.01329596684,0.0132083512443,0.00658241598216
410,1.0144820177,0.014378154839,0.00716329781663
411,1.01121070818,0.0111483339348,0.00555866012466
412,1.01226227861,0.0121877058774,0.00607532307538
413,1.00824380361,0.00821000906672,0.00409659051938
414,1.01223418966,0.0121599568025,0.0060615327346
415,1.01010808026,0.0100573352867,0.00501604506135
416,1.01040704806,0.0103532675483,0.0051632580958
417,1.01042642108,0.0103724408438,0.0051727951995
418,1.0084845034,0.00844871230562,0.00421544611117
419,1.01140137539,0.0113368695476,0.00565239950998
420,1.01173590937,0.0116675776848,0.00581680533837
421,1.01047524405,0.010420758845,0.00519682894021
422,1.00899243818,0.00895224697405,0.00446612057661
423,1.0134967857,0.0134065154208,0.00668084099476
424,1.01286529695,0.0127832420451,0.00637123806274
425,1.0094513111,0.00940692689511,0.0046924194851
426,1.01344291169,0.0133533574378,0.00665443922238
427,1.01197724785,0.0119060882481,0.00593535986599
428,1.01200139868,0.0119299529587,0.0059472213277
429,1.01393091505,0.0138347717302,0.00689351582265
430,1.0100604257,0.010010156491,0.00499257371214
431,1.01318655997,0.0131003741247,0.00652878134972
432,1.01020188126,0.0101501933169,0.00506224011401
433,1.0124431178,0.0123663384665,0.00616409278027
434,1.01191794834,0.0118474888622,0.00590623365059
435,1.01426964493,0.0141687918399,0.00705936074179
436,1.01085893282,0.0108003979768,0.00538564412535
437,1.00880100486,0.00876250176088,0.00437166720207
438,1.00786200867,0.00783126412138,0.00390797596955
439,1.01217188945,0.0120984076754,0.00603094424138
440,1.01120992712,0.0111475615277,0.0055582760678
441,1.01530776811,0.0151917863445,0.00756711728133
442,1.01548347455,0.0153648286931,0.00765298002524
443,1.0112747662,0.0112116797674,0.00559015648317
444,1.01323451853,0.0131477073823,0.00655229318604
445,1.01251287337,0.0124352343591,0.00619832779656
446,1.01308705751,0.0130021618592,0.00647999462231
447,1.01074091788,0.0106836439684,0.00532757982412
448,1.01135554375,0.0112915535321,0.00562986931912
449,1.01096977778,0.0109100462007,0.00544017147943
450,1.01230298051,0.0122279139097,0.00609530475231
451,1.01071856772,0.0106615310748,0.00531658222065
452,1.01099454445,0.0109345438338,0.00545235358572
453,1.01143339038,0.0113685231393,0.00566813672195
454,1.01207069531,0.0119984254522,0.00598125338138
455,1.0116069249,0.0115400812857,0.00575342592954
456,1.01134211452,0.0112782750047,0.00562326741168
457,1.01145623389,0.0113911081655,0.00567936516411
458,1.01094788794,0.0108883936471,0.00542940404116
459,1.01157637432,0.0115098807753,0.0057384124392
460,1.01297127963,0.0128878730723,0.00642321890202
461,1.01042221357,0.0103682767348,0.00517072391291
462,1.01193130171,0.0118606848749,0.0059127926659
463,1.00976534743,0.00971797458183,0.00484720150888
464,1.0116810689,0.0116133718866,0.00578985972642
465,1.0088391414,0.00880030487613,0.00439048595053
466,1.00987711706,0.00982865717042,0.0049022730289
467,1.00986597063,0.00981761970115,0.00489678133345
468,1.0118506122,0.011780943569,0.00587315696973
469,1.01088409771,0.010825292226,0.0053980241371
470,1.01104899819,0.0109884039387,0.00547913644537
471,1.01141842172,0.0113537235751,0.00566077885561
472,1.01207257404,0.0120002817733,0.00598217598991
473,1.01304433889,0.0129599941926,0.0064590471913
474,1.01328533534,0.0131978591838,0.00657720446981
475,1.01425005615,0.0141494784661,0.00704977217861
476,1.01346476256,0.0133749182361,0.0066651478263
477,1.00895526878,0.00891540815849,0.00444778326324
478,1.01231695856,0.0122417219827,0.00610216668292
479,1.01118715099,0.0111250376387,0.00554707665724
480,1.01417343028,0.0140739263185,0.007012261709
481,1.01276833477,0.0126875068856,0.00632367432035
482,1.01160656551,0.0115397260171,0.00575324931727
483,1.011234652,0.0111720120226,0.00557043328964
484,1.01092575478,0.0108664999358,0.00541851656077
485,1.01001965832,0.00996979434365,0.00497249319133
486,1.01082855445,0.0107703454892,0.00537069869527
487,1.01209580185,0.012023232241,0.00599358251147
488,1.01352659717,0.01343592946,0.00669544965166
489,1.01503320093,0.0149213222349,0.00743289946827
490,1.01226794284,0.0121933014772,0.00607810387388
491,1.01371858933,0.0136253413358,0.00678951703629
492,1.01128982208,0.0112265676837,0.00559755880089
493,1.01270665803,0.0126266058705,0.00629341591122
494,1.01040739396,0.0103536098775,0.00516342837663
495,1.01162610347,0.0115590396185,0.0057628505136
496,1.01356299436,0.0134718402427,0.00671328466346
497,1.00949007589,0.00944532800266,0.00471152975836
498,1.01312072939,0.0130353982108,0.00649650497524
499,1.00999825615,0.00994860427073,0.00496195078277
500,1.0120978338,0.012025239912,0.00599458032988
501,1.01178432494,0.011715430502,0.00584059228715
502,1.01248208446,0.0124048254838,0.00618321748614
503,1.01135476382,0.0112907823611,0.00562948590436
504,1.01168558024,0.0116178311319,0.00579207643737
505,1.01054331823,0.0104881250559,0.00523033643602
506,1.01227818659,0.0122034210265,0.00608313288198
507,1.00998305802,0.00993355647612,0.00495446419051
508,1.0112762785,0.0112131752087,0.00559090002369
509,1.01125786578,0.0111949676315,0.00558184709228
510,1.01254146682,0.0124634740451,0.0062123600211
511,1.01071664774,0.0106596314595,0.00531563746227
512,1.01244908467,0.0123722319888,0.00616702137301
513,1.01203719764,0.0119653267497,0.00596480287986
514,1.01254415003,0.0124661240136,0.00621367677319
515,1.01062538736,0.0105693346348,0.00527072802872
516,1.01223387805,0.012159648962,0.00606137974733
517,1.01186512247,0.0117952837931,0.00588028494505
518,1.01534595674,0.0152293984968,0.00758578087421
519,1.01370661475,0.0136135287351,0.00678365081953
520,1.0108805688,0.0108218013131,0.00539628810116
521,1.01254492814,0.0124668924836,0.00621405862058
522,1.01236278283,0.0122869876813,0.00612466116822
523,1.01330742695,0.0132196609159,0.00658803357959
524,1.01168992751,0.0116221281741,0.00579421251182
525,1.0142392924,0.0141388658868,0.00704450328312
526,1.01290911397,0.0128265015717,0.00639272978521
527,1.01278035237,0.0126993728973,0.00632956979033
528,1.01085789453,0.010799370842,0.00538513332373
529,1.01321001065,0.0131235193244,0.00654027832805
530,1.01246910896,0.0123920098661,0.00617684927776
531,1.01157259497,0.0115061446677,0.00573655510332
532,1.01066166624,0.0106052314466,0.00528858167321
533,1.01207914414,0.0120067734744,0.005985402418
534,1.0119053217,0.0118350108514,0.00590003147488
535,1.01134818022,0.0112842726535,0.00562624936843
536,1.01432172075,0.0142201336888,0.00708485011875
537,1.01207028327,0.0119980183234,0.0059810510345
538,1.01146801186,0.0114027526683,0.00568515433198
539,1.01428499463,0.0141839254738,0.00706687411338
540,1.01093496567,0.0108756112315,0.00542304751346
541,1.01041075508,0.0103569363794,0.00516508303813
542,1.01342583018,0.0133365023638,0.00664606773065
543,1.01021960476,0.0101677376782,0.00507096784947
544,1.00942832925,0.0093841599653,0.00468108937169
545,1.00783229184,0.00780177866163,0.00389329074565
546,1.01091033087,0.0108512426016,0.00541092920083
547,1.01274362256,0.0126631059312,0.00631155092105
548,1.01227437425,0.0121996549146,0.00608126127915
549,1.01072639751,0.0106692778087,0.00532043498703
550,1.00991212281,0.00986331994491,0.0049195193035
551,1.01328705818,0.0131995594359,0.00657804900406
552,1.01330772721,0.0132199572314,0.00658818076126
553,1.01140066727,0.0113361694101,0.00565205141989
554,1.01209798633,0.0120253906137,0.00599465522905
555,1.013170109,0.0130841371328,0.00652071582492
556,1.01416331655,0.0140639538816,0.00700731044289
557,1.01156212914,0.0114957985148,0.00573141168922
558,1.01029732928,0.0102446729587,0.00510923968543
559,1.01290368852,0.01282114525,0.0063900687416
560,1.01143122246,0.0113663797183,0.00566707108546
561,1.01347518305,0.0133852002225,0.0066702545409
562,1.00985157829,0.00980336786983,0.00488969028658
563,1.01145254021,0.0113874563217,0.00567754961066
564,1.01269122586,0.0126113672125,0.006285844505
565,1.00896753506,0.00892756549496,0.00445383487649
566,1.01251999773,0.0124422706455,0.00620182412703
567,1.01377013477,0.013676187925,0.00681476739801
568,1.01256911178,0.0124907762136,0.00622592620726
569,1.01199074298,0.0119194235702,0.00594198792998
570,1.00898182384,0.00894172717647,0.00446088415539
571,1.01389143257,0.0137958309677,0.00687417947253
572,1.01236057991,0.0122848116626,0.00612357982199
573,1.01212826994,0.0120553117849,0.00600952601985
574,1.01170163365,0.0116336989835,0.00579996437801
575,1.01051350406,0.0104586215092,0.00521566171119
576,1.00951695076,0.00947194987625,0.0047247778921
577,1.01095680882,0.0108972178763,0.00543379219089
578,1.01330392134,0.0132162013379,0.00658631518503
579,1.00963835724,0.00959220459155,0.00478461936227
580,1.00881011692,0.00877153428389,0.00437616370984
581,1.01042991033,0.0103758940755,0.00517451288246
582,1.01074381016,0.0106865055159,0.00532900297428
583,1.01125656135,0.0111936777215,0.00558120573711
584,1.01244286457,0.0123660883515,0.00616396849362
585,1.01109237377,0.0110313045768,0.00550046900638
586,1.00875713646,0.00871901513689,0.00435001870925
587,1.01323538777,0.0131485652709,0.0065527193197
588,1.01109510015,0.0110340010463,0.00550180982429
589,1.01329452407,0.013206927404,0.00658170874792
590,1.01078594298,0.010728189604,0.00534973373501
591,1.01480311656,0.0146946198475,0.00732038442587
592,1.01070991155,0.0106529666727,0.00531232277711
593,1.01090905625,0.0108499817382,0.00541030218016
594,1.0102038712,0.0101521631532,0.00506322004575
595,1.01250236017,0.0124248510299,0.00619316829822
596,1.01009102991,0.0100404554132,0.00500764742426
597,1.00987455208,0.00982611728134,0.00490100930917
598,1.01044422001,0.0103900559515,0.00518155715509
599,1.01378174752,0.013687642866,0.00682045582086
600,1.01100308723,0.0109429936715,0.00545655545992
601,1.01150656408,0.0114408670589,0.00570410300365
602,1.01018527175,0.0101337514021,0.00505406073945
603,1.0124916076,0.0124142311739,0.00618789124148
604,1.01039676169,0.0103430870732,0.00515819412759
605,1.01058958864,0.0105339116639,0.00525310973968
606,1.01177783563,0.0117090167521,0.00583740413712
607,1.01241203669,0.0123356388834,0.00614883748918
608,1.01060000837,0.0105442221563,0.00525823789157
609,1.00952774771,0.00948264498512,0.0047301001663
610,1.01153376077,0.0114677540084,0.00571746970558
611,1.01303387842,0.0129496683599,0.00645391760922
612,1.01068420816,0.0106275353215,0.00529967457089
613,1.01096860669,0.0109088878189,0.00543959543928
614,1.01423056459,0.0141302605701,0.00704023092566
615,1.01168561335,0.0116178638573,0.00579209270531
616,1.01054727165,0.0104920372267,0.00523228228852
617,1.01206592697,0.0119937139703,0.00597891172793
618,1.01438407074,0.0142816014427,0.00711536578184
619,1.00995886716,0.00990960444139,0.00494254743654
620,1.01135762626,0.0112936126631,0.00563089308775
621,1.01091453266,0.0108553990331,0.00541299616936
622,1.01159994867,0.0115331850716,0.00574999765501
623,1.01434539228,0.0142434707229,0.0070964358985
624,1.013743461,0.0136498761233,0.00680170106562
625,1.01292449855,0.0128416899578,0.00640027540203
626,1.0116180271,0.0115510560421,0.00575888172155
627,1.01269774358,0.0126178032282,0.0062890422798
628,1.01150326802,0.0114376084857,0.00570248300936
629,1.01073612318,0.0106789002121,0.00532522057956
630,1.01408241956,0.0139841834785,0.00696770393946
631,1.01414966525,0.014050493139,0.00700062721089
632,1.01211365118,0.0120408680991,0.00600234755088
633,1.01416506746,0.0140656803411,0.00700816762335
634,1.01371568216,0.0136224735039,0.0067880928549
635,1.01062593006,0.0105698716304,0.00527099511129
636,1.01253237718,0.0124544969511,0.00620789934855
637,1.01196627595,0.011895246149,0.00592997097772
638,1.01385329135,0.0137582116148,0.00685549892151
639,1.01173683336,0.0116684909597,0.00581725931956
640,1.01172917714,0.0116609235243,0.00581349760558
641,1.01191464686,0.0118442262618,0.00590461198388
642,1.01313148882,0.0130460182472,0.00650178048287
643,1.01036165504,0.0103083410583,0.00514091058334
644,1.01082461683,0.0107664500472,0.00536876143299
645,1.0143981408,0.01429547189,0.00712225163498
646,1.01134300982,0.0112791602627,0.00562370755159
647,1.01009043903,0.0100398704385,0.00500735640155
648,1.01240944225,0.012333076249,0.00614756404975
649,1.01065762643,0.0106012342451,0.00528659364024
650,1.01129712247,0.0112337865445,0.00560114802081
651,1.01057378145,0.0105182699937,0.00524532995787
652,1.01332441257,0.0132364233275,0.00659635953483
653,1.01170069999,0.0116327761228,0.00579950562381
654,1.01062669174,0.010570625302,0.00527136996074
655,1.01216714109,0.0120937164107,0.0060286127527
656,1.01055980489,0.0105044395777,0.00523845099863
657,1.00981177487,0.00976395196926,0.00487007850881
658,1.01261025132,0.0125314042653,0.00624611355447
659,1.0102580008,0.0102057445647,0.00508987474725
660,1.01063501285,0.0105788588852,0.00527546504275
661,1.01175787462,0.0116892879148,0.0058275972527
662,1.0128802335,0.0127979887627,0.00637856441709
663,1.01183822101,0.0117686974224,0.00586706983957
664,1.01142919793,0.0113643780756,0.00566607593534
665,1.01173811753,0.0116697602357,0.00581789026551
666,1.01240535388,0.0123290379836,0.00614555732777
667,1.01220568652,0.0121317977672,0.00604753846186
668,1.01250710899,0.0124295411967,0.00619549885539
669,1.00990053293,0.00985184375814,0.00491380942239
670,1.013906785,0.0138109729321,0.00688169838199
671,1.01281071109,0.0127293480738,0.00634446240199
672,1.01062000351,0.0105640073803,0.00526807843722
673,1.01292368296,0.0128408847792,0.00639987538932
674,1.011030146,0.0109697575968,0.00546986431409
675,1.0104710056,0.0104165643303,0.00519474257981
676,1.01300727316,0.0129234050649,0.00644087062663
677,1.0126143995,0.0125355007723,0.00624814901226
678,1.009460209,0.00941574144715,0.00469680607066
679,1.01008341074,0.0100329123392,0.0050038947667
680,1.01148667835,0.0114212073425,0.00569432916792
681,1.01130966053,0.0112461844682,0.00560731224225
682,1.0098379506,0.00978987303212,0.00488297583785
683,1.01134650876,0.011282619955,0.00562542766806
684,1.01385307189,0.0137579951491,0.00685539143061
685,1.00737502223,0.00734795972663,0.00366723905702
686,1.01241921022,0.012342724435,0.00615235847478
687,1.01185329407,0.0117835940187,0.00587447441047
688,1.01000550317,0.00995577952428,0.00496552060152
689,1.01221709709,0.0121430706767,0.00605314081416
690,1.01176223529,0.0116935978955,0.00582973968233
691,1.01220027003,0.0121264465733,0.00604487904214
692,1.01112621476,0.0110647737471,0.0055171114042
693,1.01195254783,0.0118816802746,0.00592322824029
694,1.01100070268,0.0109406350735,0.00545538259513
695,1.01194179236,0.0118710517852,0.00591794545901
696,1.01257855737,0.0125001045141,0.00623056130809
697,1.01594069194,0.0158149733755,0.00787630475923
698,1.01238944347,0.0123133223979,0.00613774779477
699,1.01237192527,0.012296018436,0.0061291488803
700,1.01152691128,0.0114609825945,0.00571410335058
701,1.01251087299,0.0124332586935,0.00619734608619
702,1.01411936265,0.0140206128889,0.00698579156526
703,1.01087688851,0.0108181606283,0.00539447758023
704,1.01197242223,0.0119013197328,0.00593298975694
705,1.01075685764,0.0106994142215,0.00533542291111
706,1.00995252664,0.00990332642617,0.00493942393872
707,1.01029839538,0.0102457281938,0.00510976460711
708,1.00865003268,0.00861283550159,0.00429715843014
709,1.01132052727,0.0112569296279,0.00561265468204
710,1.01042712535,0.0103731378431,0.0051731418964
711,1.01334446502,0.0132562119094,0.00660618851086
712,1.01187851974,0.0118085238777,0.0058868660378
713,1.01182970728,0.0117602832693,0.00586288743746
714,1.0111188508,0.0110574907914,0.00551349001023
715,1.01030400857,0.0102512841482,0.00511252838568
716,1.00945148861,0.00940710275114,0.00469250700051
717,1.01012386972,0.0100729666238,0.00502382149575
718,1.01316523038,0.0130793219175,0.00651832391369
719,1.00984941546,0.00980122613595,0.00488862465527
720,1.00932782797,0.00928459243754,0.00463153741663
721,1.01079998966,0.0107420863051,0.0053566448897
722,1.00914011839,0.00909860030362,0.0045389677602
723,1.01084032298,0.0107819878795,0.0053764886097
724,1.0107898141,0.010732019415,0.00535163839444
725,1.01127224832,0.0112091899603,0.00558891853807
726,1.01284091077,0.0127591653239,0.00635927632939
727,1.01025316815,0.0102009609818,0.00508749512686
728,1.01267262241,0.0125929967387,0.00627671696313
729,1.01226637672,0.0121917543367,0.00607733500516
730,1.01351912627,0.013428558235,0.00669178870925
731,1.01313552365,0.0130500007715,0.00650375879628
732,1.01136529105,0.0113011913459,0.00563466108464
733,1.01169485436,0.0116269980852,0.00579663335577
734,1.01191453484,0.0118441155577,0.00590455695868
735,1.01051929813,0.0104643552861,0.00521851364283
736,1.01184625229,0.0117766347104,0.00587101519142
737,1.00941083965,0.00936683357285,0.00467246669132
738,1.0126039881,0.0125252190227,0.00624304024525
739,1.01206487982,0.0119926793081,0.00597839748977
740,1.01097983139,0.0109199906736,0.00544511665377
741,1.01325356119,0.0131665011455,0.00656162845267
742,1.01060529415,0.0105494524782,0.00526083929798
743,1.01206392585,0.0119917367016,0.00597792900405
744,1.00929937747,0.00925640446656,0.0046175086091
745,1.01023948328,0.0101874149019,0.00508075652191
746,1.01005085193,0.0100006780304,0.00498785813162
747,1.01189001933,0.0118198884053,0.00589251483485
748,1.01044933963,0.0103951226391,0.00518407736903
749,1.0122442008,0.0121698468932,0.00606644779321
750,1.01310096054,0.0130158851944,0.00648681180298
751,1.01307123883,0.0129865474086,0.00647223795752
752,1.01472707022,0.014619679999,0.00728318809898
753,1.01451705277,0.0144126891824,0.00718044115041
754,1.0106950117,0.0106382245946,0.0053049908684
755,1.01155234712,0.0114861282579,0.00572660426124
756,1.0119493219,0.0118784924334,0.00592164375955
757,1.00910887517,0.00906763958245,0.00452355754519
758,1.01171553052,0.0116474350286,0.00580679254283
759,1.01108112837,0.0110201824891,0.00549493853548
760,1.00970833766,0.00966151455707,0.00481910793652
761,1.01275327382,0.0126726356962,0.00631628571849
762,1.0090197607,0.00897932562142,0.00447959934079
763,1.0133095968,0.0132218022673,0.00658909720111
764,1.01279052754,0.0127094196167,0.00633456134178
765,1.01183407066,0.0117645956228,0.00586503097047
766,1.01344362486,0.0133540611543,0.00665478873915
767,1.01259286893,0.0125142381935,0.00623758409256
768,1.01078151333,0.0107238072126,0.00534755425922
769,1.01147386954,0.0114085439118,0.00568803348749
770,1.00795918104,0.00792767383019,0.00395599128324
771,1.00952856817,0.00948345769875,0.00473050460093
772,1.01151557026,0.0114497707481,0.0057085294446
773,1.00882161202,0.00878292893723,0.00438183608791
774,1.01220064549,0.0121268175115,0.00604506339007
775,1.0104166924,0.0103628125054,0.00516800592149
776,1.01175093632,0.0116824302157,0.00582418837929
777,1.01196978115,0.0118987098947,0.00593169257912
778,1.01274134569,0.0126608577046,0.00631043390204
779,1.01239354865,0.012317377338,0.00613976281868
780,1.01258527188,0.0125067355884,0.00623385618207
781,1.01157522689,0.0115087464796,0.0057378485457
782,1.01113873745,0.0110771585671,0.00552326963091
783,1.01234718366,0.0122715788907,0.00611700393027
784,1.01073657028,0.0106793425622,0.00532544057676
785,1.01279001342,0.0127089119886,0.00633430913552
786,1.01169570034,0.0116278342868,0.00579704903288
787,1.01202951293,0.0119577334165,0.00596102885245
788,1.01008096047,0.0100304865238,0.00500268792753
789,1.01181903525,0.0117497359478,0.00585764468174
790,1.01354072485,0.0134498684882,0.00670237247759
791,1.01252503902,0.0124472495893,0.00620429815655
792,1.00968176642,0.00963519845159,0.00480601320771
793,1.01295646975,0.0128732527237,0.00641595565605
794,1.0091652291,0.0091234832639,0.00455135269182
795,1.01178158048,0.0117127180067,0.00583924395985
796,1.01321289754,0.0131263685775,0.00654169363616
797,1.01201236628,0.0119407904311,0.00595260782292
798,1.01074680508,0.0106894685953,0.00533047661776
799,1.01333348467,0.0132453760988,0.00660080638272
800,1.01174391463,0.0116754900565,0.00582073850409
801,1.01054862989,0.0104933812828,0.00523295080012
802,1.01213873532,0.0120656517061,0.00601466489812
803,1.01274944979,0.012668859813,0.00631440969986
804,1.01189759503,0.0118273750679,0.00589623610153
805,1.01160257326,0.0115357795615,0.00575128743996
806,1.01140234782,0.0113378310208,0.00565287752915
807,1.01103795278,0.0109774791735,0.00547370397704
808,1.01313704405,0.013051501455,0.00650450425775
809,1.00962260894,0.00957660651266,0.00477685760799
810,1.01179568206,0.011726655281,0.00584617188129
811,1.00965734751,0.00961101340367,0.00479397872782
812,1.01238225621,0.0123062230712,0.00613421991208
813,1.0130923338,0.0130073699785,0.00648258180432
814,1.01001388156,0.00996407488149,0.00496964767618
815,1.00878841982,0.00875002644421,0.00436545679334
816,1.01337761562,0.013288925418,0.00662243707649
817,1.01166179913,0.0115943244305,0.00578039109434
818,1.01218691131,0.0121132487847,0.0060383200157
819,1.01235605945,0.0122803463906,0.00612136085523
820,1.0110100275,0.0109498583879,0.00545996908343
821,1.01242883005,0.0123522262196,0.00615708012669
822,1.01094025844,0.0108808467376,0.0054256510669
823,1.01118896332,0.0111268299161,0.00554796782458
824,1.01217153688,0.0120980593497,0.00603077112888
825,1.01071290294,0.0106559263575,0.00531379475706
826,1.01085398347,0.010795501785,0.00538320921102
827,1.01168724756,0.0116194791836,0.0057928956901
828,1.00960717165,0.00956131623774,0.00476924896118
829,1.01113747067,0.0110759057395,0.0055226466768
830,1.01133968046,0.0112758682388,0.00562207079495
831,1.01335045688,0.0132621248414,0.00660912544155
832,1.0080225806,0.00799057078225,0.00398731485683
833,1.01133474768,0.0112709907504,0.0056196457586
834,1.01106470438,0.0110039383696,0.00548686107318
835,1.00972227176,0.00967531457996,0.00482597467238
836,1.01188938758,0.0118192640775,0.00589220451032
837,1.01136052528,0.0112964791172,0.00563231824347
838,1.01187866364,0.0118086660928,0.00588693672679
839,1.01387209195,0.0137767551506,0.00686470708411
840,1.01195136952,0.0118805158724,0.0059226494875
841,1.01267585533,0.0125961891932,0.00627830317006
842,1.01074662523,0.0106892906555,0.00533038812211
843,1.01096147136,0.0109018298763,0.00543608565792
844,1.01091377731,0.0108546518456,0.00541262459778
845,1.00851373527,0.00847769782755,0.0042298776741
846,1.00982022834,0.00977232327145,0.00487424376674
847,1.01195084381,0.0118799963706,0.005922391275
848,1.01332722038,0.0132391942168,0.00659773583967
849,1.0111334414,0.0110719208441,0.00552066523069
850,1.01345210662,0.0133624303629,0.00665894548713
851,1.0116292878,0.011562187348,0.00576441530716
852,1.0124302757,0.0123536541256,0.00615778968354
853,1.01284192242,0.0127601641439,0.00635977256339
854,1.01274223779,0.0126617385872,0.00631087156387
855,1.01109310076,0.0110320235954,0.00550082653815
856,1.01067446758,0.0106178976679,0.00529488127077
857,1.00870538635,0.00866771295509,0.00432447887351
858,1.01071369654,0.0106567115452,0.00531418526465
859,1.01276422644,0.0126834503427,0.00632165887299
860,1.01158455769,0.0115179704665,0.00574243406567
861,1.01192527267,0.0118547269082,0.00590983129228
862,1.01176651387,0.0116978267301,0.00583184177091
863,1.01217316881,0.0120996716477,0.00603157241587
864,1.00843833658,0.00840293284222,0.00419265260903
865,1.01294536819,0.0128622930996,0.00641051098732
866,1.01385297062,0.0137578952685,0.00685534183266
867,1.01186638286,0.0117965294001,0.00588090408606
868,1.01117828119,0.0111162659297,0.00554271512184
869,1.01145997229,0.011394804219,0.00568120269357
870,1.01145665949,0.011391528949,0.00567957436098
871,1.01326163856,0.0131744728304,0.00656558813362
872,1.01354506108,0.0134541467768,0.00670449728228
873,1.01022087568,0.0101689957348,0.00507159368783
874,1.01218865281,0.0121149693095,0.00603917508323
875,1.01014325022,0.0100921526986,0.00503336629367
876,1.01269069701,0.0126108449904,0.00628558503519
877,1.01178246069,0.0117135879675,0.00583967640025
878,1.01297912917,0.012895622065,0.00642706850421
879,1.01360837691,0.013516614507,0.00673552125552
880,1.01146573265,0.0114004992978,0.00568403405147
881,1.01468937709,0.0145825332333,0.00726474981836
882,1.01473707185,0.0146295364261,0.00728808040738
883,1.01016106838,0.0101097917817,0.00504214140453
884,1.01173881407,0.0116704486901,0.00581823248995
885,1.01224057987,0.0121662697547,0.00606467007263
886,1.0107676794,0.0107101207555,0.00534074760193
887,1.01233697148,0.012261491207,0.00611199092894
888,1.00881551394,0.00877688415617,0.00437882693645
889,1.0082988977,0.00826465119373,0.00412379928798
890,1.01437952548,0.0142771206257,0.00711314131215
891,1.01234354762,0.0122679871861,0.00611521906158
892,1.01517829205,0.015064254255,0.00750383174404
893,1.01241109593,0.0123347096521,0.00614837573024
894,1.01297880925,0.0128953062374,0.00642691160529
895,1.01034403407,0.0102909006476,0.00513223516998
896,1.01240642136,0.0123300923759,0.00614608128387
897,1.01014920987,0.0100980524851,0.00503630133469
898,1.01040517072,0.0103514095431,0.00516233388946
899,1.01214514641,0.0120719858889,0.00601781293556
900,1.0116234166,0.0115563836328,0.0057615301729
901,1.01259167972,0.0125130637721,0.0062370005445
902,1.0123236913,0.0122483727837,0.00610547178576
903,1.01242369783,0.0123471569916,0.0061545611153
904,1.01028161614,0.010229119854,0.00510150283529
905,1.01033201958,0.010279009088,0.00512631988774
906,1.01211868072,0.0120458374252,0.00600481729705
907,1.01329700249,0.0132093732996,0.00658292364587
908,1.01189673327,0.0118265234337,0.00589581279507
909,1.01234494757,0.0122693700724,0.00611590627615
910,1.01351213833,0.0134216634827,0.00668836439631
911,1.01338571725,0.0132969200725,0.00662640792377
912,1.01299624377,0.0129125172296,0.00643546175784
913,1.01106776431,0.0110069648056,0.00548836598723
914,1.01123088702,0.011168288858,0.00556858207547
915,1.00983184745,0.00978382932099,0.0048799687334
916,1.01204495592,0.0119729927258,0.0059686129976
917,1.01115414145,0.0110923927635,0.00553084462901
918,1.01233661716,0.0122611412049,0.00611181699751
919,1.00990720545,0.00985845083865,0.00491709672425
920,1.01289840715,0.0128159311492,0.00638747834703
921,1.00903995706,0.00899934124468,0.00448956227159
922,1.0113701244,0.0113059703656,0.00563703712759
923,1.01061722586,0.0105612589143,0.00526671144282
924,1.00974668135,0.00969948884592,0.00483800340047
925,1.00983148676,0.00978347213668,0.00487979101275
926,1.01119300054,0.0111308224552,0.00554995301695
927,1.01158124558,0.0115146962834,0.00574080637367
928,1.01111341107,0.0110521108661,0.00551081487503
929,1.01117960526,0.0111175753614,0.00554336620861
930,1.01203702402,0.0119651552006,0.00596471761693
931,1.0098917064,0.0098431037148,0.00490946086467
932,1.01262829094,0.0125492190754,0.00625496528343
933,1.01110857829,0.011047331195,0.00550843820661
934,1.01220422095,0.0121303498641,0.00604681888817
935,1.01255975594,0.0124815364728,0.00622133508927
936,1.01139982385,0.0113353355005,0.00565163682167
937,1.01203845434,0.0119665684995,0.00596542005114
938,1.01046558781,0.0104112026618,0.00519207566822
939,1.01222022228,0.0121461581392,0.00605467519981
940,1.01131212859,0.0112486249201,0.00560852562529
941,1.0122648264,0.012190222794,0.00607657388737
942,1.01292894997,0.0128460845705,0.00640245864258
943,1.01103655995,0.0109761015508,0.00547301893579
944,1.01230349802,0.0122284251301,0.00609555880446
945,1.01134981521,0.0112858893028,0.00562705314489
946,1.01174614948,0.0116776989658,0.00582183652938
947,1.00854388114,0.00850758876124,0.00424475981224
948,1.01327304144,0.0131857264007,0.0065711779599
949,1.01267955655,0.0125998440762,0.00628011913665
950,1.01486671671,0.0147572902832,0.00735148977051
951,1.01062248402,0.0105664618167,0.00526929918957
952,1.01406824224,0.0139702029482,0.00696076235615
953,1.01299484695,0.0129111383302,0.00643477674486
954,1.01337878889,0.0132900832011,0.00662301213418
955,1.01281497961,0.0127335625891,0.006346556288
956,1.01200968924,0.0119381451709,0.00595129306503
957,1.00967690957,0.00963038816701,0.00480361962169
958,1.01174004056,0.0116716609488,0.00581883509252
959,1.01111173834,0.0110504565195,0.00550999225979
960,1.01617903393,0.016049548126,0.00799266151966
961,1.0106375359,0.0105813553766,0.0052767067026
962,1.01057933833,0.0105237687088,0.00524806489035
963,1.0117442816,0.0116758527647,0.00582091880257
964,1.01370595837,0.0136128812291,0.00678332926268
965,1.01243033323,0.0123537109478,0.00615781791972
966,1.01281390314,0.012732499741,0.00634602823653
967,1.01078926371,0.0107314749001,0.00535136759398
968,1.01076483198,0.0107073036617,0.00533934657671
969,1.01372687463,0.0136335144756,0.00679357585203
970,1.01160701965,0.011540174945,0.00575347248976
971,1.01172960497,0.0116613464034,0.00581370781591
972,1.01239750834,0.0123212885411,0.0061417064114
973,1.01270934294,0.0126292570875,0.00629473317626
974,1.01058771441,0.0105320570685,0.00525218731276
975,1.01397935827,0.0138825482261,0.0069172391132
976,1.00998008129,0.00993060915885,0.00495299783198
977,1.01025553864,0.0102033074031,0.00508866236813
978,1.0096602894,0.0096139271471,0.00479542861426
979,1.01317265923,0.0130866542088,0.00652196615554
980,1.01250542941,0.0124278823611,0.00619467457588
981,1.0160574357,0.0159298787603,0.00793330329934
982,1.00999191207,0.00994232296822,0.00495882571036
983,1.01004572092,0.00999559807101,0.00498533081777
984,1.01257436568,0.0124959648879,0.00622850438892
985,1.01474596688,0.0146383022285,0.00729243135613
986,1.01472936929,0.0146219456966,0.00728431269642
987,1.01351647498,0.0134259423075,0.00669048949727
988,1.01044868243,0.010394472235,0.00518375385282
989,1.01189894761,0.0118287117358,0.0058969004946
990,1.01072353332,0.0106664440092,0.00531902562481
991,1.01091359166,0.010854468192,0.00541253326802
992,1.011797309,0.0117282632603,0.00584697117037
993,1.01249530397,0.0124178819303,0.00618970532276
994,1.01160724783,0.0115404005068,0.00575358462177
995,1.00961189118,0.00956599084191,0.00477157511337
996,1.01305162604,0.012967187481,0.00646262059818
997,1.0100467983,0.00999666472838,0.00498586148749
998,1.01122997562,0.0111673875779,0.00556813394472
999,1.01067349662,0.0106169369581,0.00529440345918
1000,1.0103369762,0.0102839150128,0.00512876027246
1001,1.01373834556,0.0136448300152,0.00679919516945
1002,1.01052585657,0.0104708454313,0.00522174177572
1003,1.0138294776,0.0137347229792,0.00684383504833
1004,1.01309297818,0.0130080060338,0.00648289777028
1005,1.01064932518,0.0105930205013,0.00528250847132
1006,1.01115699405,0.0110952138907,0.00553224738999
1007,1.01246040269,0.012383410778,0.00617257628216
1008,1.01312912625,0.0130436862948,0.00650062208691
1009,1.01252849737,0.0124506651519,0.00620599534081
1010,1.01548158048,0.0153629634999,0.00765205456534
1011,1.01032873314,0.0102757562501,0.00512470180499
1012,1.01131248576,0.0112489781017,0.00560870122567
1013,1.01072787163,0.0106707362756,0.0053211603404
1014,1.01214086251,0.0120677533837,0.00601570941597
1015,1.01027652693,0.0102240824177,0.00509899696321
1016,1.0137415465,0.0136479875691,0.00680076321078
1017,1.00981362637,0.00976578548172,0.00487099079995
1018,1.01012804337,0.0100770984356,0.00502587702079
1019,1.01133573736,0.0112719693443,0.00562013230574
1020,1.01131662881,0.0112530747997,0.005610738084
1021,1.01240959496,0.0123332270863,0.00614763900479
1022,1.01365790116,0.0135654726641,0.00675978549512
1023,1.0140179648,0.0139206217767,0.00693614402667
1024,1.01309440732,0.0130094166988,0.0064835985299
1025,1.01196474375,0.0118937320634,0.00592921842391
1026,1.01305129734,0.0129668630153,0.00646245941376
1027,1.01247350378,0.0123963505548,0.00617900621388
1028,1.01107402493,0.0110131568685,0.00549144502172
1029,1.00889469867,0.00885537385334,0.00441789917194
1030,1.01008408451,0.0100335793796,0.00500422661793
1031,1.01007372455,0.0100233227928,0.00499912397462
1032,1.0119966482,0.0119252588005,0.00594488820449
1033,1.01193125072,0.011860634488,0.00591276762142
1034,1.01256148114,0.0124832402699,0.00622218168749
1035,1.01253593979,0.0124580154563,0.00620964767834
1036,1.01354564399,0.0134547218961,0.00670478291395
1037,1.01138956033,0.0113251876133,0.00564659154134
1038,1.00933270539,0.00928942476585,0.00463394238733
1039,1.00998534062,0.00993581651453,0.00495558861044
1040,1.01215907986,0.0120857520511,0.00602465457204
1041,1.00814628645,0.00811328456501,0.00404842522418
1042,1.0105990972,0.0105433205478,0.00525778945767
1043,1.01272549301,0.0126452043461,0.00630265658208
1044,1.00994537481,0.00989624504588,0.00493590073131
1045,1.011414638,0.0113499825636,0.0056589189366
1046,1.0147054608,0.0145983839727,0.00727261758104
1047,1.01416579534,0.01406639806,0.00700852396781
1048,1.01239909677,0.0123228575197,0.00614248608231
1049,1.01209776116,0.0120251681392,0.00599454465858
1050,1.01181435547,0.0117451108306,0.00585534566664
1051,1.01099691657,0.0109368901539,0.00545352034857
1052,1.01045705112,0.0104027543528,0.00518787343697
1053,1.01079228675,0.0107344656628,0.00535285497186
1054,1.01167668924,0.0116090427811,0.00578770770382
1055,1.01226575093,0.0121911361274,0.00607702777899
1056,1.01187074833,0.0118008436685,0.00588304853205
1057,1.01179016876,0.0117212062437,0.00584346328698
1058,1.01154754216,0.0114813781637,0.00572424281229
1059,1.01265722144,0.0125777883753,0.00626916048198
1060,1.01047888964,0.0104243666358,0.00519862345948
1061,1.01412622182,0.0140273765316,0.00698914975624
1062,1.01025407668,0.0102018602877,0.0050879424921
1063,1.01133047215,0.0112667631312,0.00561754382563
1064,1.0116879928,0.0116202158167,0.00579326187293
1065,1.01198336128,0.011912129305,0.00593836246198
1066,1.01345669529,0.0133669581119,0.00666119428406
1067,1.01072445615,0.0106673570483,0.00531947971603
1068,1.01115537127,0.0110936090164,0.00553144939179
1069,1.01091306608,0.0108539482895,0.0054122747237
1070,1.01125309711,0.0111902520459,0.00557950245753
1071,1.01271113477,0.0126310264283,0.00629561227746
1072,1.01098110481,0.0109212502629,0.00544574301889
1073,1.01184171633,0.011772151842,0.00586878691423
1074,1.01098843316,0.0109284989845,0.00544934763583
1075,1.01072833025,0.0106711900331,0.00532138601186
1076,1.01095483161,0.010895262094,0.00543281961296
1077,1.0107741005,0.0107164734301,0.0053439069702
1078,1.01394893092,0.0138525399123,0.00690233863186
1079,1.01230035601,0.0122253213079,0.00609401635193
1080,1.0128949867,0.0128125542466,0.00638580067929
1081,1.01275422459,0.0126735744942,0.00631675215249
1082,1.01094084647,0.0108814284099,0.00542594032506
1083,1.01188728349,0.0118171847072,0.00589117095069
1084,1.01256880243,0.0124904707075,0.00622577440524
1085,1.01126667633,0.011203680062,0.00558617898232
1086,1.01027884225,0.0102263741866,0.00510013700417
1087,1.00969141862,0.00964475804807,0.00481077002281
1088,1.00986011553,0.00981182178213,0.00489389656533
1089,1.01158975886,0.0115231120592,0.0057449900961
1090,1.01489405688,0.0147842295852,0.00736486030951
1091,1.01411943607,0.0140206852815,0.00698582750871
1092,1.01182813342,0.0117587278059,0.00586211426521
1093,1.0130393601,0.0129550794968,0.00645660571253
1094,1.01087099323,0.0108123287596,0.00539157737156
1095,1.01254478798,0.0124667540602,0.00621398983895
1096,1.01181452423,0.0117452776125,0.00585542856928
1097,1.01075765102,0.0107001991563,0.00533581328446
1098,1.01153036351,0.0114643954733,0.0057158000378
1099,1.01182888024,0.011759465893,0.00586248114532
1100,1.01132344063,0.0112598103693,0.00561408696742
1101,1.00969375399,0.0096470709996,0.00481192093437
1102,1.01152612907,0.0114602092976,0.00571371891145
1103,1.00909864878,0.00905750545197,0.00451851338833
1104,1.0122630782,0.0121884957726,0.0060757156235
1105,1.00906463677,0.00902379955115,0.00450173644684
1106,1.01275098962,0.0126703802579,0.00631516512168
1107,1.01200081821,0.0119293793734,0.00594693624065
1108,1.01254043863,0.0124624585874,0.00621185544628
1109,1.01266270836,0.0125832067069,0.00627185265998
1110,1.01434602674,0.0142440962057,0.0070967464205
1111,1.01287336372,0.0127912063134,0.0063751948179
1112,1.01221778706,0.0121437523153,0.00605347957037
1113,1.01193585757,0.0118651870043,0.00591503041803
1114,1.0106597276,0.0106033132575,0.00528762765048
1115,1.01653647627,0.0164012376233,0.00816708546454
1116,1.01195009171,0.0118792531545,0.0059220218677
1117,1.01035454047,0.0103012994244,0.00513740786044
1118,1.01319026209,0.013104028052,0.00653059638385
1119,1.0107328618,0.010675673471,0.00532361579924
1120,1.01355291308,0.0134618938195,0.00670834482617
1121,1.01101086947,0.0109506911836,0.00546038320767
1122,1.00896390791,0.00892397057181,0.0044520454189
1123,1.00974118895,0.00969404945365,0.00483529685855
1124,1.01188006376,0.0118100497716,0.00588762449312
1125,1.0137635762,0.0136697184216,0.00681155468518
1126,1.01203615351,0.0119642950392,0.00596429010142
1127,1.00975134573,0.00970410819305,0.00484030189716
1128,1.00882727174,0.00878853914733,0.00438462889754
1129,1.01194058199,0.0118698556958,0.00591735095336
1130,1.01359290239,0.013501347621,0.0067279391988
1131,1.01137961947,0.0113153586464,0.005641704796
1132,1.01160170195,0.0115349182451,0.00575085925854
1133,1.01342180699,0.0133325324705,0.00664409597412
1134,1.0092462693,0.00920378423824,0.0045913196376
1135,1.01282076235,0.0127392721488,0.0063493929458
1136,1.01172233189,0.0116541576111,0.00581013431011
1137,1.01228808054,0.0122131949239,0.00608799009083
1138,1.01142093327,0.011356206774,0.00566201342585
1139,1.01099629009,0.0109362704895,0.005453212206
1140,1.01436957177,0.0142673079701,0.00710826987183
1141,1.01216016948,0.0120868285793,0.00602518959315
1142,1.00872120823,0.00868339816518,0.00433228753276
1143,1.01083681046,0.0107785130258,0.00537476052257
1144,1.00863453716,0.00859747274232,0.00428951002924
1145,1.01186831044,0.0117984343735,0.00588185097083
1146,1.01346672884,0.0133768583865,0.00666611143536
1147,1.01100597672,0.0109458517127,0.00545797668198
1148,1.0105102718,0.010455422881,0.00521407073728
1149,1.01209374495,0.0120211999244,0.00599257244306
1150,1.00924761887,0.00920512144207,0.00459198516954
1151,1.01204344147,0.011971496299,0.00596786924967
1152,1.01073760374,0.0106803650441,0.00532594909502
1153,1.01024193826,0.0101898449964,0.00508196539506
1154,1.0111496515,0.01108795233,0.00552863668945
1155,1.01250871825,0.0124311305812,0.0061962886238
1156,1.01259979623,0.012521079322,0.00624098331494
1157,1.01118348677,0.0111214139512,0.00554527486229
1158,1.01030440556,0.0102516770845,0.00511272384935
1159,1.01170232377,0.0116343811281,0.00580030347201
1160,1.01276984942,0.0126890024395,0.00632441736836
1161,1.0111494217,0.0110877250605,0.00552852368296
1162,1.01185251085,0.0117828199785,0.00587408966383
1163,1.01146190461,0.0113967146426,0.00568215247815
1164,1.01246122381,0.0123842217974,0.00617297928875
1165,1.01073898019,0.01068172687,0.0053266263812
1166,1.01265193988,0.0125725728227,0.00626656905091
1167,1.01056169853,0.0105063134268,0.00523938301467
1168,1.01167630555,0.011608663528,0.00578751917472
1169,1.01210521496,0.012032532815,0.00599820491583
1170,1.00922641994,0.0091841165372,0.00458153088931
1171,1.01303532672,0.0129510980248,0.00645462782799
1172,1.01358761601,0.0134961321262,0.00672534899279
1173,1.0117698816,0.011701155286,0.00583349634166
1174,1.01254390195,0.0124658790047,0.00621355502993
1175,1.01255055895,0.0124724535167,0.00621682185499
1176,1.01325130156,0.0131642710663,0.00656052072893
1177,1.01186499462,0.0117951574441,0.005880222142
1178,1.01158294732,0.0115163785371,0.00574164267142
1179,1.01162139872,0.0115543889295,0.00576053856704
1180,1.01101167252,0.0109514854919,0.00546077819313
1181,1.00973907072,0.00969195165562,0.00483425303072
1182,1.01065733974,0.0106009505783,0.00528645255668
1183,1.01056575477,0.0105103272649,0.00524137941674
1184,1.00958362685,0.00953799520872,0.0047576439909
1185,1.01050769595,0.0104528738177,0.00521280285035
1186,1.01103550827,0.0109750613513,0.00547250168243
1187,1.01054911429,0.0104938606253,0.00523318921715
1188,1.0115396022,0.0114735288101,0.00572034059364
1189,1.01100399401,0.0109438905889,0.00545700147149
1190,1.01115092346,0.0110892102626,0.00552926217823
1191,1.01264754977,0.0125682375468,0.00626441499423
1192,1.01048241137,0.0104278518451,0.00520035700349
1193,1.01115332224,0.0110915825815,0.00553044177838
1194,1.01211006135,0.0120373212221,0.00600058475562
1195,1.01168475492,0.0116170153439,0.00579167090585
1196,1.0113187932,0.0112552149604,0.00561180215984
1197,1.01249156148,0.0124141856271,0.006187868609
1198,1.01028903971,0.0102364678434,0.00510515808038
1199,1.01438325182,0.0142807941329,0.00711496499899
1200,1.01265864736,0.0125791964754,0.00626986011798
1201,1.01084156097,0.0107832125912,0.00537709767299
1202,1.01439821186,0.014295541945,0.00712228641299
1203,1.01301385861,0.0129299059352,0.00644410012092
1204,1.00849464305,0.00845876659399,0.00422045205112
1205,1.01326384042,0.013176645864,0.00656666751621
1206,1.01219819506,0.0121243966134,0.00604386025755
1207,1.01069609427,0.0106392957099,0.00530552358478
1208,1.00996371293,0.009914402416,0.00494493456387
1209,1.01067625069,0.0106196619432,0.00529575873722
1210,1.01350438992,0.0134140183493,0.00668456738908
1211,1.01223946773,0.0121651710652,0.00606412405933
1212,1.01141787518,0.0113531832102,0.00566051020253
1213,1.01117524681,0.0111132650834,0.00554122301401
1214,1.0098780084,0.00982953979144,0.00490271217588
1215,1.00973859413,0.00969147966016,0.00483401817384
1216,1.01291525891,0.012832568175,0.00639574369125
1217,1.00946595056,0.00942142919036,0.00469963658113
1218,1.01164267014,0.0115754157703,0.00577099136954
1219,1.01139109684,0.0113267068197,0.00564734685512
1220,1.01077691779,0.0107192606811,0.00534529314733
1221,1.01230334391,0.0122282728991,0.00609548315292
1222,1.01127643258,0.0112133275739,0.00559097578035
1223,1.01149379044,0.0114282386483,0.00569782479538
1224,1.01228442443,0.012209583183,0.00608619521291
1225,1.01216112971,0.0120877772699,0.00602566108027
1226,1.01116198541,0.0111001501584,0.00553470186648
1227,1.01342322759,0.0133339342556,0.00664479220964
1228,1.01186261698,0.0117928076805,0.0058790541681
1229,1.0123709417,0.0122950468912,0.00612866608515
1230,1.01199290743,0.0119215623749,0.00594305097738
1231,1.00983128591,0.00978327324953,0.00487969205443
1232,1.01055822258,0.0105028737991,0.00523767221013
1233,1.01137012029,0.011305966304,0.00563703510826
1234,1.00967260309,0.00962612294364,0.004801497252
1235,1.01342209876,0.0133328203767,0.00664423897076
1236,1.01160433925,0.0115375252963,0.00575215528687
1237,1.01102178395,0.0109614867407,0.00546575149778
1238,1.0086714198,0.00863403898401,0.00430771455803
1239,1.01052062692,0.0104656702445,0.00521916769072
1240,1.01336678028,0.0132782330631,0.00661712628957
1241,1.0113670825,0.0113029626676,0.00563554175472
1242,1.01100856512,0.0109484119291,0.00545924980258
1243,1.01389226869,0.0137966556337,0.00687458897102
1244,1.01075991711,0.0107024411219,0.00533692828526
1245,1.01133735282,0.0112735666937,0.00562092649148
1246,1.00947276481,0.00942817951239,0.00470299587444
1247,1.01215359714,0.0120803351779,0.00602196244918
1248,1.01452962648,0.0144250828959,0.00718659349191
1249,1.01237176455,0.0122958596811,0.00612906998937
1250,1.01329848902,0.0132108403231,0.00658365232873
1251,1.01385634007,0.0137612186709,0.00685699214096
1252,1.01307532445,0.0129905803054,0.00647424135294
1253,1.01466168395,0.0145552406274,0.00725120255996
1254,1.01177599587,0.0117071984138,0.00583650027475
1255,1.01169028392,0.0116224804625,0.00579438763538
1256,1.01109737021,0.011036246196,0.00550292622235
1257,1.01291410267,0.0128314266718,0.00639517658983
1258,1.01367975221,0.0135870290584,0.00677049077627
1259,1.01196113411,0.0118901650993,0.00592744551491
1260,1.01147707711,0.0114117150965,0.00568961005969
1261,1.01045752811,0.010403226414,0.00518810824305
1262,1.01501483942,0.014903232504,0.0074239217918
1263,1.01173086792,0.0116625947054,0.0058143283381
1264,1.01072159082,0.0106645221157,0.00531806978893
1265,1.01098999041,0.0109300393035,0.00545011359819
1266,1.01106423306,0.0110034721992,0.00548662926684
1267,1.00830407113,0.00826978202298,0.00412635412008
1268,1.0107309746,0.0106738063114,0.00532268718907
1269,1.01123615998,0.0111735032412,0.00557117474533
1270,1.01139370259,0.0113292832147,0.00564862777687
1271,1.01206481246,0.0119926127482,0.0059783644088
1272,1.01298774424,0.0129041267135,0.00643129348945
1273,1.01333632832,0.0132481823197,0.00660220023052
1274,1.0122881281,0.0122132419058,0.00608801343877
1275,1.01147024304,0.0114049585496,0.00568625100165
1276,1.01152152351,0.0114556562043,0.00571145536976
1277,1.01355153791,0.0134605370355,0.00670767098485
1278,1.01331137468,0.0132235567943,0.00658996868382
1279,1.01057824519,0.0105226870206,0.00524752688451
1280,1.01171143895,0.0116433908305,0.00580478218366
1281,1.01228112719,0.0122063259502,0.00608457650726
1282,1.01171734687,0.0116492303441,0.00580768498767
1283,1.01199988931,0.0119284614856,0.00594648002594
1284,1.01266085381,0.0125813753376,0.00627094271795
1285,1.01139894972,0.0113344712176,0.00565120712244
1286,1.00977447728,0.00972701609988,0.00485170034471
1287,1.01024037943,0.0101883019739,0.0050811978043
1288,1.01026401279,0.0102116954992,0.00509283506534
1289,1.01246101467,0.0123840152228,0.006172876639
1290,1.01050026197,0.0104455171116,0.00520914366508
1291,1.01159814363,0.0115314007251,0.00574911061139
1292,1.013991384,0.013894408093,0.00692312801045
1293,1.01136899951,0.0113048581256,0.0056364841423
1294,1.00917428826,0.00913246011248,0.00455582067768
1295,1.01257091021,0.0124925523212,0.00622680873175
1296,1.01415997454,0.0140606585435,0.00700567431824
1297,1.01215087463,0.012077645354,0.00602062563535
1298,1.01145359202,0.0113884962177,0.0056780666065
1299,1.01473501945,0.0146275138278,0.00728707647819
1300,1.00967219492,0.00962571869164,0.00480129609648
1301,1.01052146654,0.0104665011176,0.00521958095897
1302,1.01181384285,0.0117446041873,0.00585509382824
1303,1.00905003235,0.00900932621888,0.0044945323322
1304,1.01247149262,0.0123943641678,0.00617801915684
1305,1.01558442093,0.0154642309644,0.00770229957346
1306,1.01171468779,0.0116466020551,0.00580637847443
1307,1.00839036455,0.00835536109954,0.00416896618189
1308,1.01172975551,0.011661495195,0.00581378177922
1309,1.01130286237,0.0112394623075,0.00560397000295
1310,1.01102385331,0.0109635335359,0.0054667693012
1311,1.013290939,0.0132033893585,0.00657995136681
1312,1.01406509719,0.0139671015254,0.00695922243769
1313,1.00990667682,0.00985792739271,0.00491683628816
1314,1.01126693497,0.0112039358222,0.00558630614809
1315,1.01206665033,0.0119944287089,0.00597926696051
1316,1.01055894777,0.0105035914052,0.00523802913384
1317,1.01177298223,0.0117042198386,0.00583501967831
1318,1.00967888742,0.00963234705346,0.00480459435956
1319,1.0122153109,0.0121413060385,0.00605226383549
1320,1.01134415797,0.0112802955377,0.00562427199669
1321,1.01025815672,0.0102058989097,0.00508995152693
1322,1.01235149688,0.0122758394906,0.00611912119689
1323,1.01086013362,0.0108015858777,0.00538623487683
1324,1.00883352667,0.00879473932886,0.00438771539077
1325,1.01018356324,0.0101320601169,0.00505321937041
1326,1.00841075407,0.00837558076521,0.00417903381628
1327,1.00910157803,0.00906040828859,0.00451995824734
1328,1.0129755282,0.0128920672254,0.00642530250643
1329,1.01058420132,0.0105285807834,0.00525045829771
1330,1.01300564524,0.0129217980437,0.00644007229104
1331,1.0108661916,0.0108075787574,0.00538921517265
1332,1.01002762031,0.00997767732439,0.00497641507494
1333,1.01360750312,0.0135157524445,0.0067350931274
1334,1.01245164526,0.0123747610893,0.00616827812393
1335,1.01057565516,0.010520124097,0.00524625214638
1336,1.01192329075,0.0118527683343,0.00590885779225
1337,1.01196659893,0.0118955653062,0.00593012961003
1338,1.01294006691,0.012857059555,0.00640791098644
1339,1.01216867652,0.0120952333757,0.00602936666231
1340,1.01012912487,0.0100781690887,0.00502640965672
1341,1.01180025473,0.0117311746334,0.00584841834451
1342,1.00906831114,0.00902744090691,0.00450354892685
1343,1.01130220046,0.0112388077979,0.00560364458201
1344,1.00990242649,0.00985371875181,0.00491474231211
1345,1.01067385098,0.0106172875775,0.00529457784069
1346,1.01264175527,0.0125625154022,0.00626157184085
1347,1.01441248611,0.0143096134856,0.00712927204795
1348,1.01161425656,0.0115473287946,0.00575702882846
1349,1.01239658086,0.0123203724182,0.00614125116315
1350,1.01049408207,0.0104394014087,0.00520610173777
1351,1.01074610242,0.0106887734088,0.00533013087731
1352,1.01185875318,0.0117889891715,0.0058771561364
1353,1.0120623665,0.0119901959449,0.00597716323066
1354,1.01162157579,0.0115545639661,0.00576062558116
1355,1.0094428421,0.00939853715469,0.00468824429022
1356,1.01127973254,0.0112165907251,0.00559259823255
1357,1.01302180897,0.0129377541309,0.00644799892384
1358,1.01250232551,0.0124248167981,0.00619315128829
1359,1.01076067467,0.0107031906181,0.00533730103329
1360,1.00904797161,0.00900728395842,0.00449351579095
1361,1.01219588291,0.0121221123178,0.00604272501208
1362,1.00990064462,0.00985195435016,0.00491386444669
1363,1.00940616848,0.00936220593954,0.00467016368323
1364,1.01223157851,0.0121573772027,0.00606025075201
1365,1.01198206678,0.0119108501385,0.00593772667661
1366,1.01029099815,0.0102384063389,0.00510612237952
1367,1.01293229918,0.0128493910265,0.00640410128452
1368,1.01146394381,0.0113987307348,0.00568315479587
1369,1.01216072824,0.0120873806254,0.00602546395307
1370,1.01026532208,0.0102129914789,0.00509347975485
1371,1.01335682961,0.0132684135929,0.00661224903083
1372,1.01178702879,0.0117181028592,0.00584192066077
1373,1.01047763978,0.0104231297396,0.00519800822626
1374,1.01263904887,0.0125598427869,0.0062602438997
1375,1.01267428247,0.0125946360203,0.00627753145893
1376,1.0106218748,0.0105658590017,0.00526899937023
1377,1.01187461598,0.0118046659339,0.00588494841966
1378,1.01153566558,0.0114696370967,0.00571840586601
1379,1.01351044257,0.0134199903272,0.00668753341355
1380,1.01227602413,0.0122012847941,0.0060820712627
1381,1.01076946682,0.0107118891314,0.00534162706725
1382,1.01314147738,0.0130558772916,0.00650667794234
1383,1.00991806827,0.00986920703856,0.00492244836518
1384,1.01129298609,0.0112296963611,0.00559911438189
1385,1.01243263456,0.0123559840162,0.00615894745467
1386,1.01245893238,0.0123819585657,0.0061718546577
1387,1.01251989595,0.0124421701221,0.00620177417704
1388,1.01210746882,0.0120347597135,0.00599931168575
1389,1.01130038908,0.0112370166553,0.00560275402876
1390,1.01142310782,0.0113583567656,0.00566308233443
1391,1.01360345034,0.0135117540687,0.00673310740224
1392,1.01244904381,0.0123721916337,0.00616700131985
1393,1.01222598176,0.0121518480744,0.00605750293805
1394,1.01230570404,0.0122306043353,0.0060966417647
1395,1.00972401207,0.00967703813251,0.00482683228937
1396,1.00905316019,0.00901242599673,0.0044960752539
1397,1.01218735804,0.0121136901359,0.00603853935879
1398,1.01083859553,0.0107802789555,0.00537563874132
1399,1.01172027181,0.0116521213991,0.00580912211894
1400,1.01054797459,0.0104927328299,0.0052326282703
1401,1.01264701664,0.0125677110811,0.00626415341038
1402,1.01043687199,0.0103827838546,0.00517793994048
1403,1.01109381757,0.0110327325397,0.00550117906035
1404,1.01083215956,0.0107739119776,0.00537247236063
1405,1.00937955718,0.00933584227669,0.00465704332664
1406,1.0119090682,0.0118387132711,0.00590187176078
1407,1.01382301062,0.0137283441964,0.00684066747954
1408,1.00979795601,0.00975026728714,0.00486326946719
1409,1.00938409253,0.00934033546936,0.00465927945796
1410,1.01169880183,0.0116308999152,0.00579857296012
1411,1.01326483903,0.0131776314005,0.00656715704848
1412,1.01418763677,0.0140879341724,0.00701921649826
1413,1.0114745462,0.0114092129042,0.00568836608102
1414,1.01088137412,0.0108225979571,0.00539668427361
1415,1.0108808136,0.0108220434751,0.00539640852877
1416,1.00798816064,0.00795642417937,0.00397030948685
1417,1.00930218234,0.00925918349631,0.00461889170692
1418,1.00915301124,0.00911137630122,0.00454532674377
1419,1.01237064133,0.0122947501902,0.00612851864384
1420,1.01010675814,0.0100560264007,0.00501539390084
1421,1.01162519382,0.0115581404296,0.00576240350998
1422,1.0105691203,0.0105136575972,0.00524303585371
1423,1.01280618251,0.0127248767655,0.00634224092937
1424,1.01135510281,0.0112911175448,0.0056296525527
1425,1.01077740519,0.0107197428882,0.00534553296205
1426,1.0091157405,0.00907444291558,0.00452694381836
1427,1.01054174824,0.0104865714491,0.00522956369529
1428,1.01012881622,0.010077863533,0.00502625764675
1429,1.01151968237,0.0114538360367,0.00571055048343
1430,1.0123941183,0.0123179400163,0.00614004243042
1431,1.01181568952,0.0117464292938,0.00585600103797
1432,1.01205878152,0.0119866536824,0.00597540268419
1433,1.01290267194,0.0128201416149,0.00638957013057
1434,1.01073848671,0.0106812386321,0.00532638356257
1435,1.01299300331,0.0129093183469,0.00643387260837
1436,1.01125527607,0.0111924067533,0.00558057379954
1437,1.01312914682,0.0130437065983,0.00650063217265
1438,1.0096408525,0.00959467603083,0.0047858491687
1439,1.01081010913,0.0107520976011,0.00536162371176
1440,1.01207080422,0.0119985330652,0.00598130686601
1441,1.01050790254,0.0104530782592,0.0052129045382
1442,1.01022330549,0.0101714009644,0.0050727902027
1443,1.01194229228,0.0118715458009,0.00591819100507
1444,1.01033145159,0.01027844691,0.00512604023963
1445,1.00983902838,0.00979094031243,0.00488350687212
1446,1.01052598925,0.0104709767282,0.00522180708138
1447,1.01412411866,0.0140253026721,0.0069881200732
1448,1.01260953067,0.0125306925909,0.00624575993982
1449,1.01443587199,0.0143326668368,0.00714071648079
1450,1.01085312746,0.0107946549649,0.00538278808019
1451,1.01157214272,0.0115056975898,0.00573633284669
1452,1.01068585105,0.0106291608403,0.00530048302263
1453,1.00983183049,0.00978381252791,0.00487996037783
1454,1.01248909346,0.0124117480536,0.00618665736318
1455,1.0101830326,0.0101315348331,0.00505295805569
1456,1.00979073539,0.00974311669967,0.00485971155472
1457,1.01299149905,0.0129078333718,0.0064331348976
1458,1.0138807829,0.0137853271492,0.00686896365213
1459,1.01112282364,0.0110614199374,0.00551544374965
1460,1.01028535306,0.0102328187302,0.00510334283675
1461,1.01237368024,0.0122977519618,0.0061300103303
1462,1.01230589023,0.0122307882676,0.0060967331702
1463,1.01292118707,0.0128384207338,0.00639865125063
1464,1.01056790102,0.0105124510677,0.00524243575173
1465,1.01098419879,0.0109243106321,0.00544726486933
1466,1.01118971235,0.0111275706546,0.005548336139
1467,1.01310139388,0.0130163129311,0.00648702428394
1468,1.00900457374,0.00896427430396,0.00447210736581
1469,1.01133060409,0.0112668935989,0.00561760869305
1470,1.01268447017,0.0126046961688,0.00628252994419
1471,1.01102475716,0.0109644275333,0.00546721385618
1472,1.00931751375,0.00927437348938,0.00462645159428
1473,1.01163215679,0.0115650233553,0.00576582513585
1474,1.0105213507,0.0104663864863,0.00521952394249
1475,1.01079624046,0.0107383771551,0.00535480024729
1476,1.01109750617,0.0110363806606,0.00550299308465
1477,1.0107789515,0.010721272708,0.00534629378283
1478,1.01079556572,0.0107377096164,0.00535446826517
1479,1.01317529102,0.0130892517761,0.00652325646775
1480,1.00976245608,0.00971511119389,0.0048457767536
1481,1.01047893348,0.0104244100203,0.00519864503895
1482,1.0111696372,0.0111077174527,0.00553846456515
1483,1.00980873401,0.00976094065001,0.00486858018074
1484,1.01126737332,0.0112043692889,0.00558652167065
1485,1.00911531731,0.00907402355127,0.0045267350854
1486,1.01071250951,0.0106555370924,0.0053136011587
1487,1.01241924897,0.0123427627145,0.00615237749677
1488,1.01050794338,0.0104531186764,0.00521292464147
1489,1.01046605454,0.0104116645585,0.00519230541743
1490,1.01235323042,0.0122775518841,0.00611997215408
1491,1.01338677279,0.0132979616622,0.00662692526748
1492,1.01254154183,0.0124635481238,0.00621239683033
1493,1.01241892621,0.0123424439095,0.00615221907496
1494,1.01227576554,0.0122010293408,0.00608194431287
1495,1.0122486434,0.012174235747,0.00606862890534
1496,1.0120401861,0.0119682796663,0.00596627053028
1497,1.01060786953,0.0105520008332,0.00526210677144
1498,1.01222159888,0.0121475181224,0.00605535107406
1499,1.01054208336,0.0104869030696,0.00522972863837
1500,1.01098789609,0.0109279677499,0.00544908346595
1501,1.01182096221,0.0117516403996,0.00585859132938
1502,1.00990366936,0.00985494943407,0.00491535462881
1503,1.00918824802,0.00914629286462,0.00456270552017
1504,1.00936358719,0.00932002055227,0.00464916927451
1505,1.01417661268,0.0140770642449,0.00701381966904
1506,1.01330839054,0.0132206118521,0.00658850591518
1507,1.01225932272,0.0121847857849,0.00607387189834
1508,1.01120612716,0.0111438036855,0.00555640758855
1509,1.00951169857,0.0094667471827,0.00472218883274
1510,1.0105334502,0.0104783599329,0.00522547940011
1511,1.01128797137,0.0112247376261,0.0055966488936
1512,1.01210216473,0.012029519061,0.00599670707623
1513,1.00970500563,0.00965821455664,0.00481746588648
1514,1.01112358941,0.0110621772803,0.00551582033249
1515,1.01029456287,0.010241934742,0.00510787757129
1516,1.01062043801,0.0105644373091,0.00526829226911
1517,1.01184187092,0.0117723046265,0.00586886285817
1518,1.01226990699,0.0121952418203,0.00607906814814
1519,1.01230994268,0.0122347914483,0.00609872255539
1520,1.01102755405,0.010967193919,0.00546858948589
1521,1.01316701399,0.0130810823457,0.00651919838988
1522,1.01412853284,0.0140296553565,0.00699028120453
1523,1.01224567579,0.0121713040385,0.00606717194576
1524,1.0122122832,0.0121383148716,0.00605077730258
1525,1.01195842026,0.0118874833228,0.00592611257381
1526,1.01301175852,0.0129278328176,0.00644307024128
1527,1.0127631159,0.0126823537902,0.00632111406259
1528,1.00910917239,0.00906793412086,0.0045237041482
1529,1.01173774106,0.0116693881309,0.00581770529553
1530,1.01349336997,0.0134031451722,0.00667916712706
1531,1.00946582658,0.0094213063706,0.00469957545985
1532,1.01171647208,0.0116483656867,0.00580725516968
1533,1.01296264239,0.0128793463946,0.00641898293852
1534,1.01327278394,0.0131854722745,0.00657105173174
1535,1.01088784669,0.0108290008358,0.00539986843072
1536,1.01242258851,0.0123460612786,0.00615401663048
1537,1.01242143113,0.0123449181078,0.00615344856244
1538,1.01120976833,0.0111474044964,0.00555819798859
1539,1.01214321006,0.0120700727668,0.00601686213044
1540,1.00934271502,0.00929934179922,0.00463887791429
1541,1.01130561855,0.0112421876785,0.00560532505105
1542,1.0113758602,0.0113116416684,0.00563985679032
1543,1.01197076176,0.0118996789071,0.00593217421127
1544,1.01186079376,0.0117910058323,0.00587815854019
1545,1.01412678515,0.0140279320204,0.00698942555944
1546,1.01155012828,0.0114839347587,0.00572551379171
1547,1.01317474706,0.0130887148919,0.00652298977672
1548,1.01182132322,0.0117519971976,0.00585876868321
1549,1.01157044808,0.0115040223408,0.00573550002674
1550,1.01007321551,0.0100228188249,0.00499887325032
1551,1.01132331766,0.0112596887767,0.00561402651239
1552,1.01206949184,0.0119972363324,0.0059806623775
1553,1.0109233128,0.0108640843455,0.00541731530939
1554,1.01110997506,0.0110487126195,0.00550912511387
1555,1.01221572056,0.0121417107582,0.00605246497055
1556,1.01187979864,0.0118097877603,0.00588749425877
1557,1.01222266481,0.0121485711787,0.00605587441372
1558,1.01113783695,0.0110762679807,0.00552282679712
1559,1.01507318829,0.0149607165816,0.00745245004197
1560,1.01154136043,0.0114752669834,0.00572120470848
1561,1.01215814892,0.012084832288,0.00602419746099
1562,1.01083446663,0.0107761943141,0.00537360739732
1563,1.01201987313,0.011948208152,0.00595629459912
1564,1.01016178715,0.0101105033235,0.00504249538151
1565,1.01175283324,0.0116843051084,0.0058251203653
1566,1.01176616993,0.0116974867865,0.00583167279037
1567,1.01025571283,0.0102034798297,0.0050887481427
1568,1.01056545826,0.010510033858,0.00524123348217
1569,1.01251878584,0.0124410737448,0.00620122938795
1570,1.01098142876,0.0109215706895,0.0054459023597
1571,1.01122741599,0.0111648563705,0.00556687538728
1572,1.01117170238,0.011109759822,0.00553948009348
1573,1.0109178014,0.0108586324827,0.00541460414154
1574,1.01273028581,0.0126499369112,0.00630500794797
1575,1.01214035095,0.0120672479557,0.00601545822215
1576,1.00965391338,0.00960761211164,0.00479228623322
1577,1.0134525452,0.0133628631224,0.006659160426
1578,1.01434888978,0.0142469187557,0.00709814767903
1579,1.01228756695,0.0122126875629,0.0060877379547
1580,1.00958301395,0.00953738813329,0.00475734189727
1581,1.01097490259,0.0109151153923,0.00544269228337
1582,1.01239241545,0.0123162580099,0.00613920659069
1583,1.01597560227,0.0158493353553,0.00789335028002
1584,1.0116431268,0.011575867169,0.00577121576633
1585,1.01221178545,0.0121378231294,0.00605053291916
1586,1.01057884337,0.0105232789315,0.00524782128687
1587,1.01191473617,0.0118443145154,0.00590465585012
1588,1.01198983215,0.0119185235364,0.00594154058697
1589,1.0091756945,0.00913385356458,0.00455651422933
1590,1.01064499216,0.0105887331331,0.00528037610899
1591,1.01078055856,0.0107228626277,0.00534708449228
1592,1.01428844536,0.0141873275951,0.00706856315142
1593,1.01168394984,0.0116162195631,0.00579127531986
1594,1.01278142547,0.012700432461,0.00633009621876
1595,1.01169388625,0.0116260411644,0.00579615766868
1596,1.00934438642,0.00930099772791,0.00463970203747
1597,1.01272743609,0.0126471230064,0.00630360986546
1598,1.01147257929,0.0114072683061,0.00568739931231
1599,1.00837853095,0.00834362589284,0.00416312302324
1600,1.00901944631,0.00897901403801,0.00447944424696
1601,1.01165499789,0.0115876015615,0.0057770490846
1602,1.01381757784,0.0137229854725,0.00683800644268
1603,1.01312944141,0.0130439973714,0.00650077661411
1604,1.00996919933,0.00991983467404,0.00494763725814
1605,1.01004020329,0.00999013529631,0.00498261304358
1606,1.01188149432,0.0118114635356,0.00588832721299
1607,1.01173331244,0.0116650108828,0.00581552940184
1608,1.01007831198,0.010027864464,0.00500138345546
1609,1.01250015727,0.0124226753264,0.00619208718313
1610,1.01152850372,0.0114625568869,0.00571488599865
1611,1.01455904074,0.0144540754794,0.00720098550042
1612,1.01206909263,0.0119968418838,0.0059804663327
1613,1.01205136586,0.011979326353,0.00597176090473
1614,1.01280701402,0.0127256977603,0.00634264882324
1615,1.01076412562,0.010706604826,0.0053389990245
1616,1.01381054474,0.0137160482097,0.0068345615238
1617,1.01291691057,0.0128341987697,0.00639655377384
1618,1.01098786172,0.0109279337519,0.00544906655957
1619,1.01347989232,0.0133898468752,0.00667256236738
1620,1.00986936841,0.00982098428489,0.0048984553861
1621,1.01479714339,0.0146887337868,0.00731746293535
1622,1.0127171628,0.0126369787816,0.00629856971289
1623,1.011148176,0.0110864930973,0.00552791110662
1624,1.01089183596,0.0108329471381,0.0054018309252
1625,1.0088565494,0.00881756020136,0.00439907569646
1626,1.01281122465,0.0127298551415,0.00634471432727
1627,1.01233655846,0.0122610832232,0.00611178818384
1628,1.01607367454,0.0159458608382,0.0079412309113
1629,1.01221741101,0.0121433808055,0.00605329493991
1630,1.0119539371,0.0118830531341,0.0059239106039
1631,1.01242717115,0.0123505876804,0.00615626590104
1632,1.01018719428,0.0101356545535,0.00505500750539
1633,1.01100890373,0.0109487468546,0.00545941635106
1634,1.01254884596,0.012470761756,0.00621598123296
1635,1.01275714579,0.0126764589031,0.00631818524585
1636,1.01234894027,0.0122733140694,0.00611786621218
1637,1.01210676725,0.0120340665371,0.00599896717679
1638,1.01257051065,0.0124921577187,0.00622661265903
1639,1.01063422761,0.010578081903,0.00527507860108
1640,1.01122612907,0.0111635837452,0.00556624261669
1641,1.01129356476,0.0112302685688,0.00559939888378
1642,1.01280013233,0.0127189030636,0.00633927301731
1643,1.01435683763,0.0142547541411,0.00710203755577
1644,1.01110906868,0.0110478161937,0.00550867937011
1645,1.01060803727,0.0105521668124,0.00526218932435
1646,1.01352135142,0.0134307536987,0.00669287909472
1647,1.01229522973,0.0122202573036,0.00609149977666
1648,1.00853595329,0.00849972803993,0.00424084612734
1649,1.01152176253,0.0114558924966,0.00571157284108
1650,1.00909136582,0.00905028813712,0.00451492103019
1651,1.01256278257,0.0124845255529,0.00622282033016
1652,1.00928184107,0.00923902949017,0.0046088611979
1653,1.01040854493,0.0103547490006,0.00516399499714
1654,1.01342930972,0.0133399358071,0.00664777304138
1655,1.00943903109,0.00939476178697,0.00468636545451
1656,1.0122096773,0.0121357404078,0.00604949785863
1657,1.01069095475,0.0106342105667,0.00530299449965
1658,1.01254556501,0.0124675214655,0.00621437115723
1659,1.01262674748,0.0125476948641,0.00625420794442
1660,1.01272095681,0.0126407251384,0.0063004310912
1661,1.01464124159,0.0145350934526,0.0072412019678
1662,1.01408580753,0.0139875243976,0.0069693627584
1663,1.01251841523,0.0124407077144,0.00620104750767
1664,1.01316195467,0.0130760887695,0.00651671787574
1665,1.01183118657,0.0117617452652,0.00586361414934
1666,1.01169743218,0.0116295461029,0.00579789997884
1667,1.01268283644,0.0126030828954,0.00628172837489
1668,1.01243360547,0.012356943006,0.0061594239963
1669,1.01103770687,0.0109772359457,0.00547358302881
1670,1.01099224205,0.0109322664629,0.00545122110813
1671,1.00993567682,0.00988664250436,0.00493112314767
1672,1.01282667169,0.0127451066672,0.00635229167797
1673,1.01067617871,0.0106195907172,0.00529572331281
1674,1.01182250711,0.0117531672488,0.0058593502811
1675,1.01016282237,0.0101115281304,0.00504300520103
1676,1.01216150391,0.0120881469781,0.00602584482049
1677,1.01179763592,0.0117285863601,0.00584713177567
1678,1.01139995835,0.0113354684798,0.00565170293557
1679,1.00892750283,0.00888788827023,0.00443408442612
1680,1.01340382621,0.0133147896697,0.00663528347706
1681,1.01368644184,0.013593628393,0.00677376809778
1682,1.0126498433,0.012570502436,0.0062655403441
1683,1.0102246664,0.0101727480981,0.00507346035247
1684,1.01161544188,0.0115485005067,0.00575761131154
1685,1.01120536336,0.0111430483552,0.00555603202177
1686,1.01241295168,0.0123365426517,0.00614928659463
1687,1.0136272319,0.0135352161822,0.00674475940418
1688,1.01348263704,0.0133925550795,0.00667390743331
1689,1.0123887628,0.0123126500584,0.00613741368826
1690,1.01411473603,0.0140160506677,0.00698352638746
1691,1.01290595375,0.0128233816173,0.00639117977934
1692,1.01238550817,0.0123094352585,0.00613581615232
1693,1.01147436912,0.0114090378314,0.00568827904255
1694,1.01223959924,0.0121653009871,0.00606418862635
1695,1.01070165281,0.0106447954062,0.00530825883981
1696,1.01013096877,0.0100799944911,0.00502731776987
1697,1.0138230452,0.0137283783028,0.00684068441612
1698,1.00998779359,0.00993824522702,0.0049567969481
1699,1.01078395827,0.0107262260796,0.00534875722449
1700,1.01218581241,0.0121121631108,0.00603778045645
1701,1.01035540288,0.0103021529915,0.00513783245133
1702,1.01382683944,0.0137321208029,0.00684254286378
1703,1.01126911844,0.011206094959,0.0055873796851
1704,1.0146243504,0.0145184458669,0.00723293841486
1705,1.01138727317,0.0113229262093,0.00564546722332
1706,1.01104810576,0.010987521258,0.00547869752305
1707,1.01434188383,0.0142400118797,0.00709471874811
1708,1.01088906834,0.0108302093294,0.00540046941451
1709,1.01039409761,0.0103404503989,0.00515688258981
1710,1.01172964798,0.0116613889085,0.00581372894491
1711,1.01387445178,0.0137790826878,0.0068658628631
1712,1.0140371345,0.0139395262982,0.00694553068077
1713,1.01180622325,0.0117370735334,0.00585135054059
1714,1.01142056074,0.0113558384421,0.00566183030266
1715,1.01271268945,0.0126325615935,0.00629637502737
1716,1.01241278152,0.0123363745821,0.00614920307662
1717,1.00906715189,0.00902629207256,0.00450297709643
1718,1.01329319871,0.0132056194271,0.0065810590636
1719,1.01153323592,0.0114672351383,0.00571721175382
1720,1.01262816135,0.0125490910955,0.00625490169371
1721,1.01102382372,0.0109635042696,0.00546675474804
1722,1.01053292674,0.0104778419298,0.00522522175191
1723,1.0110600209,0.0109993061313,0.00548455765959
1724,1.01384476429,0.013749801034,0.00685132245169
1725,1.01224593412,0.0121715592449,0.00606729877476
1726,1.01247544835,0.012398271164,0.00617996058426
1727,1.0113575316,0.0112935190681,0.00563084655376
1728,1.01187361789,0.0118036795599,0.00588445813494
1729,1.01237420558,0.0122982708804,0.00613026819907
1730,1.01005276935,0.0100025763714,0.00498880256732
1731,1.00896873826,0.00892875799567,0.00445442847106
1732,1.01312374126,0.0130383710715,0.00649798174789
1733,1.01314323837,0.0130576154352,0.00650754135899
1734,1.01034025695,0.0102871621921,0.00513037553379
1735,1.01251405725,0.0124364036058,0.00619890879608
1736,1.01233701657,0.012261535751,0.00611201306482
1737,1.01110538536,0.0110441733436,0.00550686797708
1738,1.01006578755,0.0100154649241,0.00499521467382
1739,1.01266995287,0.0125903605972,0.00627540716468
1740,1.01019156757,0.0101399837244,0.00505716114649
1741,1.01060644462,0.0105505908796,0.00526140550406
1742,1.01159520737,0.0115284981285,0.00574766765572
1743,1.01341671249,0.0133275054284,0.00664159915003
1744,1.01270592973,0.0126258867096,0.00629305859372
1745,1.0116221609,0.0115551423503,0.00576091310728
1746,1.0105982973,0.010542529033,0.00525739578098
1747,1.01032893753,0.0102759585528,0.00512480243799
1748,1.01138370399,0.0113193972061,0.00564371268161
1749,1.01232329288,0.0122479792142,0.00610527620248
1750,1.01168647072,0.0116187113209,0.00579251398273
1751,1.01162342598,0.0115563928957,0.00576153477767
1752,1.01286287043,0.0127808463356,0.00637004783908
1753,1.01326095108,0.0131737943452,0.00656525111829
1754,1.01279156471,0.0127104436944,0.00633507013697
1755,1.01097003498,0.0109103006099,0.00544029799201
1756,1.01223699959,0.0121627327668,0.0060629123025
1757,1.01324839239,0.0131613999338,0.00655909457971
1758,1.00947216293,0.00942758328798,0.00470269916421
1759,1.00987012268,0.00982173117911,0.00489882700382
1760,1.01005936627,0.010009107607,0.0049920518883
1761,1.01456475996,0.0144597126059,0.00720378376326
1762,1.0123394611,0.0122639504903,0.00611321305429
1763,1.00975684598,0.00970955531289,0.00484301227054
1764,1.01124502715,0.0111822718534,0.00557553461612
1765,1.01392719018,0.0138310980392,0.00689169163779
1766,1.01339930819,0.0133103313944,0.00663306912794
1767,1.01119248077,0.0111303084353,0.00554969743332
1768,1.01081184834,0.0107538182133,0.00536247940486
1769,1.01240769882,0.0123313541837,0.00614670831001
1770,1.01166236989,0.0115948886134,0.00578067155514
1771,1.0131365908,0.0130510540857,0.00650428202803
1772,1.01339314672,0.0133042513749,0.00663004927817
1773,1.01160304608,0.0115362469627,0.00575151979646
1774,1.0109869177,0.0109269999921,0.00544860222364
1775,1.01004911644,0.00999895980606,0.00498700330421
1776,1.00798808968,0.00795635378242,0.00397027442813
1777,1.01271690923,0.0126367283899,0.00629844530557
1778,1.01292575418,0.012842929571,0.00640089124147
1779,1.01322060251,0.0131339730357,0.00654547098504
1780,1.01235143437,0.0122757777507,0.00611909051584
1781,1.01237539511,0.0122994458669,0.00613085209069
1782,1.01195461611,0.0118837241231,0.00592424411092
1783,1.00970377578,0.00965699652512,0.00481685980445
1784,1.0117936868,0.0117246832831,0.00584519164622
1785,1.01019579353,0.0101441670459,0.00505924222718
1786,1.01227469683,0.0121999735895,0.00608141964758
1787,1.01088516857,0.0108263515554,0.00539855094253
1788,1.01382047813,0.0137258462336,0.00683942704128
1789,1.01393416322,0.0138379752653,0.00689510654709
1790,1.01363156843,0.0135394944029,0.00674688408447
1791,1.01255819957,0.0124799994038,0.00622057133575
1792,1.00957601319,0.00953045379931,0.0047538912188
1793,1.0092474433,0.00920494747783,0.00459189858683
1794,1.01270091922,0.0126209390461,0.00629060032686
1795,1.01273974902,0.0126592811218,0.00630965058478
1796,1.01164899583,0.0115816686358,0.00577409975481
1797,1.01015857227,0.0101073207778,0.00504091213137
1798,1.0118458152,0.0117762027327,0.00587080047063
1799,1.01245141919,0.0123745378016,0.00616816716875
1800,1.0116857097,0.011617959089,0.00579214004538
1801,1.00963919205,0.00959303143063,0.00478503080367
1802,1.01113467429,0.0110731401559,0.00552127152073
1803,1.01061809492,0.0105621188446,0.00526713914338
1804,1.0141746072,0.0140750867947,0.00701283787819
1805,1.01075791903,0.0107004643165,0.00533594515714
1806,1.01075043337,0.0106930582961,0.00533226189918
1807,1.01074020981,0.010682943424,0.00532723141796
1808,1.01233746033,0.0122619741091,0.00611223090424
1809,1.01371264508,0.0136194775102,0.00678660502546
1810,1.01071575019,0.0106587434205,0.00531519580289
1811,1.01517141468,0.0150574796923,0.00750046987457
1812,1.01107613892,0.0110152477064,0.00549248469929
1813,1.01234155441,0.0122660182792,0.00611424062782
1814,1.00944545093,0.00940112157893,0.0046895304433
1815,1.01451008416,0.0144058202625,0.00717703134551
1816,1.00993487316,0.00988584675764,0.0049307272362
1817,1.00888573133,0.00884648553761,0.00441347463809
1818,1.01410344921,0.0140049208853,0.00697800034344
1819,1.01232702274,0.0122516636606,0.00610710717671
1820,1.01259971926,0.0125210033067,0.00624094554449
1821,1.01231114917,0.0122359832596,0.00609931482662
1822,1.01132314087,0.0112595139643,0.00561393959689
1823,1.00945144697,0.00940706149344,0.00469248646846
1824,1.01356215158,0.01347100874,0.0067128717031
1825,1.01019080111,0.0101392249985,0.00505678370195
1826,1.01114428627,0.0110826462419,0.00552599830961
1827,1.01008635472,0.0100358269208,0.0050053447643
1828,1.00989094795,0.00984235269751,0.0049090871995
1829,1.01348440982,0.0133943042713,0.00667477619185
1830,1.0100837176,0.0100332161314,0.00500404590274
1831,1.01420970516,0.0141096936095,0.00703001979093
1832,1.01251600549,0.012438327766,0.00619986491184
1833,1.01175762214,0.0116890383684,0.00582747320663
1834,1.00977478309,0.00972731895168,0.00485185103593
1835,1.01153075586,0.0114647833505,0.00571599286784
1836,1.01043878847,0.0103846805436,0.00517888337405
1837,1.01344399587,0.0133544272419,0.00665497056485
1838,1.0121549765,0.0120816979719,0.00602263974258
1839,1.0114161945,0.0113515215018,0.00565968405105
1840,1.01287787114,0.0127956564423,0.00637740569467
1841,1.01334687222,0.0132585874048,0.00660736841141
1842,1.01053997077,0.010484812514,0.00522868882659
1843,1.01346671219,0.0133768419571,0.00666610327541
1844,1.01013541204,0.010084393197,0.00502950606357
1845,1.01361019894,0.0135184120734,0.00673641398454
1846,1.01134817756,0.0112842700291,0.0056262480636
1847,1.0104426589,0.0103885109811,0.0051807886723
1848,1.01374197898,0.0136484141849,0.006800975068
1849,1.01227495918,0.0122002327532,0.00608154844141
1850,1.011470848,0.0114055566505,0.0056865483516
1851,1.01276758976,0.0126867712627,0.00632330883476
1852,1.01294036049,0.0128573493894,0.00640805497504
1853,1.01448598476,0.0143820652647,0.00716523902181
1854,1.00955781739,0.00951243042853,0.00474492233357
1855,1.0088826867,0.00884346771107,0.00441197238323
1856,1.00965123267,0.00960495702885,0.00479096505291
1857,1.01411793087,0.0140192010422,0.00698509057313
1858,1.01130183807,0.0112384494603,0.0056034664172
1859,1.01118762683,0.0111255082079,0.00554731063667
1860,1.01017171897,0.0101203351867,0.00504738651252
1861,1.01043508415,0.0103810144865,0.0051770598369
1862,1.01151127153,0.0114455209443,0.00570641667051
1863,1.01079688905,0.0107390188213,0.00535511936236
1864,1.01090369052,0.0108446739029,0.00540766261748
1865,1.01152996065,0.0114639972066,0.00571560204263
1866,1.00925295728,0.00921041092531,0.00459461776306
1867,1.01272592474,0.0126456306489,0.00630286839006
1868,1.01192274239,0.0118522264392,0.00590858844569
1869,1.01180086636,0.011731779132,0.0058487188261
1870,1.01025549171,0.0102032609549,0.00508863926218
1871,1.01260688232,0.0125280772166,0.0062444604193
1872,1.01379893446,0.0137045960238,0.00682887454992
1873,1.01021858362,0.0101667268664,0.00507046500635
1874,1.0112251281,0.0111625938831,0.00556575044046
1875,1.0104837839,0.0104292101324,0.00520103261512
1876,1.01246053819,0.0123835446161,0.00617264278814
1877,1.00942978425,0.00938560137602,0.00468180670311
1878,1.01354989894,0.0134589199751,0.00670686787766
1879,1.00934901938,0.00930558778766,0.00464198641647
1880,1.01127843455,0.0112153072133,0.00559196006554
1881,1.01190643994,0.0118361159347,0.00590058075634
1882,1.0122110207,0.0121370676023,0.0060501574412
1883,1.01291060485,0.0128279734489,0.00639346101892
1884,1.01029733754,0.0102446811339,0.00510924375216
1885,1.01190542971,0.0118351175964,0.00590008453244
1886,1.0115786969,0.011512176777,0.00573955385168
1887,1.01186425132,0.0117944228513,0.00587985700533
1888,1.01134915287,0.0112852343913,0.00562672753173
1889,1.00972124074,0.00967429348874,0.00482546659052
1890,1.01309593501,0.0130109246447,0.00648434761411
1891,1.01295979539,0.0128765358181,0.00641758666978
1892,1.01230257222,0.0122275105835,0.00609510431839
1893,1.01156899218,0.0115025830913,0.00573478452914
1894,1.01102837691,0.0109680078059,0.00546899420383
1895,1.01138197387,0.0113176865568,0.00564286218383
1896,1.01345709079,0.01336734836,0.00666138810832
1897,1.01254616392,0.0124681129505,0.00621466506185
1898,1.01210200385,0.0120293601034,0.00599662807407
1899,1.00936935103,0.00932573090886,0.00465201117454
1900,1.0105603861,0.0105050147085,0.00523873705759
1901,1.01102834525,0.0109679764853,0.00546897862919
1902,1.0116299494,0.0115628413473,0.00576474042181
1903,1.01275304606,0.0126724108091,0.00631617398513
1904,1.01360564459,0.0135139188642,0.00673418251148
1905,1.01105596206,0.0109952916803,0.00548256144083
1906,1.00939237475,0.00934854065757,0.00466336292856
1907,1.01411443638,0.0140157551909,0.0069833796808
1908,1.01209571311,0.0120231445677,0.00599353893756
1909,1.01130476345,0.0112413421419,0.00560490465244
1910,1.01108597815,0.0110249790987,0.00549732365888
1911,1.01233083117,0.0122554257112,0.00610897671264
1912,1.01259795407,0.0125192600751,0.00624007936804
1913,1.01350064389,0.013410322219,0.00668273167573
1914,1.01262252222,0.0125435222731,0.00625213469489
1915,1.01293459574,0.0128516582639,0.00640522764278
1916,1.0116279372,0.0115608522779,0.00576375161987
1917,1.01176289598,0.011694250901,0.00583006428162
1918,1.01061256544,0.0105566474432,0.00526441784826
1919,1.01182121562,0.0117518908553,0.00585871582359
1920,1.01239678295,0.0123205720395,0.00614135036079
1921,1.01255250559,0.0124743760244,0.00621777713246
1922,1.0127047892,0.0126247604822,0.00629249902353
1923,1.01287599023,0.0127937994457,0.00637648311734
1924,1.01253928077,0.0124613150633,0.00621128723581
1925,1.01220433725,0.0121304647622,0.00604687598986
1926,1.01144120226,0.0113762466856,0.00567197659861
1927,1.012517944,0.0124402423086,0.00620081624773
1928,1.01272985211,0.012649508666,0.00630479517538
1929,1.00847067953,0.00843500464269,0.00420862114827
1930,1.00871251088,0.00867477597278,0.00432799510421
1931,1.01340499164,0.0133159396858,0.00663585466961
1932,1.01291609806,0.0128333966198,0.00639615526431
1933,1.01007029084,0.0100199233179,0.00499743273294
1934,1.01279480463,0.012713642686,0.00633665949857
1935,1.01230550738,0.0122304100656,0.00609654522209
1936,1.01063858156,0.0105823900366,0.00527722130268
1937,1.01393910935,0.0138428534172,0.0068975288024
1938,1.01038690831,0.0103333350303,0.00515334324578
1939,1.01119158653,0.0111294240909,0.00554925771497
1940,1.01305780237,0.0129732842163,0.00646564926079
1941,1.01233646365,0.0122609895738,0.00611174164531
1942,1.00889264982,0.00885334306746,0.00441688826439
1943,1.01314558602,0.0130599326271,0.00650869241464
1944,1.01216544181,0.0120920375522,0.00602777838366
1945,1.01344981239,0.013360166582,0.0066578211332
1946,1.01202062412,0.0119489502179,0.00595666342204
1947,1.01105204127,0.0109914137541,0.00548063310631
1948,1.01294135209,0.0128583283205,0.0064085413039
1949,1.01047858446,0.0104240646207,0.00519847323697
1950,1.01067206686,0.0106155222931,0.00529369987131
1951,1.01179281492,0.0117238215699,0.00584476330796
1952,1.01319535553,0.0131090551774,0.00653309352837
1953,1.01158707158,0.0115204555635,0.00574366947813
1954,1.01402689857,0.0139294320067,0.00694051857751
1955,1.0091289884,0.00908757106405,0.00453347815596
1956,1.01007903644,0.0100285816952,0.00500174027743
1957,1.0089206722,0.00888111806104,0.00443071432566
1958,1.01137444892,0.011310246263,0.00563916302233
1959,1.01220413998,0.0121302698712,0.00604677913358
1960,1.00962707368,0.00958102869378,0.00477905813405
1961,1.01100562357,0.0109455024097,0.0054578029837
1962,1.01030752211,0.0102547618455,0.00511425834292
1963,1.01208093127,0.0120085392754,0.00598628003359
1964,1.01053313654,0.0104780495493,0.00522532501923
1965,1.01372120913,0.0136279256775,0.00679080043309
1966,1.01258869388,0.0125101150513,0.00623553537858
1967,1.01239625511,0.0123200506601,0.00614109127206
1968,1.01112947438,0.0110679974929,0.00551871438292
1969,1.01122036695,0.0111578855728,0.00556340938516
1970,1.01049354185,0.0104388667977,0.00520583582384
1971,1.01090237128,0.0108433688876,0.00540701363816
1972,1.01011054066,0.010059771059,0.00501725683777
1973,1.01186234686,0.0117925407284,0.00587892147675
1974,1.00926153341,0.00921890838569,0.00459884696297
1975,1.0098829435,0.00983442661242,0.00490514360406
1976,1.01014196657,0.0100908819391,0.0050327341118
1977,1.01204713437,0.0119751452422,0.00596968283142
1978,1.0110190489,0.0109587815003,0.00546440626976
1979,1.01000031732,0.00995064503557,0.00496296610159
1980,1.01300514287,0.0129213021277,0.00643982592986
1981,1.01191000008,0.0118396341795,0.00590232949737
1982,1.0115415724,0.0114754765388,0.00572130888667
1983,1.00960251859,0.00955670743942,0.00476695554963
1984,1.01025837354,0.0102061135204,0.00509005828612
1985,1.01095416071,0.0108945984682,0.00543248960268
1986,1.01116168353,0.0110998516177,0.0055345534223
1987,1.0112871302,0.011223905845,0.00559623533059
1988,1.01215425884,0.0120809889302,0.00602228735684
1989,1.01264713097,0.0125678239781,0.00626420950526
1990,1.01004588285,0.00999575838751,0.0049854105764
1991,1.01228210933,0.012207296179,0.00608505866982
1992,1.01349551079,0.0134052574917,0.006680216232
1993,1.01055852926,0.0105031772725,0.00523782315209
1994,1.01035247749,0.0102992575876,0.00513639218639
1995,1.01022519058,0.0101732669727,0.00507371847347
1996,1.00901097675,0.00897062014953,0.00447526609393
1997,1.01152361756,0.0114577263942,0.00571248455229
1998,1.01088666676,0.0108278336192,0.00539928797364
1999,1.00842158149,0.00838631781787,0.004184379893
2000,1.01139082378,0.0113264368322,0.0056472126237
2001,1.01235457777,0.0122788827885,0.00612063353353
2002,1.01167095131,0.0116033710649,0.00578488825483
2003,1.01078636143,0.0107286035897,0.00534993962046
2004,1.01123872976,0.0111760444681,0.00557243827916
2005,1.01119369356,0.0111315078047,0.00555029378979
2006,1.01279652807,0.0127153443507,0.00633750493914
2007,1.01137542299,0.0113112093736,0.00563964186195
2008,1.01365360737,0.0135612367222,0.00675768183896
2009,1.01099399675,0.0109340020845,0.00545208418791
2010,1.01410120788,0.0140027107197,0.00697690297132
2011,1.00982489178,0.00977694134444,0.00487654154577
2012,1.01239081545,0.0123146775917,0.00613842123252
2013,1.01152160948,0.0114557411896,0.00571149761971
2014,1.01247860825,0.0124013921195,0.00618151141712
2015,1.01166448537,0.0115969797037,0.0057817110558
2016,1.01236757656,0.0122917228612,0.0061270142547
2017,1.00966830903,0.00962187001256,0.00479938099442
2018,1.01232418415,0.0122488596382,0.00610571372675
2019,1.0120772008,0.012004853328,0.00598444809074
2020,1.01138898706,0.0113246207973,0.00564630973363
2021,1.01387153865,0.0137762094221,0.00686443609295
2022,1.01079987101,0.0107419689192,0.00535658651115
2023,1.01427696746,0.0141760113214,0.00706294499359
2024,1.01201157276,0.0119400063328,0.0059522181074
2025,1.01187329391,0.0118033593762,0.00588429898511
2026,1.01044362912,0.0103894711677,0.00518126627822
2027,1.01331412614,0.0132262721,0.00659131738888
2028,1.01003812555,0.00998807821459,0.00498158962701
2029,1.01143519434,0.0113703067096,0.00566902345194
2030,1.01144866889,0.0113836288274,0.00567564672707
2031,1.01183209474,0.011762642811,0.00586406029072
2032,1.01120235913,0.0111400774123,0.00555455480254
2033,1.0106059686,0.0105501198583,0.00526117123251
2034,1.01162662473,0.0115595548919,0.00576310666553
2035,1.01034888079,0.0102956977369,0.00513462140184
2036,1.01097207035,0.0109123138896,0.00544129915492
2037,1.01242859945,0.0123519984509,0.00615696694351
2038,1.01300127271,0.0129174816456,0.00643792798863
2039,1.01239898238,0.0123227445351,0.00614242993701
2040,1.01225495729,0.0121804732202,0.00607172871067
2041,1.01019512048,0.0101435007894,0.00505891078426
2042,1.01497232048,0.0148613416591,0.00740313164882
2043,1.01197144948,0.0119003584897,0.00593251198682
2044,1.0100486827,0.00999853038308,0.00498678966346
2045,1.0095018125,0.00945695421064,0.00471731545691
2046,1.01033269899,0.0102796815531,0.00512665439658
2047,1.01183072674,0.0117612908035,0.00586338825087
2048,1.01260115892,0.0125224250544,0.00624165198157
2049,1.01407777162,0.0139796000756,0.00696542820335
2050,1.01207223234,0.0119999441503,0.00598200818825
2051,1.01195163028,0.0118807735554,0.00592277756593
2052,1.01503005806,0.0149182259059,0.00743136280993
2053,1.0117367455,0.0116684041191,0.00581721615184
2054,1.01153350066,0.0114674968591,0.00571734186602
2055,1.0151269334,0.0150136622112,0.00747872522165
2056,1.01327245156,0.0131851442455,0.00657088879497
2057,1.0104443374,0.0103901721272,0.00518161494195
2058,1.01017188193,0.0101204965055,0.00504746676482
2059,1.01140271839,0.0113381974117,0.005653059689
2060,1.01227576951,0.0122010332583,0.00608194625972
2061,1.01216347025,0.0120900896921,0.00602681032377
2062,1.01215203927,0.0120787960147,0.00602119750165
2063,1.01188128159,0.0118112532996,0.00588822271399
2064,1.0118014283,0.01173233452,0.00584899489589
2065,1.01034554116,0.0102923923063,0.00513297717128
2066,1.01091181897,0.0108527146425,0.00541166123844
2067,1.0110514132,0.0109907925495,0.00548032420629
2068,1.01286611958,0.0127840542217,0.00637164156366
2069,1.01297076923,0.0128873692078,0.00642296858796
2070,1.01319676013,0.0131104414763,0.00653378214918
2071,1.01166402102,0.0115965207068,0.00578148288421
2072,1.00871039752,0.00867268086439,0.00432695208328
2073,1.01104183967,0.0109813236245,0.005475615679
2074,1.01284637784,0.0127645630687,0.00636195803533
2075,1.01108943997,0.0110284029626,0.00549902617836
2076,1.00938556602,0.00934179525539,0.00466000594994
2077,1.00997344409,0.00992403753012,0.00494972828688
2078,1.01193015418,0.011859550875,0.00591222901839
2079,1.00966684567,0.00962042066695,0.00479865979934
2080,1.01235082677,0.0122751775616,0.00611879225755
2081,1.01280271732,0.012721455383,0.00634054108632
2082,1.01081482543,0.010756763446,0.00536394412328
2083,1.01460614418,0.0145005018949,0.00722403128268
2084,1.01349876624,0.0134084695818,0.00668181154703
2085,1.01230439565,0.0122293118487,0.00609599946114
2086,1.01229570329,0.0122207251096,0.00609173225479
2087,1.01153700275,0.0114709590118,0.00571906304373
2088,1.01063842129,0.0105822314451,0.00527714242541
2089,1.01170835794,0.0116403454815,0.0058032683468
2090,1.01416853957,0.0140691039532,0.00700986743131
2091,1.01280172086,0.012720471516,0.00634005227181
2092,1.01038073442,0.0103272245956,0.00515030376837
2093,1.01188095541,0.0118109309516,0.00588806248901
2094,1.00929526605,0.00925233091802,0.00461548123759
2095,1.01213881498,0.0120657304129,0.00601470401483
2096,1.0108882812,0.0108294306701,0.00540008218732
2097,1.01069074766,0.0106340056645,0.00530289259184
2098,1.01241713686,0.0123406765076,0.00615134081035
2099,1.01282042223,0.0127389363363,0.00634922610565
2100,1.01074883277,0.010691474726,0.0053314743358
2101,1.01224779658,0.0121733991741,0.00606821315723
2102,1.01185993885,0.0117901609435,0.0058777385789
2103,1.00960973892,0.00956385907381,0.0047705143147
2104,1.01069391122,0.0106371357601,0.00530444933913
2105,1.01236040124,0.012284635175,0.00612349211855
2106,1.01331140729,0.0132235889775,0.00658998466939
2107,1.01175807464,0.0116894856103,0.00582769552443
2108,1.0112477884,0.0111850023914,0.00557689227209
2109,1.01249148146,0.0124141065865,0.00618782933325
2110,1.01028080952,0.0102283214357,0.0051011056626
2111,1.01068964604,0.0106329157027,0.00530235050074
2112,1.01272807901,0.0126477578493,0.00630392528595
2113,1.01054307795,0.010487887286,0.0052302181729
2114,1.01155345282,0.01148722133,0.00572714766734
2115,1.01258815695,0.012509584798,0.00623527190513
2116,1.01178399084,0.0117151002935,0.00584042814718
2117,1.01182080127,0.0117514813393,0.00585851226519
2118,1.01112128721,0.0110599004084,0.00551468817527
2119,1.00994762357,0.00989847165356,0.00493700853937
2120,1.01128743162,0.0112242039018,0.00559638352498
2121,1.01180555903,0.0117364170543,0.00585102422163
2122,1.01079292088,0.0107350930202,0.00535316697146
2123,1.01175081373,0.0116823090498,0.00582412814916
2124,1.01203263821,0.0119608215408,0.00596256370921
2125,1.01189100986,0.0118208672994,0.00589300139768
2126,1.01178818568,0.0117192462658,0.0058424890241
2127,1.01191084839,0.0118404725046,0.00590274618579
2128,1.01415262199,0.0140534086281,0.00700207474928
2129,1.01080935015,0.0107513467329,0.00536125029051
2130,1.01128121681,0.0112180584441,0.0055933279876
2131,1.0127573196,0.0126766305284,0.00631827051633
2132,1.01389371654,0.0137980836426,0.00687529806673
2133,1.01355637235,0.0134653068214,0.00671003987785
2134,1.01271140637,0.0126312946159,0.00629574552707
2135,1.01154718171,0.0114810218289,0.00572406566476
2136,1.01383827792,0.0137434032163,0.00684814545448
2137,1.01340031234,0.0133113222696,0.00663356127915
2138,1.00906022936,0.00901943172257,0.00449956236158
2139,1.01073977065,0.0106825089369,0.00532701533172
2140,1.01073709106,0.0106798578095,0.00532569682844
2141,1.01119696126,0.0111347393211,0.00555190057877
2142,1.01147768905,0.0114123200942,0.00568991083743
2143,1.01212845837,0.0120554979542,0.00600961854508
2144,1.00989435119,0.00984572259847,0.004910763877
2145,1.01300153762,0.0129177431489,0.00643805789851
2146,1.01249329032,0.0124158931293,0.00618871707682
2147,1.01152988401,0.0114639214389,0.0057155643753
2148,1.01323442338,0.0131476134756,0.00655224654035
2149,1.01112993021,0.011068448311,0.00551893854799
2150,1.01202453099,0.0119528106804,0.00595858215366
2151,1.01390232076,0.0138065699157,0.0068795120215
2152,1.01132193853,0.0112583250873,0.00561334849535
2153,1.00810277033,0.00807011914787,0.00402692965963
2154,1.01351789051,0.0134273389627,0.00669118315247
2155,1.01114314665,0.0110815191807,0.00552543789294
2156,1.01136806386,0.0113039329935,0.00563602418337
2157,1.01232687215,0.0122515149057,0.00610703325348
2158,1.01107851442,0.0110175971806,0.00549365298347
2159,1.01227314771,0.012198443249,0.00608065913037
2160,1.01050607755,0.0104512722468,0.0052120062389
2161,1.01121768986,0.0111552381863,0.00556209305531
2162,1.010565179,0.0105097575149,0.00524109603484
2163,1.01250317626,0.0124256570424,0.00619356880847
2164,1.01285791606,0.0127759548802,0.00636761768781
2165,1.0112486101,0.0111858149512,0.00557729628611
2166,1.01149426935,0.0114287121098,0.00569806017727
2167,1.00978702611,0.00973944337559,0.00485788381664
2168,1.01482967812,0.0147207936082,0.0073333754202
2169,1.01277029155,0.0126894389868,0.00632463426151
2170,1.01186861243,0.0117987328262,0.00588199931949
2171,1.01111905786,0.0110576955771,0.0055135918385
2172,1.0118833832,0.0118133302371,0.00588925506744
2173,1.01150681183,0.0114411119881,0.00570422476966
2174,1.01280330855,0.0127220391349,0.00634083111155
2175,1.00934250721,0.00929913591503,0.00463877544973
2176,1.01337732651,0.0132886401272,0.00662229537575
2177,1.01223365199,0.0121594256246,0.00606126875549
2178,1.0137045532,0.0136114950588,0.00678264087873
2179,1.01083337185,0.0107751112689,0.00537306878449
2180,1.01096642712,0.0109067318887,0.00543852333727
2181,1.0139921275,0.0138951413325,0.00692349209196
2182,1.01174957763,0.0116810873085,0.00582352083613
2183,1.01239252283,0.012316364073,0.00613925929664
2184,1.01259806205,0.0125193667178,0.00624013235665
2185,1.01278098524,0.0126999977875,0.00632988025773
2186,1.00992760288,0.00987864796604,0.00492714558159
2187,1.00991368532,0.00986486711961,0.00492028908487
2188,1.01148723558,0.0114217582482,0.00569460305222
2189,1.01254287788,0.0124648676236,0.00621305248137
2190,1.01167259653,0.0116049973018,0.00578569666915
2191,1.01276822537,0.0126873988623,0.00632362065027
2192,1.01128290617,0.0112197289553,0.00559415857096
2193,1.01072529225,0.0106681842691,0.00531989112613
2194,1.01063506873,0.0105789141746,0.00527549254166
2195,1.0116821492,0.0116144397149,0.00579039054915
2196,1.01238543574,0.0123093637058,0.0061357805955
2197,1.01300211707,0.0129183151612,0.00643834206328
2198,1.01370828299,0.0136151744204,0.00678446807996
2199,1.01008674925,0.0100362175077,0.00500553908024
2200,1.01331907518,0.0132311561019,0.00659374329085
2201,1.01330507402,0.0132173388824,0.00658688021099
2202,1.01100938672,0.0109492245807,0.00545965391006
2203,1.01481579624,0.0147071144849,0.00732658599244
2204,1.01109801135,0.0110368802955,0.00550324152735
2205,1.01005868084,0.010008429006,0.00499171428158
2206,1.01191870196,0.0118482336042,0.00590660382221
2207,1.01035373859,0.0103005057605,0.00513701306712
2208,1.0112679558,0.0112049452765,0.00558680805553
2209,1.01134439767,0.0112805325417,0.00562438983216
2210,1.01131338541,0.0112498676873,0.00560914352365
2211,1.01071294846,0.0106559713939,0.0053138171556
2212,1.01467719171,0.0145705241815,0.00725878889593
2213,1.01064159182,0.0105853686023,0.00527870272514
2214,1.01009961941,0.01004895907,0.005011877952
2215,1.00975528852,0.00970801290657,0.00484224480203
2216,1.01436283872,0.0142606702745,0.00710497460982
2217,1.01128370471,0.0112205185891,0.00559455117913
2218,1.01075845496,0.0107009945387,0.00533620885355
2219,1.01093290613,0.0108735739682,0.0054220344054
2220,1.0089836948,0.00894358147682,0.00446180716923
2221,1.01117332413,0.0111113636513,0.00554027756565
2222,1.01365284297,0.0135604826165,0.00675730733405
2223,1.00894718629,0.00890739737818,0.00444379568021
2224,1.01073510472,0.0106778925714,0.00532471944201
2225,1.01160621698,0.0115393814864,0.00575307804294
2226,1.01033961562,0.0102865274172,0.0051300597746
2227,1.01079041069,0.0107326096314,0.00535193192327
2228,1.0123723195,0.0122964078498,0.00612934239381
2229,1.01051997049,0.0104650206426,0.00521884458495
2230,1.00994670757,0.00989756467626,0.0049365572895
2231,1.01264376732,0.012564502329,0.00626255908309
2232,1.01145549107,0.0113903737652,0.00567900004937
2233,1.01204325567,0.0119713127086,0.00596777800232
2234,1.01316829702,0.0130823487021,0.00651982744007
2235,1.01200086572,0.0119294263214,0.00594695957502
2236,1.0126010057,0.0125222737357,0.00624157679447
2237,1.01275795973,0.0126772625889,0.00631858454978
2238,1.01068691962,0.0106302181102,0.00530100885539
2239,1.01243571471,0.0123590263361,0.00616045924476
2240,1.01108681097,0.0110258027944,0.00549773324262
2241,1.01078351459,0.010725787128,0.00534853892258
2242,1.00800992861,0.0079780194139,0.00398106417617
2243,1.01445771968,0.0143542033942,0.00715140780867
2244,1.01235195974,0.0122762967027,0.00611934840407
2245,1.00913380096,0.00909234007448,0.00453585184824
2246,1.01012801019,0.0100770655886,0.00502586067984
2247,1.01184986627,0.011780206369,0.00587279053452
2248,1.01143588241,0.0113709869982,0.00566936166787
2249,1.01128807272,0.01122483785,0.00559669872511
2250,1.01122346937,0.0111609535694,0.00556493484804
2251,1.01230908824,0.0122339473928,0.00609830310136
2252,1.00712543237,0.00710016642879,0.00354378911937
2253,1.01053370751,0.0104786145641,0.00522560605043
2254,1.01125178738,0.0111889568878,0.00557885849145
2255,1.01113071927,0.0110692286833,0.00551932658063
2256,1.01181231421,0.0117430933988,0.00585434285661
2257,1.01177710433,0.0117082939709,0.00583704485605
2258,1.01016642262,0.0101150921534,0.00504477822425
2259,1.01075334276,0.010695936739,0.00533369344528
2260,1.01135432213,0.0112903456358,0.00562926877094
2261,1.01055123587,0.0104959600554,0.00523423343831
2262,1.01101296332,0.0109527622342,0.00546141307804
2263,1.0100390643,0.00998900762836,0.00498205201881
2264,1.01151260353,0.0114468377848,0.00570707133335
2265,1.0118594166,0.0117896448152,0.00587748203152
2266,1.0099654046,0.00991607739234,0.00494576791037
2267,1.00804868343,0.00801646553902,0.00400021052646
2268,1.01229936475,0.0122243420948,0.00609352972892
2269,1.01176224957,0.0116936120047,0.00582974669582
2270,1.01215533803,0.0120820551672,0.0060228172646
2271,1.01221892653,0.0121448780299,0.00605403902029
2272,1.01236898621,0.0122931152926,0.00612770620443
2273,1.01217185224,0.0120983709135,0.00603092597128
2274,1.00995293168,0.00990372747485,0.00493962347256
2275,1.00965573087,0.00960941221811,0.00479318197274
2276,1.01510825059,0.0149952576386,0.0074695917147
2277,1.01221792258,0.0121438861987,0.00605354610682
2278,1.00750935008,0.0074812952687,0.0037336601273
2279,1.0101830474,0.0101315494788,0.00505296534151
2280,1.01129321655,0.0112299242484,0.00559922768759
2281,1.01030979041,0.0102570070046,0.00511537518069
2282,1.01342321663,0.0133339234339,0.00664478683475
2283,1.01177494121,0.0117061560202,0.00583598211979
2284,1.01101425765,0.0109540424614,0.00546204969555
2285,1.01278272228,0.0127017129041,0.00633073238744
2286,1.01351790668,0.013427354916,0.00669119107575
2287,1.01072888895,0.0106717427988,0.00532166092395
2288,1.0145497326,0.0144449008666,0.00719643121667
2289,1.00827529903,0.00824124647803,0.00411214512012
2290,1.01164554599,0.0115782585189,0.00577240454005
2291,1.00941654418,0.00937248490076,0.00467527914848
2292,1.01293584419,0.0128528907744,0.00640583995059
2293,1.01246163463,0.0123846275613,0.00617318091828
2294,1.00991655818,0.00986771177509,0.00492170441334
2295,1.01383237042,0.0137375763307,0.00684525195916
2296,1.01081921548,0.0107611065258,0.00536610401278
2297,1.01180245036,0.0117333446515,0.0058494970074
2298,1.00894557851,0.00890580385372,0.00444300245831
2299,1.00883598831,0.00879717941236,0.00438893007858
2300,1.00945932177,0.00941486253547,0.00469636867876
2301,1.01149501764,0.0114294519034,0.00569842796632
2302,1.00985960205,0.00981131331761,0.00489364357723
2303,1.01169356313,0.0116257217827,0.00579599890344
2304,1.01355797833,0.0134668913256,0.0067108268136
2305,1.01257593172,0.0124975114793,0.00622927286784
2306,1.01038514545,0.0103315902888,0.00515247537029
2307,1.01087668217,0.0108179565074,0.00539437607029
2308,1.01209986817,0.0120272499604,0.00599557932886
2309,1.00744051679,0.00741297268827,0.00369962580241
2310,1.01267533885,0.0125956791792,0.00627804976405
2311,1.012728122,0.0126478002988,0.00630394637689
2312,1.01134841857,0.0112845083376,0.00562636654747
2313,1.00981364393,0.00976580286683,0.00487099945016
2314,1.01116648695,0.0111046020036,0.00553691546679
2315,1.00916042799,0.00911872574853,0.00454898475788
2316,1.0099651344,0.00991580986052,0.00494563480602
2317,1.01161453467,0.0115476037091,0.00575716549438
2318,1.0102038604,0.0101521524634,0.00506321472793
2319,1.01095742378,0.0108978261768,0.00543409468841
2320,1.00948771331,0.0094429876336,0.0047103650865
2321,1.01316158354,0.01307572246,0.00651653591455
2322,1.00972308776,0.00967612272601,0.00482637679527
2323,1.01218963977,0.0121159443854,0.00603965967671
2324,1.00997704631,0.0099276041653,0.00495150277595
2325,1.00981959869,0.00977169974557,0.00487393352336
2326,1.01122122907,0.0111587381281,0.00556383329119
2327,1.00966281835,0.00961643189972,0.00479667498411
2328,1.01340337197,0.013314341438,0.00663506084829
2329,1.01330638654,0.0132186341634,0.00658752358536
2330,1.01055973398,0.0105043694014,0.00523841609429
2331,1.0127512959,0.0126706826814,0.00631531537849
2332,1.01068006488,0.0106234358336,0.00529763568783
2333,1.01224931015,0.0121748944307,0.00606895624851
2334,1.01554045708,0.0154209408113,0.00768082098133
2335,1.01311320715,0.013027973363,0.00649281666226
2336,1.01236526555,0.012289440084,0.00612587985879
2337,1.01119503803,0.0111328373847,0.00555095488979
2338,1.01241582092,0.0123393767147,0.00615069491143
2339,1.01038818156,0.0103345951957,0.00515397008123
2340,1.01201505333,0.0119434455904,0.00595392749908
2341,1.01349207085,0.0134018633442,0.00667853049362
2342,1.01014620105,0.0100950738889,0.00503481953603
2343,1.01169608435,0.0116282138536,0.00579723771609
2344,1.01210194833,0.0120293052471,0.00599660081037
2345,1.01364938696,0.0135570731473,0.00675561411741
2346,1.01130302467,0.0112396227962,0.00560404979761
2347,1.01371596439,0.0136227519149,0.00678823111546
2348,1.00994954514,0.00990037429936,0.00493795516513
2349,1.01134310198,0.0112792513918,0.00562375285986
2350,1.01136040149,0.0112963567203,0.00563225738966
2351,1.01173125865,0.0116629809065,0.0058145203159
2352,1.01193939481,0.0118686825244,0.00591676783852
2353,1.01280721921,0.0127259003561,0.00634274947864
2354,1.01147846366,0.0114130859109,0.005690291567
2355,1.01106830431,0.0110074988968,0.00548863156711
2356,1.0107252783,0.0106681704693,0.00531988426298
2357,1.01294870796,0.0128655901861,0.0064121489612
2358,1.01102702777,0.0109666733824,0.00546833064085
2359,1.0115555713,0.0114893156167,0.00572818881302
2360,1.01287154136,0.0127894071162,0.00637430095398
2361,1.01332895649,0.0132409074841,0.00659858682109
2362,1.01152079742,0.0114549383871,0.00571109851098
2363,1.00816314986,0.00813001157165,0.00405675483365
2364,1.01054390467,0.0104887053803,0.00523062508055
2365,1.0118386108,0.0117690826561,0.00586726132631
2366,1.0097042033,0.00965741993719,0.00481707049071
2367,1.0101777039,0.0101262598362,0.00505033388095
2368,1.01271164287,0.0126315281478,0.00629586155791
2369,1.00965912981,0.00961277864687,0.00479485711776
2370,1.01098096395,0.01092111093,0.00544567373186
2371,1.00797322335,0.00794160516431,0.00396292937002
2372,1.01438902001,0.0142864805181,0.00711778795836
2373,1.0127920091,0.0127108824669,0.00633528813336
2374,1.01111668021,0.0110553440695,0.00551242256662
2375,1.00972059368,0.00967365265755,0.00482514772103
2376,1.01084213511,0.0107837805712,0.00537738013592
2377,1.01125684759,0.0111939607821,0.00558134647746
2378,1.01241758263,0.0123411168107,0.00615155960763
2379,1.01261323845,0.0125343541877,0.00624757930182
2380,1.01179232201,0.0117233344,0.00584452114665
2381,1.01075189721,0.0106945065654,0.00533298217227
2382,1.01094543568,0.0108859679369,0.00542819777037
2383,1.0095446959,0.00949943307343,0.00473845447072
2384,1.0112471249,0.0111843462672,0.0055765660395
2385,1.01022572228,0.0101737932887,0.00507398029629
2386,1.00920692185,0.0091647965111,0.00457191508746
2387,1.01022950285,0.010177535583,0.00507584194753
2388,1.01239523626,0.0123190442833,0.00614059117367
2389,1.00906365191,0.00902282353734,0.00450125063669
2390,1.01165754793,0.0115901222262,0.0057783021352
2391,1.01251307381,0.0124354323243,0.00619842616562
2392,1.01250997342,0.0124323702375,0.00619690461114
2393,1.01079488562,0.0107370367797,0.00535413364811
2394,1.01111210314,0.0110508173148,0.00551017166345
2395,1.0096998927,0.00965315075804,0.00481494618133
2396,1.01220716988,0.0121332632308,0.0060482667622
2397,1.01337376229,0.0132851229518,0.00662054843236
2398,1.01275050248,0.0126698992558,0.0063149261394
2399,1.01351065863,0.0134202035111,0.00668763929263
2400,1.0118332726,0.0117638068931,0.00586463891849
2401,1.01122279754,0.0111602891886,0.00556460450622
2402,1.01070016557,0.0106433239134,0.00530752699865
2403,1.01295478593,0.012871590437,0.00641512984492
2404,1.01284468722,0.0127628938829,0.00636112875171
2405,1.01399389051,0.0138968800106,0.00692435541179
2406,1.01152524771,0.0114593379813,0.00571328574242
2407,1.01125866538,0.0111957583295,0.0055822402344
2408,1.01373009644,0.0136366926601,0.00679515414743
2409,1.01173057744,0.0116623075919,0.00581418561603
2410,1.01028134581,0.0102288522703,0.00510136972597
2411,1.01217802059,0.0121044650735,0.00603395466995
2412,1.0131327553,0.0130472683092,0.00650240144987
2413,1.01004764795,0.0099975059275,0.00498627998991
2414,1.0108433785,0.0107850106337,0.00537799185973
2415,1.01404769662,0.013949942149,0.00695070242094
2416,1.01222357944,0.0121494747644,0.00605632347048
2417,1.00945631398,0.00941188292529,0.00469488586925
2418,1.0125698922,0.0124915469476,0.00622630917492
2419,1.0115806131,0.0115140710365,0.00574049554488
2420,1.0104200085,0.0103660944115,0.00516963839274
2421,1.01304004817,0.0129557587108,0.00645694312679
2422,1.01044088528,0.0103867556859,0.0051799155712
2423,1.01343239007,0.0133429753281,0.0066492826977
2424,1.01039582609,0.0103421610947,0.0051577335264
2425,1.01051227802,0.0104574082282,0.00521505823453
2426,1.01210524296,0.0120325604732,0.00599821866198
2427,1.0095460662,0.00950079041437,0.00473912992511
2428,1.01193218067,0.0118615534672,0.00591322439408
2429,1.0141453814,0.0140462690561,0.00699852995288
2430,1.01283794329,0.0127562354616,0.00635782071311
2431,1.01033813408,0.010285061042,0.00512933034802
2432,1.01360755487,0.0135158034977,0.00673511848207
2433,1.01284413981,0.0127623534235,0.00636086024091
2434,1.01311399036,0.0130287464431,0.0064932006925
2435,1.01085533974,0.0107968434895,0.00538387645174
2436,1.01284914986,0.0127672999194,0.00636331775384
2437,1.01218555173,0.0121119055662,0.00603765246166
2438,1.01227882644,0.0122040531152,0.00608344700372
2439,1.01535605273,0.015239341848,0.00759071482348
2440,1.00945087413,0.0094064940238,0.00469220406503
2441,1.01071990918,0.0106628583069,0.00531724230831
2442,1.01065305037,0.0105967064323,0.00528434169964
2443,1.00969058995,0.00964393733646,0.00481036164104
2444,1.01326469656,0.013177490802,0.00656708721087
2445,1.01169591609,0.0116280475377,0.00579715504021
2446,1.00977856263,0.00973106189825,0.00485371342736
2447,1.01336905463,0.0132804774116,0.00661824103763
2448,1.01150603284,0.0114403418606,0.00570384190236
2449,1.01064696126,0.0105906814847,0.00528134514028
2450,1.00942877858,0.00938460509948,0.0046813108969
2451,1.01094633269,0.0108868552322,0.00542863900971
2452,1.01173060325,0.0116623331084,0.0058141983001
2453,1.0131607567,0.013074906363,0.00651613052506
2454,1.01282873694,0.0127471457584,0.00635330474657
2455,1.01285383442,0.0127719250395,0.00636561559568
2456,1.01328104776,0.013193627818,0.00657510269997
2457,1.01235103074,0.0122753790374,0.00611889237904
2458,1.01148888562,0.0114233895501,0.00569541405803
2459,1.0149697789,0.014858837572,0.00740188887352
2460,1.01029098062,0.0102383889882,0.00510611374843
2461,1.00907039679,0.00902950780544,0.0045045777214
2462,1.0128993783,0.0128168899318,0.00638795467613
2463,1.00877937502,0.00874106039852,0.00436099333093
2464,1.01044720132,0.0103930064428,0.00518302475562
2465,1.011514674,0.011448884684,0.0057080889415
2466,1.00903521602,0.00899464266201,0.00448722352479
2467,1.01177787328,0.0117090539707,0.0058374226378
2468,1.01078830483,0.010730526255,0.00535089580957
2469,1.01215610978,0.0120828176397,0.00602319620466
2470,1.01146460573,0.0113993851453,0.00568348014153
2471,1.01013471482,0.010083702966,0.00502916268377
2472,1.01390719189,0.0138113742412,0.00688189765564
2473,1.00927895332,0.00923616829587,0.00460743719315
2474,1.00797577668,0.00794413828915,0.00396419091234
2475,1.01220653021,0.012132631277,0.00604795269637
2476,1.0097388231,0.00969170641912,0.00483413100523
2477,1.01158941537,0.0115227725001,0.00574482129194
2478,1.01103726097,0.0109767949205,0.00547336372319
2479,1.01287604718,0.0127938556719,0.0063765110512
2480,1.01211500079,0.0120422015566,0.00600301027745
2481,1.01147348765,0.0114081663552,0.00568784578295
2482,1.01200461654,0.0119331326495,0.00594880171669
2483,1.01019978434,0.0101481175718,0.00506120749488
2484,1.01291267458,0.0128300167888,0.00639447615633
2485,1.0113308747,0.0112671611706,0.00561774172732
2486,1.01305583317,0.0129713404017,0.00646468363704
2487,1.01402999767,0.0139324882308,0.00694203608249
2488,1.01084761241,0.0107891991119,0.00538007483385
2489,1.00948235693,0.00943768158374,0.00470772455479
2490,1.01163908389,0.0115718707863,0.005769229105
2491,1.01061426442,0.0105583285742,0.00526525398835
2492,1.0103340326,0.0102810015172,0.00512731099491
2493,1.01086380042,0.0108052132751,0.00538803880488
2494,1.01235257685,0.0122769062894,0.00611965133221
2495,1.01091573565,0.0108565890415,0.00541358795262
2496,1.01233155037,0.0122561361495,0.00610932976167
2497,1.00902294086,0.00898247735083,0.00448116814502
2498,1.01091369712,0.010854572515,0.00541258514716
2499,1.01152048688,0.0114546313823,0.00571094588522
2500,1.01125158269,0.0111887544749,0.0055787578496
2501,1.01338654415,0.0132977360443,0.00662681320609
2502,1.00886772738,0.00882863999738,0.00440459120876
2503,1.01398099926,0.0138841665881,0.00691804269659
2504,1.01256317181,0.0124849099656,0.00622301134043
2505,1.01031374268,0.0102609189331,0.00511732113752
2506,1.01234832419,0.0122727055031,0.00611756379056
2507,1.01263075786,0.0125516552304,0.00625617574115
2508,1.00909716516,0.00905603520553,0.00451778158651
2509,1.01197452502,0.0119033976411,0.00593402254646
2510,1.01160637055,0.0115395332953,0.00575315351076
2511,1.01240893239,0.0123325726359,0.00614731379118
2512,1.01234379487,0.0122682314234,0.00611534043345
2513,1.01195077645,0.0118799298065,0.00592235819008
2514,1.01201719255,0.0119455594103,0.00595497811574
2515,1.01144727209,0.0113822478334,0.00567496014885
2516,1.01121094633,0.0111485694405,0.00555877722297
2517,1.0124152373,0.0123388002485,0.0061504084511
2518,1.01164202598,0.0115747790234,0.00577067483333
2519,1.01265616555,0.0125767456875,0.00626864240635
2520,1.01373263076,0.0136391926516,0.00679639564849
2521,1.0103364989,0.0102834425954,0.0051285252752
2522,1.01050555639,0.0104507565017,0.00521174971036
2523,1.01088860308,0.0108297490775,0.00540024053129
2524,1.01272290109,0.0126426449962,0.00630138497165
2525,1.00846117435,0.00842557925352,0.00420392827658
2526,1.01287643685,0.0127942403811,0.00637670217919
2527,1.01281758974,0.0127361396912,0.00634783666036
2528,1.0112240576,0.0111615352663,0.0055652240779
2529,1.01111908042,0.011057717885,0.00551360293094
2530,1.0126823683,0.0126026206162,0.00628149868719
2531,1.01391363935,0.0138177332493,0.00688505527369
2532,1.01023065706,0.0101786781067,0.00507641030956
2533,1.01251220481,0.0124345740603,0.00619799969349
2534,1.01218315817,0.0121095408224,0.00603647722779
2535,1.01238349791,0.0123074495888,0.00613482940886
2536,1.0106503031,0.0105939881198,0.00528298972472
2537,1.0129540612,0.0128708749764,0.00641477440945
2538,1.01256282675,0.0124845691816,0.00622284200875
2539,1.01220150715,0.0121276687786,0.00604548645055
2540,1.01318850361,0.0131022924665,0.00652973425795
2541,1.01074067714,0.0106834057942,0.00532746137148
2542,1.01018809781,0.0101365489694,0.0050554524526
2543,1.01094170227,0.0108822749461,0.00542636129645
2544,1.01255759158,0.0124793989534,0.00622027297809
2545,1.01176907687,0.0117003599159,0.00583310097646
2546,1.01238315621,0.0123071120631,0.00613466168129
2547,1.01271918095,0.0126389715798,0.0062995598356
2548,1.01375314036,0.0136594242105,0.00680644262626
2549,1.01033314721,0.0102801251896,0.00512687507761
2550,1.01186077921,0.0117909914514,0.00587815139199
2551,1.01014878984,0.0100976366791,0.00503609447873
2552,1.00987531822,0.00982687592274,0.00490138677074
2553,1.01208611553,0.0120136616431,0.00598882588223
2554,1.01269201766,0.0126121490931,0.00628623298783
2555,1.01216611704,0.012092704668,0.0060281099309
2556,1.01480674486,0.014698195208,0.00732215901805
2557,1.01379943127,0.0137050860684,0.00682911789897
2558,1.01143428668,0.0113694093074,0.00566857729444
2559,1.01005391522,0.0100037108359,0.00498936696964
2560,1.0117387716,0.0116704067151,0.00581821162456
2561,1.00906974804,0.00902886489086,0.00450425771209
2562,1.01194547382,0.0118746897941,0.00591975369705
2563,1.01299017074,0.0129065220989,0.00643248347875
2564,1.01386371624,0.0137684940072,0.00686060485911
2565,1.01219418468,0.012120434553,0.00604189119848
2566,1.01208013078,0.0120077483429,0.00598588693462
2567,1.01223967556,0.0121653763858,0.0060642260971
2568,1.01051446944,0.0104595768477,0.00521613688898
2569,1.00979776787,0.00975008097743,0.00486317676537
2570,1.00987075279,0.00982235512793,0.00489913744988
2571,1.0115141518,0.0114483684282,0.00570783228701
2572,1.01188479971,0.0118147301048,0.00588995087899
2573,1.00874852023,0.00871047366804,0.00434576654352
2574,1.01052197251,0.0104670018225,0.00521983000465
2575,1.01209243816,0.0120199087514,0.0059919307251
2576,1.0093582775,0.0093147601121,0.00464655127932
2577,1.01375420565,0.0136604750444,0.00680696446686
2578,1.0136843045,0.0135915199083,0.00677272099608
2579,1.01108699354,0.0110259833553,0.00549782302673
2580,1.01210539312,0.0120327088391,0.00599829239996
2581,1.00872043612,0.00868263273207,0.00433190647417
2582,1.01243799544,0.0123612790543,0.00616157866434
2583,1.01249749632,0.0124200472255,0.00619078126851
2584,1.01236991641,0.0122940341272,0.00612816280648
2585,1.01199280069,0.0119214568958,0.00594299855128
2586,1.01064193036,0.0105857035761,0.00527886932795
2587,1.01254563319,0.0124675887986,0.00621440461457
2588,1.01095534301,0.0108957679588,0.00543307117118
2589,1.01058593474,0.0105302960456,0.00525131142551
2590,1.0092186079,0.00917637588053,0.00457767828554
2591,1.01260018244,0.0125214607216,0.00624117282458
2592,1.0111582865,0.0110964920793,0.00553288294848
2593,1.0098896348,0.00984105240286,0.0049084402436
2594,1.01195732513,0.0118864011289,0.00592557468329
2595,1.01345834934,0.0133685902022,0.00666200489304
2596,1.00983387254,0.00978583469516,0.0048809665269
2597,1.00931653585,0.00927340460867,0.00462596939505
2598,1.01064550648,0.0105892420296,0.00528062921361
2599,1.01197025117,0.0118991743521,0.00593192343029
2600,1.01431597648,0.0142144705168,0.00708203859012
2601,1.01227167967,0.0121969930136,0.0060799384216
2602,1.01169734901,0.0116294638922,0.00579785911183
2603,1.01195661758,0.0118857019455,0.00592522716306
2604,1.01211479931,0.012042002488,0.00600291134066
2605,1.01056526473,0.0105098423501,0.0052411382301
2606,1.00945345983,0.00940905551366,0.00469347879962
2607,1.0118076952,0.0117385282983,0.0058520736666
2608,1.01229497163,0.0122200023369,0.00609137306984
2609,1.01025977051,0.0102074963118,0.00509074616234
2610,1.01114606003,0.0110844004558,0.00552687056932
2611,1.01112122569,0.0110598395628,0.00551465792024
2612,1.01407736159,0.0139791957406,0.00696522744399
2613,1.00996463687,0.00991531723724,0.00494538971252
2614,1.01209102677,0.012018514225,0.00599123763959
2615,1.01122225471,0.0111597523901,0.00556433760046
2616,1.0129792468,0.0128957381841,0.00642712619061
2617,1.01223064652,0.0121564564753,0.00605979317814
2618,1.01215596822,0.0120826777833,0.00602312669763
2619,1.01144141937,0.0113764613397,0.00567208331692
2620,1.01231431383,0.0122391094289,0.00610086837629
2621,1.01325222319,0.0131651806439,0.00656097253395
2622,1.01314814971,0.0130624630526,0.00650994939171
2623,1.01251989256,0.0124421667782,0.00620177251543
2624,1.01109311717,0.0110320398214,0.0055008346065
2625,1.01229444186,0.0122194790044,0.00609111299748
2626,1.00925756615,0.00921497752916,0.00459689057149
2627,1.01053078242,0.0104757199606,0.00522416631064
2628,1.00950725489,0.00946234536113,0.00471999831267
2629,1.01289624625,0.0128137977639,0.00638641846732
2630,1.00911072486,0.00906947257498,0.00452446989521
2631,1.01258038726,0.0125019116713,0.00623145925646
2632,1.01094629647,0.0108868194121,0.00542862119691
2633,1.01125977515,0.011196855747,0.00558278587998
2634,1.01197041764,0.0118993388521,0.00593200519239
2635,1.00843585078,0.00840046784314,0.00419142527618
2636,1.00958234551,0.00953672603011,0.00475701242055
2637,1.01212876011,0.0120557960818,0.00600976671307
2638,1.00970589103,0.0096590914494,0.00481790222057
2639,1.00963552744,0.00958940180897,0.00478322467512
2640,1.01174797652,0.0116795047962,0.00582273418758
2641,1.00984235404,0.00979423356403,0.00488514545526
2642,1.01135788988,0.0112938733193,0.005631022682
2643,1.01340818511,0.0133190909038,0.00663741982186
2644,1.01367790546,0.0135852072316,0.0067695860298
2645,1.01117325557,0.0111112958545,0.00554024385502
2646,1.01374619291,0.0136525709872,0.00680303933183
2647,1.0103181015,0.0102652332511,0.00511946725533
2648,1.01264246554,0.0125632168097,0.00626192034857
2649,1.01309186348,0.0130069057339,0.00648235118674
2650,1.01031913677,0.0102662579394,0.00511997697646
2651,1.01130601284,0.0112425775652,0.00560551890168
2652,1.01058747147,0.0105318166815,0.0052520677505
2653,1.01025860667,0.010206344286,0.00509017308159
2654,1.01370740665,0.0136143099316,0.00678403876804
2655,1.01122292703,0.011160417248,0.00556466817958
2656,1.01253725135,0.0124593107752,0.00621029131583
2657,1.01446280443,0.014359215667,0.00715389601956
2658,1.01329950234,0.0132118403438,0.00658414904707
2659,1.01002032893,0.00997045829973,0.00497282351856
2660,1.01214201656,0.0120688935875,0.00601627608812
2661,1.01299005187,0.0129064047508,0.00643242518212
2662,1.01146385243,0.0113986403927,0.00568310988157
2663,1.01169266813,0.0116248371215,0.00579555913648
2664,1.01044784061,0.0103936391219,0.00518333945552
2665,1.01145330428,0.0113882117345,0.00567792517254
2666,1.0129101602,0.0128275344627,0.00639324292912
2667,1.01108461945,0.0110236352952,0.00549665545059
2668,1.01312799507,0.0130425697715,0.00650006745415
2669,1.01247074868,0.0123936293909,0.00617765403804
2670,1.01271546534,0.012635302634,0.00629773691739
2671,1.0100646582,0.0100143468271,0.0049946584177
2672,1.01400440126,0.013907245649,0.00692950232994
2673,1.01204135314,0.0119694328127,0.00596684366332
2674,1.01145576778,0.0113906473382,0.00567913605905
2675,1.0125225298,0.0124447714015,0.00620306674962
2676,1.01192687058,0.0118563059774,0.00591061616056
2677,1.01491935998,0.0148091610459,0.00737723415435
2678,1.00881309512,0.00877448647589,0.00437763334511
2679,1.01283739095,0.0127556901181,0.00635754977488
2680,1.0119983929,0.0119269828217,0.00594574509013
2681,1.01191538375,0.011844954472,0.00590497393903
2682,1.01107394859,0.0110130813649,0.00549140747724
2683,1.01054326487,0.0104880722512,0.00523031017176
2684,1.01163357742,0.0115664276527,0.00576652323587
2685,1.01357295258,0.0134816651574,0.00671816413011
2686,1.01289489276,0.0128124615007,0.00638575460244
2687,1.01188247497,0.011812432667,0.0058888089253
2688,1.01066662815,0.0106101410002,0.00529102346476
2689,1.01039998567,0.0103462778762,0.00515978129841
2690,1.01300146327,0.0129176697572,0.00643802143889
2691,1.01019806151,0.0101464121368,0.0050603590928
2692,1.01325038151,0.0131633630445,0.00656006969649
2693,1.01120767062,0.0111453300444,0.00555716652714
2694,1.01113426179,0.0110727322035,0.00552106867067
2695,1.01125231458,0.0111894782179,0.00557911770224
2696,1.01082980262,0.0107715802885,0.00537131277885
2697,1.01258331003,0.0125047981253,0.00623289348901
2698,1.01037877567,0.0103252859663,0.0051493394455
2699,1.01163929083,0.0115720753471,0.00576933079529
2700,1.01234750941,0.0122719006613,0.00611716383141
2701,1.01449114383,0.0143871506591,0.00716776349675
2702,1.01169236285,0.0116245353732,0.00579540913671
2703,1.01137311544,0.0113089277788,0.00563850749757
2704,1.01210951353,0.0120367799563,0.0060003157466
2705,1.01255475328,0.0124765958542,0.00621888014556
2706,1.01049360869,0.0104389329382,0.00520586872194
2707,1.01522067384,0.0151060015142,0.00752454852519
2708,1.01191546174,0.01184503155,0.00590501225049
2709,1.01016777412,0.0101164300439,0.00504544379462
2710,1.01072284674,0.0106657647071,0.00531868778033
2711,1.01013136422,0.0100803859823,0.00502751253138
2712,1.0120686153,0.0119963702444,0.00598023192329
2713,1.01202754253,0.0119557864317,0.00596006116257
2714,1.01328075808,0.0131933419272,0.00657496069441
2715,1.01167628434,0.0116086425631,0.00578750875295
2716,1.01004388608,0.00999378147817,0.00498442704909
2717,1.01072963975,0.0106724856323,0.00532203036404
2718,1.0103553468,0.0103020974886,0.00513780484248
2719,1.01208957588,0.0120170806681,0.00599052515528
2720,1.00844234713,0.00840690982716,0.00419463276248
2721,1.01207816712,0.0120058081191,0.00598492262921
2722,1.01144638884,0.0113813745793,0.00567452599957
2723,1.01129145696,0.0112281843056,0.00559836258695
2724,1.01239848848,0.0123222566777,0.00614218750657
2725,1.01167359735,0.0116059865769,0.00578618844473
2726,1.01163534401,0.0115681739205,0.00576739133444
2727,1.0121694635,0.0120960108997,0.00602975308024
2728,1.01323970706,0.0131528281289,0.00655483677977
2729,1.01054633496,0.0104911103133,0.00523182125667
2730,1.01167950144,0.0116118225229,0.00578908952959
2731,1.01018478695,0.0101332714957,0.00505382199895
2732,1.01022255427,0.0101706573394,0.00507242027629
2733,1.01114259951,0.0110809780791,0.00552516883703
2734,1.01213638921,0.0120633337342,0.00601351288243
2735,1.01321582383,0.0131292567027,0.00654312825108
2736,1.01354802356,0.0134570696688,0.00670594892895
2737,1.00952716009,0.00948206290125,0.00472981050098
2738,1.01460756718,0.0145019044124,0.0072247274753
2739,1.01365953289,0.0135670824075,0.00676058492572
2740,1.01278380515,0.0127027821067,0.00633126360419
2741,1.01535687244,0.0152401491616,0.00759111541618
2742,1.01286459356,0.0127825475823,0.00637089304358
2743,1.0106941018,0.010637324324,0.00530454312095
2744,1.01274209636,0.0126615989366,0.00631080217923
2745,1.01098545137,0.0109255495956,0.00544788097641
2746,1.01066462772,0.0106081616794,0.00529003904019
2747,1.0096096244,0.00956374564619,0.00477045787144
2748,1.01199957988,0.0119281557224,0.00594632805344
2749,1.01289749189,0.0128150275362,0.00638702942636
2750,1.01130991388,0.0112464349839,0.00560743679777
2751,1.01069922898,0.0106423972381,0.00530706612007
2752,1.01236044976,0.0122846830974,0.00612351593301
2753,1.01220583742,0.0121319468464,0.00604761255068
2754,1.01086651869,0.0108079023305,0.00538937608733
2755,1.01159089321,0.0115242334138,0.00574554755215
2756,1.00977763905,0.00973014725355,0.00485325832462
2757,1.01360259086,0.0135109061191,0.00673268628203
2758,1.00968582776,0.00963922084378,0.00480801473596
2759,1.01351058313,0.013420129019,0.00668760229569
2760,1.01337890854,0.0132902012699,0.00662307077762
2761,1.01170307554,0.0116351242008,0.00580067285329
2762,1.01104178822,0.0109812727351,0.00547559037364
2763,1.00924264418,0.00920019232694,0.00458953192616
2764,1.00956180687,0.00951638212993,0.00474688880706
2765,1.01267718084,0.0125974981134,0.00627895352105
2766,1.01270452327,0.0126244978943,0.00629236855577
2767,1.01022430548,0.0101723908318,0.00507328262561
2768,1.01199481664,0.0119234489595,0.00594398866322
2769,1.01029764476,0.0102449852185,0.00510939501763
2770,1.0117534929,0.0116849570992,0.00582544446168
2771,1.01102933394,0.0109689543902,0.00546946490746
2772,1.01343619005,0.0133467249413,0.00665114503645
2773,1.01120363989,0.0111413439806,0.00555518456889
2774,1.01021025489,0.0101584823454,0.0050663636392
2775,1.0117464454,0.0116779914534,0.00582198192176
2776,1.01122446365,0.0111619368105,0.00556542373266
2777,1.01087522923,0.0108165192015,0.00539366129378
2778,1.01377235773,0.0136783806835,0.00681585630509
2779,1.0133030012,0.0132152932724,0.00658586414258
2780,1.01258965006,0.0125110593472,0.00623600458233
2781,1.01132262353,0.0112590024132,0.00561368525724
2782,1.01062470996,0.0105686643573,0.00527039465633
2783,1.00885756445,0.00881856634362,0.00439957655441
2784,1.01154841443,0.0114822404748,0.0057246714997
2785,1.01206129504,0.0119891372482,0.00597663704618
2786,1.01437233411,0.0142700311696,0.00710962179203
2787,1.01112002444,0.0110586515249,0.00551406717696
2788,1.01401399406,0.013916705919,0.00693419967637
2789,1.01088628352,0.0108274545055,0.00539909944024
2790,1.01240107668,0.0123248131813,0.0061434579063
2791,1.01343097469,0.0133415787138,0.00664858903356
2792,1.01082492797,0.0107667578476,0.00536891450693
2793,1.01016743006,0.010116089447,0.00504527435538
2794,1.01028011871,0.0102276376543,0.00510076551589
2795,1.01242878597,0.0123521826818,0.00615705849182
2796,1.01281957057,0.012738095454,0.00634880833388
2797,1.01072659043,0.0106694686812,0.00532052991553
2798,1.01135914407,0.0112951134245,0.00563163924286
2799,1.0109660226,0.0109063317588,0.00543832436036
2800,1.01311064904,0.0130254483665,0.00649156236038
2801,1.0119219785,0.0118514715525,0.00590821323242
2802,1.01198039426,0.0119091974136,0.00593690522057
2803,1.01394217813,0.013845880005,0.00689903165721
2804,1.01341607524,0.0133268766121,0.00664128682997
2805,1.01238133955,0.0123053176218,0.00613376996442
2806,1.01051040796,0.010455557622,0.0052141377565
2807,1.01169816557,0.0116302710168,0.00579826033424
2808,1.01257417275,0.0124957743488,0.00622840971276
2809,1.01271427657,0.0126341287875,0.00629715369028
2810,1.01354512666,0.0134542114795,0.00670452941676
2811,1.01206871603,0.0119964697723,0.00598028138965
2812,1.00960277736,0.00955696375661,0.00476708309729
2813,1.01352000184,0.013429422125,0.00669221776369
2814,1.00818769915,0.00815436178724,0.0040688804762
2815,1.01030733901,0.0102545806127,0.00511416818995
2816,1.01273563813,0.0126552219369,0.0063076337963
2817,1.01244491223,0.0123681108398,0.00616497350397
2818,1.01152562334,0.0114597093255,0.00571347035368
2819,1.01341544016,0.0133262499405,0.00664097557512
2820,1.01066587401,0.0106093948209,0.00529065234905
2821,1.01185912018,0.0117893518678,0.00587733641872
2822,1.01166781456,0.0116002705006,0.0057833469397
2823,1.01082013333,0.0107620145481,0.00536655558758
2824,1.01150742729,0.011441720449,0.00570452726467
2825,1.0095260864,0.00948099934794,0.00472928123939
2826,1.01250478694,0.0124272478256,0.00619435927346
2827,1.01475828049,0.0146504368294,0.00729845439293
2828,1.01079822878,0.0107403442339,0.00535577851954
2829,1.00779451021,0.00776428995029,0.00387461919222
2830,1.01438967034,0.0142871216221,0.00711810622872
2831,1.01125566061,0.0111927870073,0.0055807628655
2832,1.01111290694,0.0110516122792,0.00551056695539
2833,1.00935431005,0.00931082943194,0.00464459506937
2834,1.01275500125,0.0126743413758,0.00631713317114
2835,1.01146243518,0.0113972392018,0.00568241326742
2836,1.01256190672,0.0124836605651,0.00622239052749
2837,1.01010845039,0.0100577017113,0.00501622735462
2838,1.01153819769,0.0114721403266,0.00571965032294
2839,1.012256619,0.012182114811,0.0060725445221
2840,1.01299447848,0.0129107745948,0.00643459604738
2841,1.01057646411,0.0105209245783,0.00524665028718
2842,1.0139137385,0.0138178310411,0.00688510383292
2843,1.01176489921,0.0116962308425,0.00583104848028
2844,1.01388807826,0.0137925226062,0.00687253666157
2845,1.01105434439,0.0109936917006,0.00548176583662
2846,1.01339757266,0.013308618815,0.00663221851768
2847,1.01407618033,0.013978030873,0.00696464906681
2848,1.01274740818,0.0126668439053,0.00631340811019
2849,1.01479245023,0.0146841090498,0.00731516748488
2850,1.01008878121,0.0100382291754,0.00500653987887
2851,1.00912614718,0.00908475553983,0.00453207677492
2852,1.0119875772,0.0119162952989,0.0059404330872
2853,1.00997965795,0.00993019000943,0.00495278929528
2854,1.01366355489,0.0135710501963,0.00676255540591
2855,1.01231910649,0.0122438437836,0.00610322110899
2856,1.01003232685,0.00998233712344,0.00497873337722
2857,1.00864816864,0.00861098744405,0.00429623837165
2858,1.0077598516,0.00772989880512,0.00385749009866
2859,1.01229032692,0.0122154140301,0.00608909288838
2860,1.01052458742,0.0104695894967,0.00522111708732
2861,1.01032246209,0.0102695492933,0.00512161422624
2862,1.012202969,0.0121291130107,0.0060462042008
2863,1.01059921388,0.0105434360027,0.00525784688161
2864,1.01319342556,0.0131071503323,0.00653214732761
2865,1.01118593253,0.0111238326552,0.00554647750739
2866,1.01278210935,0.0127011077065,0.00633043170427
2867,1.01074253639,0.0106852452798,0.00532837621396
2868,1.01183062177,0.011761187062,0.00586333668429
2869,1.0101436045,0.0100925034156,0.00503354076951
2870,1.0125345298,0.0124566229227,0.00620895573489
2871,1.01253885697,0.012460896519,0.00621107926346
2872,1.01072568956,0.0106685773681,0.00532008663
2873,1.01158513481,0.0115185409706,0.00574271767962
2874,1.01176744282,0.0116987448699,0.00583229816348
2875,1.01181828914,0.011748998562,0.00585727814846
2876,1.01077769714,0.0107200317279,0.00534567660991
2877,1.01136673518,0.0113026192476,0.0056353710124
2878,1.01046673088,0.0104123338991,0.00519263834997
2879,1.01160694229,0.0115400984705,0.00575343447252
2880,1.01035503811,0.0103017919668,0.00513765286642
2881,1.0119576147,0.0118866872791,0.00592571691058
2882,1.01064742829,0.0105911436014,0.0052815749783
2883,1.01070654634,0.0106496371155,0.00531066684098
2884,1.01174616434,0.0116777136484,0.00582184382796
2885,1.01257388691,0.0124954920601,0.00622826944752
2886,1.01197146132,0.01190037019,0.00593251780228
2887,1.00952257561,0.00947752168529,0.00472755062998
2888,1.00970707572,0.00966026474928,0.00481848604391
2889,1.00847233245,0.00843664367967,0.00420943721738
2890,1.01140117709,0.0113366734816,0.0056523020311
2891,1.01386570689,0.0137704574309,0.00686157983535
2892,1.01081039045,0.0107523759094,0.0053617621198
2893,1.01014932649,0.0100981679323,0.00503635876757
2894,1.01210642417,0.0120337275603,0.00599879870514
2895,1.01014208592,0.0100910000838,0.00503279288688
2896,1.011282701,0.0112195260764,0.00559405769898
2897,1.01060519664,0.0105493559948,0.00526079131007
2898,1.01004838619,0.0099982368281,0.00498664361791
2899,1.00882457018,0.00878586121611,0.0043832958019
2900,1.01147246142,0.0114071517716,0.00568734137642
2901,1.01393411329,0.0138379260298,0.00689508209912
2902,1.01185081534,0.0117811443248,0.00587325675811
2903,1.01491377101,0.0148036542138,0.00737450104712
2904,1.01567997195,0.0155583112987,0.00774897632532
2905,1.01099253478,0.0109325560115,0.00545136509321
2906,1.01316770202,0.0130817614356,0.00651953572121
2907,1.01029538779,0.0102427512488,0.00510828373927
2908,1.01205970433,0.011987565501,0.00597585586917
2909,1.01134001864,0.0112762026207,0.00562223704595
2910,1.01150547615,0.0114397914998,0.0057035682915
2911,1.01261227506,0.0125334028038,0.00624710658165
2912,1.01155525662,0.0114890045231,0.00572803415723
2913,1.01234799878,0.0122723840699,0.00611740405713
2914,1.01323011518,0.0131433615378,0.00655013449905
2915,1.01071369159,0.0106567066461,0.00531418282812
2916,1.01228455305,0.0122097102448,0.00608625835714
2917,1.01067714997,0.010620551723,0.00529620127098
2918,1.01090666592,0.0108476172016,0.00540912630759
2919,1.00993166327,0.00988266843645,0.00492914591006
2920,1.0124830188,0.0124057483051,0.00618367604367
2921,1.00802656687,0.00799452531975,0.00398928423964
2922,1.00901327639,0.0089728992518,0.00447640054463
2923,1.0108325904,0.0107743381971,0.00537268432543
2924,1.00937382305,0.00933016141199,0.00465421611829
2925,1.01325600424,0.0131689122374,0.00656282608754
2926,1.0126881348,0.0126083148864,0.006284327934
2927,1.01104766756,0.0109870878453,0.00547848200394
2928,1.00939975817,0.00935585534701,0.0046670032111
2929,1.0097907098,0.00974309136082,0.00485969894686
2930,1.01160237858,0.0115355871149,0.0057511917701
2931,1.01146025432,0.0113950830516,0.00568134131781
2932,1.01139531957,0.0113308819738,0.00564942264073
2933,1.01192089292,0.0118503987622,0.00590768000625
2934,1.0142844207,0.0141833596235,0.00706659318761
2935,1.01111247122,0.0110511813456,0.00551035267589
2936,1.01503370222,0.0149218161005,0.00743314456565
2937,1.01148317232,0.0114177411212,0.00569260592469
2938,1.01373413645,0.0136406779428,0.00679713324649
2939,1.01005305731,0.0100028614667,0.00498894440385
2940,1.01395005419,0.0138536477287,0.00690288871669
2941,1.00939931063,0.00935541197328,0.00466678255882
2942,1.00987006976,0.00982167877413,0.00489880092969
2943,1.00868637288,0.00864886340259,0.00431509481029
2944,1.00987993151,0.00983144409058,0.00490365965689
2945,1.01027501687,0.0102225877212,0.00509825342543
2946,1.01464164051,0.0145354866152,0.00724139712559
2947,1.01016911894,0.0101177613282,0.00504610607812
2948,1.01054203077,0.0104868510273,0.00522970275332
2949,1.01281590408,0.0127344753648,0.00634700977925
2950,1.01495977479,0.0148489809551,0.0073969970318
2951,1.0147034598,0.0145964119757,0.00727163875285
2952,1.0125177583,0.0124400589068,0.00620072511547
2953,1.01068462951,0.0106279522167,0.00529988191375
2954,1.01175185593,0.011683339149,0.00582464019892
2955,1.01354226442,0.0134513874868,0.00670312688618
2956,1.01229255983,0.0122176198307,0.00609018907243
2957,1.01347780627,0.0133877885648,0.00667154007879
2958,1.00954027838,0.00949505730769,0.00473627695265
2959,1.00986276553,0.0098144459106,0.0048952022076
2960,1.01287319333,0.0127910380929,0.00637511124383
2961,1.01091512776,0.0108559877101,0.00541328891453
2962,1.01002620836,0.00997627938975,0.00497571958573
2963,1.00915459925,0.00911294989989,0.00454610996653
2964,1.01227457059,0.0121998488737,0.00608135766894
2965,1.01098700412,0.0109270854747,0.00544864473204
2966,1.00925891512,0.00921631412223,0.00459755579571
2967,1.00887487002,0.0088357198221,0.00440811552302
2968,1.01212388616,0.0120509805273,0.00600737340309
2969,1.01119994746,0.0111376924519,0.00555336894533
2970,1.01297811232,0.0128946182411,0.00642656981795
2971,1.01107849481,0.0110175777817,0.00549364333731
2972,1.01202491477,0.011953189896,0.00595877063168
2973,1.01108633259,0.0110253296564,0.00549749797419
2974,1.01106389974,0.0110031425276,0.0054864653354
2975,1.01207297171,0.0120006746951,0.00598237127554
2976,1.0102694558,0.0102170831933,0.00509551518946
2977,1.00741286338,0.00738552313478,0.00368595170837
2978,1.01123263422,0.01117001665,0.00556944116041
2979,1.01240164825,0.0123253777487,0.00614373845576
2980,1.01342858823,0.0133392238798,0.00664741944402
2981,1.01350850181,0.0134180754419,0.00668658237335
2982,1.0142154438,0.0141153518351,0.00703282901104
2983,1.00865530781,0.00861806537204,0.00429976212517
2984,1.01422941465,0.0141291267728,0.00703966801796
2985,1.01052880564,0.0104737637771,0.00522319332815
2986,1.01394587853,0.0138495295104,0.0069008438192
2987,1.01162202705,0.0115550100461,0.00576084733629
2988,1.01141433213,0.0113496801522,0.00565876858659
2989,1.01091425767,0.0108551270176,0.0054128608978
2990,1.01077382624,0.010716202089,0.00534377202466
2991,1.01205035532,0.0119783278514,0.00597126463521
2992,1.01484451658,0.0147354151276,0.00734063254084
2993,1.01134728045,0.011283382987,0.00562580703781
2994,1.0133976834,0.0133087280853,0.0066322727905
2995,1.01284582484,0.0127640170789,0.00636168677714
2996,1.01122808494,0.0111655178939,0.00556720430759
2997,1.01347436081,0.0133843889212,0.00666985159596
2998,1.0114846184,0.0114191707882,0.00569331668868
2999,1.01342020286,0.0133309495792,0.00664330978662
3000,1.01080456219,0.0107466099673,0.00535889460244
3001,1.0078163774,0.00778598777816,0.00388542601212
3002,1.01409555177,0.0139971332438,0.00697413368626
3003,1.01237927719,0.0123032804863,0.00613275764379
3004,1.01292029891,0.0128375439002,0.00639821563906
3005,1.01074013706,0.0106828714519,0.00532719562361
3006,1.01094141682,0.0108819925835,0.00542622088122
3007,1.01044269996,0.0103885516125,0.00518080888271
3008,1.01139162716,0.011327231167,0.00564760754815
3009,1.01144177342,0.0113768113786,0.00567225734361
3010,1.01491029242,0.0148002267382,0.00737279994585
3011,1.01185878783,0.0117890234129,0.00587717315647
3012,1.01368493052,0.0135921374785,0.00677302768984
3013,1.01170418664,0.0116362224429,0.00580121878894
3014,1.01181063533,0.0117414341203,0.00585351807399
3015,1.01103832571,0.0109778480294,0.00547388739547
3016,1.01201855428,0.0119469049688,0.00595564688838
3017,1.01046157123,0.0104072276763,0.00519009849272
3018,1.01007098741,0.0100206129485,0.00499777582498
3019,1.01200913589,0.0119375983884,0.00595102130075
3020,1.01368686902,0.0135940498032,0.00677397737562
3021,1.01260014265,0.0125214214253,0.00624115329904
3022,1.00943149704,0.00938729816004,0.00468265112275
3023,1.01051783493,0.0104629073107,0.00521779343302
3024,1.01121721761,0.0111547711752,0.00556186084851
3025,1.01160731585,0.0115404677476,0.00575361804874
3026,1.01041783308,0.0103639414276,0.0051685674653
3027,1.01057299223,0.0105174890266,0.00524494152242
3028,1.01111858443,0.0110572273561,0.00551335901875
3029,1.01511187152,0.0149988246682,0.00747136190581
3030,1.01121961632,0.011157143273,0.00556304030008
3031,1.01074231916,0.0106850303614,0.00532826932733
3032,1.01070969995,0.0106527573106,0.0053122186522
3033,1.01175543294,0.0116868746053,0.00582639762914
3034,1.01215811362,0.0120847974141,0.0060241801291
3035,1.01286894617,0.012786844908,0.00637302801525
3036,1.01220965454,0.0121357179313,0.00604948668833
3037,1.01241966061,0.0123431693031,0.00615257954029
3038,1.01259378275,0.0125151406461,0.00623803250423
3039,1.01171470411,0.0116466181821,0.00580638649111
3040,1.01038745984,0.0103338808943,0.00515361477124
3041,1.01127821428,0.0112150893984,0.00559185176706
3042,1.0116356118,0.0115684386296,0.00576752292562
3043,1.01165812934,0.0115906969314,0.00577858782732
3044,1.0132025563,0.0131161621411,0.00653662378872
3045,1.01163810417,0.011570902334,0.00576874767232
3046,1.01104897829,0.010988384257,0.00547912665841
3047,1.00882527228,0.00878655717696,0.00438364225696
3048,1.01057031664,0.01051484143,0.00524362466649
3049,1.01021610295,0.010164271285,0.00506924344037
3050,1.01240437978,0.012328075818,0.00614507920139
3051,1.00897158851,0.00893158290673,0.00445583463392
3052,1.01014390653,0.010092802414,0.00503368951619
3053,1.01306998868,0.0129853133868,0.00647162493986
3054,1.01286137931,0.0127793741545,0.00636931643721
3055,1.01022374978,0.0101718407577,0.00507300898384
3056,1.01066983202,0.0106133110515,0.00529260010271
3057,1.01052217185,0.0104671990894,0.00521992812323
3058,1.00823794704,0.00820420036071,0.00409369806012
3059,1.01040394488,0.0103501963186,0.00516173040856
3060,1.00798214344,0.00795045464761,0.00396733656698
3061,1.01304117712,0.0129568731252,0.00645749673599
3062,1.01027852457,0.0102260597399,0.00509998058266
3063,1.01191136224,0.0118409803103,0.00590299858987
3064,1.01193144656,0.0118608280125,0.00591286381156
3065,1.00997033629,0.00992096041282,0.0049481973425
3066,1.01300880452,0.0129249167603,0.00644162160575
3067,1.01153677518,0.0114707340428,0.00571895120252
3068,1.00907407989,0.00903315779269,0.00450639449254
3069,1.01238246558,0.0123064298848,0.00613432268455
3070,1.01170611804,0.0116381315024,0.0058021677808
3071,1.01341881803,0.0133295830855,0.00664263107855
3072,1.01127159078,0.0112085397439,0.00558859524684
3073,1.00977019011,0.00972277042006,0.00484958780194
3074,1.0104454731,0.0103912960904,0.00518217401143
3075,1.00948072098,0.00943606099188,0.00470691807318
3076,1.0122905905,0.0122156744077,0.00608922228445
3077,1.00990829737,0.0098595320493,0.00491763467122
3078,1.01070935125,0.0106524123073,0.00531204706686
3079,1.00987849029,0.00983001697268,0.00490294959673
3080,1.01107193051,0.0110110853884,0.00549041496885
3081,1.01022685831,0.0101749178218,0.00507453970973
3082,1.01165425733,0.0115868695346,0.00577668518557
3083,1.00972668131,0.00967968167144,0.00482814767801
3084,1.01111466187,0.0110533479164,0.00551142999144
3085,1.00985514352,0.00980689831201,0.00489144687473
3086,1.01269812513,0.0126181799991,0.00628922948043
3087,1.01266270049,0.0125831989342,0.006271848798
3088,1.01349090085,0.0134007089181,0.00667795713536
3089,1.01097776809,0.0109179497813,0.00544410176356
3090,1.01113521684,0.0110736767324,0.00552153832761
3091,1.01108169424,0.0110207421538,0.00549521683012
3092,1.01310907944,0.0130238990725,0.00649079274179
3093,1.01114732425,0.011085650741,0.00552749225665
3094,1.01209999599,0.0120273762525,0.00599564209632
3095,1.01096422481,0.0109045534663,0.00543744004918
3096,1.00995572787,0.00990649609739,0.0049410009449
3097,1.01001355398,0.00996375054551,0.00496948631409
3098,1.01251180975,0.0124341838843,0.00619780581464
3099,1.01041289732,0.010359056544,0.00516613764444
3100,1.00952142015,0.00947637711894,0.00472698105214
3101,1.01130137153,0.011237988128,0.00560323704355
3102,1.00881240349,0.008773800882,0.00437729204875
3103,1.01145490479,0.0113897941218,0.00567871187354
3104,1.0105349062,0.0104798007539,0.00522619604587
3105,1.01084643819,0.0107880374906,0.00537949714783
3106,1.0097238192,0.00967684712035,0.00482673724428
3107,1.0112609489,0.0111980164258,0.00558336297931
3108,1.01192321629,0.0118526947576,0.00590882122132
3109,1.01155888109,0.0114925875868,0.0057298154255
3110,1.01400697314,0.0139097820141,0.00693076172383
3111,1.01325032854,0.0131633107663,0.00656004372882
3112,1.01293695067,0.0128539831201,0.00640638262457
3113,1.01089647598,0.0108375371467,0.00540411352963
3114,1.01037673487,0.0103232661272,0.00514833472589
3115,1.01165215717,0.0115847935658,0.00577565319675
3116,1.01375272472,0.0136590142082,0.00680623902043
3117,1.01247775591,0.012400550283,0.00618109310073
3118,1.01233470221,0.0122592495956,0.00611087697299
3119,1.01111798215,0.0110566316921,0.0055130628288
3120,1.01316092787,0.0130750753003,0.00651621444328
3121,1.00764489825,0.00761582409956,0.00380067114652
3122,1.01031032602,0.0102575371486,0.00511563889672
3123,1.01024176012,0.0101896686681,0.00508187767893
3124,1.01321889331,0.0131322861363,0.00654463305575
3125,1.01273863026,0.0126581764358,0.00630910172674
3126,1.01149795841,0.0114323592447,0.00569987335227
3127,1.01253912024,0.0124611565297,0.00621120846134
3128,1.01165165584,0.0115842980098,0.00577540684983
3129,1.01011408357,0.0100632785079,0.00501900176183
3130,1.00987267471,0.00982425826266,0.00490008435493
3131,1.01342398341,0.0133346800592,0.00664516263354
3132,1.00872843011,0.00869055758742,0.00433585172917
3133,1.0094052063,0.00936125272417,0.00466968930126
3134,1.01294262514,0.0128595851083,0.00640916567053
3135,1.01422838003,0.0141281066639,0.00703916155396
3136,1.00992815452,0.00987919418381,0.00492741734479
3137,1.01196829717,0.0118972434715,0.00593096371646
3138,1.00887049255,0.0088313808539,0.00440595559991
3139,1.01167009286,0.0116025225211,0.00578446643718
3140,1.01149432923,0.011428771317,0.00569808961218
3141,1.01373410884,0.0136406506998,0.00679711971759
3142,1.01136631063,0.011302199471,0.00563516230685
3143,1.01162977291,0.0115626668835,0.00576465369277
3144,1.00792057193,0.00788936885871,0.00393691438188
3145,1.01016576577,0.0101144419107,0.00504445474303
3146,1.01013768737,0.0100866456911,0.00503062664551
3147,1.01162945863,0.0115623562168,0.00576449925488
3148,1.01229599204,0.012221010353,0.0060918740077
3149,1.01106412858,0.0110033688628,0.0054865778821
3150,1.01369020793,0.0135973436256,0.00677561312935
3151,1.01341272448,0.0133235702082,0.00663964460608
3152,1.00935720764,0.00931370016561,0.00464602376848
3153,1.01230413561,0.0122290549773,0.00609587180838
3154,1.01090541088,0.0108463756996,0.00540850891411
3155,1.0121008394,0.0120282095791,0.00599605626137
3156,1.00993236867,0.00988336689888,0.00492949341981
3157,1.00958580046,0.00954014818892,0.00475871535887
3158,1.01277401998,0.012693120399,0.00632646332414
3159,1.01202412618,0.0119524106792,0.00595838334477
3160,1.01254001805,0.0124620432188,0.00621164905207
3161,1.0104820369,0.010427481253,0.005200172671
3162,1.0100132241,0.00996342393648,0.00496932382111
3163,1.01197751743,0.0119063546377,0.00593549227024
3164,1.01091030644,0.0108512184398,0.00541091718528
3165,1.01213106788,0.0120580761968,0.00601089991841
3166,1.00895905351,0.0089191592902,0.00444965048524
3167,1.01302782901,0.012943696763,0.00645095107647
3168,1.01330517157,0.0132174351545,0.00658692802998
3169,1.01380149277,0.01370711951,0.00683012767595
3170,1.01068562938,0.0106289415165,0.00530037394198
3171,1.01218820526,0.0121145271532,0.00603895534019
3172,1.01080550583,0.0107475435211,0.00535935887783
3173,1.01167215132,0.0116045572336,0.00578547790808
3174,1.01314673097,0.0130610627283,0.00650925378733
3175,1.01084983046,0.0107913933538,0.00538116605161
3176,1.0117936183,0.0117246155807,0.00584515799287
3177,1.01018048735,0.0101290152361,0.00505170462206
3178,1.01011071912,0.0100599477403,0.00501734473521
3179,1.01095850154,0.0108988922567,0.00543462483163
3180,1.00946775446,0.00942321617358,0.00470052587325
3181,1.01158785663,0.0115212316203,0.00574405527777
3182,1.01075571381,0.0106982825621,0.00533486010018
3183,1.01534528773,0.0152287395984,0.00758545392408
3184,1.01150217441,0.0114365273149,0.00570194550649
3185,1.01235196588,0.0122763027671,0.00611935141769
3186,1.01172326744,0.0116550823286,0.00581059398241
3187,1.0133669289,0.0132783797191,0.00661719913233
3188,1.01125947104,0.0111965550208,0.00558263635633
3189,1.01032793798,0.0102749692194,0.00512431030623
3190,1.01657602786,0.0164401450482,0.0081863801092
3191,1.01156769255,0.0115012983178,0.00573414582614
3192,1.01010584338,0.0100551207865,0.00501494336464
3193,1.01367009868,0.0135775057598,0.00676576135442
3194,1.01119317681,0.0111309967666,0.00555003968892
3195,1.01287757221,0.0127953613048,0.00637725906701
3196,1.0136419389,0.0135497253521,0.00675196503255
3197,1.01240115462,0.0123248901636,0.00614349616099
3198,1.01098285286,0.0109229793186,0.00544660283837
3199,1.0091426604,0.00910111928522,0.00454022153342
3200,1.01102549575,0.0109651580726,0.00546757712875
3201,1.00947958841,0.00943493905903,0.00470635974702
3202,1.01138427761,0.0113199643672,0.00564399466167
3203,1.0115946198,0.0115279172914,0.00574737890635
3204,1.01255558656,0.0124774187962,0.00621928905758
3205,1.01220183279,0.0121279904943,0.00604564633596
3206,1.00991222111,0.00986341728166,0.00491956773244
3207,1.01304176104,0.0129574495268,0.00645778307565
3208,1.00999194638,0.00994235693916,0.00495884261161
3209,1.01163229055,0.0115651555777,0.0057658908659
3210,1.01010091187,0.0100502386081,0.00501251451441
3211,1.00888907481,0.00884979955567,0.00441512433258
3212,1.01057229751,0.0105168015736,0.0052445995987
3213,1.01182847945,0.011759069791,0.00586228425537
3214,1.00864025217,0.00860313882074,0.0042923309121
3215,1.00948175123,0.00943708156611,0.00470742595828
3216,1.01159607617,0.0115293569729,0.00574809460965
3217,1.01103368347,0.010973256462,0.00547160417603
3218,1.01301830497,0.0129342951601,0.00644628058865
3219,1.01218952126,0.0121158273051,0.00603960149015
3220,1.0114319901,0.0113671386891,0.00566744842024
3221,1.01256117867,0.0124829415535,0.00622203325861
3222,1.0128187139,0.0127372496267,0.00634838810513
3223,1.01018000775,0.0101285404635,0.00505146843497
3224,1.01242481619,0.0123482616316,0.00615511003584
3225,1.01074462003,0.0106873067761,0.00532940146933
3226,1.012012785,0.0119412041865,0.00595281346914
3227,1.01153458491,0.0114685687447,0.00571787474452
3228,1.01271467127,0.0126345185334,0.00629734733605
3229,1.01443164626,0.0143285012414,0.00713864855358
3230,1.0109733024,0.0109135325646,0.00544190517665
3231,1.01238816124,0.0123120558617,0.00613711841331
3232,1.01072027458,0.0106632198315,0.00531742210941
3233,1.01121362089,0.0111512143473,0.00556009232425
3234,1.01282249788,0.0127409857089,0.00635024428544
3235,1.01179979499,0.0117307202596,0.00584819248628
3236,1.01086182886,0.0108032629006,0.00538706887148
3237,1.01403606458,0.0139384711817,0.00694500678656
3238,1.01394373661,0.0138474170537,0.00689979487919
3239,1.01410481008,0.0140062628231,0.0069786666301
3240,1.01372079818,0.0136275202962,0.00679059911882
3241,1.01026999626,0.0102176181583,0.00509578130895
3242,1.01219304914,0.0121193126917,0.00604133365673
3243,1.01047774457,0.0104232334447,0.00519805980927
3244,1.01232066227,0.012245380622,0.00610398483807
3245,1.01348346562,0.0133933726367,0.00667431348369
3246,1.01138503251,0.0113207107724,0.00564436575787
3247,1.01180710901,0.0117379489517,0.00585178568846
3248,1.01244521035,0.0123684052994,0.00616511982612
3249,1.00895520749,0.00891534741774,0.00444775302795
3250,1.01177267568,0.011703916858,0.00583486907191
3251,1.01146853548,0.011403270348,0.00568541170027
3252,1.01113926176,0.0110776770975,0.0055235274641
3253,1.01129565776,0.0112323381959,0.00560042790248
3254,1.01343766883,0.0133481841126,0.00665186976925
3255,1.01371800951,0.0136247693588,0.00678923298947
3256,1.01038550736,0.0103319484857,0.00515265354589
3257,1.01112333952,0.0110619301418,0.00551569744478
3258,1.01129107379,0.0112278054195,0.00559817420447
3259,1.01324424094,0.0131573027552,0.0065570594252
3260,1.00941167639,0.00936766251433,0.00467287922537
3261,1.00919789593,0.00915585289383,0.0045674637136
3262,1.00804332076,0.00801114566973,0.00399756122859
3263,1.01218221303,0.0121086070583,0.00603601316396
3264,1.01178163336,0.011712770269,0.00583926993845
3265,1.01308873945,0.0130038220696,0.00648081934811
3266,1.01161451784,0.0115475870785,0.00575715722695
3267,1.01366379132,0.0135712834386,0.0067626712384
3268,1.01020894477,0.0101571854659,0.00506571848447
3269,1.01067167581,0.0106151353722,0.00529350743498
3270,1.00980445118,0.00975669941194,0.00486646988387
3271,1.0116998776,0.0116319632419,0.00579910154047
3272,1.01285197291,0.0127700871534,0.00636470250185
3273,1.01131437369,0.0112508449028,0.0056096293906
3274,1.01137864027,0.011314390464,0.00564122343579
3275,1.01252997264,0.0124521221629,0.00620671932497
3276,1.00959023395,0.00954453957348,0.00476090060008
3277,1.01257319471,0.0124948084594,0.00622792977594
3278,1.01258401542,0.0125054947499,0.00623323963025
3279,1.01200916999,0.0119376320761,0.0059510380444
3280,1.0118520122,0.0117823271637,0.0058738447038
3281,1.01116378322,0.0111019281287,0.00553558593096
3282,1.01269397312,0.012614080037,0.0062871923901
3283,1.01012012295,0.0100692573918,0.00502197619528
3284,1.01304519579,0.0129608400559,0.00645946739115
3285,1.01135816686,0.0112941471885,0.00563115884549
3286,1.01113964185,0.0110780530057,0.00552371438004
3287,1.01293381672,0.0128508891906,0.00640484556907
3288,1.01343654069,0.0133470709255,0.00665131687792
3289,1.01210059389,0.0120279670019,0.0059959357
3290,1.01137772128,0.011313481816,0.00564077167459
3291,1.01274365215,0.0126631351508,0.00631156543863
3292,1.01256689272,0.0124885846985,0.00622483727125
3293,1.01272005411,0.0126398337792,0.00629998821948
3294,1.00993242345,0.00988342114321,0.00492952040827
3295,1.01312504399,0.0130396569275,0.00649862049796
3296,1.01073979301,0.0106825310586,0.00532702633361
3297,1.01219509436,0.0121213332722,0.006042337843
3298,1.01081864897,0.0107605460763,0.00536582529173
3299,1.01103637899,0.0109759225693,0.00547292993482
3300,1.01242706332,0.0123504811759,0.00615621297661
3301,1.01029365774,0.0102410388268,0.00510743190167
3302,1.0099554351,0.00990620621958,0.00494085672213
3303,1.01053003816,0.0104749834525,0.00522379998036
3304,1.01048749923,0.0104328869077,0.00520286143956
3305,1.01335766541,0.0132692383782,0.00661265869656
3306,1.01152452564,0.0114586241333,0.00571293085756
3307,1.00826885905,0.00823485933265,0.00410896467478
3308,1.01070897346,0.0106520385168,0.00531186116443
3309,1.01076801779,0.0107104555379,0.00534091409909
3310,1.00821844244,0.00818485493645,0.00408406489856
3311,1.01316039604,0.0130745503867,0.00651595369669
3312,1.00993938079,0.00989031003442,0.00493294786851
3313,1.01316347958,0.0130775938644,0.0065174655188
3314,1.01340107254,0.0133120724185,0.00663393386543
3315,1.01156333496,0.0114969905579,0.00573200429453
3316,1.01110612426,0.011044904127,0.00550723135654
3317,1.01175625017,0.0116876823356,0.00582679914113
3318,1.01190035747,0.011830105015,0.00589759302596
3319,1.01293953694,0.0128565363559,0.00640765106317
3320,1.01121043793,0.0111480666768,0.00555852723847
3321,1.01200729789,0.0119357821978,0.00595011860914
3322,1.01173719383,0.0116688472536,0.00581743643016
3323,1.0122895397,0.012214636364,0.0060887064229
3324,1.01015308213,0.0101018858363,0.00503820835549
3325,1.01195550491,0.0118846024196,0.00592468065745
3326,1.01039683092,0.0103431555917,0.0051582282101
3327,1.0133506408,0.0132623063458,0.00660921559398
3328,1.01339483512,0.0133059174651,0.00663087679982
3329,1.01369468458,0.0136017598057,0.00677780625578
3330,1.00856946846,0.00853295899643,0.00425739100444
3331,1.01183269477,0.01176323582,0.00586435505645
3332,1.01174956688,0.0116810766833,0.00582351555448
3333,1.01282016027,0.0127386776935,0.00634909760531
3334,1.01065984892,0.0106034332979,0.00528768735329
3335,1.01057039336,0.0105149173447,0.00524366242484
3336,1.01108987435,0.0110288325798,0.00549923980569
3337,1.00854904215,0.00851270603787,0.00424730758649
3338,1.00951519754,0.00947021318385,0.00472391364827
3339,1.01360087162,0.013509209951,0.0067318439075
3340,1.01224915473,0.012174740892,0.00606887994507
3341,1.01300739251,0.0129235228767,0.00644092915316
3342,1.01116114605,0.0110993200621,0.00553428911542
3343,1.00950154465,0.00945668888023,0.00471718341753
3344,1.01091972666,0.0108605369417,0.00541555121463
3345,1.01130007547,0.0112367065548,0.00560259984721
3346,1.01221850806,0.0121444646156,0.00605383356452
3347,1.00953681498,0.00949162663762,0.00473456974046
3348,1.01202201033,0.011950319966,0.00595734421625
3349,1.01273316023,0.0126527751941,0.00630641814072
3350,1.01050417191,0.0104493864107,0.00521106823492
3351,1.01294262507,0.0128595850376,0.00640916563544
3352,1.01317135497,0.0130853669082,0.0065213267029
3353,1.01138734357,0.0113229958157,0.00564550183006
3354,1.01090397809,0.0108449583694,0.00540780408158
3355,1.01261640533,0.0125374816205,0.00624913324755
3356,1.01152855018,0.0114626028141,0.00571490883102
3357,1.01166511278,0.0115975998714,0.00578201934679
3358,1.01165914562,0.0115917015016,0.00577908720979
3359,1.0121503865,0.0120771630814,0.0060203859508
3360,1.0107448304,0.0106875149054,0.00532950497938
3361,1.01146524047,0.0114000126949,0.00568379213294
3362,1.00603634876,0.00601820299694,0.00300457869022
3363,1.01139016764,0.0113257880812,0.00564689007996
3364,1.01230736438,0.0122322444903,0.00609745684216
3365,1.01235963538,0.0122838786608,0.00612311617762
3366,1.01304026885,0.0129559765492,0.0064570513427
3367,1.01096442034,0.0109047468771,0.00543753622876
3368,1.01189018117,0.0118200483499,0.00589259433588
3369,1.01259537776,0.0125167158162,0.00623881517598
3370,1.01208381663,0.012011390189,0.00598769695619
3371,1.00990045901,0.00985177055626,0.0049137730013
3372,1.01062969087,0.0105735928961,0.00527284593506
3373,1.01017689612,0.0101254601944,0.00504993607917
3374,1.01268524572,0.0126054620015,0.00628291045478
3375,1.010295268,0.0102426326798,0.00510822475761
3376,1.01215485578,0.012081578705,0.00602258046829
3377,1.01154186981,0.0114757705533,0.00572145505285
3378,1.01019752695,0.0101458829644,0.00506009584545
3379,1.01173893927,0.0116705724405,0.00581829400517
3380,1.01304409636,0.0129597547864,0.00645892826137
3381,1.01339360293,0.0133047015541,0.00663027287539
3382,1.01258891691,0.0125103353144,0.00623564482338
3383,1.01408074994,0.0139825370522,0.00696688646191
3384,1.00933242974,0.00928915166487,0.0046338064696
3385,1.01362538384,0.0135333929668,0.00674385394463
3386,1.00993744485,0.00988839314258,0.00493199415009
3387,1.01235676509,0.0122810434105,0.00612170723178
3388,1.00867556379,0.0086381473347,0.00430975988248
3389,1.01108502413,0.0110240355401,0.00549685447304
3390,1.01209162136,0.0120191017126,0.00599152962348
3391,1.01280945701,0.0127281098553,0.00634384722049
3392,1.00960761243,0.0095617528266,0.00476946621449
3393,1.01247407427,0.0123969140131,0.00617928620219
3394,1.01196869337,0.0118976349792,0.00593115830927
3395,1.01122796295,0.0111653972629,0.00556714432791
3396,1.0109688327,0.0109091113741,0.00543970660882
3397,1.01129639197,0.0112330642096,0.00560078887625
3398,1.01327775379,0.0131903770101,0.00657348798188
3399,1.01158462933,0.0115180412824,0.00574246927032
3400,1.00900506327,0.00896475946452,0.00447234886122
3401,1.0145690727,0.0144639634313,0.00720589386275
3402,1.01388723765,0.0137916935092,0.00687212496197
3403,1.01060919926,0.0105533166087,0.00526276119711
3404,1.01278552227,0.0127044775483,0.00633210595748
3405,1.01191749092,0.0118470368331,0.00590600897092
3406,1.01027545737,0.0102230237409,0.0050984703238
3407,1.01202169057,0.0119500040003,0.00595718717456
3408,1.0135174767,0.0134269306725,0.00669098037331
3409,1.01309259481,0.0130076276109,0.00648270978541
3410,1.01168935241,0.0116215597178,0.00579392993047
3411,1.0113378946,0.011274102402,0.00562119284002
3412,1.0130489856,0.0129645810529,0.00646132580546
3413,1.01189854978,0.0118283185864,0.00589670507906
3414,1.01211543045,0.0120426260694,0.00600322125966
3415,1.01035091654,0.0102977126239,0.00513562367203
3416,1.00915043238,0.00910882081908,0.00454405480963
3417,1.01134469374,0.0112808252924,0.00562453538426
3418,1.01244184477,0.0123650810872,0.00616346796573
3419,1.01038228809,0.0103287623021,0.00515106866149
3420,1.00944477566,0.00940045262572,0.00468919753518
3421,1.01353380251,0.0134430386074,0.00669898041962
3422,1.01255377744,0.0124756321096,0.00621840126981
3423,1.00888224567,0.00884303056986,0.00441175477693
3424,1.01275846217,0.0126777586995,0.0063188310377
3425,1.01371740027,0.0136241683694,0.00678893453486
3426,1.01253846707,0.0124605114495,0.00621088792454
3427,1.01323457896,0.0131477670305,0.00655232281475
3428,1.01220077271,0.0121269431933,0.00604512585112
3429,1.01088782107,0.0108289754903,0.00539985582643
3430,1.01204092122,0.0119690060394,0.0059666315499
3431,1.01081980055,0.010761685328,0.0053663918609
3432,1.01048467584,0.0104300928229,0.00520147166483
3433,1.0116907686,0.0116229595504,0.00579462579127
3434,1.01207433839,0.0120020250773,0.00598304242715
3435,1.0103588146,0.0103055297387,0.00513951214896
3436,1.00616068982,0.00614179035541,0.00306618480203
3437,1.01470739306,0.014600288234,0.00727356278679
3438,1.01133257724,0.0112688446389,0.00561857873246
3439,1.01292648316,0.0128436492433,0.00640124877432
3440,1.01061794054,0.01056196608,0.0052670631634
3441,1.01089680031,0.0108378579788,0.00540427307877
3442,1.01401240388,0.0139151377181,0.00693342101271
3443,1.01101040535,0.0109502321172,0.00546015492775
3444,1.01142260619,0.0113578607984,0.00566283575518
3445,1.01007317832,0.0100227820101,0.00499885493492
3446,1.0134228457,0.0133335574198,0.0066446050437
3447,1.01252744857,0.0124496293286,0.00620548064322
3448,1.01015297452,0.0101017793044,0.0050381553579
3449,1.011830807,0.011761370125,0.00586342767908
3450,1.01160647059,0.0115396321845,0.00575320267086
3451,1.01091784394,0.0108586745589,0.00541462506572
3452,1.01426680064,0.0141659875583,0.00705796849819
3453,1.01249173927,0.0124143612226,0.00618795586348
3454,1.01167225501,0.0116046597287,0.00578552885914
3455,1.01263975507,0.0125605401749,0.0062605904107
3456,1.01212880472,0.0120558401526,0.00600978861604
3457,1.01135130343,0.0112873608141,0.00562778476015
3458,1.01028407019,0.0102315489216,0.00510271117239
3459,1.01119216291,0.0111299940893,0.00554954113257
3460,1.01245653547,0.0123795911483,0.00617067825397
3461,1.01013592288,0.0100848989122,0.00502975764941
3462,1.00883224447,0.00879346835497,0.00438708269196
3463,1.00855155598,0.00851519855361,0.00424854855035
3464,1.01046941442,0.0104149896386,0.00519395932371
3465,1.01268137048,0.012601635296,0.00628100912161
3466,1.01304695001,0.0129625716879,0.00646032761408
3467,1.01055740321,0.0105020629844,0.00523726892611
3468,1.00996778391,0.0099184332238,0.00494693999971
3469,1.01020690317,0.0101551645,0.0050647131198
3470,1.01064918441,0.0105928812122,0.00528243919466
3471,1.01532034265,0.0152041712222,0.00757326284227
3472,1.01132107202,0.0112574682762,0.00561292249454
3473,1.01057500732,0.0105194830318,0.00524593329533
3474,1.01011667422,0.0100658432084,0.00502027767514
3475,1.01348511182,0.0133949969336,0.00667512021125
3476,1.00968408965,0.00963749940328,0.0048071581537
3477,1.00937194054,0.00932829638154,0.00465328794276
3478,1.01167336891,0.0116057607698,0.00578607619448
3479,1.01221883739,0.0121447899677,0.00605399525574
3480,1.01260329788,0.0125245373903,0.00624270155673
3481,1.01210858225,0.0120358598267,0.00599985844227
3482,1.01359314334,0.0135015853387,0.00672805725798
3483,1.01280223039,0.0127209746067,0.00634030222231
3484,1.00958626853,0.00954061180711,0.00475894606483
3485,1.01049259472,0.0104379294999,0.00520536961453
3486,1.01309684099,0.0130118189099,0.00648479184728
3487,1.01080039597,0.0107424882683,0.00535684479471
3488,1.01144173187,0.0113767702991,0.00567223692037
3489,1.01388427592,0.0137887723466,0.00687067441692
3490,1.01149845699,0.0114328521599,0.00570011840506
3491,1.01051400628,0.0104591185097,0.00521590891529
3492,1.01242844194,0.0123518428776,0.0061568896358
3493,1.01172805176,0.0116598111919,0.00581294467252
3494,1.0122700245,0.0121953579022,0.00607912583628
3495,1.01099446322,0.0109344634821,0.00545231362893
3496,1.01293143182,0.0128485347424,0.00640367588423
3497,1.01104711451,0.0109865408442,0.00547821000175
3498,1.0122059939,0.0121321014338,0.00604768937696
3499,1.01284853742,0.012766695257,0.00636301734646
3500,1.01010747913,0.0100567401695,0.00501574899525
3501,1.01041056504,0.010356748291,0.00516498947966
3502,1.01443980062,0.0143365395553,0.00714263901114
3503,1.01106812962,0.0110073261152,0.00548854565047
3504,1.01292623018,0.0128433994974,0.00640112470069
3505,1.01163795782,0.0115707576662,0.00576867575573
3506,1.01227335012,0.0121986432099,0.0060807585029
3507,1.01203976867,0.0119678672012,0.00596606552813
3508,1.01057500524,0.0105194809734,0.00524593227153
3509,1.01336834693,0.013279779047,0.00661789416623
3510,1.01318960671,0.0131033812105,0.00653027507519
3511,1.01146423998,0.0113990235428,0.00568330036782
3512,1.00874988873,0.00871183029845,0.0043464419107
3513,1.01140428051,0.0113397419161,0.00565382757536
3514,1.00980470491,0.00975695068358,0.00486659490828
3515,1.01072781785,0.0106706830746,0.00532113388141
3516,1.01342501987,0.0133357027901,0.00664567060072
3517,1.01241678651,0.0123403304579,0.00615116884982
3518,1.01188495193,0.011814880542,0.00589002565454
3519,1.01079340348,0.0107355704732,0.00535340441997
3520,1.01119909425,0.0111368486961,0.00555294941018
3521,1.01012839607,0.0100774475926,0.00502605072187
3522,1.01081927857,0.010761168934,0.00536613504943
3523,1.01313808891,0.0130525327714,0.0065050165617
3524,1.00988502108,0.00983648385966,0.00490616718161
3525,1.01178859294,0.0117196487891,0.00584268910986
3526,1.01165926745,0.0115918219275,0.00577914707477
3527,1.00931802336,0.00927487839303,0.00462670287812
3528,1.01249396055,0.0124165550923,0.00618904600994
3529,1.01126459065,0.0112016176225,0.00558515352263
3530,1.01260135984,0.0125226234717,0.00624175057098
3531,1.00988500558,0.00983646851061,0.00490615954474
3532,1.01103304499,0.0109726249542,0.00547129014974
3533,1.01304161009,0.0129573005232,0.00645770905497
3534,1.0117942627,0.0117252524725,0.00584547457737
3535,1.01222468497,0.0121505669455,0.0060568662536
3536,1.01042289167,0.0103689478454,0.00517105773306
3537,1.01250085857,0.0124233679639,0.00619243135738
3538,1.00984570189,0.00979754877515,0.00488679496181
3539,1.00930830079,0.00926524553234,0.00462190872042
3540,1.01333386286,0.0132457493062,0.00660099175466
3541,1.01094619306,0.0108867171176,0.00542857032733
3542,1.01235596297,0.0122802510855,0.00612131349438
3543,1.0123101963,0.0122350419806,0.00609884705755
3544,1.01266872619,0.0125891492688,0.00627480530111
3545,1.01055280209,0.0104975099232,0.0052350043157
3546,1.01114320543,0.0110815773144,0.00552546679917
3547,1.01017982472,0.010128359285,0.00505137830334
3548,1.01074859598,0.0106912404526,0.0053313578236
3549,1.01199633993,0.0119249541923,0.00594473680579
3550,1.01122655686,0.0111640067782,0.00556645295584
3551,1.0128127059,0.0127313176441,0.00634544093874
3552,1.01189580991,0.011825610929,0.00589535923262
3553,1.0099103181,0.00986153294808,0.00491863020027
3554,1.01077366792,0.0107160454632,0.00534369413022
3555,1.01137203346,0.01130785797,0.00563797560907
3556,1.00982251176,0.00977458447998,0.00487536885953
3557,1.00852279371,0.00848667975653,0.00423434963232
3558,1.01044037515,0.010386250824,0.0051796644478
3559,1.01113125272,0.0110697562656,0.00551958891584
3560,1.01548575392,0.0153670733035,0.00765409374082
3561,1.01160381869,0.0115370107108,0.00575189947409
3562,1.01136357778,0.0112994973266,0.00563381884727
3563,1.01318500969,0.0130988440157,0.00652802128981
3564,1.0123738791,0.0122979483837,0.00613010793922
3565,1.00973440135,0.00968732730804,0.00483195203191
3566,1.01104358502,0.0109830499065,0.00547647409341
3567,1.01022485671,0.0101729364828,0.00507355406695
3568,1.00998418252,0.0099346698583,0.00495501812334
3569,1.0110725098,0.0110116583334,0.00549069986849
3570,1.01094755559,0.0108880648942,0.00542924055713
3571,1.01032416248,0.0102712323058,0.00512245142224
3572,1.01068096558,0.0106243270175,0.00529807891908
3573,1.00840219298,0.00836709104349,0.00417480668587
3574,1.01057783518,0.0105222813024,0.00524732508986
3575,1.01340055748,0.0133115641661,0.00663368142507
3576,1.01152281928,0.0114569372152,0.00571209221677
3577,1.01216344172,0.0120900615015,0.00602679631345
3578,1.01073211704,0.0106749366207,0.00532324933539
3579,1.01146637242,0.0114011318165,0.00568434851316
3580,1.0095934766,0.00954775141462,0.00476249887374
3581,1.01258176236,0.0125032696898,0.00623213403426
3582,1.01316062715,0.0130747784894,0.00651606700484
3583,1.01497251362,0.0148615319522,0.00740322609099
3584,1.00829741524,0.00826318093465,0.0041230671897
3585,1.01301241525,0.012928481112,0.00644339229994
3586,1.01300526006,0.0129214178072,0.00643988339712
3587,1.01154743417,0.0114812714017,0.00572418973685
3588,1.01398085085,0.0138840202247,0.00691797002115
3589,1.0110637745,0.0110030186643,0.00548640374357
3590,1.01079551871,0.0107376631136,0.00535444513827
3591,1.01550129285,0.015382375156,0.00766168607713
3592,1.01306668666,0.0129820539622,0.00647000577314
3593,1.01389033428,0.0137947477181,0.00687364157081
3594,1.0115866073,0.0115199966016,0.00574344131526
3595,1.01117679568,0.0111147968414,0.00554198464879
3596,1.01330014954,0.0132124790475,0.0065844662962
3597,1.01017697963,0.0101255428575,0.00504997720202
3598,1.01388503045,0.0137895165401,0.00687104395706
3599,1.01356065231,0.0134695295341,0.00671213706475
3600,1.01271073314,0.0126306298357,0.00629541522955
3601,1.01273400611,0.0126536104425,0.00630683313115
3602,1.01097869194,0.0109188635961,0.00544455618339
3603,1.01120449546,0.0111421900677,0.00555560526225
3604,1.01357402019,0.013482718472,0.00671868724909
3605,1.01115302669,0.0110912902928,0.00553029644227
3606,1.01109041305,0.0110293653688,0.00549950473517
3607,1.00939020941,0.00934639546215,0.00466229533219
3608,1.00902531138,0.00898482666376,0.00448233753697
3609,1.01244859096,0.0123717443506,0.00616677905748
3610,1.00965160589,0.00960532668411,0.00479114899502
3611,1.01403751799,0.0139399044771,0.00694571845692
3612,1.00997535586,0.00992593041333,0.00495067004341
3613,1.01089612289,0.0108371878618,0.00540393983097
3614,1.01047366812,0.0104191992561,0.00519605319793
3615,1.01084729235,0.0107888824885,0.00537991737387
3616,1.01221264971,0.0121386769597,0.00605095725117
3617,1.01344383786,0.0133542713267,0.00665489312603
3618,1.01029240401,0.010239797879,0.0051068145966
3619,1.01010671285,0.0100559815638,0.00501537159482
3620,1.0112370749,0.0111744079974,0.00557162460305
3621,1.01308416881,0.0129993104723,0.00647857816636
3622,1.0110807765,0.0110198344704,0.0054947654823
3623,1.01206498995,0.0119927881246,0.00597845157274
3624,1.01130440235,0.011240985072,0.00560472711811
3625,1.01212712633,0.0120541818813,0.00600896446296
3626,1.01096502467,0.0109053446511,0.00543783349049
3627,1.01089303891,0.010834137123,0.00540242270343
3628,1.00909319307,0.0090520989242,0.00451582233554
3629,1.01308982896,0.0130048975052,0.00648135358091
3630,1.01243894106,0.01236221305,0.00616204278463
3631,1.01002318809,0.0099732890916,0.00497423187498
3632,1.01106242008,0.0110016790583,0.00548573761516
3633,1.01242263653,0.0123461087112,0.00615404020083
3634,1.01232898199,0.0122535990589,0.00610806896553
3635,1.013486109,0.0133959808445,0.00667560888271
3636,1.01348014464,0.0133900958358,0.0066726860171
3637,1.01183441085,0.0117649318317,0.00586519808894
3638,1.01115201708,0.0110902918183,0.00552979996586
3639,1.0117670306,0.0116983374442,0.00583209563872
3640,1.00885502974,0.00881605388382,0.00439832585061
3641,1.0124410136,0.0123642601303,0.00616306001716
3642,1.01088852563,0.0108296724693,0.00540020243405
3643,1.01101049149,0.0109503173243,0.00546019729871
3644,1.01129863597,0.0112352831342,0.00560189212408
3645,1.009912235,0.00986343103662,0.00491957457609
3646,1.01043232,0.0103782788765,0.00517569911214
3647,1.00791550073,0.00788433749774,0.00393440860227
3648,1.01453767235,0.0144330134983,0.00719053028832
3649,1.01033869755,0.0102856187476,0.00512960777046
3650,1.01345485017,0.013365137496,0.0066602900394
3651,1.01083652626,0.0107782318667,0.00537462069858
3652,1.0123676381,0.012291783651,0.00612704446339
3653,1.01204748822,0.0119754948858,0.00596985660958
3654,1.01282115533,0.0127396601559,0.00634958571752
3655,1.01015547184,0.0101042515174,0.00503938523596
3656,1.01225499324,0.0121805087347,0.00607174636012
3657,1.01139788156,0.0113334150954,0.00565068204539
3658,1.01230696338,0.0122318483693,0.0060972599893
3659,1.01173611034,0.0116677763326,0.00581690408453
3660,1.01162896518,0.0115618684411,0.00576425677287
3661,1.0127122267,0.0126321046491,0.0062961479937
3662,1.01240242179,0.0123261418103,0.00614411813938
3663,1.0102159581,0.0101641278958,0.00506917210923
3664,1.01336705981,0.0132785089073,0.006617263299
3665,1.01310047129,0.0130154022766,0.00648657191032
3666,1.01273617986,0.0126557568519,0.00630789956674
3667,1.01302524253,0.0129411435447,0.00644968270185
3668,1.01309608679,0.0130110744564,0.00648442203428
3669,1.01203988197,0.0119679791502,0.0059661211687
3670,1.01194222486,0.0118714791726,0.00591815788809
3671,1.01176197418,0.0116933398176,0.00582961139566
3672,1.0085674335,0.00853094131884,0.00425638646017
3673,1.00804282812,0.0080106569654,0.00399731785321
3674,1.01002224316,0.00997235354482,0.0049737664283
3675,1.01253182988,0.0124539564187,0.0062076307601
3676,1.01089011192,0.0108312416692,0.0054009827967
3677,1.01219749352,0.0121237035223,0.00604351580642
3678,1.0115990273,0.0115322742654,0.00574954487041
3679,1.01220664403,0.0121327437305,0.00604800858306
3680,1.01117583448,0.0111138462585,0.00554151199129
3681,1.01350722735,0.0134168179688,0.0066859578407
3682,1.01139545763,0.0113310184833,0.00564949050985
3683,1.01120676729,0.0111444367234,0.00555672234872
3684,1.01186541144,0.011795569377,0.00588042689732
3685,1.01288829627,0.0128059489657,0.0063825191234
3686,1.01252606665,0.012448264511,0.00620480246882
3687,1.01137258276,0.0113084010887,0.00563824563735
3688,1.01143417719,0.011369301059,0.00566852347706
3689,1.01314307884,0.013057457975,0.0065074631412
3690,1.01061403318,0.0105580997635,0.00526514018534
3691,1.00857942677,0.00854283264182,0.00426230679702
3692,1.01009307015,0.0100424752732,0.00500865229637
3693,1.01279857651,0.012717366909,0.00633850980881
3694,1.01074947373,0.0106921088691,0.00533178971683
3695,1.01433037193,0.0142286626873,0.0070890843956
3696,1.01200844505,0.011936915737,0.00595068200622
3697,1.01081982561,0.0107617101169,0.00536640418883
3698,1.0103811872,0.0103276727154,0.00515052667425
3699,1.01158920361,0.0115225631721,0.00574471722922
3700,1.01060263741,0.0105468236144,0.00525953178025
3701,1.01226846884,0.012193821097,0.00607836210457
3702,1.01038222596,0.0103287008019,0.00515103806978
3703,1.01150267234,0.0114370195784,0.00570219023474
3704,1.00902513962,0.00898465644373,0.00448225280844
3705,1.01313559271,0.0130500689341,0.00650379265594
3706,1.00927885109,0.00923606700788,0.00460738678249
3707,1.01118227212,0.0111202127346,0.00554467758435
3708,1.0120838553,0.0120114284047,0.0059877159496
3709,1.01097586033,0.010916062733,0.00544316337557
3710,1.01088569166,0.0108268690139,0.005398808275
3711,1.01002978275,0.00997981828869,0.00497748022936
3712,1.01055077677,0.0104955057571,0.00523400747809
3713,1.01298790863,0.012904289,0.00643137411089
3714,1.01113274075,0.0110712279086,0.00552032067561
3715,1.0147493695,0.0146416553997,0.00729409571395
3716,1.0110699754,0.0110091516838,0.00548945342451
3717,1.01356289543,0.0134717426314,0.00671323618544
3718,1.01101406861,0.0109538554831,0.00546195671703
3719,1.01255855999,0.0124803553495,0.0062207482015
3720,1.01297211329,0.0128886960502,0.00642362774781
3721,1.01487739464,0.0147678117412,0.0073567118116
3722,1.01095447077,0.0108949051669,0.00543264211892
3723,1.01271583558,0.0126356682246,0.00629791856149
3724,1.01072674611,0.0106696227004,0.00532060651541
3725,1.00876919527,0.00873096919249,0.00435596971909
3726,1.01336530653,0.0132767787495,0.00661640394419
3727,1.01174966327,0.011681171956,0.0058235629134
3728,1.01188371977,0.0118136628458,0.00588942039238
3729,1.01149263919,0.0114271004782,0.00569725895275
3730,1.0101147015,0.0100638902509,0.00501930609807
3731,1.01113417809,0.0110726494188,0.00552102750688
3732,1.00995998926,0.00991071547583,0.00494310020793
3733,1.01136608232,0.0113019737229,0.00563505006884
3734,1.01351649421,0.0134259612797,0.00669049891987
3735,1.01235838071,0.0122826393126,0.00612250029769
3736,1.01230649368,0.0122313843809,0.00609702940962
3737,1.0085604369,0.00852400412927,0.00425293262307
3738,1.01370397187,0.0136109215904,0.0067823560893
3739,1.01436182042,0.0142596663962,0.00710447623682
3740,1.01083062053,0.0107723894372,0.00537171518001
3741,1.0131815181,0.0130953978663,0.00652630946189
3742,1.01209388555,0.0120213388483,0.00599264148876
3743,1.01161143151,0.0115445361718,0.00575564055471
3744,1.01306713715,0.0129824986345,0.00647022667075
3745,1.01201421774,0.0119426199207,0.00595351712214
3746,1.01428868464,0.0141875635044,0.00706868027228
3747,1.00801121067,0.00797929128246,0.00398169757856
3748,1.01115221903,0.0110904915432,0.00552989927608
3749,1.01108126801,0.0110203205949,0.00549500720896
3750,1.01168584622,0.0116180940396,0.00579220712983
3751,1.01277572321,0.0126948021417,0.00632729887539
3752,1.0103606481,0.0103073444382,0.00514041483494
3753,1.01315998186,0.0130741415806,0.00651575062547
3754,1.01143779923,0.0113728821391,0.00567030386576
3755,1.01009450068,0.0100438915029,0.00500935686426
3756,1.01107195067,0.0110111053303,0.00549042488505
3757,1.01432090148,0.0142193259858,0.00708444912839
3758,1.0116676699,0.0116001275111,0.00578327585842
3759,1.01241220216,0.0123358023233,0.00614891870662
3760,1.00883968077,0.00880083951834,0.00439075209793
3761,1.00910877068,0.00906753603742,0.00452350600687
3762,1.00818773828,0.00815440060353,0.00406889980538
3763,1.01068021386,0.0106235832353,0.00529770899823
3764,1.01352260167,0.0134319872687,0.00669349175146
3765,1.01242426859,0.0123477207495,0.00615484125937
3766,1.01145589637,0.0113907744743,0.0056791992661
3767,1.01145043155,0.0113853715265,0.00567651313078
3768,1.01107162903,0.0110107872146,0.00549026670051
3769,1.01023847608,0.0101864179136,0.00508026056036
3770,1.01083947643,0.0107811504133,0.00537607212779
3771,1.01245709223,0.0123801410594,0.00617095151282
3772,1.01261614326,0.0125372228142,0.00624900465304
3773,1.01356845385,0.0134772266662,0.00671595979134
3774,1.01285848876,0.0127765203108,0.00636789860287
3775,1.00975100995,0.00970377566029,0.00484013643555
3776,1.01515209683,0.0150384503578,0.00749102652685
3777,1.01327156274,0.0131842670648,0.00657045308641
3778,1.01043344975,0.0103793969599,0.00517625526026
3779,1.01126971149,0.0112066814037,0.00558767126904
3780,1.01169938963,0.0116314809203,0.00579886177813
3781,1.01322744066,0.0131407219397,0.00654882334402
3782,1.01169671931,0.0116288414767,0.00579754970836
3783,1.01103433878,0.0109739046275,0.00547192648547
3784,1.01230376105,0.0122286849662,0.00609568793057
3785,1.01223466242,0.0121604238427,0.00606176483918
3786,1.01228905495,0.0122141575034,0.00608846845041
3787,1.0120868304,0.0120143679784,0.00598917693474
3788,1.01066015284,0.010603734013,0.00528783691578
3789,1.01115766299,0.0110958754445,0.00553257633688
3790,1.01255168322,0.0124735638475,0.00621737356888
3791,1.01094323118,0.0108837873049,0.00542711337224
3792,1.0140437861,0.0139460857928,0.00694878764316
3793,1.00993255075,0.00988354718556,0.00492958311878
3794,1.00703685813,0.00701221497917,0.00349996827174
3795,1.0130410845,0.0129567816975,0.00645745131733
3796,1.01172116169,0.0116530009754,0.00580955935222
3797,1.01145682881,0.011391696353,0.00567965758758
3798,1.01353234698,0.0134416025173,0.0066982671845
3799,1.01227182501,0.0121971365848,0.00608000977077
3800,1.01248255998,0.0124052951395,0.00618345086195
3801,1.01325554202,0.0131684560615,0.00656259949649
3802,1.00965287292,0.00960658160357,0.0047917734483
3803,1.00955017759,0.00950486292115,0.00474115652637
3804,1.01189367064,0.0118234968061,0.00589430840233
3805,1.01157258779,0.0115061375709,0.00573655157527
3806,1.01222142067,0.0121473420664,0.0060552635791
3807,1.01163363039,0.0115664800141,0.00576654926559
3808,1.01150835131,0.0114426339488,0.00570498140894
3809,1.01125947464,0.0111965585796,0.0055826381258
3810,1.01295264273,0.0128694746447,0.00641407873476
3811,1.01050743687,0.0104526174324,0.00521267532592
3812,1.01109068295,0.0110296323072,0.00549963747037
3813,1.01198779875,0.0119165142222,0.00594054189857
3814,1.01088321476,0.0108244187829,0.00539758977292
3815,1.00977899711,0.00973149216905,0.00485392751853
3816,1.01116524223,0.0111033710211,0.00553630338327
3817,1.01291056579,0.0128279348818,0.00639344185865
3818,1.00998989239,0.00994032326707,0.00495783081738
3819,1.01119538855,0.0111331840311,0.00555112725087
3820,1.01189673909,0.0118265291837,0.00589581565314
3821,1.01115343165,0.0110916907899,0.00553049558337
3822,1.01290246325,0.0128199355829,0.00638946777276
3823,1.01336185902,0.0132733767001,0.00661471417272
3824,1.0144479838,0.0143446062279,0.00714664353073
3825,1.01092520836,0.0108659594179,0.00541824776623
3826,1.01210683073,0.0120341292551,0.00599899834768
3827,1.0114399811,0.0113750393345,0.00567137634691
3828,1.01335931504,0.0132708662599,0.00661346725475
3829,1.01215999035,0.0120866516002,0.00602510163674
3830,1.01260694668,0.0125281407727,0.0062444919989
3831,1.0108122226,0.0107541884635,0.0053626635372
3832,1.0130781008,0.0129933208091,0.00647560273253
3833,1.01055708427,0.0105017473807,0.0052371119507
3834,1.00985914122,0.00981085698888,0.00489341652939
3835,1.01425361721,0.0141529894913,0.00705151531372
3836,1.01062771898,0.0105716417359,0.00527187549856
3837,1.01174628011,0.0116778280774,0.00582190070936
3838,1.01303974104,0.0129554555385,0.00645679251939
3839,1.0124255254,0.0123489621313,0.00615545812984
3840,1.01023700717,0.0101849638891,0.00507953724124
3841,1.01057622644,0.0105206893982,0.00524653331406
3842,1.01154524407,0.0114791062996,0.00572311338196
3843,1.01209488966,0.0120223309513,0.0059931345675
3844,1.01085417388,0.0107956901502,0.00538330288663
3845,1.01178863314,0.011719688516,0.00584270885723
3846,1.01084156111,0.0107832127348,0.00537709774441
3847,1.01199120177,0.0119198769257,0.00594221326079
3848,1.0129062536,0.0128236776494,0.0063913268494
3849,1.01126407335,0.0112011060797,0.00558489917973
3850,1.0120492737,0.0119772591029,0.00597073345171
3851,1.01211133042,0.0120385751074,0.00600120793602
3852,1.01176904807,0.0117003314525,0.00583308682779
3853,1.01258349243,0.0125049782594,0.00623298299469
3854,1.01263172324,0.0125526085669,0.00625664942716
3855,1.01042827549,0.0103742761171,0.005173708089
3856,1.00821848575,0.00818489789399,0.00408408628961
3857,1.01165039957,0.0115830562087,0.00577478953499
3858,1.01249821969,0.0124207616675,0.006191136278
3859,1.0102569855,0.0102047395784,0.00508937481159
3860,1.0114222104,0.0113574694785,0.00566264120316
3861,1.01007699576,0.0100265613733,0.00500073516853
3862,1.0120936415,0.0120210977134,0.00599252164382
3863,1.01439193461,0.0142893537745,0.00711921435993
3864,1.01353971117,0.013448868351,0.00670187576052
3865,1.01387174679,0.0137764147121,0.00686453803332
3866,1.01103339534,0.0109729714783,0.00547146246382
3867,1.01178205013,0.0117131821872,0.00583947469487
3868,1.01294055064,0.0128575371106,0.00640814823415
3869,1.00860731882,0.00857048705026,0.00427607497027
3870,1.01162279331,0.0115557674985,0.00576122388063
3871,1.00957618652,0.00953062548189,0.00475397665201
3872,1.00973248578,0.00968543020722,0.0048310080644
3873,1.01264886032,0.012569531731,0.00626505803248
3874,1.0107556236,0.0106981933135,0.00533481571394
3875,1.01177604158,0.0117072435828,0.00583652272747
3876,1.01213890805,0.0120658223603,0.00601474971201
3877,1.01088068639,0.0108219176355,0.0053963459485
3878,1.01055137238,0.0104960951453,0.00523430062969
3879,1.01084924218,0.0107908113882,0.00538087663462
3880,1.01342893909,0.0133395700873,0.00664759139709
3881,1.01017300745,0.0101216106869,0.00504802104349
3882,1.01256036578,0.0124821387444,0.00622163435151
3883,1.01139289099,0.0113284807618,0.00564822881674
3884,1.01436929286,0.0142670330036,0.00710813336584
3885,1.01223908782,0.0121647957513,0.00606393754036
3886,1.00966393968,0.00961754249822,0.00479722761962
3887,1.00828058543,0.00824648947955,0.00411475583746
3888,1.01266172489,0.012582235532,0.0062713701179
3889,1.01108411524,0.0110231366158,0.00549640748139
3890,1.01033389317,0.0102808635223,0.00512724235125
3891,1.01228623336,0.0122113701612,0.00608708326364
3892,1.0096227128,0.00957670938265,0.00477690879729
3893,1.01204273183,0.0119707950991,0.00596752074202
3894,1.01158249325,0.011515929666,0.0057414195245
3895,1.01193773424,0.0118670415455,0.00591595220337
3896,1.01148563279,0.0114201736613,0.00569381527025
3897,1.01231669752,0.0122414641262,0.00610203854139
3898,1.0108851932,0.0108263759207,0.00539856305939
3899,1.01058622011,0.0105305784284,0.00525145187547
3900,1.01039180386,0.0103381802402,0.00515575336327
3901,1.01013902731,0.0100879721816,0.00503128655404
3902,1.01246005134,0.0123830637508,0.00617240383958
3903,1.01220611218,0.0121322182933,0.00604774745332
3904,1.00944056702,0.00939628335609,0.00468712267347
3905,1.01189782507,0.0118276023979,0.00589634909636
3906,1.01307749633,0.0129927241457,0.00647530633269
3907,1.01113812053,0.0110765484381,0.00552296625135
3908,1.01180809698,0.0117389253956,0.00585227105331
3909,1.00860493959,0.00856812811644,0.00427490054615
3910,1.01109656732,0.0110354521111,0.0055025313647
3911,1.01223239824,0.0121581870271,0.00606065321026
3912,1.01176213151,0.0116934953234,0.00582968869528
3913,1.01036386151,0.0103105248951,0.00514199688772
3914,1.01192988371,0.0118592835891,0.00591209616552
3915,1.01366292594,0.0135704297251,0.00676224726825
3916,1.01391346145,0.0138175577865,0.00688496814629
3917,1.01298436308,0.0129007888938,0.00642963531148
3918,1.01047949009,0.0104249608641,0.00519891902902
3919,1.01160891087,0.0115420444686,0.00575440187303
3920,1.01075197392,0.0106945824615,0.00533301991796
3921,1.01148188657,0.0114164699696,0.00569197396675
3922,1.01073178557,0.0106746086683,0.00532308623204
3923,1.00952069728,0.00947566106207,0.00472662471603
3924,1.01237059523,0.0122947046454,0.00612849601097
3925,1.01163785636,0.0115706573715,0.00576862589767
3926,1.01033514003,0.0102820976273,0.00512785623976
3927,1.01159592079,0.0115292033718,0.00574801825055
3928,1.01296359609,0.0128802878926,0.00641945066565
3929,1.01287002353,0.0127879085746,0.00637355645898
3930,1.01028181437,0.0102293160607,0.00510160043814
3931,1.01012701744,0.0100760827919,0.00502537175104
3932,1.01346513758,0.0133752882763,0.0066653316132
3933,1.01197915198,0.0119079698428,0.00593629507893
3934,1.01140044344,0.0113359481069,0.00565194139371
3935,1.0149494923,0.0148388499714,0.00739196899665
3936,1.01506360888,0.01495127938,0.00744776659525
3937,1.00971125274,0.00966440159915,0.00482054450004
3938,1.01320592487,0.0131194868062,0.00653827525383
3939,1.01328855995,0.0132010415122,0.00657878516733
3940,1.01117073009,0.0111087982771,0.00553900198418
3941,1.01273679918,0.0126563683865,0.00630820340523
3942,1.01196038244,0.0118894223106,0.0059270763219
3943,1.01015334199,0.0101021430848,0.00503833633173
3944,1.00857133328,0.00853480796605,0.00425831155294
3945,1.01224665436,0.0121722707696,0.00606765237856
3946,1.01227483639,0.0122001114526,0.00608148815994
3947,1.01108735307,0.0110263389501,0.00549799984661
3948,1.01163137138,0.0115642469775,0.00576543918512
3949,1.01212709426,0.0120541501932,0.00600894871413
3950,1.0119486053,0.011877784301,0.00592129178994
3951,1.01226829643,0.0121936507801,0.00607827746375
3952,1.01483457962,0.014725623472,0.00733577263964
3953,1.01160907664,0.0115422083323,0.00575448333339
3954,1.01183019152,0.0117607618459,0.00586312532279
3955,1.01103584803,0.0109753974045,0.00547266878952
3956,1.01044647736,0.0103922899692,0.00518266837549
3957,1.01172253426,0.0116543576441,0.00581023374551
3958,1.0113088089,0.0112453423587,0.00560689354841
3959,1.00896443911,0.00892449705149,0.00445230748675
3960,1.01016586002,0.0101145352156,0.00504450116017
3961,1.01099763457,0.0109376003471,0.00545387350861
3962,1.01240737512,0.0123310344501,0.00614654942584
3963,1.0127369882,0.0126565550331,0.00630829613986
3964,1.01113023597,0.0110687507035,0.00551908890981
3965,1.01188202684,0.0118119898047,0.00588858879811
3966,1.01036137947,0.0103080683119,0.00514077491121
3967,1.01227207671,0.0121973852345,0.00608013333968
3968,1.01078764812,0.0107298765545,0.00535057269753
3969,1.01282733079,0.012745757425,0.00635261498992
3970,1.01130362372,0.0112402151475,0.00560434431339
3971,1.00865561962,0.00861837450934,0.0042999160292
3972,1.01228737191,0.012212494891,0.00608764220523
3973,1.01108098513,0.011020040812,0.00549486808621
3974,1.01123767654,0.0111750029554,0.00557192042453
3975,1.01214664567,0.0120734671574,0.00601854911254
3976,1.01140747723,0.0113429025834,0.00565539897278
3977,1.01235305074,0.0122773743892,0.0061198839498
3978,1.01272548256,0.0126451940287,0.00630265145589
3979,1.01158031611,0.0115137774464,0.00574034959251
3980,1.01135454071,0.0112905617534,0.00562937622143
3981,1.01095114923,0.0108916196115,0.00543100826449
3982,1.01011853229,0.0100676826691,0.00502119278776
3983,1.01213356773,0.0120605460781,0.00601212743523
3984,1.01141313413,0.0113484956633,0.00565817969333
3985,1.01417130823,0.0140718339314,0.0070112228511
3986,1.01270968304,0.0126295929144,0.0062949000327
3987,1.01140939733,0.0113448010289,0.00565634282688
3988,1.00944286925,0.00939856405825,0.00468825767894
3989,1.012724735,0.0126444558675,0.00630228470143
3990,1.01248509315,0.0124077970705,0.00618469409138
3991,1.01210780745,0.0120350942935,0.00599947797214
3992,1.01327935099,0.0131919532796,0.00657427093556
3993,1.01240085488,0.0123245940929,0.00614334903507
3994,1.01290592433,0.0128233525701,0.00639116534855
3995,1.00946548438,0.0094209673798,0.00469940676099
3996,1.01025245639,0.0102002564408,0.00508714464849
3997,1.01111089973,0.0110496271298,0.00550957984985
3998,1.01194672935,0.0118759304942,0.00592037037459
3999,1.01394246264,0.0138461605981,0.00689917098584
4000,1.0121607216,0.0120873740677,0.00602546069397
4001,1.01075427748,0.0106968615121,0.00533415336551
4002,1.0121777387,0.0121041865675,0.0060338162572
4003,1.01091370745,0.0108545827391,0.00541259023158
4004,1.01000543934,0.00995571632319,0.00496548915788
4005,1.00997900249,0.00992954102428,0.00495246640979
4006,1.00790130711,0.00787025523904,0.0039273951509
4007,1.01219361597,0.0121198726955,0.00604161196701
4008,1.01269435892,0.012614461,0.00628738167398
4009,1.01067494019,0.0106183652804,0.00529511383899
4010,1.01285981823,0.0127778328939,0.00636855071498
4011,1.01180652293,0.0117373697141,0.0058514977644
4012,1.01255930846,0.0124810945409,0.00622111549797
4013,1.01197065064,0.0118995691053,0.00593211963607
4014,1.01196924354,0.0118981786467,0.00593142853068
4015,1.01148630569,0.0114208389136,0.00569414600244
4016,1.01328140282,0.0131939782203,0.00657527674911
4017,1.01033742862,0.0102843627994,0.00512898301744
4018,1.01320708608,0.0131206328852,0.00653884454651
4019,1.01022322837,0.0101713246203,0.00507275222431
4020,1.01498140683,0.0148702939357,0.00740757463974
4021,1.01168213586,0.0116144265225,0.00579038399112
4022,1.0102905637,0.0102379763115,0.00510590846365
4023,1.00916593537,0.00912418311957,0.00455170102695
4024,1.01238291722,0.0123068760009,0.00613454437428
4025,1.01166369771,0.0115962011168,0.00578132401304
4026,1.01049218986,0.0104375288469,0.00520517033081
4027,1.01171333641,0.0116452663198,0.00580571448447
4028,1.01101985096,0.010959574821,0.00546480076252
4029,1.01171497267,0.0116468836355,0.00580651844716
4030,1.0125245745,0.0124467908184,0.00620407019427
4031,1.01384539881,0.0137504268906,0.00685163323595
4032,1.01144612638,0.0113811150909,0.00567439699159
4033,1.01435426713,0.0142522200202,0.00710077949321
4034,1.00907194429,0.00903104139287,0.00450534106074
4035,1.01265807879,0.0125786350084,0.00626958114464
4036,1.01284504202,0.0127632441889,0.00636130279053
4037,1.01203887651,0.01196698565,0.00596562738216
4038,1.01459550628,0.0144900170893,0.00721882673751
4039,1.010558878,0.0105035223642,0.00523799479415
4040,1.01276472223,0.012683939883,0.00632190209574
4041,1.01130555538,0.011242125215,0.00560529399436
4042,1.01080718362,0.0107492033741,0.00536018435612
4043,1.01295667126,0.0128734516587,0.00641605448537
4044,1.01015021275,0.0100990452881,0.00503679523603
4045,1.01045036402,0.0103961364398,0.00518458164148
4046,1.0131914151,0.0131051660493,0.00653116166643
4047,1.01396639522,0.0138697638144,0.0069108911035
4048,1.01050773142,0.0104529089147,0.00521282030732
4049,1.01076365485,0.0107061390705,0.00533876739002
4050,1.01051119607,0.0104563375284,0.00521452567635
4051,1.0103423228,0.0102892068915,0.00513139263793
4052,1.01008250217,0.0100320128322,0.00500344726361
4053,1.01140768104,0.0113431040971,0.00565549915983
4054,1.01189742742,0.0118272094219,0.00589615376687
4055,1.01157585742,0.0115093697914,0.00573815841336
4056,1.01271870697,0.0126385035608,0.00629932730022
4057,1.01340994391,0.0133208264329,0.00663828182632
4058,1.01235851075,0.0122827677615,0.00612256412892
4059,1.01129022377,0.0112269648836,0.00559775628916
4060,1.01166843399,0.0116008827886,0.0057836513131
4061,1.01294785335,0.012864746499,0.00641172982247
4062,1.01087759483,0.0108188593462,0.00539482505448
4063,1.0134915836,0.0134013825855,0.00667829171963
4064,1.01083214202,0.0107738946232,0.00537246373004
4065,1.01227547139,0.0122007387575,0.00608179990485
4066,1.0118214327,0.0117521053975,0.00585882246621
4067,1.00946320617,0.00941871053092,0.00469828363885
4068,1.01064379352,0.0105875471123,0.00527978622971
4069,1.00958592233,0.00954026889821,0.00475877542631
4070,1.0109218088,0.010862596592,0.00541657546218
4071,1.0117225548,0.0116543779449,0.00581024383695
4072,1.01053318255,0.0104780950763,0.00522534766382
4073,1.01057770313,0.0105221506276,0.00524726009533
4074,1.01022849374,0.0101765366912,0.0050753450366
4075,1.01145631413,0.0113911874973,0.00567940460474
4076,1.01038292504,0.0103293927015,0.00515138223753
4077,1.01055508173,0.010499765759,0.00523612632831
4078,1.01299037315,0.0129067219121,0.00643258274271
4079,1.01089807098,0.0108391149542,0.00540489816974
4080,1.01076475113,0.0107072236693,0.00533930679407
4081,1.01188649531,0.0118164057884,0.00589078378555
4082,1.01088092952,0.0108221581477,0.00539646555568
4083,1.00988977996,0.00984119614378,0.00490851176128
4084,1.00915279977,0.00911116674057,0.0045452224397
4085,1.01357138523,0.0134801188002,0.00671739614555
4086,1.00846922999,0.00843356727812,0.00420790549039
4087,1.01106569856,0.0110049216628,0.00548735002205
4088,1.01323774766,0.0131508943354,0.00655387622042
4089,1.00902656688,0.00898607093645,0.00448295688449
4090,1.01139890666,0.0113344286479,0.00565118595789
4091,1.00878720473,0.00874882193716,0.00436485716874
4092,1.01175992676,0.0116913162048,0.00582860548719
4093,1.01034065667,0.0102875578152,0.00513057233049
4094,1.0100597738,0.0100095110791,0.00499225261726
4095,1.01191333838,0.0118429331822,0.00590396926147
4096,1.01069364924,0.0106368765557,0.00530432042442
4097,1.01299083456,0.0129071774107,0.00643280902695
4098,1.01289984658,0.0128173522462,0.00638818435669
4099,1.01106979696,0.0110089751986,0.0054893656663
4100,1.01434781839,0.0142458625119,0.00709762330568
4101,1.01367563677,0.013582969152,0.00676847456479
4102,1.01340723839,0.0133181567141,0.00663695582722
4103,1.0118888004,0.0118186838007,0.00589191608146
4104,1.01197126378,0.0119001749881,0.0059324207803
4105,1.01473924551,0.0146316785087,0.00728914364231
4106,1.01244446258,0.0123676667212,0.00616475281363
4107,1.01387742073,0.0137820110101,0.00686731697047
4108,1.01239187372,0.0123157229078,0.00613894068216
4109,1.01244504162,0.0123682386417,0.00616503701099
4110,1.0117257115,0.0116574980573,0.00581179482764
4111,1.01217555618,0.0121020303107,0.00603274463348
4112,1.012627173,0.0125481150739,0.00625441673525
4113,1.01364064461,0.0135484484801,0.00675133090706
4114,1.0106020801,0.0105462721575,0.00525925750198
4115,1.01143723327,0.0113723225799,0.00567002567256
4116,1.01370259448,0.013609562822,0.00678168131272
4117,1.01079721753,0.0107393437872,0.00535528097517
4118,1.01064217508,0.0105859457169,0.00527898975921
4119,1.01461750336,0.0145116974877,0.0072295886249
4120,1.01218162232,0.012108023463,0.00603572312757
4121,1.01336391422,0.0132754047985,0.00661572151377
4122,1.01100724915,0.0109471102848,0.00545860253322
4123,1.01125880085,0.0111958922918,0.00558230684165
4124,1.00961227602,0.00956637202552,0.00477176479574
4125,1.01062827979,0.0105721966496,0.00527215149265
4126,1.01303188962,0.0129477051457,0.00645294233685
4127,1.01243578955,0.012359100262,0.00616049597998
4128,1.01044281772,0.0103886681513,0.00518086685025
4129,1.00943251088,0.00938830253374,0.00468315095792
4130,1.01030868341,0.0102559112943,0.00511483012786
4131,1.01173089898,0.0116626254076,0.00581434359995
4132,1.01209254379,0.0120200131183,0.00599198259585
4133,1.01111071555,0.0110494449692,0.00550948927135
4134,1.01013741903,0.0100863800408,0.00503049448855
4135,1.01122820592,0.0111656375337,0.00556726379449
4136,1.01351827645,0.0134277197523,0.00669137227327
4137,1.01274330659,0.0126627939332,0.00631139590662
4138,1.01061812204,0.0105621456743,0.00526715248759
4139,1.01219085886,0.0121171487946,0.00604025824404
4140,1.01190947741,0.0118391176629,0.00590207276334
4141,1.0088893673,0.00885008947248,0.00441526865097
4142,1.01296749536,0.0128841372518,0.00642136298807
4143,1.01331041642,0.0132226111237,0.00658949896442
4144,1.00909950157,0.00905835055294,0.00451893402943
4145,1.0099093267,0.00986055127732,0.004918141779
4146,1.01369043551,0.0135975681333,0.0067757246226
4147,1.0132196532,0.0131330361136,0.00654500559019
4148,1.01244155194,0.0123647918536,0.00616332424026
4149,1.01134591116,0.0112820290556,0.00562513388038
4150,1.01084436713,0.0107859886569,0.00537847824131
4151,1.01146176825,0.0113965798252,0.00568208545246
4152,1.01079017142,0.0107323729148,0.00535181419842
4153,1.01300441585,0.0129205844411,0.00643946939742
4154,1.01459666922,0.014491163291,0.00721939570113
4155,1.01051899064,0.0104640509943,0.00521836229086
4156,1.00942465183,0.00938051689096,0.00467927635965
4157,1.01007167097,0.0100212896945,0.00499811250681
4158,1.0101940801,0.0101424709111,0.00505839845
4159,1.01199256525,0.0119212242438,0.00594288291659
4160,1.0134610289,0.0133712341732,0.00666331807058
4161,1.01098790426,0.0109279758335,0.00544908748571
4162,1.01214076614,0.012067658165,0.00601566209302
4163,1.01216876045,0.0120953163026,0.00602940787577
4164,1.01290226458,0.012819739444,0.00638937032992
4165,1.01260091001,0.0125221792439,0.00624152984347
4166,1.01317218353,0.0130861846882,0.00652173292635
4167,1.01140639756,0.011341835092,0.0056548682455
4168,1.01121358812,0.0111511819398,0.00556007621061
4169,1.01432796227,0.0142262870688,0.00708790500612
4170,1.00934907302,0.00930564093133,0.00464201286496
4171,1.00872918726,0.00869130818543,0.00433622540086
4172,1.01310335782,0.0130182514722,0.00648798726637
4173,1.01101724996,0.0109570021708,0.00546352146609
4174,1.01034033665,0.0102872410692,0.00513041477002
4175,1.01333237761,0.0132442836011,0.0066002637394
4176,1.01215309462,0.012079838695,0.00602171570258
4177,1.00966066609,0.00961430023543,0.00479561426385
4178,1.01097828077,0.0109184568851,0.00544435393505
4179,1.01015241151,0.0101012219576,0.0050378780885
4180,1.01240841804,0.0123320645904,0.00614706132993
4181,1.01264315129,0.0125638939963,0.00626225682157
4182,1.01048983682,0.0104352002352,0.0052040120847
4183,1.01114637508,0.0110847120355,0.00552702549809
4184,1.01362506261,0.0135330760485,0.00674369655409
4185,1.00897573146,0.00893568901514,0.00445787853796
4186,1.01200132953,0.0119298846257,0.00594718736439
4187,1.01425601384,0.0141553524307,0.00705268845159
4188,1.01227642776,0.0122016835305,0.00608226941829
4189,1.01266666948,0.0125871182834,0.0062737961799
4190,1.00892734114,0.00888772801309,0.00443400465284
4191,1.01129010659,0.0112268490179,0.00559769868059
4192,1.01156393215,0.0114975809171,0.00573229778213
4193,1.01062071408,0.010564710477,0.00526842813349
4194,1.01154600018,0.0114798537828,0.00572348498451
4195,1.01119776219,0.0111355313841,0.00555229441145
4196,1.01234426568,0.0122686964932,0.00611557154631
4197,1.009253479,0.00921092785827,0.00459487504195
4198,1.01322195254,0.0131353054479,0.00654613283032
4199,1.01163254714,0.0115654092147,0.00576601695313
4200,1.01128031954,0.0112171711849,0.00559288683925
4201,1.01156025866,0.0114939494129,0.0057304924368
4202,1.01085858003,0.0108000489824,0.0053854705679
4203,1.01367637154,0.0135836940128,0.00676883454203
4204,1.01038000783,0.0103265054703,0.00514994605753
4205,1.01276863954,0.0126878078089,0.00632382383051
4206,1.00939905157,0.00935515532113,0.00466665483161
4207,1.01148854091,0.0114230487562,0.00569524463153
4208,1.01078762372,0.010729852412,0.00535056069087
4209,1.012079011,0.0120066419243,0.00598533703662
4210,1.01053664813,0.0104815245312,0.00522705342975
4211,1.01090495029,0.0108459200779,0.00540828233533
4212,1.01155046955,0.01148427213,0.00572568151153
4213,1.01155218407,0.0114859670675,0.0057265241276
4214,1.00985023036,0.00980203308811,0.00488902615883
4215,1.01293862969,0.0128556406925,0.00640720610094
4216,1.0112520952,0.011189261279,0.00557900983796
4217,1.01283757584,0.0127558726678,0.00635764046947
4218,1.0105922982,0.010536592825,0.00525444327708
4219,1.01369425315,0.013601334211,0.00677759490074
4220,1.01125482927,0.011191964928,0.00558035411972
4221,1.0157853583,0.0156620653177,0.0078004500059
4222,1.01371996694,0.0136267002988,0.00679019190419
4223,1.01064743396,0.0105911492033,0.00528157776448
4224,1.01008903615,0.0100384815735,0.00500666544605
4225,1.01291452538,0.0128318439949,0.00639538391698
4226,1.01121187728,0.0111494900683,0.00555923497796
4227,1.01342837327,0.013339011763,0.00664731409066
4228,1.00997661781,0.00992717989783,0.00495129169257
4229,1.01189125636,0.0118211108984,0.00589312247941
4230,1.0118032934,0.0117341778626,0.00584991117595
4231,1.01187835082,0.0118083569358,0.00588678305823
4232,1.01137518384,0.0113109729148,0.00563952429931
4233,1.01208641053,0.0120139531156,0.00598897074568
4234,1.01206441582,0.0119922208323,0.00597816962234
4235,1.01142920097,0.0113643810747,0.00566607742638
4236,1.01114195006,0.0110803357827,0.00552484946315
4237,1.01012129139,0.0100704141277,0.00502255165851
4238,1.01089378646,0.010834876612,0.00540279045034
4239,1.01269051361,0.0126106638921,0.0062854950552
4240,1.01261004836,0.0125312038297,0.00624601396264
4241,1.01161628694,0.0115493358612,0.0057580265839
4242,1.01098828207,0.010928349537,0.0054492733193
4243,1.01173271881,0.0116644241371,0.0058152377351
4244,1.01182928675,0.0117598676527,0.00586268084748
4245,1.009440638,0.00939635366884,0.00468715766506
4246,1.00764935747,0.00762024948367,0.00380287542642
4247,1.01001732376,0.00996748294214,0.00497134323663
4248,1.01132547039,0.0112618174037,0.00561508485026
4249,1.0118857729,0.011815691862,0.0058904289251
4250,1.01152913982,0.0114631857368,0.00571519862665
4251,1.0107878933,0.010730119111,0.00535069332687
4252,1.00930023943,0.00925725848879,0.0046179336484
4253,1.0112625819,0.0111996312444,0.00558416588024
4254,1.01271250371,0.0126323781866,0.00629628390134
4255,1.01224110111,0.0121667846979,0.00606492598274
4256,1.01068654651,0.0106298489531,0.00530082525526
4257,1.00946069957,0.00941622742055,0.00469704791607
4258,1.01321182198,0.013125307041,0.0065411663399
4259,1.01002393191,0.00997402553088,0.00497459826295
4260,1.01012500222,0.0100740877717,0.00502437925334
4261,1.01061107233,0.0105551700116,0.00526368302109
4262,1.01337333234,0.0132846986716,0.00662033769675
4263,1.01049537247,0.010440678401,0.00520673690963
4264,1.01183202128,0.0117625702061,0.00586402420114
4265,1.01252330016,0.0124455322421,0.00620344481007
4266,1.0091890174,0.00914705524268,0.00456308496987
4267,1.01197029947,0.011899222087,0.00593194715615
4268,1.01156425438,0.0114978994615,0.00573245614131
4269,1.01041638851,0.0103625117495,0.00516785632068
4270,1.01492225447,0.0148120129837,0.00737864960254
4271,1.01151537452,0.011449577235,0.0057084332404
4272,1.01200068247,0.0119292452445,0.00594686957502
4273,1.01016266743,0.010111374747,0.0050429288961
4274,1.01223407764,0.0121598461342,0.00606147773582
4275,1.01409106369,0.0139927075347,0.00697193626202
4276,1.01078767991,0.0107299080019,0.00535058833711
4277,1.01144730305,0.0113822784452,0.00567497536791
4278,1.01144835877,0.0113833222127,0.00567549428983
4279,1.01041970728,0.0103657962952,0.00516949010516
4280,1.01100635566,0.0109462265228,0.00545816306414
4281,1.01111453796,0.0110532253726,0.00551136905722
4282,1.01253772065,0.0124597742708,0.00621052162439
4283,1.01212747662,0.0120545279749,0.00600913646992
4284,1.01213361128,0.0120605891032,0.00601214881841
4285,1.01102590238,0.0109655602591,0.00546777712249
4286,1.01424472068,0.0141442179457,0.00704716045771
4287,1.00801100603,0.00797908827275,0.00398159647786
4288,1.01539872509,0.0152813679563,0.00761156815446
4289,1.01102617739,0.0109658322725,0.00546791238552
4290,1.01248071218,0.0124034701232,0.00618254399583
4291,1.01526094872,0.0151456717859,0.00754423421538
4292,1.0106978905,0.01064107293,0.00530640747988
4293,1.0129157777,0.0128330803529,0.00639599814227
4294,1.01105856003,0.0109978612437,0.00548383917779
4295,1.00966997599,0.00962352100708,0.00480020252947
4296,1.0078845074,0.00785358709425,0.00391909377511
4297,1.01217609154,0.0121025592295,0.00603300749741
4298,1.01331700169,0.0132291098663,0.00659272691873
4299,1.01275748988,0.0126767986566,0.00631835404931
4300,1.01299826979,0.0129145172614,0.0064364553377
4301,1.0131247414,0.0130393582602,0.00649847213474
4302,1.01278114628,0.0127001567894,0.00632995925544
4303,1.01024443535,0.0101923167748,0.00508319500277
4304,1.01293064432,0.0128477572932,0.00640328964881
4305,1.01309794858,0.0130129121862,0.00648533494045
4306,1.01173388753,0.011665579304,0.00581581195958
4307,1.01075588551,0.0106984524362,0.00533494458411
4308,1.01046297576,0.0104086176654,0.00519078987992
4309,1.01336507791,0.0132765531399,0.00661629188573
4310,1.01017543269,0.0101240115053,0.00504921539224
4311,1.01049935503,0.0104446195884,0.00520869724102
4312,1.01275052497,0.0126699214632,0.006314937173
4313,1.01282972712,0.0127481234019,0.00635379046256
4314,1.0129807082,0.0128971808596,0.00642784289194
4315,1.00962727725,0.0095812303141,0.00477915846243
4316,1.01215246174,0.0120792134132,0.00602140494428
4317,1.01287609226,0.0127939001715,0.00637653315909
4318,1.01281239605,0.0127310117169,0.00634528894575
4319,1.01058875181,0.0105330836085,0.00525269788682
4320,1.0106588441,0.0106024390772,0.00528719287138
4321,1.01184210443,0.0117725354001,0.00586897756774
4322,1.01291481576,0.0128321306735,0.00639552633952
4323,1.01169124323,0.0116234286903,0.00579485900195
4324,1.0134068457,0.0133177692129,0.00663676336253
4325,1.01211271006,0.0120399382374,0.00600188541061
4326,1.01329898592,0.0132113307047,0.00658389590527
4327,1.01260009873,0.0125213780571,0.00624113175029
4328,1.00981520888,0.00976735260587,0.00487177054499
4329,1.0117843224,0.0117154279946,0.00584059104076
4330,1.01300834957,0.0129244676537,0.00644139849891
4331,1.01154034061,0.0114742587972,0.00572070349924
4332,1.00933791595,0.00929458713803,0.00463651160903
4333,1.01113588921,0.0110743417017,0.00552186897641
4334,1.00954852502,0.0095032259852,0.00474034193855
4335,1.00960911057,0.00956323670789,0.0047702046162
4336,1.00999415409,0.00994454280945,0.00495993012646
4337,1.01179901058,0.0117299449973,0.00584780712198
4338,1.00931385908,0.00927075254406,0.00462464949605
4339,1.00888913663,0.00884986083801,0.00441515483847
4340,1.01095771707,0.0108981162827,0.00543423895315
4341,1.0119669895,0.0118959512606,0.00593032144279
4342,1.01082258806,0.0107644429983,0.00536776329575
4343,1.01345416982,0.0133644661737,0.00665995661383
4344,1.01076132944,0.0107038384239,0.00533762320737
4345,1.01259135745,0.0125127455063,0.00623684240406
4346,1.01290313951,0.0128206032301,0.00638979946335
4347,1.01034077144,0.0102876714106,0.00513062883679
4348,1.01050566932,0.0104508682577,0.0052118052971
4349,1.01144167456,0.0113767136352,0.00567220874913
4350,1.01063553405,0.0105793745983,0.00527572153897
4351,1.01314833479,0.0130626457308,0.00651004013624
4352,1.01184598197,0.011776367555,0.00587088239795
4353,1.0114558382,0.0113907169592,0.00567917067188
4354,1.0099638887,0.00991457644876,0.00494502114996
4355,1.01119843804,0.0111361997525,0.0055526267401
4356,1.00923197518,0.00918962096932,0.00458427049224
4357,1.0115018295,0.0114361863246,0.00570177598345
4358,1.01123523112,0.0111725847049,0.0055707180357
4359,1.01218001381,0.012106434302,0.00603493334264
4360,1.0120272676,0.0119555147667,0.00595992613965
4361,1.01070074365,0.0106438958744,0.00530781146126
4362,1.00968489795,0.00963829994769,0.00480755650165
4363,1.01322137847,0.0131347388776,0.00654585139952
4364,1.00776642532,0.00773642188271,0.0038607390508
4365,1.01431363027,0.0142121574116,0.00708089022762
4366,1.01029875936,0.0102460884571,0.00510994381832
4367,1.01299457186,0.012910866773,0.00643464183992
4368,1.0108574847,0.0107989654165,0.00538493170258
4369,1.01300659227,0.0129227329169,0.00644053671722
4370,1.00989225916,0.00984365105947,0.00490973319339
4371,1.01163429551,0.0115671374874,0.00576687610652
4372,1.01117032223,0.0111083949233,0.00553880142433
4373,1.01078521724,0.0107274716116,0.00534937665926
4374,1.01070737072,0.0106504527567,0.00531107249571
4375,1.00984818909,0.00980001172071,0.00488802041588
4376,1.00798338947,0.00795169081547,0.00396795219857
4377,1.0086284224,0.00859141031724,0.00428649181454
4378,1.01329687773,0.0132092501825,0.00658286249259
4379,1.00909670787,0.00905558204604,0.00451755603037
4380,1.01086290102,0.0108043235468,0.00538759633756
4381,1.01225426575,0.0121797900517,0.00607138920036
4382,1.01095316684,0.0108936153635,0.00543200072054
4383,1.00749845608,0.00747048240978,0.00372827386905
4384,1.00972660382,0.00967960492175,0.00482810948844
4385,1.0111194548,0.011058088148,0.00551378704172
4386,1.01301560712,0.0129316319747,0.00644495757892
4387,1.01151851447,0.0114526814322,0.00570997647776
4388,1.01005646091,0.0100062311866,0.00499062085671
4389,1.01321676206,0.013130182689,0.00654358821471
4390,1.01509453463,0.014981745719,0.00746288619651
4391,1.00971126252,0.00966441128617,0.00482054932021
4392,1.011771966,0.01170321544,0.0058345204092
4393,1.01224267354,0.0121683381074,0.00606569797653
4394,1.01077900328,0.0107213239349,0.00534631925934
4395,1.01208153956,0.0120091403112,0.00598657875245
4396,1.01174245574,0.0116740481058,0.00582002172509
4397,1.01320582545,0.0131193886836,0.00653822651332
4398,1.01337499263,0.0132863370523,0.00662115146346
4399,1.00949084647,0.00944609133943,0.00471190962842
4400,1.00889222562,0.00885292260671,0.00441667896256
4401,1.01410539825,0.0140068428161,0.00697895460279
4402,1.01214057932,0.0120674735882,0.00601557035978
4403,1.01141140594,0.0113467869798,0.0056573301852
4404,1.01311010712,0.0130249134541,0.00649129664036
4405,1.01249774555,0.012420293383,0.0061909035853
4406,1.01154186577,0.0114757665598,0.00572145306752
4407,1.01205433776,0.0119822628615,0.00597322038983
4408,1.01064015554,0.0105839474372,0.00527799589331
4409,1.01428317894,0.0141821353494,0.0070659853761
4410,1.01293752805,0.0128545531241,0.00640666580069
4411,1.01111689863,0.0110555600933,0.00551252998315
4412,1.01348241704,0.0133923380122,0.00667379962398
4413,1.01285659935,0.0127746548814,0.00636697182718
4414,1.01259441214,0.0125157622071,0.006238341346
4415,1.01168377601,0.0116160477363,0.00579118990399
4416,1.01268605885,0.0126062649389,0.006283309401
4417,1.01349176759,0.0134015641194,0.00667838188045
4418,1.01132226493,0.0112586478329,0.00561350896232
4419,1.01189097552,0.0118208333671,0.00589298453154
4420,1.01252596663,0.0124481657276,0.00620475338363
4421,1.01109332283,0.0110322432278,0.00550093575027
4422,1.01194981374,0.0118789784735,0.00592188534053
4423,1.00987598561,0.00982753678846,0.00490171558397
4424,1.01339246717,0.0133035808115,0.00662971621934
4425,1.01191478087,0.0118443586898,0.00590467780693
4426,1.01261139009,0.0125325288549,0.00624667233695
4427,1.01384756744,0.0137525659041,0.00685269541425
4428,1.00934941763,0.00930598234657,0.00464218278014
4429,1.0108841625,0.0108253563195,0.00539805601089
4430,1.01314670343,0.0130610355444,0.00650924028387
4431,1.01393542861,0.0138392232708,0.00689572624708
4432,1.01210293428,0.0120302794112,0.00599708497147
4433,1.01483900935,0.0147299884375,0.00733793910979
4434,1.01180117369,0.0117320828818,0.0058488698127
4435,1.01161588789,0.0115489413947,0.0057578304863
4436,1.01348501007,0.0133948965345,0.00667507034677
4437,1.01365820933,0.013565776677,0.00675993647403
4438,1.01198434638,0.0119131027447,0.00593884629142
4439,1.01232509051,0.0122497549649,0.0061061586567
4440,1.01200048225,0.0119290473963,0.00594677123919
4441,1.00967504585,0.009628542307,0.00480270112466
4442,1.01355565584,0.0134645998944,0.00670968878608
4443,1.01299507552,0.0129113639693,0.0064348888384
4444,1.01255676409,0.0124785817213,0.00621986690368
4445,1.01269343068,0.0126135443984,0.00628692625462
4446,1.01048875614,0.0104341307687,0.00520348013405
4447,1.01213433196,0.0120613011432,0.00601250269795
4448,1.01291302323,0.0128303610002,0.00639464716148
4449,1.01312241291,0.0130370599344,0.00649733043899
4450,1.01125251864,0.0111896800074,0.00557921803407
4451,1.01174406714,0.0116756407936,0.00582081343392
4452,1.008657875,0.00862061053392,0.00430102923351
4453,1.01083303563,0.0107747786551,0.00537290337117
4454,1.01214989106,0.0120766735947,0.00602014268085
4455,1.01292676159,0.012843924119,0.00640138533236
4456,1.01113560572,0.0110740613341,0.00552172956664
4457,1.01247621089,0.0123990243071,0.00618033482857
4458,1.01287540384,0.0127932205067,0.00637619549358
4459,1.01168010526,0.0116124193779,0.00578938622938
4460,1.00947596228,0.0094313469768,0.00470457215712
4461,1.012486135,0.0124088260769,0.00618520541242
4462,1.01174776927,0.0116792999486,0.00582263236013
4463,1.01213889663,0.0120658110832,0.00601474410741
4464,1.01221500448,0.0121410033152,0.00605211338988
4465,1.01246355566,0.01238652494,0.00617412375073
4466,1.01035032928,0.0102971313826,0.00513533454383
4467,1.01133028502,0.0112665780983,0.00561745182888
4468,1.011654998,0.0115876016791,0.00577704914308
4469,1.0123380193,0.0122625262621,0.00611250529323
4470,1.01172949562,0.0116612383132,0.00581365408502
4471,1.01349272823,0.0134025119761,0.0066788526436
4472,1.01554669209,0.0154270803896,0.00768386718729
4473,1.01175529407,0.0116867373466,0.00582632939966
4474,1.01029768864,0.0102450286488,0.00510941662183
4475,1.0127680071,0.0126871833472,0.00632351357413
4476,1.01092053916,0.0108613406668,0.00541595090077
4477,1.01164876403,0.0115814395104,0.00577398585358
4478,1.01188533493,0.0118152590397,0.00589021378867
4479,1.01441604178,0.0143131186296,0.00713101212385
4480,1.01213251319,0.0120595041819,0.00601160961901
4481,1.00955428974,0.00950893616314,0.00474318348936
4482,1.01188073259,0.0118107107497,0.00588795303634
4483,1.01013674575,0.0100857135164,0.00503016290278
4484,1.00978852787,0.00974093058357,0.00485862380802
4485,1.00979980125,0.00975209461833,0.00486417868897
4486,1.00960461626,0.00955878516171,0.00476798945803
4487,1.01108192355,0.0110209689537,0.00549532960691
4488,1.00893626468,0.00889657256019,0.00443840730828
4489,1.01333178733,0.0132437010847,0.00659997440352
4490,1.00815471422,0.00812164419935,0.00405258811097
4491,1.01160860208,0.0115417392209,0.00575425012739
4492,1.01291212464,0.0128294738592,0.00639420642739
4493,1.01166407581,0.0115965748576,0.00578150980306
4494,1.01259290686,0.0125142756525,0.00623760270523
4495,1.01135518572,0.0112911995279,0.00562969331352
4496,1.01216361968,0.0120902373239,0.0060268836948
4497,1.01044292708,0.0103887763851,0.00518092068677
4498,1.01065642978,0.0106000502189,0.00528600475673
4499,1.01050071368,0.0104459641277,0.00520936600879
4500,1.01244784897,0.0123710114825,0.00616641488312
4501,1.01211346763,0.0120406867422,0.0060022574167
4502,1.00892212291,0.00888255594112,0.00443143008002
4503,1.01212251198,0.0120496228104,0.00600669862259
4504,1.01207343387,0.0120011313464,0.00598259823525
4505,1.01229180346,0.0122168726472,0.00608981775582
4506,1.00951610952,0.00947111656475,0.00472436320487
4507,1.01105269503,0.0109920603728,0.00548095464369
4508,1.01320758922,0.0131211294676,0.00653909121414
4509,1.01052162376,0.0104666566978,0.00521965834302
4510,1.00865928275,0.00862200620137,0.00430172406559
4511,1.01091892822,0.0108597471326,0.00541515844863
4512,1.01237596716,0.0123000109246,0.00613113288735
4513,1.01172549805,0.011657287085,0.00581168995453
4514,1.01083388533,0.0107756192511,0.00537332141088
4515,1.01157880214,0.0115122808059,0.00573960556759
4516,1.0133345065,0.0132463844792,0.0066013072447
4517,1.01221822651,0.0121441864671,0.00605369533219
4518,1.01344207364,0.0133525305063,0.00665402850792
4519,1.01112236419,0.0110609655417,0.00551521780488
4520,1.01240929528,0.0123329310729,0.00614749190798
4521,1.01332085712,0.0132329146187,0.00659461675126
4522,1.01278192182,0.0127009225434,0.0063303397088
4523,1.01043908513,0.0103849741334,0.00517902940873
4524,1.01115815466,0.0110963616877,0.00553281811339
4525,1.01232979328,0.012254400466,0.00610846722149
4526,1.01142836788,0.0113635574032,0.00566566792407
4527,1.01432516341,0.0142235277344,0.00708653511694
4528,1.01002916666,0.00997920831819,0.00497717676212
4529,1.01231158431,0.0122364131072,0.00609952843949
4530,1.01472122058,0.0146139152389,0.00728032670777
4531,1.0089056049,0.00886618387514,0.00442328028951
4532,1.01311198069,0.0130267627772,0.00649221529926
4533,1.01224462078,0.0121702617895,0.00606665398288
4534,1.01126930366,0.0112062781177,0.00558747075276
4535,1.01084737604,0.0107889652796,0.00537995854673
4536,1.01091175335,0.0108526497285,0.00541162895709
4537,1.01039489982,0.0103412443604,0.0051572775233
4538,1.0097938734,0.00974622428242,0.00486125779391
4539,1.01016159791,0.0101103159832,0.00504240218369
4540,1.01197411212,0.0119029896245,0.00593381974873
4541,1.01370146389,0.0136084475075,0.00678112743715
4542,1.01106840711,0.0110076005723,0.00548868212583
4543,1.01330105606,0.0132133736736,0.00658491066381
4544,1.01400261651,0.0139054855486,0.00692862837768
4545,1.0137185953,0.0136253472233,0.00678951996005
4546,1.00996168812,0.00991239758335,0.00494393710393
4547,1.01416333156,0.014063968686,0.00700731779322
4548,1.01289202713,0.0128096323535,0.00638434906095
4549,1.01012420818,0.0100733016881,0.00502398818623
4550,1.01004025652,0.00999018799579,0.00498263926203
4551,1.01158532375,0.0115187277501,0.00574281053309
4552,1.01135759215,0.0112935789387,0.00563087632053
4553,1.01025803998,0.0102057833508,0.00508989404157
4554,1.01164915688,0.0115818278327,0.00577417889361
4555,1.01141072967,0.0113461183337,0.00565699775351
4556,1.01177102917,0.0117022895079,0.00583406014425
4557,1.01331617217,0.0132282912477,0.00659232030778
4558,1.01373312994,0.0136396850705,0.00679664018456
4559,1.01133849283,0.0112746939212,0.00562148693704
4560,1.0103111695,0.0102583720129,0.00511605419332
4561,1.01035555966,0.0103023081722,0.00513790964306
4562,1.01261476608,0.0125358627889,0.00624832888955
4563,1.01215716265,0.0120838578651,0.00602371318451
4564,1.01099052625,0.0109305693267,0.00545037716541
4565,1.01319375994,0.0131074803605,0.00653231126383
4566,1.01268181343,0.0126020726956,0.00628122644776
4567,1.01194655334,0.0118757565655,0.00592028392512
4568,1.01025696391,0.0102047182076,0.00508936418059
4569,1.01190816144,0.0118378171866,0.00590142636274
4570,1.01270757922,0.0126275155003,0.00629386786369
4571,1.00970342733,0.00965665142824,0.00481668808714
4572,1.01465542946,0.0145490764917,0.00724814283608
4573,1.01263795706,0.0125587646066,0.00625970818424
4574,1.01146459792,0.0113993774252,0.0056834763034
4575,1.01294747394,0.0128643719429,0.00641154374518
4576,1.01250995601,0.0124323530434,0.00619689606734
4577,1.00602450583,0.00600643105674,0.00299871038771
4578,1.01263674048,0.0125575632037,0.00625911124283
4579,1.00996848487,0.00991912726293,0.00494728530253
4580,1.01317983004,0.0130937317628,0.00652548184657
4581,1.0143944239,0.0142918077462,0.00712043260988
4582,1.01282736734,0.0127457935041,0.00635263291487
4583,1.01138078628,0.011316512335,0.00564227838576
4584,1.01386776113,0.0137724835813,0.00686258595871
4585,1.01083364167,0.0107753782007,0.00537320153329
4586,1.01270026172,0.0126202897926,0.00629027774217
4587,1.01213024744,0.0120572655884,0.00601049705039
4588,1.0111677923,0.0111058929355,0.00553755735864
4589,1.01152963296,0.0114636732539,0.00571544099205
4590,1.0124076781,0.0123313337226,0.00614669814234
4591,1.01135541439,0.0112914256293,0.00562980572773
4592,1.0131685895,0.0130826373852,0.00651997084057
4593,1.01116096817,0.0110991441522,0.00553420164722
4594,1.0114615595,0.0113963734404,0.00568198284644
4595,1.01227212486,0.0121974328061,0.00608015698088
4596,1.00916663893,0.00912488029409,0.00455204802748
4597,1.01168346455,0.0116157398758,0.00579103686515
4598,1.01135039225,0.0112864598687,0.00562733682252
4599,1.01251287144,0.0124352324524,0.00619832684913
4600,1.01255789431,0.0124796979329,0.00622042153796
4601,1.01155717843,0.0114909043777,0.00572897864282
4602,1.01299726013,0.0129135205561,0.00643596019253
4603,1.01118086436,0.0111188205323,0.00554398534263
4604,1.01063551832,0.010579359032,0.00527571379688
4605,1.0123895279,0.0123134057983,0.00613778923903
4606,1.0137874129,0.0136932312132,0.00682323093301
4607,1.01299874838,0.0129149897095,0.00643669004126
4608,1.01079876981,0.0107408794857,0.0053560447121
4609,1.01079694335,0.0107390725321,0.00535514607395
4610,1.01184836838,0.0117787260273,0.00587205471028
4611,1.01255766826,0.0124794746795,0.00622031060562
4612,1.01495620216,0.0148454609849,0.0073952500638
4613,1.01289250498,0.0128101041209,0.00638458343869
4614,1.01213970747,0.0120666121966,0.00601514225475
4615,1.01279726222,0.0127160692291,0.00633786508132
4616,1.01064315949,0.010586919765,0.00527947421215
4617,1.0134935061,0.0134032794938,0.00667923383931
4618,1.01218361241,0.0121099895926,0.00603670025836
4619,1.01341022202,0.0133211008653,0.00663841813165
4620,1.0129796732,0.0128961591216,0.00642733530659
4621,1.00909351782,0.00905242074391,0.00451598251875
4622,1.01254508512,0.0124670475254,0.00621413565979
4623,1.01378874577,0.0136945459597,0.00682388382066
4624,1.00924059224,0.0091981591684,0.00458852001199
4625,1.01151063781,0.0114448944341,0.00570610520295
4626,1.01122956527,0.0111669817884,0.00556793217971
4627,1.01035601643,0.01030276026,0.0051381345255
4628,1.01220022133,0.0121263984641,0.00604485513295
4629,1.0105122293,0.0104573600161,0.00521503425421
4630,1.00968304733,0.00963646707875,0.00480664447257
4631,1.01243261377,0.0123559634842,0.0061589372519
4632,1.01195267868,0.0118818095712,0.00592329250567
4633,1.01136626568,0.011302155022,0.00563514020761
4634,1.01139223148,0.0113278286774,0.00564790461605
4635,1.01075681072,0.0106993678015,0.00533539982497
4636,1.01046071019,0.0104063755494,0.00518967464048
4637,1.01188026394,0.0118102476015,0.00588772282568
4638,1.01127397315,0.0112108955638,0.00558976657322
4639,1.01236600161,0.0122901671471,0.00612624116333
4640,1.01453517519,0.0144305521254,0.00718930845041
4641,1.01215186535,0.0120786241791,0.00602111210118
4642,1.01026817575,0.0102158161522,0.00509488489682
4643,1.01172607218,0.0116578545565,0.00581197204123
4644,1.01124106617,0.0111783549085,0.00557358706129
4645,1.0144478105,0.0143444353937,0.00714655872404
4646,1.01257010375,0.0124917558752,0.0062264129883
4647,1.01376236058,0.0136685192997,0.00681095920799
4648,1.01196013524,0.0118891780386,0.00592695490982
4649,1.01235231323,0.0122766458836,0.0061195219261
4650,1.01441622799,0.0143133021959,0.00713110325248
4651,1.01041332967,0.0103594844336,0.00516635048397
4652,1.01314595744,0.0130602992342,0.00650887452514
4653,1.01166796372,0.0116004179341,0.00578342023012
4654,1.00985623297,0.00980797712477,0.00489198364249
4655,1.01230900658,0.012233866732,0.00609826301691
4656,1.00880427131,0.00876573971282,0.00437327909912
4657,1.00994351678,0.00989440530832,0.00493498540248
4658,1.0126179414,0.0125389985498,0.00624988697216
4659,1.01244031899,0.0123635740532,0.00616271909273
4660,1.01390232952,0.0138065785577,0.00687951631275
4661,1.01450751043,0.0144032833449,0.00717577198969
4662,1.01286138519,0.0127793799628,0.00636931932287
4663,1.01115772928,0.0110959410052,0.00553260893587
4664,1.01059646546,0.0105407164043,0.0052564942311
4665,1.014309067,0.0142076585278,0.00707865671123
4666,1.01306539441,0.0129807783788,0.00646937210774
4667,1.01259749741,0.0125188091012,0.00623985528813
4668,1.00968960074,0.00964295761728,0.00480987413774
4669,1.01252176806,0.0124440190886,0.00620269292639
4670,1.01344715836,0.0133575477685,0.00665652044343
4671,1.01330905457,0.0132212671533,0.006588831407
4672,1.01104764692,0.0109870674337,0.00547847185405
4673,1.01102178566,0.0109614884335,0.00546575233955
4674,1.01371496569,0.0136217667234,0.00678774186342
4675,1.01471641017,0.0146091746042,0.00727797364431
4676,1.01262881432,0.0125497359279,0.00625522209317
4677,1.01007164931,0.010021268245,0.00499810183563
4678,1.0107183365,0.0106613023093,0.005316468446
4679,1.0109938675,0.0109338742433,0.00545202061583
4680,1.01144736633,0.0113823410031,0.00567500646933
4681,1.01149173878,0.0114262102946,0.00569681639665
4682,1.01093116209,0.0108718487887,0.00542117649226
4683,1.01261904728,0.0125400906462,0.00625042960749
4684,1.0124312502,0.0123546166536,0.00615826798391
4685,1.01017474594,0.0101233316735,0.00504887719263
4686,1.01011795538,0.0100671115412,0.00502090865761
4687,1.0107456955,0.0106883708117,0.00532993065168
4688,1.01144174852,0.0113767867621,0.00567224510518
4689,1.01339675195,0.0133078089538,0.0066318162726
4690,1.01286386439,0.0127818276776,0.00637053538439
4691,1.01330259898,0.0132148963402,0.00658566698355
4692,1.01129411995,0.0112308175583,0.00559967184148
4693,1.01124279922,0.0111800686962,0.00557443917881
4694,1.01386246106,0.0137672559923,0.00685999009823
4695,1.0107241255,0.0106670299085,0.00531931701622
4696,1.00935990398,0.00931637150985,0.00464735323415
4697,1.01080801644,0.0107500272922,0.00536059410689
4698,1.01186019415,0.0117904132489,0.00587786399009
4699,1.01160514499,0.0115383217938,0.00575255124478
4700,1.01082831535,0.0107701089491,0.00537058106039
4701,1.0123561592,0.0122804449198,0.00612140981828
4702,1.00934797637,0.00930455443398,0.00464147213791
4703,1.00996479188,0.0099154707255,0.00494546607712
4704,1.01238478699,0.0123087228981,0.00613546215754
4705,1.01303019643,0.0129460337408,0.0064521120268
4706,1.01131820585,0.0112546341864,0.0056115134024
4707,1.01087743964,0.0108187058247,0.00539474870785
4708,1.01254878826,0.0124707047717,0.00621595291796
4709,1.01060109316,0.0105452955739,0.00525877177811
4710,1.01109097547,0.0110299216223,0.00549978133235
4711,1.01290910843,0.012826496093,0.00639272706338
4712,1.01309388351,0.0130088996614,0.00648334168732
4713,1.01023828529,0.0101862290556,0.00508016661107
4714,1.01242501351,0.0123484565245,0.00615520688252
4715,1.01302060635,0.012936566964,0.00644740916763
4716,1.01271483729,0.0126346824638,0.00629742878508
4717,1.01238977681,0.0123136516675,0.00613791141906
4718,1.01067274256,0.0106161908595,0.00529403238486
4719,1.01330232025,0.013214621266,0.0065855303522
4720,1.01458941661,0.0144840150005,0.00721584735268
4721,1.01468443146,0.0145776591892,0.0072623304977
4722,1.01114797524,0.0110862945537,0.0055278123836
4723,1.01195829769,0.0118873621996,0.00592605237111
4724,1.0127037623,0.012623746469,0.00629199520714
4725,1.01267418686,0.0125945416022,0.00627748454627
4726,1.01129232244,0.0112290401243,0.00559878810062
4727,1.01140480267,0.0113402581884,0.005654084252
4728,1.01114149392,0.0110798846717,0.00552462515378
4729,1.0110716166,0.0110107749225,0.00549026058819
4730,1.01042508224,0.0103711158141,0.00517213611152
4731,1.01170901209,0.0116409920617,0.00580358976067
4732,1.00846057605,0.00842498597531,0.00420363288447
4733,1.01157768989,0.0115111812854,0.00573905896262
4734,1.01018339191,0.0101318905167,0.00505313499882
4735,1.01218554593,0.0121118998375,0.00603764961457
4736,1.01068986192,0.0106331293013,0.00530245673375
4737,1.01132511563,0.0112614666138,0.00561491044014
4738,1.00997595124,0.00992651991607,0.00495096333552
4739,1.0109610716,0.0109014344515,0.00543588902029
4740,1.01164960406,0.0115822698667,0.00577439863444
4741,1.0122364821,0.0121622215349,0.00606265823626
4742,1.01086957155,0.0108109223675,0.00539087796663
4743,1.01069403268,0.010637255932,0.00530450910634
4744,1.01397864001,0.0138818398719,0.00691688738601
4745,1.01035977306,0.0103064783802,0.0051399840318
4746,1.01032266033,0.0102697455072,0.0051217118307
4747,1.01333908201,0.0132508997677,0.00660354998304
4748,1.01238962671,0.0123135033986,0.00613783773967
4749,1.01401101558,0.0139137685998,0.00693274119967
4750,1.01208127023,0.0120088741921,0.00598644648947
4751,1.00819862495,0.00816519880082,0.00407427692111
4752,1.01207567596,0.0120033466812,0.0059836992753
4753,1.01064315121,0.0105869115668,0.00527947013468
4754,1.01064032176,0.0105841119157,0.00527807769849
4755,1.0122798688,0.0122050828284,0.0060839587281
4756,1.009746889,0.00969969449813,0.00483810572909
4757,1.01479786091,0.0146894408508,0.0073178138803
4758,1.01189454527,0.0118243611593,0.00589473803147
4759,1.0114560507,0.0113909270513,0.00567927512134
4760,1.01245266624,0.0123757695125,0.00616877922527
4761,1.01325361043,0.013166549737,0.00656165258898
4762,1.01078651513,0.010728755658,0.00535001524783
4763,1.01235858702,0.0122828431075,0.00612260157124
4764,1.01372742171,0.0136340541518,0.00679384385692
4765,1.01232928806,0.0122539014023,0.00610821921388
4766,1.01100355822,0.0109434595361,0.0054567871212
4767,1.01003566078,0.00998563792881,0.00498037556163
4768,1.01334005193,0.0132518569202,0.00660402539884
4769,1.00990523349,0.00985649822156,0.00491612521583
4770,1.01220398245,0.0121301142349,0.00604670178601
4771,1.01084761058,0.0107891973002,0.00538007393286
4772,1.01266740478,0.0125878443863,0.00627415695355
4773,1.01087100456,0.0108123399686,0.00539158294587
4774,1.01111174949,0.0110504675525,0.0055099977459
4775,1.00832226743,0.00828782830144,0.0041353399861
4776,1.01105387748,0.0109932298959,0.00548153620002
4777,1.0137852232,0.0136910712903,0.00682215833982
4778,1.01139796493,0.0113334975318,0.00565072303067
4779,1.01370918114,0.0136160604245,0.00678490807638
4780,1.01216350502,0.0120901240406,0.00602682739454
4781,1.01161840961,0.011551434157,0.00575906969022
4782,1.01178900016,0.0117200512577,0.00584288916838
4783,1.00831137068,0.00827702142974,0.00412995888076
4784,1.01192495239,0.0118544104008,0.00590967397379
4785,1.01256148793,0.0124832469752,0.00622218501927
4786,1.01033651718,0.0102834606855,0.00512853427387
4787,1.01197591022,0.0119047664543,0.00593470289154
4788,1.0124709804,0.0123938582586,0.00617776776496
4789,1.01165991334,0.0115924603708,0.00577946445156
4790,1.01048347607,0.0104289054967,0.00520088108946
4791,1.01238126196,0.0123052409851,0.00613373188107
4792,1.01142184636,0.0113571095475,0.00566246225672
4793,1.01238281721,0.0123067772137,0.00613449528367
4794,1.01240530575,0.0123289904442,0.00614553370417
4795,1.01210483919,0.012032161536,0.0059980203898
4796,1.01197764663,0.0119064823069,0.00593555572594
4797,1.01046860539,0.0104141889845,0.00519356107586
4798,1.01382794202,0.0137332083459,0.00684308291436
4799,1.00983406189,0.00978602219326,0.00488105981836
4800,1.01264043223,0.0125612088776,0.00626092266876
4801,1.01111601149,0.0110546827006,0.00551209370503
4802,1.00876924752,0.00873102098429,0.00435599550218
4803,1.01130500553,0.0112415815109,0.00560502366611
4804,1.01155169178,0.0114854804031,0.0057262821888
4805,1.0100756833,0.0100252620035,0.00500008873231
4806,1.01062888385,0.0105727943619,0.00527244877312
4807,1.01047742938,0.0104229215243,0.00519790465978
4808,1.01437795195,0.0142755693991,0.00711237121561
4809,1.00898845014,0.00894829446765,0.00446415314765
4810,1.01097652204,0.0109167172526,0.00544348885401
4811,1.01237841223,0.0123024261044,0.00613233307262
4812,1.01123614156,0.0111734850268,0.00557116568887
4813,1.011765091,0.0116964204072,0.00583114270997
4814,1.01143630831,0.0113714080785,0.00566957101441
4815,1.01171211905,0.0116440630598,0.00580511634716
4816,1.01356957803,0.013478335787,0.00671651062716
4817,1.01062439132,0.0105683490682,0.00527023784264
4818,1.01097235151,0.0109125920011,0.005441437454
4819,1.01032428807,0.0102713566189,0.00512251326038
4820,1.01268747777,0.0126076660884,0.00628400557357
4821,1.01320821449,0.0131217465868,0.00653939775597
4822,1.01300570558,0.0129218576059,0.00644010188037
4823,1.01212959386,0.0120566198358,0.0060101761147
4824,1.0103732411,0.0103198082291,0.00514661467653
4825,1.01236957221,0.012293694135,0.00612799385214
4826,1.01090503668,0.0108460055416,0.00540832483609
4827,1.01273522777,0.012654816735,0.00630743247327
4828,1.01256725748,0.0124889449329,0.00622501626724
4829,1.01150965895,0.0114439267196,0.00570562410654
4830,1.00981524536,0.00976738873596,0.00487178852203
4831,1.0094186323,0.00937455353887,0.00467630863127
4832,1.01014052588,0.0100894557069,0.00503202458438
4833,1.01362614433,0.013534143226,0.00674422654435
4834,1.01028245442,0.0102299496,0.00510191559171
4835,1.01108675689,0.0110257493017,0.00549770664328
4836,1.01079292356,0.010735095677,0.00535316829275
4837,1.01146593198,0.01140069637,0.00568413202752
4838,1.01246015979,0.0123831708662,0.00617245706666
4839,1.01197313818,0.0119020272078,0.00593334139567
4840,1.01178393391,0.0117150440261,0.0058404001778
4841,1.01034330364,0.0102901776908,0.00513187554669
4842,1.01175758,0.0116889967132,0.00582745250041
4843,1.0117963459,0.0117273113854,0.00584649801559
4844,1.01107434833,0.0110134767272,0.00549160407284
4845,1.01383855571,0.0137436772124,0.00684828151436
4846,1.01122414351,0.0111616202185,0.00556526631763
4847,1.01451772001,0.0144133468783,0.00718076763705
4848,1.01115941963,0.0110976126965,0.00553344015678
4849,1.01151010289,0.0114443656076,0.00570584229842
4850,1.01165195011,0.0115845888961,0.00577555145293
4851,1.01318207093,0.0130959434951,0.0065265804958
4852,1.01208835632,0.0120158756674,0.00598992626402
4853,1.01103363014,0.0109732037177,0.00547157794818
4854,1.01112671439,0.0110652678843,0.00551735710968
4855,1.01155272294,0.011486499788,0.00572678896246
4856,1.01121565158,0.0111532225173,0.00556109082594
4857,1.01055115802,0.0104958830249,0.00523419512466
4858,1.01052594501,0.0104709329489,0.00522178530603
4859,1.00956395663,0.00951851152345,0.00474794844926
4860,1.01367802632,0.0135853264604,0.00676964524063
4861,1.01344611144,0.0133565147463,0.00665600737035
4862,1.01650717534,0.0163724129326,0.00815279072303
4863,1.01355786248,0.0134667770199,0.0067107700443
4864,1.01137075679,0.0113065956546,0.00563734800966
4865,1.01175398861,0.0116854470556,0.00582568801275
4866,1.00983637901,0.00978831674744,0.00488220149486
4867,1.01282835622,0.0127467698592,0.00635311799108
4868,1.0105777871,0.0105222337177,0.00524730142236
4869,1.01286228072,0.0127802641169,0.00636975858408
4870,1.01148191873,0.0114165017643,0.00569198977361
4871,1.00783652646,0.00780598037035,0.00389538341858
4872,1.01008152427,0.0100310446951,0.00500296561699
4873,1.01174937712,0.0116808891245,0.00582342232116
4874,1.01216946186,0.012096009274,0.00602975227228
4875,1.01231624878,0.0122410208373,0.00610181824941
4876,1.01367993052,0.0135872049626,0.0067705781329
4877,1.0128870873,0.0128047553769,0.00638192613787
4878,1.01034192109,0.0102888092954,0.00513119485996
4879,1.01226279978,0.012188220735,0.00607557894021
4880,1.01150611348,0.0114404215857,0.0057038815375
4881,1.01402201421,0.0139246151973,0.0069381268855
4882,1.01082446937,0.0107663041629,0.00536868888246
4883,1.01225493249,0.0121804487173,0.00607171653363
4884,1.01538745134,0.0152702651133,0.00760605897268
4885,1.01247979113,0.0124025604251,0.00618209195884
4886,1.01232161941,0.0122463261154,0.00610445469903
4887,1.00954109187,0.00949586311608,0.0047366779485
4888,1.01223832424,0.0121640413999,0.00606356265178
4889,1.01039056904,0.0103369581233,0.0051551454551
4890,1.0133878803,0.0132990545466,0.00662746808831
4891,1.01330368176,0.0132159648989,0.00658619774415
4892,1.01087544549,0.010816733136,0.00539376768407
4893,1.01150313646,0.0114374784194,0.00570241834705
4894,1.01236755345,0.0122917000372,0.00612700291262
4895,1.01069825987,0.0106414383875,0.00530658923901
4896,1.010952255,0.0108927134001,0.00543155218846
4897,1.01112800858,0.0110665478341,0.00551799355342
4898,1.01291781839,0.0128350950123,0.00639699902862
4899,1.01342900298,0.0133396331318,0.00664762270979
4900,1.01380509388,0.0137106715871,0.00683189158237
4901,1.01177252265,0.0117037656045,0.00583479388646
4902,1.01214676369,0.0120735837615,0.00601860706368
4903,1.01133798179,0.0112741886129,0.00562123570314
4904,1.01188815912,0.0118180500509,0.00589160107349
4905,1.01070506637,0.0106481728156,0.005309938579
4906,1.01134416318,0.0112803006879,0.00562427455732
4907,1.01217815829,0.0121046011158,0.0060340222807
4908,1.01079486568,0.0107370170533,0.00535412383772
4909,1.01194068405,0.0118699565444,0.00591740107927
4910,1.01093835802,0.0108789668854,0.00542471624009
4911,1.01074888425,0.0106915256567,0.00533149966538
4912,1.01226397963,0.0121893862841,0.00607615817388
4913,1.01097218719,0.0109124294612,0.00544135662631
4914,1.01128420697,0.0112210152389,0.00559479811473
4915,1.01137508365,0.0113108738535,0.005639475048
4916,1.01174580332,0.0116773568248,0.00582166645483
4917,1.01134788528,0.0112839810241,0.00562610437412
4918,1.01273805839,0.0126576117596,0.00630882116987
4919,1.01267073684,0.0125911347612,0.00627579181751
4920,1.00987576845,0.00982732175796,0.00490160859572
4921,1.01132847621,0.0112647895499,0.00561656257784
4922,1.01108220262,0.0110212449653,0.00549546685435
4923,1.01253526515,0.0124573491745,0.00620931660607
4924,1.01248117436,0.0124039266052,0.00618277082568
4925,1.01255099347,0.0124728826558,0.00621703509059
4926,1.01062059893,0.0105645965435,0.00526837146689
4927,1.00859693372,0.00856019052532,0.00427094870896
4928,1.01315977147,0.0130739339246,0.00651564747398
4929,1.01088272985,0.0108239391016,0.0053973512268
4930,1.01115762961,0.0110958424344,0.00553255992315
4931,1.0118813929,0.0118113633063,0.00588827739343
4932,1.011339927,0.0112761120173,0.00562219199892
4933,1.01005516511,0.0100049482812,0.00498998260502
4934,1.01298242059,0.0128988713022,0.00642868267995
4935,1.01128116058,0.0112180028363,0.00559330033919
4936,1.01122668618,0.011164134669,0.00556651654527
4937,1.01101954908,0.0109592762355,0.00546465228558
4938,1.01463392765,0.0145278850257,0.00723762384677
4939,1.01266760067,0.0125880378213,0.00627425306423
4940,1.01050939681,0.0104545569829,0.00521364004557
4941,1.01113518811,0.0110736483167,0.00552152419822
4942,1.01034044514,0.0102873484559,0.00513046818791
4943,1.01230606095,0.0122309569087,0.00609681697665
4944,1.0119963045,0.0119249191788,0.00594471940313
4945,1.00860312025,0.0085663243037,0.00427400249494
4946,1.0128461198,0.0127643082976,0.00636183146016
4947,1.00944898786,0.00940462541007,0.00469127414168
4948,1.01046540697,0.010411023694,0.00519198664892
4949,1.01011146945,0.0100606905537,0.00501771427833
4950,1.01357760975,0.0134862599524,0.0067204460907
4951,1.00983809081,0.00979001187696,0.00488304492128
4952,1.0111649404,0.011103072526,0.005536154962
4953,1.00926806445,0.00922537948064,0.00460206762545
4954,1.01111567806,0.0110543529438,0.00551192973541
4955,1.01072874891,0.010671604246,0.00532159201622
4956,1.01291041238,0.012827783427,0.00639336661541
4957,1.01159641137,0.011529688332,0.00574825933681
4958,1.01312767772,0.0130422565351,0.006499911854
4959,1.01265588617,0.0125764697958,0.00626850532523
4960,1.01050761054,0.0104527892953,0.00521276080942
4961,1.01250835092,0.0124307677873,0.00619610835082
4962,1.00902763226,0.00898712678073,0.00448348243984
4963,1.01237611001,0.0123001520303,0.00613120300764
4964,1.01079718459,0.0107393112028,0.00535526477022
4965,1.01209931044,0.0120266988919,0.00599530544657
4966,1.01125056997,0.0111877530178,0.00557825991437
4967,1.01045069083,0.0103964598673,0.0051847425168
4968,1.01198132512,0.0119101172571,0.00593736241169
4969,1.01115292974,0.01109119441,0.00553024876601
4970,1.01305493746,0.0129704562357,0.00646424441185
4971,1.0101255205,0.0100746008502,0.00502463450357
4972,1.0112233723,0.011160857571,0.00556488711595
4973,1.01056457907,0.0105091638502,0.00524080075815
4974,1.01139444698,0.0113300192228,0.00564899370216
4975,1.01098144233,0.0109215841156,0.00544590903619
4976,1.0121041518,0.012031482369,0.0059976828431
4977,1.00888231137,0.00884309568941,0.00441178719306
4978,1.01056845526,0.0105129995161,0.00524270853829
4979,1.01134077284,0.0112769483723,0.00562260782528
4980,1.01324258679,0.0131556702285,0.00655624851381
4981,1.01255970575,0.0124814868998,0.00622131045696
4982,1.01223345448,0.0121592305034,0.00606117178624
4983,1.01166181817,0.0115943432535,0.00578040045145
4984,1.0117868709,0.0117179468117,0.00584184309284
4985,1.00988887146,0.00984029653779,0.00490806416605
4986,1.01187809596,0.0118081050674,0.00588665786537
4987,1.01141011061,0.0113455062656,0.00565669345063
4988,1.01236886874,0.0122929992553,0.00612764854132
4989,1.01176851629,0.0116998058554,0.00583282556213
4990,1.01296270024,0.0128794035041,0.00641901130997
4991,1.01182611473,0.0117567327139,0.00586112256644
4992,1.0121671881,0.0120937628526,0.00602863583366
4993,1.01015422041,0.0101030126695,0.00503876893334
4994,1.01161245234,0.0115455452868,0.00575614220804
4995,1.01349358308,0.0134033554457,0.00667927156162
4996,1.00975502273,0.00970774967754,0.00484211382482
4997,1.01125451724,0.0111916563656,0.00558020069944
4998,1.0125565895,0.0124784092988,0.00621978122862
4999,1.01180400636,0.0117348824998,0.00585026143342
