replicate,RZ_ratio,log_RZ_ratio,coupling_advantage
0,1.00308904252,0.00308428123382,0.00154095212909
1,0.999946713843,-5.32875764781e-05,-2.66441431878e-05
2,1.00286507465,0.00286097814717,0.00142946641179
3,1.00408874862,0.00408041240393,0.00203812639594
4,1.00277434967,0.00277050826048,0.00138429510862
5,1.00118704246,0.00118633847908,0.000592993349446
6,1.00190090111,0.00189909668042,0.000949097661843
7,1.00044974411,0.000449643000987,0.000224796230034
8,1.0032177671,0.00321260116969,0.00160501117455
9,1.00238015793,0.00237732984547,0.00118795874042
10,1.00141769308,0.00141668910598,0.000708093736214
11,1.00148220468,0.00148110729861,0.000740279507128
12,1.00131658894,0.00131572299843,0.000657645155783
13,1.00172039623,0.00171891803867,0.000859089790221
14,1.00329581835,0.00329039904465,0.00164384692346
15,1.00150021301,0.0014990888176,0.000749263570561
16,1.00191879883,0.00191696028634,0.0009580209478
17,0.999745273544,-0.000254758904605,-0.00012738756541
18,1.00360815231,0.00360165854659,0.00179920875317
19,1.00035493158,0.00035486861065,0.00017741856479
20,1.00281933581,0.00281536893247,0.0014066941432
21,1.00064033416,0.000640129236466,0.000320013403017
22,1.0008056904,0.000805366010547,0.000402601939354
23,1.0012864667,0.00128563990669,0.000642613388862
24,1.00167778952,0.00167638360766,0.000837840619206
25,0.998195265566,-0.00180636492874,-0.000903590456471
26,1.00262449595,0.00262105797896,0.00130967062138
27,1.00450655415,0.00449643003841,0.00224568967668
28,1.00269109447,0.00268747995395,0.00134283756266
29,1.00074088423,0.000740609914671,0.000370236402917
30,1.00213017704,0.00212791143218,0.00106338991589
31,1.00261792611,0.00261450531484,0.00130639857487
32,1.00053702472,0.000536880573729,0.000268404259994
33,1.00219229836,0.00218989877777,0.00109435015053
34,1.00242988626,0.00242693885779,0.00121273347259
35,1.00304360974,0.00303898733403,0.00151833982101
36,1.00110822045,0.00110760682847,0.00055365009343
37,1.00126324517,0.00126244794891,0.000631024794514
38,1.00023622333,0.000236195430965,0.000118090742222
39,1.00340428559,0.00339850413188,0.00169780915456
40,1.00154504605,0.00154385369747,0.00077162898985
41,0.999958325189,-4.16756791839e-05,-2.08380567013e-05
42,1.00210535573,0.00210314257676,0.00105101858104
43,1.00375215896,0.00374513716971,0.00187081642215
44,1.00085401666,0.000853652194772,0.000426735020086
45,1.00058597361,0.000585801989697,0.00029285810354
46,1.00153223982,0.00153106713909,0.000765240623479
47,1.00238166286,0.00237883120075,0.001188708526
48,1.00129685471,0.00129601451749,0.000647797347385
49,1.00135709291,0.0013561728899,0.000677856596291
50,1.00218247524,0.0021800970967,0.00108945466124
51,1.000596825,0.000596646967614,0.000298278989781
52,1.00087197045,0.000871590506898,0.00043570030849
53,1.00187560673,0.00187384998065,0.000936486213149
54,1.00467218373,0.00466130296169,0.00232793762145
55,1.00148726624,0.00148616135957,0.000742804663707
56,1.00076351003,0.000763218709082,0.000381536550952
57,1.00251638746,0.00251322665564,0.0012558241199
58,1.0031553724,0.00315040466126,0.0015739623506
59,0.999224973967,-0.000775326521157,-0.000387738411691
60,1.00011807418,0.000118067205315,5.90318602084e-05
61,1.00405951924,0.00405130161917,0.00202360056358
62,1.00164543914,0.00164408689166,0.000821705660683
63,1.00333267298,0.00332713193098,0.00166218300661
64,1.00279855485,0.00279464618749,0.00139634729239
65,1.00349028591,0.00348420899749,0.00174058791551
66,1.00287305544,0.00286893610379,0.00143343969437
67,1.0025562368,0.00255297517909,0.00127567322581
68,0.999778055273,-0.00022196936046,-0.000110990839257
69,1.0024817647,0.00247869020918,0.00123857743362
70,1.00241682186,0.0024139060441,0.0012062249472
71,1.00169622601,0.0016947890472,0.000847035586254
72,1.00316380482,0.00315881052167,0.00157815865673
73,1.00297387918,0.00296946594441,0.0014836313015
74,1.00345409705,0.00344814536064,0.00172258732076
75,1.00314862741,0.00314368086378,0.00157060573772
76,0.999998490667,-1.50933440175e-06,-7.54667485614e-07
77,1.00234979056,0.0023470341151,0.00117282875568
78,1.0017684407,0.001766878848,0.000883049306284
79,1.00002455388,2.4553580818e-05,1.22767150494e-05
80,1.0010958275,0.0010952275213,0.000547463847602
81,1.00270163101,0.00269798816127,0.00134808459713
82,1.00153333779,0.00153216342946,0.000765788349052
83,1.00058696445,0.000586792256275,0.000293353091702
84,1.00188281576,0.00188104548223,0.000940080588229
85,1.00176578606,0.0017642288939,0.000881725498374
86,1.00066870937,0.000668485887855,0.000334187090978
87,1.00180469255,0.00180306604748,0.000901126764936
88,1.0026966153,0.00269298596012,0.00134558686513
89,1.00424986258,0.00424085742126,0.00211818218981
90,1.0008736365,0.000873255104937,0.00043653224453
91,1.00308234198,0.00307760129965,0.00153761730316
92,1.00328045592,0.00327508696291,0.00163620343869
93,1.00256816507,0.0025648729673,0.0012816145134
94,1.0028787557,0.00287462001981,0.00143627757458
95,1.00186284972,0.00186111676584,0.000930125547738
96,1.00169250405,0.00169107337845,0.000845179323808
97,1.00141344787,0.00141244989409,0.0007059756289
98,1.00231738098,0.00231469999152,0.00115668052455
99,0.999513615345,-0.000486502978453,-0.000243281077269
100,1.00316419731,0.00315920177426,0.00157835397428
101,1.00202187901,0.00201983775942,0.00100940908327
102,1.00055866893,0.000558512936686,0.000279217479885
103,1.00218067826,0.00217830402921,0.00108855910382
104,1.00238922421,0.00238637455484,0.00119247571252
105,1.00003470964,3.47090336559e-05,1.73543662392e-05
106,1.00333799857,0.0033324398232,0.00166483253787
107,1.00149483605,0.00149371989853,0.000746581118793
108,1.00140149765,0.00140051647139,0.000700013112118
109,1.002820963,0.00281699155593,0.00140750431333
110,1.0023061006,0.00230344562974,0.00115105983669
111,1.00058762825,0.00058745566131,0.000293684696859
112,1.00212520026,0.00212294521198,0.00106090944322
113,1.0032552837,0.00324999673857,0.00162367877431
114,1.00220689167,0.00220446005665,0.00110162279593
115,1.00160907159,0.00160777841712,0.000803566176199
116,1.00130594165,0.00130508964772,0.000652331962792
117,1.00201313339,0.00201110975295,0.00100504947559
118,1.00340069044,0.00339492117048,0.00169602071384
119,1.00337270301,0.00336702820455,0.00168209778732
120,1.00123867145,0.00123790492758,0.00061876095223
121,1.00096839396,0.000967925373183,0.000483845595541
122,1.00170448544,0.00170303445639,0.000851154790281
123,1.00046901682,0.000468906861844,0.000234425948864
124,1.00015431304,0.000154301130886,7.71475894149e-05
125,1.00011805912,0.000118052148811,5.90243324011e-05
126,1.00344290714,0.00343699390053,0.00171702117987
127,1.00243340737,0.00243045143177,0.00121448762813
128,1.00193978487,0.00193790591941,0.000968483676371
129,1.00454532521,0.00453502641163,0.00226494433976
130,1.0024590686,0.00245605003579,0.00122727130373
131,1.00171035058,0.00170888959441,0.000854079863197
132,1.00219266109,0.002190260714,0.00109453092059
133,1.00316346328,0.00315847005637,0.00157798869272
134,1.00116542038,0.00116474180659,0.000582201358277
135,1.00112106447,0.00112043654319,0.000560061378641
136,1.00001141011,1.14100404148e-05,5.70500393382e-06
137,1.00011251266,0.000112506333823,5.62515847318e-05
138,1.00179728808,0.00179567488885,0.000897434508988
139,1.00142495239,0.00142393811077,0.000711715665557
140,1.00057338341,0.000573219089964,0.00028656847639
141,1.00080912229,0.000808795122356,0.000404315803506
142,1.00285111057,0.00284705386256,0.00142251419743
143,1.00064073596,0.000640530776883,0.000320214108956
144,1.00441664131,0.00440691657094,0.00220103245333
145,1.00094064426,0.000940202133449,0.000469990586531
146,1.00033772255,0.000337665536237,0.000168818516669
147,0.999839701461,-0.000160311388087,-8.01589065968e-05
148,1.00095754789,0.000957089730275,0.000478430380806
149,1.00068843218,0.000688195321029,0.000344038465704
150,1.00205417927,0.00205207232799,0.00102550996887
151,1.00080454436,0.000804220883718,0.000402029606291
152,0.999392970084,-0.000607214233222,-0.000303653209916
153,1.00181394674,0.0018123035282,0.00090574133257
154,1.00261195656,0.00260855133067,0.0013034254675
155,1.00190308336,0.00190127479124,0.000950185683039
156,1.00348078882,0.00347474489709,0.00173586409069
157,1.00238795946,0.00238511281351,0.00119184559395
158,0.997484591396,-0.00251857755978,-0.00126008201694
159,1.00300229667,0.00299779877991,0.00149777660132
160,1.00173660314,0.001735096987,0.000867172282106
161,1.00175269253,0.00175115835862,0.000875195971711
162,1.00263438219,0.00263091829163,0.00131459430869
163,1.00208470495,0.00208253497058,0.00104072555442
164,1.00201156021,0.00200953973403,0.00100426525479
165,1.00000584022,5.84020781078e-06,2.92009964187e-06
166,1.00016517562,0.000165161983813,8.25775821904e-05
167,1.00170348937,0.00170204008154,0.000850658025914
168,1.00099955867,0.000999059447361,0.00049940497948
169,1.00203720898,0.00203513668341,0.0010170507946
170,1.00072173581,0.000721475479116,0.000360672681523
171,1.00293312188,0.00292882866821,0.00146334260265
172,1.00013973359,0.000139723831363,6.9859475395e-05
173,1.00348602197,0.00347995988133,0.00173846705316
174,1.00270718678,0.00270352895028,0.00135085125307
175,1.00091896773,0.000918545733938,0.00045916741733
176,1.00158647507,0.0015852179431,0.00079229494003
177,1.00082073833,0.000820401712166,0.000410116735214
178,1.00069712922,0.000696886342763,0.00034838247211
179,1.00301110928,0.00300658497376,0.00150216310873
180,1.00160243807,0.00160115553623,0.000800257391235
181,1.00289636739,0.00289218100247,0.00144504541619
182,1.00173748507,0.00173597738471,0.000867612099139
183,1.00261062773,0.00260722595744,0.00130276364443
184,1.00347049049,0.00346448223472,0.00173074165365
185,1.00270494252,0.00270129074441,0.00134973366125
186,1.00182432069,0.00182265863774,0.000910914184425
187,1.00279440645,0.00279050935103,0.00139428176025
188,0.999488504192,-0.000511626666278,-0.00025584605616
189,0.998878054308,-0.00112257554438,-0.000561445323647
190,1.00237686521,0.00237404493414,0.00118631823457
191,1.00015739557,0.000157383182147,7.86884949717e-05
192,1.00015736597,0.000157353588665,7.86736993948e-05
193,1.00017651126,0.000176495683309,8.82439479284e-05
194,1.00190116236,0.00189935743433,0.000949227915049
195,1.00068788776,0.000687651274003,0.000343766535741
196,1.00031080457,0.000310756276118,0.000155366067501
197,1.00019872719,0.000198707448526,9.93487888453e-05
198,1.00223094671,0.00222846184564,0.00111361039803
199,1.00022546403,0.000225438614572,0.000112712954703
200,1.00326939407,0.00326406122241,0.00163069957344
201,0.999584176345,-0.000415910133441,-0.000207976690874
202,1.00083411972,0.000833772035176,0.000416799132686
203,1.00050658631,0.000506458037641,0.000253196959059
204,1.00154154579,0.00154035882682,0.000769882901371
205,1.00051896492,0.000518830299734,0.000259381504667
206,1.00103469126,0.00103415633635,0.0005169445063
207,1.00101548651,0.00101497125358,0.00050735687774
208,1.00046962319,0.000469512953609,0.000234728923659
209,1.00112897862,0.00112834180712,0.000564011789079
210,1.0030488294,0.00304419114906,0.00152093777456
211,0.999854385317,-0.000145625286184,-7.28152939966e-05
212,1.00322560504,0.00322041393505,0.00160891127982
213,1.00492273133,0.00491065430271,0.00245231530117
214,1.00092763355,0.000927203568471,0.000463494337533
215,1.00186350978,0.00186177560322,0.000930454659971
216,1.0021070944,0.00210487758763,0.00105188517434
217,1.00231385536,0.00231118252329,0.00115492382318
218,1.00203672224,0.00203465093072,0.00101680816525
219,1.00257152529,0.0025682245762,0.00128328816871
220,1.0035242419,0.00351804631671,0.00175747698384
221,1.00228805487,0.00228544126305,0.00114206797493
222,1.00298403249,0.00297958910576,0.00148868535987
223,1.00370163368,0.00369479949383,0.00184569435434
224,1.00387318312,0.00386570166007,0.00193098407678
225,1.00229893619,0.00229629767511,0.00114748996686
226,1.00099330722,0.00099281421859,0.000496283919671
227,1.00171038438,0.0017089233416,0.000854096722378
228,1.00181595057,0.00181430372806,0.000906740526168
229,1.00189433317,0.00189254117877,0.000945823016558
230,1.00089526985,0.000894869330581,0.000447334581328
231,1.00066105737,0.000660838972387,0.000330364903687
232,1.00122661094,0.00122585926907,0.00061274183154
233,1.0019808775,0.00197891814428,0.000988969718925
234,1.00296657299,0.00296218139768,0.0014799944253
235,1.00237546838,0.00237265141595,0.00118562230182
236,1.00219228893,0.00218988937185,0.00109434545272
237,1.00325600184,0.00325071254196,0.00162403609482
238,1.00176968714,0.00176812308762,0.000883670876538
239,1.00079568006,0.000795363671294,0.000397602770707
240,1.00170424803,0.00170279745089,0.000851036388389
241,1.00376639881,0.00375932368986,0.00187789638693
242,1.00124110303,0.00124033350003,0.000619974486366
243,1.00124454495,0.00124377114479,0.000621692241643
244,1.0020727561,0.00207061090264,0.00103476970753
245,1.00111505679,0.00111443557935,0.000557062572674
246,1.00337844641,0.00337275227703,0.00168495500524
247,1.00154946812,0.00154826893619,0.000773834903313
248,1.0003493115,0.000349250500947,0.000174610004372
249,1.00370911195,0.00370225016089,0.00184941280512
250,1.00163696002,0.00163562165633,0.000817476512032
251,1.00161419851,0.0016128970889,0.000806123452219
252,1.00226492514,0.00226236406564,0.00113054248759
253,1.00207776381,0.00207560824532,0.0010372657902
254,1.00076638062,0.000766087100297,0.000382970198334
255,1.00114546495,0.00114480940335,0.000572240909356
256,1.00175864117,0.00175709657447,0.000878162476683
257,1.00229500672,0.00229237721481,0.00114553198414
258,1.00188434104,0.00188256789547,0.000940841078965
259,1.003469233,0.00346322909211,0.00173011616659
260,1.00090113763,0.000900731846511,0.000450264523746
261,1.00137015174,0.00136921393763,0.000684372678935
262,1.00378729807,0.00378014431519,0.00188828709602
263,0.99999805283,-1.94717231564e-06,-9.73586631758e-07
264,1.00027569481,0.000275656818082,0.000137818911142
265,1.00160086187,0.00159958185207,0.00079947117852
266,1.0020890317,0.00208685270597,0.001042882173
267,1.00127616209,0.00127534848391,0.000637470970947
268,1.00312034241,0.00311548424092,0.00155652946995
269,1.00120836939,0.00120763990009,0.000603637687464
270,1.00238754077,0.00238469512643,0.0011916369993
271,0.99951187277,-0.00048824640243,-0.000244153001709
272,1.00328081765,0.00327544751306,0.00163638341878
273,1.00031584761,0.000315797740296,0.000157886404778
274,1.00183593803,0.00183425475252,0.000916706943489
275,1.00211748943,0.00211525071236,0.0010570662676
276,1.0014125446,0.0014115479017,0.000705524950996
277,1.001799044,0.00179742766352,0.000898310109436
278,1.00422068881,0.00421180668859,0.00210368748558
279,1.00337209116,0.00336641840695,0.00168179340134
280,1.00082425409,0.000823914575406,0.00041187244495
281,1.00157161659,0.00157038289092,0.000784883263325
282,0.999688777448,-0.000311270991293,-0.000155647607479
283,1.00210228774,0.00210008102433,0.00104948941253
284,1.00113701794,0.00113637202352,0.000568024624656
285,1.00095505695,0.000954601175206,0.000477186697798
286,1.00331906467,0.00331356873341,0.00165541265713
287,1.00158479956,0.00158354508925,0.000791459175453
288,1.00281848594,0.00281452145855,0.00140627100222
289,1.00099379875,0.000993305256797,0.000496529316897
290,1.00153307924,0.00153190527461,0.000765659370465
291,1.00230129791,0.00229865398441,0.0011486667689
292,1.00261834067,0.00261491878465,0.00130660503968
293,1.00202796276,0.00202590922224,0.00101244174578
294,1.00187851807,0.00187675586052,0.000937937791375
295,1.00190915701,0.00190733688743,0.00095321384649
296,1.00044230735,0.000442209561459,0.000221080338869
297,1.00148223494,0.00148113751733,0.0007402946053
298,1.0022226526,0.00222018616574,0.00110947715748
299,1.00162235474,0.00162104014099,0.00081019168783
300,1.00252323561,0.00252005759159,0.00125923529282
301,1.00400896476,0.00400095027137,0.00199847551892
302,1.00118394171,0.00118324139888,0.000591445726422
303,1.00489619526,0.00488424787496,0.00243914437879
304,1.00204469121,0.00204260367096,0.00102078048426
305,1.00333625056,0.00333069762587,0.00166396288906
306,1.00289972699,0.00289553089253,0.00144671793945
307,1.00022120773,0.000221183270501,0.000110585520221
308,1.00121818083,0.00121743945407,0.000608534494768
309,1.00314137481,0.00313645099891,0.00156699647639
310,1.00481173761,0.00480019820611,0.0023972211681
311,1.00004356912,4.35681707791e-05,2.17838481181e-05
312,1.00227837866,0.00227578709462,0.00113724639194
313,1.00189579939,0.00189400463154,0.000946554050588
314,1.00241302596,0.0024101192894,0.0012043338519
315,1.0020226545,0.00202061168582,0.00100979565579
316,1.00136528835,0.00136435719575,0.000681945966958
317,0.998485319413,-0.00151582887581,-0.000758201727628
318,1.00174848433,0.00174695750679,0.000873097381876
319,1.00076828747,0.000767992492098,0.000383922528926
320,1.00046467594,0.000464568015283,0.0002322570318
321,1.0032439053,0.00323865518661,0.0016180171898
322,1.00075641758,0.000756131636743,0.000377994360495
323,1.00150787805,0.00150674234352,0.000753087458953
324,1.00166313851,0.00166175703123,0.000830533431644
325,1.00365219637,0.00364554329642,0.00182111140887
326,1.00496460614,0.00495232311659,0.00247309839908
327,1.00332412167,0.0033186089953,0.00165792861305
328,1.00387265499,0.00386517556599,0.00193072153765
329,1.00247395479,0.00247089960135,0.00123468694676
330,1.00198129613,0.00197933595435,0.000989178417338
331,1.00441041479,0.00440071741769,0.00219793969418
332,1.00131692937,0.00131606298344,0.000657815036478
333,1.00311915574,0.00311430126531,0.00155593890264
334,1.00005656413,5.6562531801e-05,2.82808659893e-05
335,1.00262883717,0.0026253878236,0.00131183270602
336,1.00118856171,0.00118785592944,0.000593751624421
337,1.00301213784,0.00300761044683,0.00150267507492
338,1.00353133396,0.00352511343577,0.00176100432699
339,0.999620170381,-0.00037990177293,-0.000189968928277
340,1.000225934,0.000225908481551,0.000112947861685
341,1.00158024345,0.00157899617923,0.000789186517997
342,1.00188061559,0.00187884944621,0.000938983601843
343,1.00146399096,0.00146292037269,0.000731192734556
344,1.00060216473,0.000601983497431,0.000300946455243
345,1.00103545334,0.00103491762702,0.000517324954787
346,1.00075895824,0.000758670373596,0.000379263248303
347,1.00123207694,0.00123131855965,0.000615469800536
348,1.00263265708,0.00262919770495,0.00131373514592
349,1.0020832734,0.00208110639756,0.00104001201103
350,0.999993171694,-6.82832920348e-06,-3.41417042993e-06
351,1.00175314792,0.00175161295346,0.000875423070177
352,1.00207130859,0.00206916639035,0.0010340481985
353,1.00380124241,0.00379403594389,0.00189521977061
354,1.00379250566,0.00378533224356,0.0018908761587
355,1.00142695184,0.0014259347141,0.000712713256214
356,1.00377912638,0.0037720034234,0.00188422432803
357,1.00247658374,0.00247352205685,0.00123599655469
358,1.00281920608,0.00281523956995,0.00140662955292
359,1.00291463924,0.00291039991031,0.00145414166511
360,1.0012481612,0.00124738289693,0.000623496993385
361,1.0023714552,0.00236864773829,0.00118362283441
362,1.00244813087,0.00244513908117,0.00122182250691
363,1.00024365836,0.000243628682368,0.000121806922118
364,1.00115126892,0.00115060672279,0.000575137906147
365,1.00206310843,0.00206098314926,0.00102996080052
366,0.998437075624,-0.00156414701623,-0.000782379407339
367,0.999530612029,-0.000469498168078,-0.000234776639761
368,1.00245892465,0.00245590643783,0.00122719959286
369,1.00389440352,0.00388683996523,0.00194153276475
370,1.00444046424,0.00443063446902,0.00221286523028
371,1.00285995216,0.00285587028069,0.00142691612605
372,1.00413490045,0.00412637524166,0.00206106071224
373,0.999635309045,-0.000364757470722,-0.000182395367374
374,1.00039297088,0.000392893689553,0.000196427550358
375,1.00515241827,0.0051391899847,0.00256629640908
376,1.00031730293,0.000317252599008,0.000158613719017
377,1.00309519006,0.00309040982469,0.0015440116979
378,1.00029316458,0.000293121612802,0.00014655006689
379,1.00171923864,0.0017177624406,0.000858512487397
380,1.0017283805,0.00172688857292,0.000863071625709
381,1.00175090418,0.00174937313192,0.000874304139174
382,1.00124717723,0.00124640015063,0.00062300592648
383,1.00292271208,0.00291844925752,0.00145816047818
384,1.00240877925,0.00240588278735,0.00120221814971
385,1.00257085808,0.00256755907496,0.00128295584505
386,1.00339049958,0.00338476479396,0.00169095112542
387,1.00245662606,0.00245361348219,0.00122605452135
388,1.00260615234,0.00260276221754,0.00130053467959
389,1.00115395171,0.00115328641508,0.000576476980797
390,1.00162345307,0.00162213668981,0.000810739517881
391,1.0020004259,0.0019984277116,0.000998714807868
392,1.0039811224,0.00397321869825,0.00198463734686
393,0.998879788518,-0.00112083938735,-0.000560576758133
394,1.00230826602,0.00230560606382,0.00115213880976
395,1.00108764372,0.00108705266475,0.000543378648696
396,1.00217959497,0.00217722310184,0.00108801922832
397,1.00434845572,0.00433902850533,0.0021671625576
398,1.00185581836,0.00185409846089,0.000926619653064
399,1.00130324424,0.00130239575797,0.000650985895662
400,1.00256149424,0.00255821920274,0.00127829188937
401,1.00106193249,0.00106136904128,0.000530543732515
402,1.00064936804,0.000649157291094,0.000324525975597
403,1.00354954533,0.00354326055834,0.0017700618686
404,1.00283589144,0.0028318778888,0.00141493697582
405,0.999894274076,-0.000105731513193,-5.2867154015e-05
406,1.00343697969,0.0034310867781,0.00171407268563
407,1.00341890638,0.00341307520174,0.00170508229354
408,1.00366786427,0.00366115405755,0.00182890254456
409,0.999639860448,-0.000360204418237,-0.000180118428495
410,1.00321894261,0.00321377290964,0.00160559610402
411,1.00254364067,0.00254041109389,0.00126939917734
412,1.0014936385,0.00149252412805,0.000745983679744
413,1.00046242933,0.000462322444089,0.000231134506348
414,1.00321649386,0.00321133201118,0.0016043776136
415,1.00086554455,0.000865170181623,0.000432491539371
416,1.00308901568,0.00308425447389,0.00154093876974
417,1.00129078907,0.00128995671812,0.000644770405229
418,0.999769621649,-0.000230404892031,-0.000115209082072
419,1.0023756284,0.00237281105424,0.00118570202632
420,1.0036720004,0.00366527506333,0.00183095927687
421,1.00226209359,0.00225953890344,0.00112913150248
422,1.00430112219,0.00429189880035,0.00214364849693
423,1.0015267146,0.00152555035138,0.000762484336657
424,1.00181515671,0.001813511303,0.000906344672822
425,1.00300679354,0.0030022821768,0.00150001493969
426,1.00031936278,0.000319311792564,0.000159643151958
427,1.00236874513,0.00236594407694,0.00118227260288
428,1.00190450364,0.00190269236953,0.000950893798452
429,0.99924547957,-0.000754805223485,-0.000377473837068
430,1.00114784985,0.00114719157355,0.000573431312158
431,1.00406270076,0.0040544702787,0.00202518168604
432,1.00323460604,0.00322938595119,0.00161339006026
433,1.00237290305,0.00237009215656,0.00118434418846
434,1.00163257661,0.00163124540283,0.000815290171634
435,0.999590064252,-0.000410019794745,-0.000205030913338
436,1.00099723906,0.000996742147391,0.00049824690746
437,1.00073941913,0.000739145892534,0.000369504662598
438,1.00321605216,0.00321089172753,0.00160415782494
439,1.00018885179,0.000188833959805,9.44125227595e-05
440,1.00101798856,0.00101747076198,0.000508605997085
441,1.00238120139,0.00237837082231,0.00118847861038
442,1.00030756434,0.000307517051058,0.000153746705293
443,1.0024485599,0.00244556706074,0.00122203623521
444,1.00107417048,0.00107359396817,0.000536652934362
445,1.00241170121,0.00240879772241,0.00120367386399
446,1.00347673911,0.00347070922069,0.00173384975314
447,1.00068036227,0.000680130928411,0.0003400076485
448,1.00213333871,0.00213106636986,0.00106496570602
449,0.999047775878,-0.000952677775359,-0.000476452355063
450,1.00038226125,0.00038218820273,0.00019107584405
451,1.00020030178,0.000200281726012,0.000100135849077
452,1.00179217776,0.00179057372371,0.000894886212147
453,1.00162635729,0.00162503620131,0.000812188097206
454,1.00200261678,0.00200061421162,0.000999806965434
455,1.00085652459,0.00085615798116,0.000427987377842
456,1.00168360394,0.00168218826923,0.000840740514091
457,1.00103003998,0.00102950984973,0.000514622461281
458,1.00148233436,0.0014812367885,0.000740344204141
459,1.00185755609,0.0018558329634,0.00092748610033
460,1.00320348475,0.00319836452099,0.00159790424989
461,1.00062870309,0.00062850554106,0.0003142033983
462,1.00259695976,0.00259359348452,0.00129595626471
463,1.00138590384,0.00138494435795,0.00069223247545
464,1.00203947288,0.00203739597674,0.00101817929172
465,1.00336571187,0.00336006053711,0.00167861980768
466,1.00228021496,0.00227761921485,0.00113816140985
467,1.00257602652,0.00257271424896,0.0012855301218
468,1.00205693169,0.00205481910438,0.0010268819477
469,1.00163156754,0.00163023797525,0.000814786868386
470,1.00447539881,0.00446541399048,0.00223021635894
471,1.00080558582,0.000805261510998,0.000402549710614
472,1.00171249317,0.00171102852307,0.000855148413544
473,1.00154063694,0.00153945137244,0.000769429523396
474,1.00252693279,0.00252374545881,0.00126107690279
475,1.00196169806,0.00195977643903,0.000979408285829
476,1.00065640298,0.000656187638086,0.000328040002151
477,1.00047464625,0.000474533639979,0.000237238674444
478,1.00178695924,0.00178536453149,0.000892283943466
479,0.999946864195,-5.31372167859e-05,-2.65689613415e-05
480,1.0041331526,0.00412463459218,0.00206019218091
481,1.00203500041,0.00203293260078,0.00101594987351
482,1.00409563868,0.00408727438657,0.00204155038859
483,1.00185880131,0.00185707588009,0.000928106982087
484,0.999168980207,-0.000831365281595,-0.000415769048798
485,1.00203855883,0.0020364837848,0.00101772366003
486,0.999887026368,-0.000112980013894,-5.64916025374e-05
487,1.00206709598,0.00206496247578,0.00103194841253
488,1.00234387699,0.00234113439962,0.00116988235327
489,1.00269471745,0.00269109321218,0.00134464176414
490,1.00112922563,0.00112858853729,0.000564135084578
491,1.00229392207,0.00229129504356,0.0011449915182
492,1.00351972188,0.00351354215305,0.00175522885746
493,1.00098926768,0.00098877868107,0.000494267150262
494,1.00052850201,0.000528362401365,0.000264146307902
495,1.00013963106,0.000139621316859,6.98082217222e-05
496,0.999942503175,-5.74984777614e-05,-2.87496521441e-05
497,1.00194077197,0.00193889110985,0.000968975794399
498,1.00168665003,0.0016852292357,0.00084225971784
499,1.00342822379,0.00342236082865,0.00170971717986
500,1.00152219567,0.00152103830174,0.00076023002948
501,1.00214999253,0.00214768460244,0.0010732659389
502,1.00117384395,0.00117315553871,0.00058640576625
503,1.00067081768,0.00067059278437,0.000335240186632
504,1.00156775415,0.0015665265041,0.000782956581463
505,1.0034767162,0.00347068639331,0.00173383835925
506,1.00002094519,2.09449672318e-05,1.04724287797e-05
507,1.00219986607,0.00219744990977,0.00109812157762
508,1.0022677862,0.00226521865305,0.00113196816666
509,0.999140715152,-0.000859654244716,-0.000429919511272
510,1.00215190711,0.00214959507113,0.00107422014757
511,0.999498578036,-0.000501547718036,-0.000250805305411
512,1.00350880491,0.00350266341992,0.00174979902346
513,1.00213431034,0.00213203593375,0.00106544997157
514,1.00195139991,0.00194949840412,0.000974274288379
515,1.00157805609,0.00157681226342,0.000788095421258
516,1.00171476337,0.00171329484163,0.000856280603165
517,1.00112715599,0.00112652122909,0.000563102013067
518,1.00349809866,0.00349199454573,0.00174447390635
519,1.00165267066,0.00165130650279,0.000825312493541
520,1.0023624127,0.00235962659007,0.00117911758896
521,1.00216942673,0.00216707692108,0.00108295164471
522,1.00353187894,0.00352565650165,0.00176127538172
523,0.999002147079,-0.000998351107783,-0.000499300162741
524,1.0032111015,0.00320595692449,0.00160169437848
525,1.00169230449,0.00169087415795,0.000845079797739
526,1.00123074836,0.00122999160802,0.00061480673285
527,1.00062379635,0.000623601867491,0.000311752328886
528,1.00088687711,0.000886484068261,0.000443143816892
529,1.00192482599,0.00192297588965,0.000961025863397
530,1.00065808089,0.000657864448325,0.00032887813189
531,1.00176816249,0.00176660113155,0.000882910570665
532,1.00236876445,0.00236596334617,0.00118228222611
533,1.0015055889,0.0015044566344,0.000751945464408
534,1.00181182652,0.00181018713974,0.000904684096229
535,1.00316723114,0.00316222603362,0.00157986371614
536,1.00345385101,0.00344790016854,0.00172246493588
537,1.00628397581,0.00626431396147,0.00312725689434
538,1.00080643853,0.000806113534861,0.000402975550963
539,1.00080443955,0.000804116161526,0.000401977266244
540,1.00130148967,0.00130064346909,0.000650110321195
541,1.00253390918,0.00253070424821,0.00126455190366
542,1.00219439229,0.00219198812478,0.00109539368026
543,1.00349632907,0.0034902311174,0.00174359372993
544,1.00147236083,0.00147127796594,0.000735368466953
545,1.00311815266,0.00311330130562,0.00155543970061
546,1.00166453066,0.00166314686407,0.000831227770668
547,0.999566874268,-0.000433219558055,-0.000216633240619
548,1.00254020329,0.00253698242792,0.00126768701906
549,1.00213309614,0.00213082431878,0.00106484480936
550,1.0038137831,0.00380652906916,0.00190145447516
551,1.00096489425,0.000964429043574,0.000482098275051
552,1.00386756732,0.00386010750886,0.00192819239838
553,1.002963019,0.00295863790666,0.0014782253004
554,1.00090951948,0.000909106120512,0.000454449766665
555,1.00393361948,0.00392590302992,0.00196102618562
556,1.00116635626,0.00116567659273,0.000582668479118
557,1.0019122649,0.00191043885201,0.000954763349158
558,1.00267120886,0.00266764752584,0.00133293461537
559,1.00212377398,0.0021215219627,0.0010601985733
560,1.00063443331,0.00063423213756,0.000317065792794
561,1.00045596519,0.000455861271866,0.000227904661719
562,1.0018962665,0.00189447085767,0.000946786942974
563,1.00046229983,0.000462192997409,0.000231069797965
564,1.00272637284,0.0027226630308,0.00136040532398
565,1.00158327167,0.00158201961789,0.000790697043156
566,0.999791294681,-0.000208727100757,-0.000104368996444
567,1.00186296971,0.00186123653339,0.000930185375814
568,1.00096570843,0.000965242434745,0.000482504774486
569,1.00099774777,0.000997250346603,0.000498500880429
570,0.99998786862,-1.21314536767e-05,-6.06574523476e-06
571,1.00214953645,0.00214722950652,0.00107303863514
572,1.00178092751,0.00177934353757,0.000889276128195
573,1.00024071536,0.000240686389469,0.000120335953783
574,1.00180034758,0.0017987288985,0.000898960142258
575,1.002758569,0.0027547711299,0.00137643740483
576,1.00171463483,0.00171316652273,0.00085621649865
577,1.00172681602,0.00172532678352,0.000862291404668
578,1.00045035934,0.000450257963346,0.000225103642045
579,1.00008770685,8.77030050162e-05,4.38505410451e-05
580,1.00096557112,0.000965105257588,0.000482436219
581,1.0016261007,0.00162478003179,0.000812060116469
582,1.0027026034,0.00269895793181,0.00134856882861
583,0.998715646711,-0.00128517877741,-0.000642795893498
584,1.00418379594,0.00417506820075,0.00208535671645
585,0.999719925389,-0.000280113839137,-0.000140066727997
586,1.00211837401,0.00211613342063,0.0010575071551
587,1.00225321226,0.00225067757911,0.00112470583331
588,1.0019829164,0.00198095301686,0.000989986148485
589,1.00369084378,0.00368404932736,0.00184032917745
590,1.00237937644,0.00237655020656,0.00118756938398
591,1.00234917787,0.00234642286291,0.00117252348798
592,1.00136311631,0.00136218811191,0.000680862164047
593,1.00190592943,0.00190411545369,0.000951604663678
594,1.00319951474,0.00319440718837,0.00159592874335
595,1.00146482244,0.00146375063209,0.000731607560634
596,1.0013808423,0.00137988981362,0.000689706949554
597,1.0014056945,0.0014047074399,0.000702107127313
598,1.00366112966,0.00365444403293,0.00182555366262
599,1.00179813624,0.00179652152596,0.000897857447549
600,1.00324583222,0.00324057587386,0.00161897597911
601,1.00229152806,0.00228890651127,0.00114379861876
602,1.00212196892,0.00211972072522,0.00105929890899
603,1.00173622976,0.00173472426041,0.000866986080403
604,1.00476169553,0.00475039451864,0.00237237871029
605,1.00078673147,0.000786422154099,0.000393133779706
606,1.00118044328,0.00117974710085,0.000589699609227
607,1.00252040527,0.00251723437289,0.00125782546003
608,1.00141801659,0.00141701215861,0.000708255148138
609,1.00004169736,4.16964868446e-05,2.08480260991e-05
610,1.00096187884,0.000961416527056,0.000480592741822
611,1.00229787424,0.00229523816859,0.00114696082135
612,1.00089040094,0.000890004770521,0.000444903386384
613,1.00263296642,0.00262950623685,0.00131388920919
614,1.00318224969,0.00317719705407,0.00158733737231
615,1.00118238038,0.0011816819174,0.00059066644655
616,1.00229722192,0.00229458734303,0.00114663578175
617,1.00079790422,0.000797586060102,0.00039871352268
618,1.00038457884,0.00038450491203,0.000192233976696
619,1.00145390244,0.00145284654561,0.000726159491297
620,0.9994879134,-0.000512217760791,-0.000256141679075
621,1.00258937719,0.00258603052937,0.00129217968063
622,1.00388461845,0.00387709280042,0.00193666863272
623,1.0024474094,0.00244441936746,0.00122146308967
624,1.00155695531,0.00155574450903,0.000777569790326
625,1.00320747401,0.0032023410333,0.00159988932703
626,1.00196948892,0.00196755202092,0.000983292261489
627,1.00183904282,0.00183735385393,0.000918255072508
628,1.00208201013,0.00207984575143,0.00103938234331
629,1.00171280158,0.00171133640509,0.000855302222899
630,1.00154344682,0.00154225693472,0.000770831224215
631,1.00081704471,0.000816711108064,0.000408272188251
632,1.00232624911,0.00232354758385,0.00116109919402
633,1.00435430839,0.00434485581743,0.00217006989505
634,0.99848026952,-0.0015208864419,-0.0007607324312
635,1.00133238627,0.00133149942915,0.000665528152407
636,1.00402477775,0.00401669999968,0.0020063346144
637,1.00014839779,0.000148386780532,7.41906380044e-05
638,0.999853338652,-0.000146672103613,-7.33387409602e-05
639,1.00316720387,0.00316219884012,0.00157985014087
640,0.998876536855,-0.00112409470302,-0.000562205329717
641,1.00039967494,0.000399595089689,0.000199777586644
642,1.00083004477,0.000829700475131,0.000414764199104
643,1.00198442085,0.00198245448661,0.00099073613986
644,1.00125150536,0.00125072288008,0.000625165942328
645,1.00136711682,0.00136618316711,0.000682858329615
646,1.00311797864,0.00311312782866,0.00155535309704
647,1.00241526262,0.00241235055871,0.00120544814233
648,0.999762945193,-0.00023708290902,-0.000118548480826
649,1.00125155427,0.00125077173119,0.000625190352614
650,1.00319025054,0.00318517248407,0.00159131874952
651,0.999939303814,-6.0698028425e-05,-3.03494747484e-05
652,1.00281396775,0.00281001595774,0.00140402141726
653,1.00095197146,0.000951518626793,0.00047564615788
654,1.00282513869,0.00282115549017,0.00140958334791
655,1.00082147506,0.000821137837233,0.000410484646732
656,1.00235567888,0.00235290861642,0.00117576255714
657,0.99958014097,-0.000419947195436,-0.000209995643717
658,1.0004517112,0.00045160921267,0.000225779114394
659,0.999936203887,-6.37981482967e-05,-3.18995829292e-05
660,1.00166779596,0.00166640673193,0.000832856348428
661,1.00115791598,0.00115724611554,0.000578455687733
662,1.00135725653,0.00135633628619,0.000677938239055
663,1.00195048823,0.00194858849449,0.000973819776711
664,1.00437338547,0.00436385000737,0.00217954633566
665,1.0004255382,0.000425447682743,0.000212701217259
666,0.999051109138,-0.000949341344144,-0.000474783346022
667,1.00347106631,0.00346505606079,0.00173102807007
668,1.00388605427,0.00387852306367,0.00193738237911
669,1.00181058913,0.00180895198992,0.00090406707984
670,1.00188982835,0.00188804487543,0.000943576988714
671,1.00236483633,0.00236204450125,0.00118032511832
672,1.00224085138,0.00223834441882,0.00111854616976
673,0.998990438525,-0.00101007142559,-0.000505163264802
674,1.0024857321,0.00248264777579,0.00124055376409
675,1.0016790642,0.00167765614451,0.000838476354336
676,1.0020306644,0.00202860538314,0.00101378846047
677,1.00256037287,0.00255710070285,0.00127773335415
678,1.00189724788,0.0018954503775,0.000947276239072
679,1.00047670182,0.000476588232355,0.00023826572639
680,1.00193319617,0.00193132994935,0.000965198870301
681,1.00087952987,0.00087914330606,0.000439475055565
682,1.00185351781,0.00185180216916,0.000925472570436
683,1.00114309413,0.0011424412939,0.000571057531497
684,1.00069908541,0.000698841165747,0.000349359542612
685,1.0017440362,0.001742517132,0.000870879130458
686,1.00392323926,0.00391556342155,0.00195586650621
687,1.00223939083,0.0022368871341,0.00111781834216
688,0.999367719858,-0.000632480115173,-0.000316290066745
689,1.00107640211,0.00107582320343,0.000537766953208
690,1.00061031781,0.000610131637315,0.000305019290812
691,1.00068713054,0.000686894571551,0.000343388314508
692,1.00269849875,0.00269486434079,0.00134652479126
693,1.00187399335,0.00187223961474,0.000935681783914
694,1.00078057632,0.000780271830186,0.000390059821973
695,1.00232179669,0.00231910548717,0.00115888072208
696,1.00170578451,0.00170433131063,0.000851802665281
697,1.00001772081,1.7720657466e-05,8.86028948033e-06
698,1.00194167931,0.00193979668464,0.000969428142951
699,1.00320302892,0.00319791014615,0.00159767742547
700,1.00111260449,0.00111198600863,0.000555838468847
701,1.00287934921,0.00287521182053,0.0014365730499
702,1.00287475596,0.00287063175209,0.00143428630286
703,1.00273271185,0.00272898478204,0.00136356189455
704,1.00394682481,0.00393905653443,0.00196759001911
705,1.00156211207,0.00156089324579,0.000780142153641
706,1.00256181503,0.00255853917716,0.00127845167205
707,1.00338109756,0.00337539450013,0.00168627388991
708,1.00004992595,4.99247073086e-05,2.49620420973e-05
709,1.00453556667,0.00452531198508,0.00226009811603
710,1.00228002844,0.0022774331215,0.00113806846907
711,1.0006227588,0.000622564967692,0.00031123404048
712,0.99967919679,-0.000320854678511,-0.000160440208409
713,1.002235274,0.00223277949591,0.00111576681675
714,1.00225618179,0.0022536404323,0.00112618559264
715,1.00335643391,0.00335081365903,0.00167400411897
716,1.00022245944,0.000222434698021,0.000111211164591
717,1.00367313785,0.00366640835089,0.00183152488299
718,1.00183494194,0.00183326048752,0.000916210266589
719,1.00388730452,0.00387976847128,0.0019380038763
720,1.00215938597,0.00215705784669,0.00107794752006
721,1.00126184289,0.00126104743546,0.000630324979425
722,1.0016895476,0.0016881219245,0.000843704842999
723,1.00013373913,0.00013373019219,6.68628606744e-05
724,1.00221724019,0.00221478574111,0.00110677993734
725,0.999865006151,-0.000135002961851,-6.75037592015e-05
726,1.00024583302,0.000245802808262,0.000122893852063
727,1.00136770888,0.00136677442201,0.00068315375515
728,1.00211480172,0.00211256867149,0.00105572666382
729,1.0040641864,0.00405594990525,0.00202592000079
730,1.002161967,0.00215963331265,0.00107923386411
731,0.999549959158,-0.000450142140342,-0.000225096400565
732,1.0022703624,0.00226778902144,0.00113325189525
733,1.00337352158,0.00336784402285,0.00168250501024
734,1.00033010323,0.000330048754287,0.00016501076137
735,1.00261121712,0.00260781381134,0.00130305718842
736,1.0005887859,0.000588612638292,0.00029426301529
737,1.00249406732,0.00249096229298,0.00124470585675
738,1.00287276442,0.00286864592296,0.00143329481192
739,1.00040368829,0.000403606827247,0.000201783052684
740,1.00309345517,0.00308868028585,0.00154314826332
741,1.00301061738,0.0030060945506,0.00150191826547
742,1.00356914603,0.00356279174331,0.00177981012778
743,1.00180631586,0.00180468643637,0.000901936228966
744,1.00176179914,0.0017602489905,0.000879737299289
745,1.00216376239,0.00216142482568,0.00108012865349
746,1.00166047797,0.00165910090428,0.000829206470287
747,1.00070201024,0.000701763942787,0.000350820419514
748,1.0017167911,0.00171531909609,0.00085729186322
749,1.00217972639,0.00217735423006,0.00108808472109
750,1.0013238152,0.00132293972524,0.000661251139659
751,1.00029765061,0.000297606319646,0.000148792089182
752,1.00128722562,0.00128639785798,0.000642992120901
753,1.00442725103,0.00441747958027,0.00220630231931
754,1.00200830624,0.00200629228481,0.00100264315952
755,1.00224399398,0.00224147998274,0.00112011219686
756,1.00393252045,0.00392480830607,0.00196047989693
757,1.00177293166,0.00177136186777,0.000885288834293
758,1.00100141307,0.00100091199365,0.00050033078961
759,1.00124461821,0.00124384431962,0.000621728806308
760,1.00027548024,0.000275442297679,0.000137711665718
761,1.00181884453,0.00181719243411,0.000908183568496
762,1.00060164676,0.000601465842823,0.000300687705799
763,1.00191932763,0.00191748807475,0.000958284589155
764,1.00342493467,0.00341908293933,0.00170808103599
765,1.00014863613,0.000148625082023,7.43097799031e-05
766,1.00236560424,0.00236281060126,0.00118070771613
767,1.001110715,0.0011100986124,0.000554895294829
768,1.00366744017,0.00366073150572,0.00182869165502
769,1.00119315053,0.00119243929369,0.000596041943229
770,1.00177603786,0.00177446256497,0.000886837809188
771,1.00338984972,0.00338411713219,0.00169062784207
772,1.00374929842,0.00374228732015,0.00186939416213
773,1.00186530915,0.00186357161853,0.000931351831668
774,1.00075810002,0.000757812807791,0.00037883462793
775,1.00347800581,0.00347197153951,0.00173447981802
776,1.00133324437,0.00133235639262,0.000665956348883
777,0.999540494195,-0.000459611410006,-0.000229832112357
778,1.00038563228,0.000385557945762,0.000192760392209
779,1.00119582458,0.00119511015488,0.000597376576962
780,1.00057194629,0.000571782795079,0.000285850534488
781,1.00109392987,0.00109333196436,0.000546516587556
782,1.0014221692,0.00142115887166,0.000710327034048
783,1.00082047261,0.000820136202402,0.000409984034768
784,1.00044143384,0.000441336437921,0.00022064387352
785,1.00273362892,0.00272989935005,0.00136401855491
786,1.00386000109,0.00385257040328,0.001924431105
787,1.00169595125,0.00169451475215,0.000846898554888
788,1.00462811019,0.00461743341285,0.0023060536698
789,1.00140558527,0.00140459835841,0.000702052624859
790,1.00170271281,0.00170126484009,0.00085027073485
791,1.00315727875,0.00315230500785,0.00157491102791
792,1.00156900087,0.00156777127727,0.00078357848055
793,1.00060531589,0.000605132759582,0.0003025206112
794,1.0002485882,0.000248557306319,0.000124270930888
795,1.00157925287,0.00157800715788,0.000788692397464
796,1.00075350127,0.000753217535247,0.000376537859443
797,1.00196951026,0.00196757331256,0.00098330289684
798,1.00342601444,0.00342015902708,0.0017086181607
799,1.00174350086,0.00174198272517,0.000870612159709
800,1.00325658029,0.00325128911973,0.00162432391548
801,1.00166826053,0.00166687052556,0.000833088052079
802,1.00157666583,0.00157542420209,0.000787401937314
803,1.0025467718,0.00254353427698,0.00127095878538
804,1.00277322625,0.00276938795144,0.00138373572936
805,1.00028285609,0.00028281609192,0.000141398048314
806,1.00150435517,0.00150322476484,0.000751329992587
807,1.00289765125,0.00289346115349,0.00144568456656
808,1.0013939794,0.00139300871124,0.000696261852768
809,1.00054981908,0.000549667985583,0.000274796229389
810,0.999905895743,-9.4108685493e-05,-4.70554498195e-05
811,1.00235794525,0.00235516965472,0.00117689174643
812,1.00274071752,0.00273696859805,0.00136754835138
813,1.00103232916,0.00103179667756,0.000515765286116
814,1.0036224646,0.00361591927373,0.00180632626235
815,1.00278284158,0.00277897664153,0.00138852342882
816,1.00217263916,0.00217028239434,0.00108455264437
817,1.00130280325,0.00130195534077,0.00065076583039
818,1.00138640735,0.00138544717316,0.000692483708991
819,1.00154311271,0.00154192333111,0.000770664550967
820,1.00225816359,0.00225561777485,0.00112717315
821,1.002795961,0.00279205957631,0.00139505579186
822,1.00235110512,0.00234834559876,0.00117348372822
823,1.00119804266,0.00119732557749,0.000598483625934
824,1.0024736967,0.00247064214762,0.00123455837882
825,1.00109960071,0.0010989965924,0.000549347349658
826,1.0039947398,0.00398678200916,0.00199140552023
827,1.00299267294,0.00298820381087,0.00149298629086
828,1.00516238263,0.00514910321975,0.00257124029421
829,1.00405226867,0.00404408034361,0.00201999722578
830,1.00197618069,0.00197423061203,0.000986628267967
831,1.00156509995,0.00156387646064,0.000781632596292
832,0.999504685753,-0.000495436956111,-0.000247749162812
833,1.00126188107,0.0012610855707,0.000630344035024
834,1.00388502396,0.00387749674598,0.00193687021432
835,1.00347649427,0.00347046523758,0.0017337279731
836,1.00379255491,0.00378538131022,0.00189090064564
837,1.0023595025,0.00235672324834,0.00117766762873
838,1.00283057829,0.00282657974711,0.00141229164974
839,1.00376475381,0.00375768486093,0.00187707851091
840,1.000832179,0.000831832931839,0.000415829984656
841,0.999785861623,-0.00021416130825,-0.000107086387463
842,1.00379746969,0.00379027750082,0.00189334410885
843,1.0048980587,0.00488610223553,0.00244006929713
844,1.00166892596,0.00166753484743,0.000833419936237
845,1.00258584943,0.00258251187775,0.00129042262664
846,1.0030413847,0.00303676904865,0.00151723236176
847,1.00209698714,0.00209479153285,0.00104684743894
848,1.00202485083,0.00202280358571,0.00101089049845
849,1.00032785941,0.000327805679343,0.000163889408335
850,1.00217640312,0.00217403818263,0.00108642850008
851,1.00135546876,0.00135455093653,0.000677046169004
852,1.00140477106,0.00140378529024,0.000701646376098
853,1.00329613704,0.00329071668532,0.0016440054827
854,1.00266831472,0.00266476108525,0.00133149331775
855,1.00140735366,0.00140636426136,0.000702934956063
856,1.00240813646,0.00240524154276,0.00120189791283
857,1.00083715672,0.000836806501855,0.000418315732494
858,1.00410227911,0.0040938877087,0.00204485029349
859,0.999587634041,-0.000412451005722,-0.000206246768802
860,1.00089591205,0.000895510957653,0.000447655251302
861,1.00003772738,3.77266714458e-05,1.88631578113e-05
862,0.998183721005,-0.00181793042988,-0.000909378449018
863,1.002597026,0.00259365955334,0.00129598925631
864,0.999275708662,-0.000724553763848,-0.000362342512119
865,1.00132169877,0.00132082609137,0.000660195020989
866,1.00094732422,0.000946875790044,0.000473325840986
867,1.00168305192,0.00168163717122,0.000840465196713
868,1.00138584484,0.00138488544459,0.000692203039158
869,1.00309842539,0.00309363516398,0.00154562187627
870,1.00166120498,0.00165982670428,0.000829569069304
871,1.00242964832,0.00242670149651,0.00121261493586
872,1.00333899769,0.00333343561215,0.0016653296033
873,1.00222773107,0.00222525335533,0.0011120079381
874,1.00180022717,0.00179860869924,0.000898900096655
875,1.00238066817,0.002377838874,0.0011882129523
876,1.00266683927,0.00266328956415,0.00133075853659
877,1.00198838732,0.00198641309641,0.000992713481832
878,1.00230130228,0.00229865833913,0.00114866894376
879,1.00343213936,0.00342626300918,0.00171166493241
880,1.00179092655,0.00178932475668,0.000894262287278
881,0.999394997369,-0.000605185718534,-0.000302638645104
882,1.00452309367,0.00451289521781,0.00225390374472
883,1.00075380665,0.000753522683475,0.000376690376096
884,1.00047093791,0.000470827049298,0.00023538581706
885,1.00155403032,0.00155282405984,0.000776110700092
886,1.0010058896,0.00100538403616,0.000502565689616
887,1.00192845997,0.00192660287583,0.000962837612034
888,1.00237306853,0.00237025725197,0.0011844266384
889,1.00306525232,0.00306056401473,0.00152911172289
890,1.00213205868,0.00212978906405,0.00106432773306
891,1.00194303407,0.00194114881829,0.000970103554149
892,1.00102197395,0.00102145208643,0.000510595644869
893,1.00104814474,0.0010475958233,0.000523660753471
894,1.00096965988,0.000969190061483,0.000484477633534
895,1.00393107556,0.00392336907419,0.00195976169153
896,0.999783245665,-0.000216777829552,-0.000108394789067
897,1.00346474647,0.00345875806195,0.00172788451671
898,1.00098163003,0.000981148549931,0.000490453963081
899,0.999752677823,-0.000247352766208,-0.000123684031343
900,1.00046783748,0.000467728080016,0.000233836695945
901,0.999444095634,-0.000556058938181,-0.000278068122866
902,1.00130958798,0.00130873121849,0.000654151558763
903,1.00182308824,0.0018214284316,0.000910299641469
904,1.00229692404,0.00229429013789,0.00114648734956
905,1.00125694519,0.00125615589164,0.000627880746153
906,1.00048594161,0.000485823574379,0.00024288228651
907,0.999905136601,-9.48678991831e-05,-4.74350745991e-05
908,1.00285397793,0.00284991307105,0.00142394176702
909,1.00221693467,0.00221448090037,0.00110662768566
910,1.00006745286,6.74505865272e-05,3.37247245723e-05
911,1.0033634875,0.00335784362431,0.00167751321135
912,1.00192148132,0.00191963763627,0.000959358339393
913,0.999936163436,-6.38386018769e-05,-3.19198103649e-05
914,1.00110324729,0.00110263916095,0.00055116763176
915,1.0010602528,0.00105969113331,0.00052970522328
916,1.00213714083,0.00213486039752,0.0010668606978
917,1.00048505789,0.00048494028522,0.000242440749101
918,1.00322281166,0.00321762953029,0.0016075213164
919,1.00076304199,0.000762751022323,0.000381302796765
920,1.00222084891,0.00221838647322,0.00110857830917
921,0.999485190557,-0.000514942002971,-0.000257504149989
922,1.00093666865,0.000936230245286,0.000468005573854
923,1.00199630193,0.00199431196965,0.000996658990001
924,1.00141730722,0.00141630378509,0.000707901212168
925,1.00346045095,0.00345447736217,0.00172574786281
926,1.00021909439,0.000219070390543,0.000109529196511
927,1.00094139766,0.000940954826053,0.000470366755883
928,1.0017936324,0.00179202576583,0.000895611583238
929,1.00167823123,0.00167682457462,0.000838060917931
930,1.00165550847,0.00165413963082,0.000826727887443
931,1.00235947591,0.0023566967195,0.00117765437993
932,1.00028563029,0.000285589502755,0.000142784556692
933,1.00391933572,0.00391167513309,0.00195392616259
934,1.00447768457,0.00446768956406,0.00223135160758
935,1.00152468861,0.00152352745255,0.000761473657946
936,1.00336024966,0.0033546166358,0.00167590242245
937,1.00406684057,0.00405859332262,0.00202723903092
938,1.00228166858,0.0022790695295,0.00113888574156
939,1.00129851263,0.00129767028933,0.000648624696663
940,1.00224687647,0.00224435601789,0.00112154860266
941,1.00269342947,0.00268980868831,0.00134400036561
942,1.00046687935,0.000466770400129,0.000233357967857
943,1.00249292006,0.0024898178938,0.00124413436922
944,0.999031630856,-0.000968838316063,-0.00048453650794
945,1.00061581824,0.000615628704922,0.000307766982484
946,1.00157500314,0.00157376412105,0.000786572550025
947,1.00185680873,0.00185508699543,0.000927113462214
948,1.00114918238,0.00114852257105,0.000574096429071
949,1.00141080463,0.00140981038022,0.000704656802815
950,1.0006660588,0.000665837085632,0.000332863131587
951,1.00253493341,0.00253172588806,0.0012650620775
952,1.00212865231,0.00212638993674,0.00106262997685
953,1.00128176265,0.00128094189476,0.000640265889643
954,1.00221453651,0.00221208803518,0.00110543257635
955,0.998733873646,-0.00126692856953,-0.00063366496564
956,1.0013518571,0.00135094416746,0.000675244003818
957,1.000951721,0.000951268403288,0.000475521105629
958,1.00421611107,0.00420724817659,0.00210141302183
959,1.00109301917,0.00109242225909,0.000546061983405
960,1.00020749331,0.000207471783592,0.000103730511415
961,1.00333204224,0.00332650328354,0.00166186920531
962,1.00139242593,0.00139145740206,0.000695486737933
963,1.00186002488,0.00185829717171,0.000928717060966
964,1.001566665,0.0015654390579,0.000782413283924
965,0.998689435305,-0.00131142423638,-0.000655927144377
966,1.00178722779,0.00178563259891,0.000892417857569
967,1.0026016239,0.00259824553945,0.00129827927505
968,1.00289632025,0.00289213399165,0.00144502194475
969,0.998864329778,-0.00113631558458,-0.000568319224499
970,1.00176716146,0.00176560186507,0.000882411378433
971,1.00225263385,0.00225010047196,0.00112441760423
972,1.0015643203,0.00156309802861,0.000781243684421
973,0.999915073532,-8.49300746555e-05,-4.24659389802e-05
974,1.00371477106,0.00370788833521,0.00185222667466
975,1.00314351601,0.00313858549152,0.00156806204976
976,1.00300738985,0.00300287669778,0.00150031175424
977,1.00164660839,0.00164525421708,0.000822288843624
978,1.00265572208,0.00265220188166,0.00132522205752
979,1.00396603477,0.00395819078419,0.00197713827413
980,1.0042598129,0.00425076558518,0.00212312576588
981,1.00072621306,0.000725949490299,0.000362908877787
982,1.00183601607,0.0018343326528,0.000916745857922
983,0.998834003756,-0.00116667654628,-0.000583508448
984,1.003735641,0.00372868081988,0.00186260360686
985,0.999197685485,-0.000802636541445,-0.000401398809673
986,1.00297752522,0.00297310117027,0.00148544621612
987,1.00260280776,0.00259942632198,0.00129886889964
988,1.00080500963,0.000804685785807,0.000402261963856
989,1.00080303245,0.000802710194889,0.000401274565262
990,1.00312157224,0.00311671025298,0.00155714152163
991,1.00139226404,0.00139129573779,0.000695405962014
992,1.00227228047,0.00226970274817,0.00113420767379
993,0.99944627899,-0.000553874370468,-0.000276975535876
994,1.00190347316,0.00190166385116,0.000950380028142
995,1.00342474064,0.0034188895696,0.00170798451627
996,1.00315445084,0.00314948599588,0.00157350374077
997,1.0024636104,0.00246058069125,0.00122953384873
998,1.00228112636,0.00227852854299,0.00113861555633
999,1.00139484713,0.00139387523717,0.000696694813975
1000,1.00208198657,0.00207982223925,0.00103937059944
1001,1.0011871583,0.00118645418187,0.000593051166533
1002,0.999879298439,-0.00012070884618,-6.0356244455e-05
1003,1.0008690951,0.000868717655077,0.0004342645074
1004,1.00335488385,0.00334926878558,0.00167323297501
1005,0.999821725346,-0.000178290546581,-8.91492468487e-05
1006,1.00137056976,0.00136963138594,0.00068458126022
1007,1.00309482577,0.0030900466573,0.00154383039456
1008,1.00196511653,0.00196318821705,0.000981112502623
1009,1.00325766172,0.00325236703256,0.00162486199631
1010,1.00081840101,0.000818066300959,0.000408949507825
1011,1.00154365671,0.00154246650116,0.000770935926656
1012,1.00203113398,0.00202907401638,0.00101402253952
1013,1.00158661191,0.00158535456616,0.000792363197435
1014,1.00069135043,0.000691111558292,0.000345496081624
1015,1.00344800443,0.00344207368745,0.00171955670906
1016,1.00162671779,0.00162539611369,0.000812367907223
1017,1.00267226544,0.00266870128534,0.00133346079269
1018,1.00299784031,0.00299335574856,0.00149555841051
1019,1.0033812643,0.00337556067677,0.00168635683811
1020,1.00170165814,0.00170021196049,0.000849744742524
1021,1.00209708918,0.00209489335905,0.00104689829873
1022,1.00286191248,0.00285782500593,0.00142789209358
1023,1.00324575117,0.00324049509138,0.00161893565326
1024,1.00232490434,0.00232220592788,0.00116042914471
1025,1.0006166972,0.000616507123019,0.000308206056262
1026,1.00142957855,0.0014285576801,0.000714023803645
1027,1.00325108449,0.00324581113967,0.00162158937071
1028,1.00328632814,0.00328093996342,0.00163912514632
1029,1.00239800947,0.0023951388291,0.00119685261446
1030,1.00338675498,0.00338103283981,0.00168908830189
1031,1.00145835508,0.00145729271108,0.000728380957248
1032,1.00210918535,0.00210696414482,0.00105292735498
1033,1.00159522198,0.0015939509634,0.000796657981092
1034,1.00137874651,0.00137779690832,0.000688661218099
1035,1.00285218089,0.00284812114449,0.00142304707914
1036,1.00261435091,0.00261093943566,0.00130461796292
1037,1.00319380066,0.00318871131122,0.00159308534583
1038,1.00151420587,0.00151306061571,0.000756244210955
1039,1.00042525953,0.000425169130149,0.000212561970577
1040,1.00299280984,0.00298834029605,0.00149305443157
1041,1.0013512683,0.00135035615452,0.000674950195829
1042,1.00135826934,0.00135734772757,0.000678443616766
1043,1.00198438144,0.00198241515824,0.000990716495157
1044,1.00378563195,0.00377848447702,0.00188745874372
1045,0.999806443344,-0.000193575390464,-9.67923793123e-05
1046,1.00293309881,0.00292880566514,0.00146333111795
1047,1.00204716307,0.00204507049207,0.00102201263502
1048,1.00016392933,0.000163915893801,8.195458844e-05
1049,1.0023715986,0.00236879079795,0.00118369427957
1050,1.00103038243,0.00102985194595,0.000514793421351
1051,1.00178297361,0.00178138600008,0.000890296450772
1052,1.00030698912,0.000306942004071,0.000153459225964
1053,1.00167873682,0.00167732931364,0.000838313075911
1054,1.00037752145,0.000377450209762,0.000188707297419
1055,1.00083070526,0.000830360415731,0.00041509403249
1056,1.00243854415,0.00243557573092,0.00121704666272
1057,1.00151618653,0.00151503828385,0.000757232296737
1058,1.00107490435,0.0010743270583,0.000537019282652
1059,1.00399237643,0.00398442804131,0.00199023087947
1060,1.00095502875,0.00095457300213,0.000477172617982
1061,1.00173408697,0.00173258517445,0.000865917464131
1062,0.99945033557,-0.000549815550947,-0.000274945566079
1063,1.00047841726,0.000478302859015,0.000239122835084
1064,0.99962809334,-0.000371975833989,-0.000186005213819
1065,1.00115359843,0.00115293354992,0.000576300649912
1066,1.0033058259,0.0033003736733,0.00164882602698
1067,1.00053407339,0.000533930824865,0.000266929780338
1068,1.00106558913,0.00106502179315,0.000532369137809
1069,1.00203435269,0.00203228620169,0.00101562700227
1070,1.00363446603,0.00362787732196,0.00181229446855
1071,1.00319385859,0.00318876905331,0.00159311417088
1072,1.00042059009,0.000420501668525,0.000210228733105
1073,1.00271513519,0.00271145587188,0.00135480935198
1074,1.00215241759,0.00215010445784,0.0010744745673
1075,1.00162159312,0.00162027976116,0.00080981180587
1076,1.00175527461,0.00175373591193,0.000876483619606
1077,0.999623404364,-0.000376666566068,-0.00018835101886
1078,1.00127704329,0.00127622856009,0.000637910728426
1079,1.00347918359,0.00347314523264,0.00173506564654
1080,1.00126617041,0.00126536948995,0.000632484642186
1081,1.0024295498,0.00242660321585,0.00121256585512
1082,1.00144744245,0.0014463959137,0.000722936512235
1083,1.00182996647,0.00182829411879,0.000913729354265
1084,1.00136288355,0.00136195566323,0.000680746018833
1085,1.0025017884,0.00249866413557,0.00124855197738
1086,1.00244845041,0.00244545784081,0.00122198169198
1087,1.00247925195,0.00247618367443,0.00123732571772
1088,1.00281637712,0.0028124185564,0.00140522102922
1089,1.00006220157,6.21996393358e-05,3.10993360736e-05
1090,1.00244103964,0.00243806514335,0.0012182898533
1091,1.00197241773,0.00197047507178,0.000984752348742
1092,1.00187986392,0.00187809918952,0.00093860882567
1093,1.00309772227,0.00309293420973,0.00154527194079
1094,1.00238882204,0.00238597334279,0.00119227534569
1095,1.00374056894,0.00373359040488,0.00186505382404
1096,1.00120022909,0.00119950939392,0.00059957488006
1097,1.00460185837,0.00459130219378,0.00229301810511
1098,1.00052666965,0.000526531005527,0.000263230851442
1099,1.0008550823,0.000854716922355,0.000427267156557
1100,1.00276749973,0.00276367725368,0.00138088432746
1101,0.99980719486,-0.000192823729032,-9.64165122894e-05
1102,1.0045110991,0.00450095459044,0.00224794686977
1103,1.00269019997,0.00268658785576,0.00134239211244
1104,1.00049548196,0.000495359248727,0.000247648954298
1105,1.00274931521,0.00274554275147,0.00137182955613
1106,1.00411383488,0.00410539620161,0.00205059275685
1107,1.0012256862,0.0012249356594,0.000612280309563
1108,1.00005679204,5.67904239773e-05,2.83948088485e-05
1109,1.00218621517,0.00218382888359,0.00109131852014
1110,1.00138424645,0.00138328926116,0.000691405499566
1111,1.00203546754,0.00203339878392,0.00101618272825
1112,1.000473464,0.000473351949795,0.000236647969348
1113,1.00116351814,0.00116284177703,0.000581251896145
1114,1.00258358957,0.0025802578407,0.00128929706181
1115,1.00103929128,0.0010387515944,0.000519240944938
1116,1.00085850952,0.000858141208705,0.000428978566725
1117,1.00107748369,0.00107690361929,0.000538306870483
1118,1.0031523482,0.00314738996872,0.0015724573757
1119,1.0014080341,0.00140704375075,0.000703274461882
1120,1.00092989458,0.000929462497002,0.000464623277661
1121,1.0046822485,0.00467132086732,0.00233293490122
1122,0.99905708164,-0.000943363186902,-0.000471792852706
1123,1.00201532913,0.00201330107583,0.00100614403523
1124,1.00234490976,0.00234216475421,0.00117039692774
1125,1.00369867552,0.00369185224077,0.0018442234466
1126,1.00068718287,0.000686946865313,0.00034341445241
1127,1.00172614323,0.00172465515308,0.000861955878964
1128,0.999921961689,-7.8041356364e-05,-3.90214394985e-05
1129,1.00270305666,0.00269940996931,0.00134879454254
1130,1.00179031055,0.00178870985216,0.000893955109914
1131,1.00310465428,0.0030998447937,0.00154872188745
1132,1.0020766743,0.00207452098825,0.00103672272541
1133,1.00183246356,0.00183078664376,0.000914974477225
1134,1.00240519455,0.00240230669626,0.00120043225219
1135,1.0037707163,0.00376362497352,0.00188004298777
1136,1.00295169503,0.00294734732669,0.00147258833951
1137,1.00178522507,0.00178363344714,0.000891419173225
1138,1.00089509573,0.000894695371214,0.00044724764055
1139,1.00210801744,0.00210579869232,0.00105234524213
1140,1.00263380053,0.00263033815518,0.00131430462175
1141,1.00279676676,0.00279286308813,0.00139545698722
1142,1.00190163064,0.00189982482902,0.000949461390535
1143,1.00151773371,0.0015165831211,0.000758004130162
1144,1.00179968244,0.00179806495192,0.000898628467345
1145,1.00307461838,0.00306990140744,0.0015337732694
1146,1.00170451609,0.00170306505006,0.000851170074095
1147,1.00257670008,0.00257338607731,0.00128586560409
1148,1.00139150733,0.00139054008276,0.000695028397169
1149,1.00292813496,0.00292385631989,0.00146086006353
1150,1.0016712628,0.00166986779098,0.000834585435174
1151,1.00363386043,0.00362727390937,0.00181199330899
1152,1.00166122668,0.00165984837072,0.000829579893537
1153,1.00099441313,0.000993919028216,0.000496836050182
1154,1.00081729894,0.00081696513464,0.000408399149674
1155,1.00233549862,0.00233277557711,0.00116570782271
1156,1.00303489455,0.00303029855074,0.0015140020162
1157,1.00113205878,0.00113141848904,0.000565549261214
1158,1.00032958825,0.000329533952564,0.000164753402949
1159,1.00156000801,0.00155879246155,0.000779092580427
1160,1.00027261896,0.000272581801769,0.000136281613701
1161,1.00461093445,0.00460033665251,0.00229752496621
1162,1.00235400399,0.00235123766568,0.00117492806374
1163,1.00126036679,0.00125957319294,0.000629588322516
1164,1.00072622228,0.000725958703338,0.000362913482634
1165,1.00149857382,0.00149745207993,0.000748445814563
1166,1.00174963133,0.00174810250453,0.000873669380734
1167,1.00197952633,0.00197756965371,0.000988296140219
1168,1.00163183226,0.00163050226608,0.000814918906125
1169,1.00318825697,0.00318318525753,0.00159032671691
1170,1.00150867858,0.00150754166616,0.000753486819209
1171,1.00103625221,0.00103571566938,0.000517723769465
1172,1.00163239847,0.00163106755111,0.000815201318269
1173,1.0025547858,0.00255152788376,0.00127495050102
1174,1.00205628278,0.00205417152682,0.00102655849136
1175,1.00256333095,0.00256005121697,0.00127920672514
1176,1.00437026928,0.00436074738922,0.00217799840654
1177,1.00367678701,0.00367004415487,0.0018333394538
1178,1.00145566219,0.0014546037391,0.000727037449653
1179,1.00119944586,0.00119872709731,0.000599183966201
1180,1.00221884199,0.00221638399625,0.00110757818014
1181,1.00324164651,0.00323640370392,0.00161689326929
1182,1.00223647211,0.00223397492412,0.00111636386377
1183,1.00280033386,0.00279642022628,0.0013972330728
1184,1.00324903285,0.00324376615043,0.00162056853363
1185,1.00076409003,0.000763798262346,0.000381826216982
1186,1.00342528657,0.00341943363837,0.00170825608598
1187,1.00170166514,0.00170021894619,0.00084974823241
1188,1.00470044957,0.00468943695468,0.00234197177214
1189,1.00109559695,0.00109499721711,0.000547348758538
1190,1.00168312232,0.00168170745572,0.000840500309429
1191,1.00092700585,0.000926576449075,0.000463180923119
1192,1.00268680131,0.00268319830956,0.00134069961295
1193,1.00069926672,0.000699022348708,0.000349450102439
1194,1.00195852453,0.001956609125,0.000977826178607
1195,1.00192241235,0.00192056687907,0.000959822514945
1196,1.00160010786,0.00159882904656,0.000799095076618
1197,1.00265802673,0.0026545004219,0.00132636980394
1198,1.00143615236,0.00143512207657,0.000717303652929
1199,1.00076330569,0.000763014519654,0.000381434495186
1200,1.00156066218,0.00155944561207,0.000779418901202
1201,0.999665966533,-0.000334089269031,-0.000167058587248
1202,1.00071966706,0.000719408228169,0.000359639428316
1203,1.00306523817,0.00306054990131,0.00152910467697
1204,1.00190554686,0.00190373360622,0.000951413921612
1205,1.00170537867,0.00170392616224,0.000851600263617
1206,1.00205580101,0.00205369074449,0.00102631834694
1207,1.00290746519,0.0029032466922,0.00145057025056
1208,1.00110609266,0.00110548139051,0.000552587962259
1209,1.00167012535,0.00166873223922,0.000834018132989
1210,1.00180787377,0.00180624153684,0.000902713077598
1211,1.0007246441,0.000724381667259,0.000362125250448
1212,1.00006997321,6.99707661074e-05,3.49847710723e-05
1213,1.00220154326,0.00219912341779,0.00109895741243
1214,1.0011885996,0.00118789377635,0.00059377053664
1215,1.00163647587,0.00163513830113,0.000817235031969
1216,1.00153505079,0.00153387380147,0.000766642879802
1217,1.00128814374,0.00128731479053,0.00064345029228
1218,1.00361055335,0.00360405095155,0.00180040280271
1219,1.00149396598,0.00149285112183,0.000746147054657
1220,1.00234759579,0.00234484449095,0.00117173522703
1221,1.0022784238,0.00227583212514,0.00113726888159
1222,1.00215413305,0.0021518162303,0.00107532953353
1223,1.00199436063,0.00199237453252,0.00099569123645
1224,0.999775869753,-0.000224155368231,-0.000112083965054
1225,1.00372507312,0.00371815221599,0.00185734909639
1226,1.00058500899,0.000584837935234,0.000292376217358
1227,1.00193819939,0.00193632350288,0.000967693234062
1228,1.00311517874,0.00311033662005,0.00155395966242
1229,1.00181645709,0.00181480932849,0.000906993097129
1230,1.00314094862,0.00313602614756,0.00156678438356
1231,1.00010312868,0.000103123362848,5.15603521433e-05
1232,1.00083177136,0.00083142562534,0.000415626416071
1233,1.00094162541,0.000941182361084,0.000470480469879
1234,1.00094852943,0.000948079860009,0.000473927590829
1235,0.999644232595,-0.000355830705299,-0.000177931180525
1236,1.00002013807,2.01378669189e-05,1.0068882768e-05
1237,1.0013297949,0.00132891150399,0.000664235050155
1238,1.00132031357,0.00131944272648,0.000659503794947
1239,1.0000283608,2.83603974593e-05,1.41800981911e-05
1240,1.00247831757,0.00247525160392,0.001236860259
1241,1.00203838975,0.0020363150565,0.00101763938174
1242,1.00235237727,0.00234961476618,0.00117411756706
1243,1.00004547167,4.54706320478e-05,2.27350575785e-05
1244,1.00348212348,0.0034760749239,0.0017365279495
1245,1.00153463797,0.00153346162112,0.000766436947602
1246,1.00195983875,0.00195792077363,0.000978481361423
1247,1.00132600245,0.00132512408189,0.000662342595183
1248,1.00195407605,0.00195216932501,0.000975608446827
1249,1.00065605318,0.000655838068507,0.000327865274683
1250,1.00010884833,0.000108842409109,5.44197237476e-05
1251,1.00281022999,0.00280628867225,0.00140216038937
1252,1.00315716395,0.00315219057794,0.00157485390306
1253,1.00128009083,0.00127927221394,0.000639431583404
1254,1.00110161235,0.00110100601722,0.000550351509628
1255,1.00087733506,0.000876950428447,0.000438379098016
1256,1.00182772731,0.00182605904519,0.000912612837967
1257,1.00228077489,0.00227817787327,0.00113844042109
1258,1.00156876797,0.00156753873936,0.000783462302694
1259,1.00193249316,0.00193062829369,0.000964848381028
1260,1.00287662054,0.00287249098869,0.00143521458739
1261,1.0016069298,0.00160564006994,0.000802497861188
1262,1.00326765579,0.00326232860361,0.00162983467636
1263,1.00009655826,9.65535996075e-05,4.82756344979e-05
1264,1.00183709248,0.00183540708592,0.000917282581844
1265,1.00146908824,0.00146801018273,0.000733735775526
1266,1.00186022924,0.00185850115798,0.000928818959373
1267,1.00394188518,0.00393413630269,0.00196513474071
1268,1.00275118962,0.00274741202121,0.0013727629084
1269,1.0021340942,0.00213182025298,0.00106534224608
1270,1.00257829333,0.00257497523632,0.00128665916156
1271,1.00175781553,0.0017562723834,0.000877750742948
1272,1.00035595031,0.000355886973221,0.000177927655607
1273,1.0030810103,0.00307627371866,0.0015369545331
1274,1.00113856983,0.00113792214845,0.000568799246568
1275,1.00014891603,0.000148904944271,7.44497006191e-05
1276,1.00050244703,0.000502320843335,0.000251128883529
1277,1.00282276972,0.00281879318884,0.00140840386148
1278,1.00031324951,0.000313200453119,0.000156587965384
1279,1.00075118096,0.000750898963316,0.000375379009321
1280,1.00167374546,0.00167234630899,0.000835823659144
1281,0.999473550002,-0.000526588621497,-0.000263328975738
1282,1.00298163006,0.00297719382011,0.00148748949924
1283,1.00134169105,0.00134079178219,0.000670171225975
1284,1.00285976826,0.0028556869032,0.00142682456813
1285,1.00369408597,0.00368727958762,0.00184194133391
1286,1.00258471599,0.00258138135711,0.00128985809558
1287,1.00129882018,0.00129797743823,0.000648778171486
1288,1.00354036975,0.00353411739216,0.00176549836706
1289,1.00176548654,0.00176392990182,0.000881576134141
1290,1.00115467071,0.00115400458884,0.000576835860607
1291,1.00188615928,0.00188438271976,0.000941747636969
1292,1.00218537535,0.00218299088727,0.00109089997915
1293,1.00138797116,0.00138700881744,0.000693263990119
1294,1.00149354331,0.00149242908122,0.000745936191779
1295,1.00233790048,0.00233517184238,0.00116690455796
1296,1.00191627192,0.00191443820892,0.000956761116399
1297,1.00243065399,0.00242770472716,0.0012131159428
1298,1.00369972846,0.0036929012977,0.00184474700757
1299,1.00339408211,0.00338833520851,0.00169273331241
1300,1.00389959619,0.00389201247079,0.0019441139929
1301,1.00151205128,0.00151090928379,0.000755169357881
1302,1.00270115917,0.00269751759361,0.00134784963045
1303,1.00251905678,0.00251588927182,0.00125715375522
1304,1.00324827696,0.00324301270535,0.00162019242153
1305,1.00189956188,0.00189775998964,0.000948429950557
1306,1.00091685618,0.000916436122003,0.000458113095139
1307,1.00378710427,0.0037799512478,0.00188819074461
1308,1.00291192032,0.00290768889018,0.00145278812523
1309,1.00179332489,0.00179171880073,0.000895458238134
1310,1.00037271566,0.000372646216353,0.000186305751104
1311,1.00200833357,0.00200631956034,0.00100265678361
1312,1.00049608449,0.000495961485517,0.000247949998076
1313,1.0028312305,0.00282723011376,0.00141261637375
1314,1.00234498705,0.00234224186132,0.00117043543617
1315,1.00061548029,0.000615290960172,0.000307598162068
1316,1.00169827087,0.00169683044046,0.000848055417799
1317,1.00380552891,0.00379830620667,0.00189735085318
1318,1.00162032086,0.00161900955885,0.000809177218822
1319,1.00099799411,0.000997496448253,0.000498623869905
1320,1.00007602299,7.60200987618e-05,3.80093270081e-05
1321,1.00220669034,0.00220425917092,0.00110152246371
1322,1.00213438566,0.00213211109884,0.00106548751408
1323,1.00109031462,0.00108972065948,0.000544711920305
1324,1.00220000068,0.00219758422427,0.00109818866113
1325,1.00192576384,0.00192391193756,0.000961493437462
1326,1.00282907166,0.002825077364,0.0014115415188
1327,1.00135268533,0.00135177127124,0.000675657276377
1328,1.00285721494,0.00285314085981,0.001425553362
1329,1.00263950903,0.00263603164868,0.00131714762296
1330,1.00120359351,0.0012028697763,0.000601254062443
1331,1.00445282087,0.00444293639179,0.00221900256154
1332,1.00179982555,0.00179820780615,0.00089869983027
1333,1.00364020695,0.00363359742712,0.00181514933379
1334,1.00332744723,0.00332192352965,0.00165958313122
1335,1.001298332,0.00129748989648,0.000648534558733
1336,1.00113986299,0.0011392138388,0.000569444724174
1337,1.00179113307,0.0017895309089,0.000894365271206
1338,1.00063662077,0.000636418217908,0.000318158485805
1339,1.00249140321,0.00248830481342,0.00124337876998
1340,1.00148404535,0.00148294524648,0.000741197800345
1341,1.00178958594,0.0017879865425,0.000893593778322
1342,1.00324786821,0.00324260527869,0.00161998903823
1343,1.00032333844,0.000323286181987,0.000161630027453
1344,0.999973359167,-2.66411883153e-05,-1.33206828772e-05
1345,1.00126280936,0.00126201268851,0.00063080730162
1346,1.00302960361,0.00302502360552,0.00151136853326
1347,1.00218864486,0.00218625326298,0.00109252938622
1348,1.00262850429,0.00262505581159,0.00131166691777
1349,1.00160782217,0.00160653101069,0.000802942973972
1350,1.00387873182,0.00387122893456,0.00193374237367
1351,1.00298543244,0.00298098488544,0.00148938221052
1352,1.00005220515,5.2203786901e-05,2.6101552799e-05
1353,1.00054448516,0.000544336984101,0.000272131457566
1354,1.00332507872,0.00331956286518,0.00165840475715
1355,1.00015785334,0.000157840885634,7.89173286809e-05
1356,1.00113109342,0.00113045421966,0.000565067399079
1357,1.00190904143,0.00190722152368,0.000953156219594
1358,1.00373927454,0.00373230083426,0.00186441024109
1359,1.00374040902,0.00373343108738,0.00186497431386
1360,1.00202250555,0.00202046304172,0.00100972140879
1361,1.00166930267,0.00166791093126,0.000833607821415
1362,1.00225091606,0.00224838653892,0.00112356160093
1363,1.00209878213,0.00209658276791,0.00104774211849
1364,1.00194158818,0.00193970573776,0.000969382713591
1365,1.00244206539,0.00243908839015,0.00121880085326
1366,1.00252800175,0.0025248117322,0.00126160936702
1367,1.00009182123,9.18170159796e-05,4.59074542104e-05
1368,1.00118984098,0.0011891336847,0.000594390122512
1369,1.00194001314,0.00193813374239,0.000968597477533
1370,1.00188403676,0.00188226419358,0.000940689370877
1371,1.00137020108,0.00136926321066,0.000684397298588
1372,1.00149040608,0.0014892965262,0.000744371081387
1373,1.00347822877,0.00347219372614,0.00173459071864
1374,1.00185161659,0.00184990446445,0.000924524595768
1375,1.00208021972,0.00207805905536,0.0010384899234
1376,1.00167897441,0.00167756650868,0.000838431574001
1377,1.00371947478,0.00371257463968,0.00185456548411
1378,0.999935179397,-6.48227037145e-05,-3.24118771109e-05
1379,1.00099717636,0.000996679514155,0.000498215606445
1380,1.00374819778,0.00374119078827,0.00186884692097
1381,1.00196558396,0.00196365472469,0.000981345527566
1382,1.00345373724,0.00344778679008,0.0017224083443
1383,1.00144334651,0.00144230589049,0.000720892976955
1384,1.00293332351,0.00292902970997,0.00146344297643
1385,1.00003541159,3.54109636402e-05,1.77053250791e-05
1386,1.00158768795,0.00158642890435,0.000792899940753
1387,1.00113132705,0.0011306875841,0.00056518401536
1388,1.00059865494,0.000598475821274,0.000299193143439
1389,1.00150940577,0.00150826775835,0.000753849591691
1390,1.00428848986,0.00427932049303,0.00213737280527
1391,1.0032799923,0.00327462485529,0.0016359727629
1392,1.0017801178,0.00177853527172,0.000888872354575
1393,1.00195295974,0.00195105519663,0.000975051925959
1394,1.00213992896,0.00213764257748,0.00106825030271
1395,1.00254792582,0.00254468535826,0.00127153359437
1396,1.00029683408,0.000296790032945,0.000148384006477
1397,1.0018130821,0.00181144044618,0.000905310182334
1398,1.00289233381,0.00288815906253,0.00144303735014
1399,1.00224054935,0.00223804305758,0.00111839565767
1400,1.00090621452,0.000905804151367,0.00045279953102
1401,1.00433689275,0.0043275155333,0.0021614185303
1402,1.00034821043,0.000348149816055,0.00017405975787
1403,1.001167334,0.00116665319591,0.000583156496071
1404,1.00345484289,0.00344888863515,0.00172295831777
1405,1.00216301858,0.00216068262616,0.0010797579545
1406,1.00121264828,0.00121191361258,0.000605773251541
1407,1.00313142209,0.00312652939962,0.00156204343802
1408,1.00274131133,0.00273756078493,0.00136784403985
1409,1.00099960716,0.00099910788374,0.000499429185575
1410,1.00442312688,0.00441337360293,0.00220425385806
1411,1.00114752659,0.0011468686892,0.000573269962549
1412,1.00012614834,0.000126140379616,6.30682009253e-05
1413,1.00010312025,0.00010311493357,5.15561377217e-05
1414,1.00339385256,0.00338810644297,0.00169261912325
1415,1.00442356751,0.00441381229253,0.00220447271934
1416,1.00318281054,0.00317775611647,0.00158761645976
1417,1.00142375624,0.0014227436587,0.000711118864399
1418,1.00392400032,0.00391632151115,0.00195624480959
1419,1.00365889689,0.00365221941475,0.0018244433835
1420,1.00136811675,0.00136718172699,0.000683357268491
1421,1.00131842005,0.00131755170055,0.000658558905108
1422,1.00306224058,0.00305756147472,0.00152761274736
1423,1.00255637784,0.00255311586496,0.001275743479
1424,1.00009630363,9.62989961798e-05,4.81483389214e-05
1425,0.999992415275,-7.58475409953e-06,-3.79238424086e-06
1426,1.0000381119,3.81111705379e-05,1.90554037125e-05
1427,1.00315534367,0.00315037601838,0.0015739480517
1428,1.00079772384,0.000797405823132,0.000398623440122
1429,1.00177923363,0.00177765266718,0.000888431444471
1430,1.00324973937,0.00324447037888,0.00162092007717
1431,1.00157293011,0.00157169434983,0.000785538477893
1432,1.00210533492,0.00210312180827,0.00105100820772
1433,1.00118035444,0.00117965836743,0.000589655268679
1434,1.00081524026,0.00081490813601,0.000407371069869
1435,1.00196475568,0.0019628280743,0.000980932607903
1436,1.00515585105,0.00514260516052,0.00256799961336
1437,1.00238719746,0.00238435263475,0.00119146595751
1438,1.0013052077,0.00130435665443,0.000651965705153
1439,1.00110289262,0.00110228488447,0.000550990591137
1440,1.00186804469,0.00186630206568,0.000932715782812
1441,1.00059143727,0.000591262444344,0.000295587527568
1442,1.00437881265,0.00436925354652,0.00218224221297
1443,1.00170063178,0.00169918734048,0.000849232867724
1444,1.00376862492,0.00376154144058,0.00187900317932
1445,1.00098546781,0.000984982553293,0.000492370022724
1446,1.0005041366,0.000504009566798,0.000251973032861
1447,1.00216362971,0.00216129243596,0.00108006253013
1448,1.0029579179,0.00295355186861,0.0014756860373
1449,1.00219183401,0.00218943545013,0.00109411874021
1450,1.00387044963,0.00386297871264,0.00192962523113
1451,1.00261594384,0.00261252821609,0.00130541131645
1452,1.00315602407,0.00315105428209,0.00157428664972
1453,1.00003458671,3.45861166602e-05,1.72929088061e-05
1454,0.999834313494,-0.000165700233451,-8.28535488913e-05
1455,1.00173794797,0.00173643948394,0.000867842948265
1456,1.00161669372,0.00161538828102,0.0008073680434
1457,1.0031124287,0.00310759512135,0.00155259104222
1458,1.00205001496,0.00204791654381,0.00102343420552
1459,1.00203477565,0.00203270829859,0.00101583783635
1460,1.0015934419,0.00159217371684,0.000795770065349
1461,1.00039127314,0.000391196614599,0.000195579179198
1462,1.00216259877,0.00216026371466,0.00107954872489
1463,1.00038029826,0.000380225967282,0.000190094913313
1464,1.00134563248,0.00134472793278,0.000672137980388
1465,1.00072069658,0.000720437002017,0.000360153630114
1466,1.00143740235,0.00143637027431,0.000717927303939
1467,1.00027071397,0.000270677335973,0.000135329510122
1468,1.00230788764,0.00230522856026,0.00115195027543
1469,1.00065107411,0.000650862250258,0.000325378178164
1470,1.00178191271,0.00178032698828,0.000889767416151
1471,1.00027666679,0.000276628529497,0.000138304699771
1472,1.00204471617,0.00204262857972,0.00102079292593
1473,1.00153955061,0.00153836671819,0.000768887613409
1474,1.00244303004,0.00244005068945,0.00121928141637
1475,1.00176784702,0.00176628621621,0.000882753252006
1476,1.00126310452,0.00126230747757,0.000630954603163
1477,1.00225833799,0.00225579177792,0.00112726005347
1478,1.00259460302,0.00259124284961,0.00129478246973
1479,1.00110769127,0.00110707823573,0.000553385943354
1480,1.00132148501,0.00132061261548,0.000660088353505
1481,0.999240694954,-0.000759593464452,-0.000379868864137
1482,1.00121774041,0.00121699956491,0.000608314684007
1483,1.00140068257,0.00139970253191,0.000699606427179
1484,1.00094451034,0.000944064572986,0.000471920896781
1485,1.0009508968,0.000950444985612,0.000475109592482
1486,1.00233397648,0.00233125698603,0.001164949412
1487,1.0032735973,0.00326825074749,0.00163279091787
1488,1.00205819678,0.00205608159025,0.00102751254222
1489,1.00185045044,0.00184874046339,0.00092394313314
1490,1.00079217144,0.000791857834348,0.000395850547664
1491,1.00245346675,0.00245046191826,0.00122448067014
1492,1.00087396317,0.000873581489781,0.000436695365701
1493,0.999661405582,-0.000338651754113,-0.000169340213492
1494,1.00248731099,0.00248422275535,0.00124134027663
1495,1.00041498655,0.000414900464597,0.000207428715987
1496,0.99944438381,-0.000555770601433,-0.000277923914414
1497,1.00142614836,0.00142513237456,0.000712312372285
1498,1.00253192948,0.0025287295488,0.00126356580202
1499,1.00085063026,0.000850268682356,0.000425043984379
1500,1.00193258537,0.00193072033072,0.000964894355137
1501,1.00179792716,0.00179631282426,0.000897753190387
1502,1.00261462244,0.00261121025748,0.00130475319717
1503,1.00311645792,0.00311161182681,0.00155459627479
1504,1.00180288489,0.00180126163987,0.000900225373727
1505,1.00209826238,0.00209606410334,0.00104748305788
1506,1.00151982118,0.00151866742474,0.000759045491484
1507,1.00200309298,0.00200108946701,0.00100004435552
1508,1.00038638036,0.000386305738951,0.000193134216661
1509,1.00092978709,0.000929355109012,0.000464569608612
1510,1.00276679252,0.00276297199623,0.00138053218561
1511,1.00215653705,0.00215421506544,0.00107652766062
1512,1.00085330966,0.000852945797047,0.000426381971883
1513,0.99986523411,-0.000134774971479,-6.73897563273e-05
1514,1.00190792284,0.00190610506394,0.00095259852165
1515,1.00133643365,0.00133554141392,0.000667547797721
1516,1.00230115966,0.00229851604728,0.00114859787955
1517,1.00351784806,0.00351167490163,0.00175429687004
1518,1.00170683548,0.0017053804932,0.000852326809578
1519,1.00003252211,3.25215784183e-05,1.62606570032e-05
1520,1.00167960073,0.00167819177757,0.000838743946276
1521,1.00242962179,0.00242667502965,0.00121260171848
1522,1.00244911369,0.00244611950227,0.00122231211839
1523,1.00179890786,0.00179729176366,0.000898242220545
1524,1.00302630504,0.00302173499368,0.00150972671114
1525,1.00077682573,0.000776524160917,0.000388186716491
1526,1.00259124385,0.00258789236926,0.00129310939722
1527,1.00306697347,0.00306227989953,0.00152996835303
1528,1.00433394389,0.00432457940137,0.00215995363636
1529,1.00052646031,0.0005263217825,0.00026312626746
1530,1.00224336881,0.00224085621035,0.00111980065996
1531,1.00289351333,0.00288933517419,0.00144362455722
1532,1.00255443788,0.00255118085061,0.00127477720565
1533,1.00402099486,0.00401293226153,0.00200445452323
1534,1.00034491819,0.000344858716055,0.00017241449294
1535,1.00152084791,0.00151969258723,0.000759557683525
1536,1.0016270741,0.00162575184435,0.000812545628044
1537,0.999751249763,-0.000248781180521,-0.00012439832709
1538,1.00121758034,0.00121683969348,0.000608234796916
1539,1.00119628644,0.00119557146245,0.000597607092935
1540,1.00304043278,0.00303582000872,0.00151675856164
1541,0.999917538563,-8.24648373318e-05,-4.12332687338e-05
1542,1.00261038617,0.00260698503261,0.00130264333894
1543,1.00164884979,0.00164749192537,0.000823406777122
1544,1.0041361624,0.00412763199701,0.00206168779459
1545,1.00338764874,0.00338192358392,0.00168953292157
1546,1.00312663558,0.00312175781761,0.00155966137088
1547,1.00100061536,0.00100011508057,0.00049993253235
1548,1.00223637126,0.00223387430655,0.00111631361115
1549,0.998739079545,-0.0012617160838,-0.000631057074687
1550,1.00086666973,0.000866294390192,0.000433053400393
1551,1.001562192,0.00156097304867,0.00078018202395
1552,1.00236078467,0.0023580024,0.00117830645115
1553,1.00330990674,0.00330444105447,0.0016508563623
1554,1.00185059734,0.00184888709727,0.000924016382339
1555,1.0024950152,0.00249190782067,0.00124517803203
1556,1.00009570964,9.57050618613e-05,4.78513860166e-05
1557,0.999776019336,-0.00022400575112,-0.000112009148116
1558,1.00227051698,0.00226794324723,0.00113332892075
1559,0.999718059261,-0.000281980491427,-0.000141000185305
1560,1.00203873233,0.00203665693517,0.00101781014711
1561,1.00311380146,0.00310896362106,0.00155327422948
1562,1.00281330458,0.0028093546427,0.00140369122393
1563,1.00008979991,8.97958752699e-05,4.48969297375e-05
1564,1.0011974111,0.00119669477891,0.000598168415353
1565,1.00103610248,0.00103556609811,0.000517649022544
1566,1.00136449034,0.00136356027348,0.000681547777474
1567,1.00262035925,0.00261693209852,0.0013076103808
1568,1.00110918953,0.00110857483106,0.000554133826638
1569,1.00192920613,0.00192734760533,0.000963209618186
1570,1.00094726709,0.00094681871777,0.000473297318356
1571,0.999925179517,-7.48232823111e-05,-3.74123409799e-05
1572,1.00378638518,0.0037792348643,0.00188783322913
1573,1.00421957013,0.00421069270831,0.00210313166702
1574,1.0028999082,0.00289571158169,0.00144680815332
1575,1.00055653531,0.000556380503308,0.000278151560334
1576,1.00281390591,0.00280995429023,0.00140399062679
1577,1.00323513436,0.00322991256772,0.00161365294367
1578,1.00193342755,0.0019315608837,0.000965314226019
1579,1.00139929062,0.00139831252329,0.000698911908858
1580,1.00268018717,0.00267660187177,0.00133740581055
1581,1.00182066668,0.00181901127155,0.000909092160887
1582,1.00076484029,0.000764547953544,0.000382200919385
1583,1.00301409652,0.00300956324225,0.00150365000494
1584,1.00104657967,0.00104603238663,0.000522879444187
1585,1.00114695397,0.0011462967244,0.000572984144052
1586,1.00157080769,0.00156957525885,0.000784479764155
1587,1.001118613,0.0011179878229,0.000558837703463
1588,1.00078558351,0.000785275098248,0.000392560477089
1589,1.00206151694,0.00205939493334,0.00102916751015
1590,1.0009652057,0.000964740192786,0.000482253774642
1591,0.999974373374,-2.562695411e-05,-1.2813559148e-05
1592,1.00375553029,0.00374849589061,0.00187249263942
1593,1.00180811715,0.00180648447033,0.000902834434686
1594,1.00095484037,0.000954384799964,0.000477078561797
1595,1.0033443349,0.00333875504744,0.00166798488811
1596,1.00200991883,0.00200790164316,0.00100344703156
1597,1.00190609359,0.00190427930082,0.000951686509282
1598,1.00095127493,0.000950822757138,0.000475298388486
1599,0.999490367594,-0.000509762313141,-0.000254913641533
1600,1.00234302394,0.00234028333651,0.00116945731945
1601,1.00268329613,0.00267970252189,0.001338954061
1602,1.00316752217,0.00316251614021,0.00158000854026
1603,1.0023956872,0.00239282211764,0.00119569564445
1604,1.00174536805,0.00174384666642,0.000871543318517
1605,1.00094871828,0.000948268527293,0.000474021879759
1606,1.00027519417,0.000275156314274,0.000137568693697
1607,1.00384526887,0.00383789472451,0.00191710735991
1608,1.00156521198,0.00156398831643,0.000781688480469
1609,1.0014528301,0.00145177575925,0.000725624486752
1610,1.00211132477,0.00210909905552,0.00105399368581
1611,1.00230210658,0.00229946079223,0.00114906970935
1612,1.00258262641,0.00257929716379,0.00128881734254
1613,1.00099456674,0.000994072485448,0.000496912740673
1614,1.00187136005,0.00186961123862,0.000934368824654
1615,1.00053062144,0.000530480714322,0.000265205184047
1616,1.00258119192,0.00257786636821,0.00128810286651
1617,1.0010129663,0.00101245359868,0.000506098688172
1618,1.00100720679,0.0010066998962,0.000503223288769
1619,1.00215309676,0.00215078217308,0.00107481306077
1620,1.00191431058,0.00191248062393,0.000955783259893
1621,1.00199156766,0.00198958712052,0.000994298917183
1622,1.00449462538,0.00448455471574,0.0022397653319
1623,1.00186428469,0.00186254907099,0.000930841033945
1624,1.00358278241,0.00357637953742,0.00178659190995
1625,1.00092742136,0.000926991571124,0.000463388387984
1626,1.00057747006,0.000577303387482,0.000288610037849
1627,1.00302507931,0.0030205129689,0.00150911662103
1628,1.00280127921,0.00279736293682,0.00139770376937
1629,1.0027609871,0.00275718257817,0.00137764146863
1630,1.00277178337,0.00276794905847,0.00138301727814
1631,1.00059810171,0.000597922921517,0.000298916776234
1632,0.999614636562,-0.000385437709969,-0.000192737426456
1633,1.00127909771,0.00127828036094,0.000638935973895
1634,1.00187215316,0.00187040286695,0.000934764268902
1635,1.00242976438,0.00242681727711,0.00121267275597
1636,1.00007111761,7.1115080596e-05,3.55569081362e-05
1637,1.00269671993,0.00269309030422,0.00134563896697
1638,1.00147309834,0.00147201439855,0.000735736412415
1639,1.00301858775,0.00301404096412,0.00150588549691
1640,1.00070308973,0.000702842682254,0.00035135959988
1641,1.00251551579,0.00251235717424,0.00125538992507
1642,1.00117120444,0.0011705191116,0.000585088324834
1643,0.999371052053,-0.000629145818143,-0.000314622392318
1644,1.00196184452,0.00195992261549,0.000979481302473
1645,1.00187201597,0.00187026593162,0.000934695865236
1646,1.00056355406,0.000563395318418,0.000281657986149
1647,1.00035961544,0.000359550791798,0.000179759237271
1648,1.00201137101,0.00200935091238,0.00100417093878
1649,1.00112526823,0.00112463559168,0.000562159724818
1650,1.00174250904,0.00174099263529,0.000870117545642
1651,1.00159780388,0.00159652875026,0.000797945846885
1652,1.00255690138,0.00255363806535,0.00127600424607
1653,1.0010907801,0.00109018563375,0.000544944280774
1654,1.0011724159,0.00117172915973,0.000585692994721
1655,1.00192055503,0.00191871312329,0.000958896526261
1656,1.00254423952,0.00254100842534,0.00126969746389
1657,1.00322392568,0.00321873996948,0.00160807564332
1658,1.00076861686,0.000768321627231,0.000384087033298
1659,1.00071077095,0.000710518476339,0.000355196141079
1660,1.00034978088,0.000349719722813,0.000174844574312
1661,1.00210919313,0.0021069719027,0.00105293122984
1662,0.999984806316,-1.51937990517e-05,-7.59692838237e-06
1663,1.00205525677,0.00205314761791,0.00102604706233
1664,1.00442751712,0.00441774450179,0.00220643448782
1665,1.00240893533,0.00240603849845,0.00120229591166
1666,1.00215622796,0.00215390663206,0.00107637360993
1667,0.999599552179,-0.000400528021215,-0.000200284064783
1668,0.99987566385,-0.000124343880696,-6.21738730633e-05
1669,1.00152016627,0.00151901198461,0.000759217640634
1670,1.00285253514,0.00284847438408,0.00142322344758
1671,1.0011913556,0.0011906465,0.000595146080273
1672,1.00290711409,0.00290289660855,0.00145039546263
1673,1.00323493799,0.00322971683677,0.00161355523611
1674,1.00188686352,0.00188508563355,0.000942098762817
1675,1.00289925168,0.0028950569574,0.00144648131468
1676,1.00115194921,0.00115128622169,0.000575477460135
1677,1.00272668743,0.00272297676119,0.00136056197577
1678,1.00085088814,0.000850526343782,0.000425172760325
1679,1.00279149859,0.00278760959279,0.00139283390162
1680,1.00172801599,0.00172652468469,0.000862889838606
1681,1.00312414817,0.00311927815944,0.00155842347474
1682,1.00140651291,0.00140552469885,0.000702515469803
1683,1.00271302752,0.00270935390482,0.00135375979179
1684,1.00140231086,0.00140132853937,0.000700418861794
1685,1.00204023363,0.00203815518344,0.00101855850849
1686,1.00274441735,0.00274065831492,0.00136939068518
1687,1.00136682113,0.00136588788505,0.000682710789393
1688,1.0012058654,0.00120513892479,0.000602387953877
1689,1.00097785432,0.000977376529781,0.000488568876229
1690,1.00173739954,0.00173589200452,0.000867569446079
1691,1.00222289348,0.00222042650939,0.00110959719596
1692,1.00292737131,0.00292309489989,0.00146047990962
1693,1.00304561719,0.00304098869314,0.00151933898069
1694,1.00272815416,0.00272443949957,0.00136129234962
1695,0.999811168349,-0.000188849481452,-9.4429198882e-05
1696,1.00307544251,0.00307072301187,0.00153418344145
1697,1.00207205938,0.00206991562631,0.00103442242903
1698,1.00130296625,0.00130211812341,0.000650847168739
1699,1.00371847947,0.00371158301279,0.00185407059005
1700,1.00055063009,0.000550478549943,0.000275201400117
1701,1.00177429071,0.00177271851263,0.000885966555983
1702,1.00180014413,0.00179852581518,0.000898858691874
1703,1.00070995344,0.000709701546813,0.000354787821317
1704,1.00263809567,0.00263462199871,0.00131644372608
1705,1.00186602681,0.00186428794061,0.000931709659074
1706,1.00304907416,0.00304443516152,0.00152105959522
1707,1.00087861294,0.000878227180803,0.000439017194139
1708,1.00103391964,0.00103338551175,0.000516559293163
1709,1.0030545219,0.00304986632713,0.00152377104378
1710,1.00194969687,0.00194779867743,0.000973425252672
1711,1.00130554423,0.00130469274336,0.000652133640046
1712,1.00044815006,0.000448049673539,0.00022399974508
1713,1.00181129594,0.00180965751887,0.000904419525334
1714,1.00195166791,0.00194976587815,0.000974407895087
1715,1.002449509,0.0024465138392,0.00122250904583
1716,0.999574187027,-0.000425903656798,-0.000212974504249
1717,1.00186404458,0.00186230940081,0.000930721310397
1718,1.00004940635,4.94051306298e-05,2.4702260209e-05
1719,1.00126445461,0.00126365585826,0.000631628367896
1720,1.00217801512,0.00217564668488,0.00108723187712
1721,1.00392290863,0.00391523408741,0.0019557021612
1722,1.00160753528,0.0016062445822,0.00080279987471
1723,1.00062865951,0.000628461986638,0.000314181627931
1724,1.00173828205,0.001736772983,0.00086800955307
1725,1.00287520673,0.00287108123214,0.00143451072052
1726,1.00219260718,0.00219020691985,0.00109450405296
1727,1.00258780297,0.00258446037479,0.00129139561749
1728,1.00151094804,0.00150980770861,0.000754618986079
1729,1.00121437685,0.00121364009279,0.000606635968345
1730,1.00081770566,0.000817371521477,0.000408602260089
1731,1.00173374256,0.00173224136407,0.000865745707783
1732,1.00131840211,0.00131753377876,0.000658549950115
1733,1.00086646392,0.000866088754743,0.000432950627188
1734,1.00218130882,0.00217893322165,0.00108887335754
1735,1.00065458586,0.000654371709572,0.000327132335331
1736,1.00152340148,0.00152224228282,0.000760831562188
1737,1.00331172391,0.00330625222723,0.00165176045328
1738,1.003379354,0.00337365680998,0.00168540650957
1739,1.00044619181,0.000446092294525,0.00022302127432
1740,1.00207926435,0.00207710566729,0.0010380137243
1741,1.001808532,0.00180689857195,0.000903041298544
1742,1.00096087091,0.000960409569863,0.000480089505067
1743,1.00375380051,0.00374677258198,0.00187163259818
1744,1.00035062851,0.000350567057368,0.000175268167424
1745,1.00350449274,0.00349836631544,0.00174765422845
1746,1.0018444749,0.00184277594792,0.000920963626401
1747,0.999653297569,-0.000346762546376,-0.000173396304589
1748,1.00142457688,0.00142356313468,0.000711528310932
1749,1.00262164699,0.00261821646729,0.00130825172526
1750,1.00081810984,0.000817775367065,0.000408804100356
1751,1.0026202939,0.00261686691463,0.00130757783148
1752,0.999258677382,-0.000741597533116,-0.000370867520918
1753,1.00220593857,0.00220350906271,0.00110114782267
1754,1.0028655743,0.00286147637173,0.00142971516793
1755,1.0014030873,0.00140210389678,0.000700806268889
1756,1.00177300485,0.00177143492918,0.00088532533266
1757,1.00279246555,0.00278857386303,0.00139331536509
1758,1.00156979447,0.00156856362881,0.000783974345807
1759,1.00333833443,0.00333277456229,0.00166499962876
1760,1.00224596057,0.00224344216922,0.00112109219068
1761,1.00226588165,0.0022633184094,0.0011310191199
1762,1.00195748608,0.00195557270272,0.000977308474054
1763,1.00071131092,0.000711058054779,0.000355465834434
1764,1.00204408643,0.00204200012433,0.00102047901895
1765,0.999737882289,-0.000262152069912,-0.000131084625795
1766,1.00083523433,0.000834885713057,0.000417355739382
1767,0.998769794366,-0.00123096295812,-0.000615670926653
1768,1.00280387727,0.00279995373692,0.00139899735799
1769,0.999236845544,-0.000763445806511,-0.000381795768714
1770,1.00075880016,0.000758512415021,0.000379184298966
1771,1.00192145562,0.00191961198243,0.000959345524775
1772,1.00199572128,0.00199373247042,0.000996369529127
1773,1.00256784585,0.00256455456639,0.00128145551696
1774,1.00233493973,0.00233221799406,0.00116542935614
1775,1.00184613475,0.00184443273478,0.000921791256567
1776,1.00125666093,0.00125587199329,0.000627738886096
1777,1.00174500388,0.00174348313357,0.000871361710491
1778,1.00265879576,0.00265526741479,0.00132675279165
1779,1.0010001199,0.000999620113734,0.000499685172628
1780,1.00390406428,0.00389646319917,0.00194633502826
1781,1.00300135436,0.00299685928647,0.00149730755806
1782,1.00167468357,0.00167328284982,0.000836291538057
1783,1.00274917622,0.00274540414553,0.00137176034823
1784,1.0037690304,0.00376194539963,0.00187920477931
1785,0.999722074667,-0.000277963961784,-0.000138991639335
1786,1.00191474557,0.00191291478161,0.000956000131228
1787,1.00089547665,0.000895075952428,0.000447437846032
1788,1.00106061694,0.00106005488361,0.000529887002076
1789,1.00163819242,0.00163685204501,0.000818091203278
1790,1.00055234575,0.000552193260431,0.000276058519048
1791,0.999766766789,-0.000233260414042,-0.000116637008588
1792,0.999505410318,-0.000494712032099,-0.000247386611071
1793,1.00351345641,0.0035072986371,0.00175211257402
1794,1.00260114314,0.00259776602672,0.00129803982992
1795,1.00249521705,0.00249210916227,0.00124527857748
1796,1.00124080927,0.00124004010645,0.000619827880511
1797,1.00360021564,0.00359375037662,0.0017952617746
1798,1.00399020078,0.00398226104638,0.00198914953783
1799,1.00184233915,0.00184064412734,0.000919898697207
1800,1.0025237791,0.0025205997159,0.00125950601361
1801,1.00313882294,0.00313390712184,0.00156572653017
1802,1.0033224885,0.00331698122893,0.0016571160789
1803,1.00234076757,0.00233803224527,0.00116833308947
1804,1.00084978906,0.000849428191543,0.000424623917507
1805,1.00232152039,0.00231882982919,0.0011587430528
1806,1.00233446641,0.00233174577635,0.00116519352242
1807,1.00142151574,0.00142050634228,0.000710001001063
1808,1.0029063961,0.00290218069434,0.00145003802464
1809,0.999883689549,-0.000116317215812,-5.81602991505e-05
1810,1.00183840192,0.00183671412369,0.000917935501058
1811,1.00009105173,9.10475876806e-05,4.55227576481e-05
1812,1.00281994158,0.00281597299982,0.00140699575196
1813,1.00139686786,0.00139589314582,0.000697703064856
1814,1.0013224749,0.00132160120289,0.000660582320809
1815,1.00094105373,0.000940611215387,0.000470195031347
1816,1.00182296889,0.00182130929536,0.000910240127572
1817,1.00308416472,0.00307941844109,0.00153852447643
1818,1.00126879095,0.00126798671357,0.000633792425464
1819,1.00089079372,0.000890397198646,0.000445099513131
1820,1.00343012289,0.00342425343393,0.00171066186414
1821,1.00143787352,0.0014368407697,0.000718162382715
1822,1.00303322682,0.00302863587321,0.00151317193574
1823,1.00025151326,0.000251481636521,0.000125732913215
1824,1.00285444236,0.00285037617248,0.00142417298799
1825,1.00147634683,0.00147525809707,0.000737357067107
1826,1.0003921017,0.000392024850721,0.00019599321618
1827,1.00219663969,0.00219423060173,0.00109651368991
1828,1.00150628373,0.0015051504186,0.000752292095604
1829,1.00042829235,0.000428200659024,0.000214077411672
1830,1.0022853415,0.00228273407985,0.00114071592831
1831,1.00241391705,0.00241100823409,0.00120477778885
1832,0.999157983019,-0.000842371676783,-0.000421274549601
1833,1.00133959293,0.00133869647291,0.000669124272898
1834,0.999580995576,-0.000419092231354,-0.000209568071998
1835,1.00350625884,0.00350012624571,0.00174853265532
1836,1.00248221735,0.00247914174143,0.00123880292009
1837,1.00182340348,0.00182174310268,0.000910456833774
1838,1.0008723806,0.000872000297406,0.00043590511445
1839,1.00328431436,0.00327893277539,0.00163812319682
1840,1.00261294922,0.00260954140595,0.00130391985977
1841,1.00227663358,0.00227404597197,0.00113637682027
1842,0.999889709446,-0.000110296636054,-5.51498387236e-05
1843,1.00175684802,0.00175530657264,0.000877268261322
1844,1.00515046516,0.00513724688132,0.00256532735021
1845,1.00205500078,0.00205289215879,0.00102591946381
1846,1.00225718579,0.00225464216828,0.00112668589644
1847,1.00247936445,0.00247629589776,0.00123738175996
1848,1.00306519476,0.00306050663288,0.00152908307583
1849,1.00292226233,0.00291800081936,0.00145793658602
1850,1.00246860492,0.00246556292335,0.00123202189876
1851,0.999967234174,-3.27663632633e-05,-1.63833158366e-05
1852,1.00213111117,0.00212884357681,0.00106385549248
1853,1.00102117648,0.00102065543139,0.000510197520656
1854,1.00213116539,0.00212889767395,0.00106388251227
1855,1.0026873216,0.00268371720969,0.00134095871514
1856,1.00292241033,0.00291814838749,0.00145801026251
1857,1.00133128438,0.00133039900757,0.000664978307646
1858,0.998145080891,-0.00185664160215,-0.000928751824197
1859,1.00184369908,0.00184200155677,0.000920576787342
1860,1.00412341624,0.00411493825183,0.00205535398717
1861,1.00218627779,0.00218389136309,0.0010913497258
1862,1.00402191381,0.00401384753364,0.00200491124187
1863,1.00008150075,8.14974257038e-05,4.07478826344e-05
1864,1.00292299928,0.00291873562738,0.00145830345431
1865,1.00051709952,0.000516965870361,0.000258449531345
1866,1.00033074923,0.000330694542494,0.00016533360214
1867,1.00205000413,0.00204790573423,0.00102342880626
1868,1.00204479918,0.00204271142274,0.00102083430515
1869,1.00261850926,0.00261508693352,0.00130668900426
1870,1.00186158396,0.00185985336154,0.000929494432952
1871,1.00271232151,0.00270864980829,0.00135340822005
1872,1.00054477474,0.000544626407144,0.000272276129697
1873,1.00128869219,0.00128786253399,0.000643723987749
1874,1.00187373741,0.0018719841577,0.000935554174902
1875,1.00183553543,0.00183385289054,0.000916506196673
1876,0.999975696408,-2.43038876144e-05,-1.21520176424e-05
1877,1.00293284103,0.00292854864238,0.00146320279461
1878,1.00171881886,0.00171734337931,0.000858303136615
1879,1.00188053173,0.0018787657393,0.000938941787686
1880,1.00285928849,0.00285520849965,0.00142658570763
1881,1.00092863071,0.000928199804087,0.000463992224342
1882,1.00158550624,0.00158425065135,0.000791811677229
1883,1.00161539041,0.00161408706879,0.000806717962352
1884,1.00187417679,0.00187242271607,0.000935773248912
1885,1.00070812714,0.0007078765322,0.000353875637341
1886,0.999990475948,-9.5240970819e-06,-4.76205987954e-06
1887,1.00200020643,0.00199820867999,0.000998605401431
1888,1.00020440827,0.000204387382209,0.000102188469507
1889,1.00387256909,0.00386509000151,0.001930678838
1890,1.0017821698,0.00178058362136,0.000889895618509
1891,0.999758721635,-0.000241307477583,-0.000120661017746
1892,1.00063003631,0.000629837919434,0.000314869377947
1893,1.00338049652,0.00337479548808,0.00168597488889
1894,1.00195184287,0.00194994049578,0.000974495118821
1895,1.00235002128,0.0023472642962,0.00117294371124
1896,1.0014496015,0.00144855184477,0.00072401369789
1897,1.00203550538,0.00203343654634,0.00101620159027
1898,1.00184314811,0.00184145159562,0.000920302059874
1899,1.00259314895,0.00258979253834,0.00129405825275
1900,1.00130046365,0.00129961877592,0.000649598307564
1901,1.0020715612,0.00206941847673,0.00103417411134
1902,1.00125969642,0.00125890367196,0.000629253772734
1903,1.00420024548,0.00419144907001,0.00209353003763
1904,1.00325114455,0.00324587100908,0.00162161925687
1905,1.00166407734,0.00166269429617,0.000831001674789
1906,1.00282576685,0.00282178187673,0.00140989609967
1907,1.00314611364,0.00314117498126,0.00156935476355
1908,1.00245710055,0.00245408681184,0.00122629089598
1909,1.00329055612,0.00328515408698,0.00164122875214
1910,1.00033918557,0.000339128062541,0.000169549656103
1911,1.00186677687,0.00186503660314,0.000932083641496
1912,1.00275175732,0.00274797816578,0.00137304559205
1913,1.00131934355,0.00131847398179,0.00065901974193
1914,1.00048449982,0.000484382486631,0.000242161917384
1915,1.00025545317,0.000255420543347,0.000127702117064
1916,1.00028390358,0.000283863285545,0.000141921570953
1917,1.00139919045,0.00139821249659,0.00069886193046
1918,1.00099889818,0.000998399614687,0.00049907522785
1919,1.0031574348,0.00315246056972,0.00157498868634
1920,0.999878954315,-0.000121053011624,-6.05283375781e-05
1921,0.997913026784,-0.00208915397925,-0.00104512275018
1922,1.00256685916,0.00256357039899,0.00128096406372
1923,1.0000104482,1.04481434998e-05,5.22405810444e-06
1924,1.00508235471,0.00506948313406,0.00253153182216
1925,1.00053779684,0.000537652283214,0.000268790011098
1926,1.00311778979,0.00311293956281,0.00155525911052
1927,1.00184435466,0.00184265592544,0.000920903670429
1928,1.0021118443,0.00210961749317,0.00105425263139
1929,1.00165520643,0.00165383808854,0.000826577240938
1930,1.00266020089,0.00265666882181,0.00132745256526
1931,1.00157065909,0.00156942689034,0.000784405638091
1932,1.00130848789,0.00130763256923,0.000653602593322
1933,1.00264310533,0.00263961847185,0.00131893867075
1934,1.00208721288,0.00208503767567,0.00104197560386
1935,1.00102014212,0.00101962212396,0.000509681130401
1936,1.00146599013,0.00146491661163,0.000732190123714
1937,1.00319851551,0.00319341114424,0.00159543151596
1938,1.00112584208,0.00112520879036,0.000562446163001
1939,0.99957234589,-0.000427745579715,-0.000213895662273
1940,1.00205387469,0.0020517683734,0.00102535814742
1941,1.00273596803,0.00273223208273,0.00136518332963
1942,1.00242471678,0.00242178189815,0.00121015811645
1943,1.00342935368,0.00342348685656,0.00171027923106
1944,1.00259633518,0.00259297052555,0.00129564518884
1945,1.00094196373,0.000941520361629,0.000470649390626
1946,1.00238980307,0.00238695203363,0.00119276410756
1947,1.00094947933,0.000949028856079,0.000474401863874
1948,1.00083576567,0.000835416609906,0.000417621076985
1949,1.00159700143,0.00159572758366,0.000797545583151
1950,1.00093008582,0.000929653557256,0.000464718763397
1951,1.00273441312,0.0027306814135,0.00136440905318
1952,1.00150096034,0.00149983502722,0.000749636395745
1953,1.00134388122,0.00134297901869,0.000671264110719
1954,1.00336187841,0.00335623993377,0.00167671271086
1955,1.00111225831,0.00111164020932,0.000555665665278
1956,1.00027702257,0.000276984201533,0.000138482511178
1957,1.00370913367,0.00370227179983,0.00184942360458
1958,1.00109470753,0.00109410877563,0.000546904780848
1959,1.00294306644,0.00293874409959,0.00146829305123
1960,1.00095536056,0.00095490449323,0.000477338284429
1961,0.999284807446,-0.000715448425783,-0.000357788203828
1962,1.0019695758,0.00196763872794,0.000983335572368
1963,1.00109388213,0.00109328428172,0.000546492759265
1964,0.999595135961,-0.000404946018829,-0.000202493508458
1965,1.00285042092,0.00284636616968,0.00142217084006
1966,1.00295095856,0.00294661303105,0.00147222173228
1967,1.00275037196,0.00274659660847,0.00137235576163
1968,1.00262309969,0.00261966536724,0.00130897522721
1969,0.998763833981,-0.00123693070204,-0.00061865664015
1970,1.00169893728,0.00169749571885,0.000848387774842
1971,1.00161144117,0.00161014418724,0.00080474811003
1972,1.00267396501,0.0026703963225,0.00133430718077
1973,1.00208516671,0.00208299576469,0.00104095571167
1974,1.00315541212,0.00315044425853,0.00157398211807
1975,1.00278648836,0.00278261330309,0.00139033923316
1976,1.00097748078,0.000977003356235,0.000488382380599
1977,1.00324336696,0.00323811858775,0.00161774932444
1978,1.00145131855,0.00145026640267,0.000724870355792
1979,1.00130010554,0.00129926113188,0.000649419601691
1980,1.0029172861,0.00291303907941,0.00145545932992
1981,1.001415434,0.00141443321782,0.000706966590184
1982,1.00147169165,0.00147060977257,0.000735034615892
1983,1.002757495,0.00275370008768,0.00137590262069
1984,1.00602167687,0.00600361903147,0.00299730859032
1985,1.00230220701,0.00229956099424,0.00114911975278
1986,1.00079876007,0.000798441234374,0.00039914093924
1987,1.00225367691,0.00225114118885,0.00112493737744
1988,1.00082555441,0.000825213828533,0.00041252180374
1989,0.999271920948,-0.000728344230155,-0.000364238433792
1990,1.00203109003,0.00202903015665,0.00101400063189
1991,0.999971768629,-2.82317692111e-05,-1.41159842351e-05
1992,1.00415758637,0.00414896748941,0.00207233349045
1993,1.00064889696,0.000648686514248,0.000324290663536
1994,1.00312283147,0.00311796556308,0.00155776819914
1995,1.00113412054,0.001133477911,0.000566578389312
1996,1.0036170971,0.00361057113183,0.00180365701807
1997,1.00308705975,0.00308230456425,0.00153996531679
1998,1.0011117384,0.00111112087931,0.000555406144531
1999,1.00095610331,0.000955646530283,0.000477709125785
2000,1.00053437067,0.000534227947431,0.000267078301954
2001,1.00038197798,0.000381905040588,0.000190934290022
2002,1.00059187811,0.000591703017341,0.000295807748929
2003,1.00181841197,0.00181676066009,0.000907967877532
2004,1.00348478541,0.0034787276151,0.00173785199098
2005,1.00082224929,0.000821911432703,0.000410871285617
2006,1.00082152459,0.000821187323881,0.000410509379898
2007,1.00387806536,0.00387056504663,0.00193341107155
2008,1.00190718825,0.00190537187373,0.000952232275696
2009,1.00090309638,0.000902688835368,0.000451242577114
2010,1.00244896582,0.00244597198835,0.00122223845158
2011,1.00166636149,0.00166497464937,0.000832140903251
2012,1.00244937272,0.0024463778968,0.00122244115773
2013,1.0023301691,0.00232745846241,0.00116305236093
2014,1.00115978889,0.00115911685258,0.000579390514743
2015,1.00264597483,0.00264248040009,0.00132036774649
2016,1.00309499013,0.00309021051,0.00154391219442
2017,1.00179045653,0.00178885557587,0.000894027906634
2018,1.00214568956,0.00214339085966,0.00107112136937
2019,0.999784142523,-0.0002158807775,-0.000107946214523
2020,1.00106548593,0.00106491870121,0.000532317619283
2021,1.00140140266,0.00140042160973,0.000699965714488
2022,1.00251046377,0.00250731782074,0.00125287340833
2023,1.00280265957,0.0027987394451,0.00139839106129
2024,1.0019749406,0.00197299296556,0.000986010055091
2025,1.0014838893,0.00148278942917,0.000741119949429
2026,1.00284821709,0.00284416860171,0.00142107361812
2027,1.00270092851,0.00269728755318,0.00134773476526
2028,1.00162310855,0.00162179273614,0.000810567680459
2029,1.00147872269,0.00147763045288,0.000738542369672
2030,1.0018056287,0.00180400051469,0.000901593577397
2031,1.00196192716,0.00196000509699,0.000979522502824
2032,1.00326015558,0.00325485279986,0.00162610285967
2033,1.00252031569,0.00251714501988,0.00125778083972
2034,1.00067570777,0.00067547958475,0.000337682764712
2035,1.00220395658,0.00220153142935,0.00110016009433
2036,1.00136307238,0.00136214424099,0.000680840243524
2037,1.00235244344,0.00234968077748,0.00117415053395
2038,1.00090378031,0.000903372148254,0.000451584079329
2039,1.00284317128,0.00283913711727,0.0014185614478
2040,1.00190774713,0.00190592969294,0.000952510919674
2041,1.00337789481,0.00337220254003,0.00168468059984
2042,1.00253735101,0.00253413737256,0.00126626629369
2043,1.00438576558,0.00437617613963,0.00218569595016
2044,1.00229155848,0.00228893686587,0.00114381377871
2045,1.00289637935,0.0028921929241,0.00144505136839
2046,1.00255949283,0.0025562229071,0.00127729501697
2047,1.00153636745,0.00153518844191,0.000767299695873
2048,1.0005138202,0.000513688242081,0.000256811139413
2049,1.00061343534,0.000613247262708,0.000306576627133
2050,1.00075997408,0.000759685445642,0.000379770591707
2051,1.00124158317,0.00124081304669,0.000620214111013
2052,1.00215515971,0.00215284068779,0.00107584121133
2053,1.00028730374,0.000287262473239,0.000143620922147
2054,1.00076597182,0.000765678610506,0.000382766031637
2055,1.00124080258,0.00124003341589,0.000619824537304
2056,1.00116246853,0.00116179338275,0.000580728003556
2057,0.999943200049,-5.68015637564e-05,-2.84011851843e-05
2058,1.00273433855,0.00273060704824,0.00136437192129
2059,1.00149552159,0.00149440441042,0.00074692311916
2060,1.00151204533,0.00151090334278,0.000755166389619
2061,1.00048334749,0.000483230713573,0.000241586170147
2062,1.00237283275,0.00237002203224,0.00118430916783
2063,1.00155452446,0.00155331743434,0.000776357195854
2064,1.00116131086,0.00116063705707,0.000580150176304
2065,1.00233709412,0.00233436736798,0.00116650279005
2066,1.00229925185,0.00229661261221,0.00114764725471
2067,1.00242342333,0.00242049157542,0.00120951373563
2068,1.00289608225,0.00289189668399,0.00144490346237
2069,1.00193065633,0.00192879501159,0.000963932623977
2070,1.00134054048,0.00133964275592,0.0006695970977
2071,1.00116717718,0.00116649656006,0.000583078223814
2072,1.00177414659,0.00177257464737,0.000885894687078
2073,1.0015163647,0.00151521617678,0.000757321175843
2074,1.00337293747,0.00336726187882,0.00168221442791
2075,0.999950613893,-4.93873262705e-05,-2.46939680262e-05
2076,1.00247397846,0.00247092321246,0.00123469873774
2077,1.00115439722,0.00115373141757,0.00057669935375
2078,1.00133509809,0.00133420764152,0.000666881356476
2079,1.00010233744,0.000102332202206,5.11647921404e-05
2080,1.00172984281,0.00172834835943,0.000863800888747
2081,1.00375894824,0.00375190104812,0.00187419202867
2082,1.00560057682,0.00558495190551,0.0027885806185
2083,1.00067045743,0.000670232777077,0.000335060243313
2084,1.00283825846,0.00283423820938,0.00141611546556
2085,1.00114764699,0.00114698894398,0.000573330055466
2086,1.00152280518,0.00152164688989,0.000760534092172
2087,0.999676708679,-0.000323343591193,-0.000161684865186
2088,1.00174803977,0.00174651372556,0.000872875684968
2089,1.00060163191,0.000601451004203,0.00030068028872
2090,1.00251882898,0.00251566204288,0.00125704028357
2091,1.00235529594,0.00235252657524,0.00117557176113
2092,1.00037412829,0.00037405832399,0.000187011673132
2093,1.00190151512,0.00189970953266,0.000949403797088
2094,1.00263610207,0.00263263364672,0.00131545085838
2095,1.00229743351,0.00229479844083,0.00114674120962
2096,1.00288426897,0.00288011745046,0.00143902233821
2097,1.00204425779,0.00204217113358,0.00102056443631
2098,1.00310369282,0.00309888630435,0.00154824338487
2099,1.00339812186,0.00339236128762,0.0016947429424
2100,1.00234792754,0.00234517546166,0.00117190051847
2101,1.00264644558,0.00264294990567,0.00132060218929
2102,1.00355955581,0.00355323558799,0.0017750405428
2103,1.00191724095,0.00191540538901,0.000957244243645
2104,1.0021472079,0.0021449059438,0.00107187809974
2105,1.00411551601,0.00410707043816,0.00205142815818
2106,1.00124552645,0.0012447514259,0.000622182077362
2107,1.00243140665,0.00242845556083,0.00121349090414
2108,1.00306533768,0.00306064911498,0.00152915420795
2109,1.00105738856,0.00105682991826,0.000528275372534
2110,1.00197841638,0.00197646189625,0.000987742808734
2111,0.999609833378,-0.00039024275631,-0.000195140415569
2112,1.00154602495,0.001544831084,0.000772117305909
2113,1.00202921385,0.00202715777807,0.00101306539146
2114,1.00174228935,0.00174077332786,0.000870007987332
2115,1.0020983823,0.0020961837716,0.00104754282934
2116,1.00231030549,0.0023076408338,0.00115315502206
2117,1.00146126942,0.00146020280719,0.000729834944417
2118,0.999371049016,-0.000629148857087,-0.000314623912268
2119,1.00198245253,0.00198049006401,0.000989754901189
2120,1.0019415215,0.00193963918254,0.000969349468241
2121,1.00415496233,0.00414635430829,0.00207102960673
2122,1.00163425451,0.00163292056653,0.000816127070258
2123,1.00194903417,0.00194713727123,0.000973094871429
2124,1.00261428186,0.00261087056649,0.00130458357326
2125,0.999355276567,-0.000644931356045,-0.000322517675668
2126,1.00227284746,0.00227026844546,0.00113449020159
2127,1.0028695062,0.00286539702623,0.00143167269056
2128,1.00262283069,0.00261939706726,0.00130884125281
2129,1.00405761085,0.00404940095194,0.00202265215261
2130,1.00190387326,0.00190206318564,0.000950579505605
2131,1.00216111358,0.00215878173534,0.00107880853489
2132,1.00018810439,0.000188086695738,9.40389259321e-05
2133,1.00272736384,0.00272365133543,0.00136089880393
2134,1.00301321714,0.00300868650213,0.00150321229395
2135,1.00112121984,0.00112059174032,0.00056013893374
2136,1.00135974547,0.00135882184938,0.000679180177347
2137,1.00000722844,7.22841240048e-06,3.61419966899e-06
2138,1.00282705408,0.00282306548195,0.0014105369972
2139,1.00356432343,0.00355798628706,0.00177741167318
2140,1.00172899129,0.00172749830941,0.00086337623078
2141,1.00003289834,3.2897798776e-05,1.64487641056e-05
2142,1.00157306778,0.00157183180833,0.000785607153148
2143,1.00138711233,0.00138615117492,0.000692835466052
2144,1.00042717472,0.000427083509305,0.000213518956235
2145,1.00195061418,0.00194871420016,0.000973882568335
2146,1.00239962943,0.00239675491274,0.00119765968885
2147,1.00128160125,0.00128078070107,0.000640185344399
2148,1.00186470958,0.00186297316272,0.000931052882406
2149,1.00056962526,0.000569463083015,0.000284691009329
2150,0.999556512761,-0.000443585608945,-0.000221817402315
2151,1.00231833031,0.00231564712353,0.00115715354268
2152,1.00189242828,0.00189063989486,0.000944873273288
2153,1.00209046037,0.00208827839382,0.00104359427325
2154,1.00148948236,0.00148837418345,0.000743910253191
2155,1.00048486497,0.000484747463973,0.000242344361846
2156,1.00005378981,5.37883678575e-05,2.68938222834e-05
2157,1.00229838078,0.00229574354254,0.00114721321847
2158,1.0029741381,0.00296972409621,0.00148376018589
2159,1.0016765042,0.00167510043494,0.00083719957019
2160,1.00200703745,0.00200502604523,0.00100201067432
2161,1.00140352786,0.0014025438321,0.000701026082367
2162,1.0000571643,5.71626685479e-05,2.85809258315e-05
2163,1.00221581474,0.00221336344246,0.00110606957485
2164,1.00194384563,0.00194195881093,0.000970508157498
2165,1.00053036777,0.000530227171255,0.000265078446126
2166,1.00137585526,0.0013749096428,0.000687218578475
2167,1.00268418342,0.00268058742921,0.00133939592213
2168,1.00342824334,0.00342238031102,0.00170972690439
2169,1.00137726944,0.00137632187567,0.000687924209401
2170,1.00158078517,0.00157953704755,0.000789456738701
2171,1.00045271965,0.000452617204519,0.000226282996399
2172,1.00302890972,0.00302433181079,0.00151102315861
2173,1.00251667782,0.00251351629023,0.00125596875532
2174,1.00342127466,0.00341543541334,0.00170626038647
2175,1.00063432413,0.000634123035785,0.000317011259201
2176,1.00162445204,0.00162313404824,0.000811237792672
2177,1.00172247704,0.00172099527818,0.000860127517169
2178,1.0032154635,0.00321030495597,0.00160386490975
2179,1.00251271642,0.00250956482276,0.0012539955011
2180,1.0002393173,0.000239288664022,0.000119637174913
2181,1.00232821526,0.00232550916682,0.00116207884623
2182,1.00051790525,0.000517771179,0.000258852081518
2183,1.00306028045,0.00305560731855,0.0015266371614
2184,1.00322612323,0.00322093045663,0.00160916912506
2185,1.00292722366,0.00292294768653,0.00146040641044
2186,1.00222259058,0.00222012427818,0.00110944624803
2187,1.00308806587,0.00308330758695,0.0015404660557
2188,1.00241582122,0.00241290781929,0.00120572643671
2189,1.00203310848,0.00203104451021,0.00101500678688
2190,1.00255405568,0.00255079962223,0.00127458683444
2191,1.00291311217,0.00290887728374,0.00145338145859
2192,1.00265687277,0.00265334952209,0.00132579511713
2193,1.00075405315,0.000753768990169,0.000376813483044
2194,1.00158228123,0.00158103073936,0.000790202994723
2195,1.00197374989,0.00197180460631,0.000985416461159
2196,1.00334648165,0.00334089463844,0.00166905289864
2197,1.00221525681,0.00221280674493,0.00110579153392
2198,1.0021818785,0.00217950165907,0.00108915726673
2199,1.00007173915,7.17365785253e-05,3.58676460033e-05
2200,1.00193928188,0.00193740390402,0.000968232911741
2201,0.99864042703,-0.00136049802816,-0.000680480435915
2202,1.00311893384,0.00311408005676,0.00155582847045
2203,1.00092319529,0.000922769408316,0.000461278282603
2204,1.00192617666,0.00192432395677,0.000961699248965
2205,0.999914475113,-8.55285447089e-05,-4.27651867589e-05
2206,1.00058390291,0.000583732502643,0.000291823662511
2207,1.00235371761,0.00235095195352,0.0011747853755
2208,1.00329524562,0.00328982819925,0.00164356196991
2209,1.00539033591,0.00537586004753,0.00268432077439
2210,1.0028854239,0.00288126905233,0.00143959731039
2211,1.00184771114,0.00184600622521,0.00092257727626
2212,1.00146573691,0.00146466376133,0.000732063791119
2213,1.00170939991,0.00170794055045,0.000853605746382
2214,1.00286511946,0.00286102282649,0.00142948871951
2215,1.00120411795,0.0012033935779,0.000601515805739
2216,1.00014818625,0.000148175274812,7.40848929849e-05
2217,1.00328023329,0.0032748650565,0.00163609266702
2218,1.00358602893,0.00357961446349,0.00178820648194
2219,1.00160101911,0.00159973884632,0.000799549612889
2220,1.00174259879,0.00174108222247,0.000870162300253
2221,1.00091170026,0.000911284913114,0.000455538667297
2222,1.00385262856,0.00384522619199,0.00192076605934
2223,1.00160892984,0.00160763689972,0.000803495474354
2224,1.00136012053,0.00135919639924,0.000679367325067
2225,1.00304653776,0.00304190646473,0.00151979716918
2226,1.00070629769,0.000706048380695,0.00035296188464
2227,1.00459957647,0.00458903074412,0.00229188498387
2228,1.0021346598,0.00213238465287,0.00106562414534
2229,1.00146325914,0.00146218961575,0.000730827623182
2230,1.00205404305,0.00205193638801,0.00102544206858
2231,1.00013627152,0.000136262239578,6.81287989172e-05
2232,0.999960910919,-3.90898454592e-05,-1.95451137328e-05
2233,1.00228702079,0.00228440954011,0.00114155270247
2234,0.999926676357,-7.33263311221e-05,-3.6663837663e-05
2235,1.00235828623,0.00235550983366,0.00117706163571
2236,1.00179943489,0.00179781784511,0.000898505024961
2237,1.00168721317,0.00168579142174,0.000842540574067
2238,1.0025250056,0.0025218231252,0.00126011694763
2239,1.00055859552,0.000558439564043,0.000279180803806
2240,1.00141708076,0.0014160776445,0.000707788221912
2241,1.00311179699,0.00310696537107,0.0015522766559
2242,0.999543727698,-0.000456376426267,-0.000228214250044
2243,1.00318338553,0.00317832928426,0.00158790258863
2244,1.00249262057,0.00248951914653,0.00124398518141
2245,1.00065462886,0.000654414682199,0.000327153814616
2246,1.00032603608,0.000325982942477,0.000162978188851
2247,1.00130158639,0.00130074006003,0.000650158585268
2248,1.00160854104,0.00160724872674,0.000803301543792
2249,1.00210611653,0.00210390177929,0.00105139778327
2250,1.00189605068,0.00189425544109,0.000946679336657
2251,1.00180841629,0.00180678307565,0.000902983602542
2252,1.00090412241,0.000903713935347,0.000451754895688
2253,1.0011104326,0.00110981652127,0.000554754327518
2254,1.00016808416,0.000168070032561,8.40314854375e-05
2255,1.00259486393,0.00259150307834,0.00129491241562
2256,1.00150078002,0.00149965497939,0.000749546439312
2257,1.0011070425,0.00110643017674,0.000553062093117
2258,1.00421315547,0.00420430498404,0.00209994451691
2259,1.00264769703,0.00264419805417,0.0013212254392
2260,1.00153949585,0.0015383120411,0.000768860295884
2261,1.00228599852,0.00228338959999,0.00114104331444
2262,1.00078398323,0.000783676079479,0.000391761281241
2263,0.999986037217,-1.39628805954e-05,-6.98146466793e-06
2264,1.00417616035,0.00416746439252,0.00208156273345
2265,1.00103976458,0.00103922440044,0.000519477225182
2266,1.0014936124,0.0014924980733,0.000745970662086
2267,0.999928353112,-7.16494546792e-05,-3.58253690529e-05
2268,1.00189651486,0.00189471874554,0.000946910769556
2269,1.00258886693,0.00258552158913,0.0012919255393
2270,1.0017050319,0.00170357998722,0.000851427323492
2271,1.002071314,0.00206917178317,0.00103405089212
2272,1.00116794398,0.00116726246531,0.000583460953075
2273,1.00070476181,0.000704513583689,0.000352194756705
2274,1.00308058229,0.00307584702155,0.00153674151243
2275,0.999505290642,-0.000494831767201,-0.000247446493435
2276,1.00330994424,0.00330447842738,0.00165087501791
2277,1.00241258714,0.00240968151999,0.00120411523078
2278,1.00213340129,0.00213112882291,0.00106499689929
2279,1.00260866612,0.0026052694542,0.00130178666676
2280,1.00104692184,0.00104637420199,0.000523050262487
2281,1.00174887752,0.00174735001499,0.000873293464607
2282,1.00089019257,0.000889796582915,0.000444799338888
2283,1.00261698242,0.00261356407941,0.00130592857186
2284,1.00235967662,0.00235689695944,0.00117775438199
2285,0.998857619891,-0.00114303312271,-0.000571679908063
2286,1.00203566416,0.00203359499948,0.00101628073632
2287,1.00081443297,0.000814101502853,0.000406967917509
2288,1.00262152998,0.00261809976,0.00130819344795
2289,1.00147382617,0.00147274114986,0.000736099520657
2290,1.00081322841,0.00081289791694,0.000406366369282
2291,1.00144183298,0.00144079453671,0.000720137844542
2292,1.0024665786,0.00246354158698,0.00123101247524
2293,1.00301725243,0.00301270966047,0.00150522084726
2294,1.00327803615,0.00327267510153,0.00163499948042
2295,1.00109411848,0.00109352037018,0.000546610738977
2296,1.0044755734,0.0044655878068,0.00223030307327
2297,0.999978289308,-2.17109274174e-05,-1.08555226295e-05
2298,1.0005897123,0.000589538489963,0.000294725804796
2299,1.00161494484,0.00161364221449,0.00080649571461
2300,1.00049211483,0.000491993779567,0.00024596663503
2301,1.00112358645,0.00112295569888,0.00056132025025
2302,1.00149642198,0.00149530346074,0.000747372308458
2303,0.999026230999,-0.000974243422221,-0.000487240374158
2304,1.00216931857,0.00216696899912,0.00108289774216
2305,1.00058508229,0.000584911194325,0.000292412836193
2306,1.002490911,0.00248781381869,0.00124313357783
2307,1.00116113317,0.00116045958057,0.000580061489534
2308,1.00162628685,0.00162496587272,0.000812152961474
2309,1.00282674112,0.00282275339622,0.00141038117443
2310,1.0017901679,0.00178856745887,0.000893883976914
2311,1.00269039189,0.00268677926066,0.00134248768641
2312,1.00148591909,0.00148481620656,0.000742132586573
2313,1.00268205317,0.0026784628787,0.00133833506912
2314,1.00213314085,0.00213086893994,0.00106486709618
2315,1.00236650467,0.00236370891092,0.00118115634053
2316,1.00191400736,0.00191217798183,0.000955632083464
2317,1.0009172963,0.000916875845624,0.000458332856204
2318,0.999926405243,-7.35974652594e-05,-3.67994097112e-05
2319,1.00041571767,0.000415631287826,0.000207794051738
2320,1.00349651335,0.00349041476115,0.0017436853917
2321,1.00049063287,0.000490512549119,0.000245226201698
2322,1.00076841376,0.000768118679436,0.00038398559837
2323,1.0026632396,0.00265969945833,0.00132896587086
2324,1.00286349967,0.00285940766554,0.00142868229314
2325,1.00202541075,0.00202336236971,0.00101116960798
2326,1.00150080659,0.00149968150754,0.000749559693444
2327,1.00152306114,0.00152190245817,0.000760661779124
2328,1.00044652343,0.000446423767143,0.000223186973652
2329,1.00176684898,0.00176528993565,0.000882255551337
2330,0.999588833562,-0.000411250990514,-0.000205646637628
2331,1.00185451909,0.00185280159505,0.000925971820786
2332,1.00013292866,0.000132919821089,6.64577021333e-05
2333,0.998648080746,-0.00135283392151,-0.000676645782297
2334,1.00402672106,0.00401863551943,0.00200730043216
2335,1.00300652193,0.00300201137948,0.00149987974412
2336,1.00324427231,0.00323902101642,0.00161819980873
2337,1.0035974306,0.00359097531878,0.0017938767357
2338,1.00126972224,0.0012689168204,0.000634257184022
2339,1.00119277765,0.00119206685157,0.000595855833146
2340,1.00026171899,0.000261684749154,0.000130833815087
2341,1.00258973802,0.00258639042993,0.00129235939836
2342,1.0009258594,0.000925431055692,0.000462608491526
2343,1.00262923144,0.00262578105896,0.00131202906575
2344,1.00301893414,0.00301438630886,0.00150605790924
2345,1.00261965864,0.00261623331956,0.00130726144813
2346,0.997540146176,-0.00246288423491,-0.00123220065363
2347,1.00242059747,0.00241767253857,0.00120810592104
2348,1.00562090659,0.00560516824099,0.00279866054785
2349,1.00101896682,0.00101844802692,0.000509094380917
2350,1.00298214265,0.00297770488665,0.00148774465237
2351,1.00221814221,0.00221568576,0.00110722944862
2352,1.00261813442,0.00261471307857,0.00130650232102
2353,1.00068584849,0.000685613407181,0.000342747952086
2354,1.0014913779,0.00149026689892,0.000744855906472
2355,1.00296416778,0.0029597832962,0.00147879714843
2356,1.00210154556,0.0020993403985,0.00104911948819
2357,1.00238437925,0.00238154112942,0.00119006187876
2358,1.00015853028,0.000158517717616,7.92557179075e-05
2359,1.00152128892,0.00152013293349,0.000759777689397
2360,1.0015842714,0.00158301777036,0.000791195724653
2361,1.00212290319,0.00212065301498,0.00105976455997
2362,1.00162091324,0.0016196009795,0.000809472689825
2363,1.00429296272,0.00428377424622,0.00213959491973
2364,1.00139302007,0.00139205071732,0.0006957831892
2365,1.00194229921,0.0019404153873,0.000969737194336
2366,1.00236220352,0.00235941790257,0.00117901336823
2367,1.00062023959,0.000620047318085,0.000309975606674
2368,1.00082017997,0.000819843803611,0.000409837895302
2369,1.00316821852,0.00316321029556,0.00158035506949
2370,1.00264943332,0.00264592975444,0.00132209014498
2371,1.00134849232,0.00134758391865,0.000673565012497
2372,1.00355072036,0.00354443143247,0.00177064626923
2373,1.00205849182,0.00205637602766,0.00102765960965
2374,1.00329072527,0.00328532268605,0.00164131291332
2375,1.00278966659,0.00278578269058,0.00139192172238
2376,1.00115584739,0.0011551799124,0.000577423183232
2377,1.00165727447,0.00165590270855,0.000827608697124
2378,1.00232814783,0.00232544189308,0.00116204524845
2379,1.00210366702,0.00210145741285,0.00105017688431
2380,1.00260435386,0.00260096840314,0.00129963893845
2381,1.00298923378,0.00298477490919,0.00149127439821
2382,0.999606289235,-0.000393788289764,-0.000196913529806
2383,1.00151643475,0.00151528612031,0.00075735612112
2384,1.00309805391,0.00309326483076,0.00154543699584
2385,1.00146646469,0.00146539048369,0.000732426886229
2386,1.00190309955,0.00190129095106,0.000950193755275
2387,1.00149105244,0.00148994192904,0.000744693542548
2388,0.998686157914,-0.00131470593275,-0.000657569070188
2389,1.00227813861,0.00227554758853,0.00113712677507
2390,1.00302611744,0.00302154796117,0.00150963333606
2391,1.0028107146,0.00280677193154,0.00140240168019
2392,1.0023906507,0.00238779763942,0.00119318640606
2393,1.00184824859,0.00184654268475,0.000922845258527
2394,1.00144525978,0.00144421639602,0.00072184754063
2395,1.00136003493,0.00135911092033,0.000679324614645
2396,1.00229636139,0.00229372878064,0.0011462069927
2397,1.00226497655,0.00226241536194,0.00113056810675
2398,1.00327683742,0.00327148028938,0.00163440305093
2399,1.00114818942,0.00114753075687,0.000573600806559
2400,1.00121099454,0.00121026188199,0.000604947886192
2401,1.00252340123,0.00252022279599,0.00125931779101
2402,1.00196484697,0.00196291917872,0.000980978115425
2403,1.00198315824,0.00198119437646,0.000990106708804
2404,1.00188718502,0.00188540652142,0.000942259055588
2405,0.999242044304,-0.00075824308999,-0.000379193420651
2406,1.00345038824,0.00344444930934,0.00172074247679
2407,0.99990818532,-9.18188950939e-05,-4.59105014019e-05
2408,1.00184199203,0.0018402976465,0.000919725616137
2409,1.00363610857,0.00362951390628,0.00181311127739
2410,1.0021794674,0.00217709580732,0.00108795565031
2411,1.00004721194,4.72108215176e-05,2.36051321533e-05
2412,1.00031600247,0.000315952549885,0.000157963797348
2413,1.00070538663,0.000705137958601,0.000352506834161
2414,1.00315265104,0.00314769185529,0.00157260808162
2415,1.00151016348,0.00150902432717,0.000754227590857
2416,1.00484438267,0.00483268641001,0.00241342619773
2417,1.0017506877,0.00174915702992,0.000874196182641
2418,1.00210256017,0.00210035288617,0.00104962520079
2419,1.00251788276,0.00251471820039,0.00125656895544
2420,1.00103850927,0.001037970396,0.000518850548477
2421,1.0038829983,0.00387547892203,0.00193586325597
2422,1.00117590653,0.00117521569408,0.000587435239358
2423,1.00335438782,0.00334877441052,0.00167298620105
2424,1.00309731075,0.00309252396029,0.00154506713302
2425,1.00180597011,0.00180434131133,0.000901763822075
2426,1.0019692081,0.00196727174642,0.000983152262022
2427,1.00136098428,0.00136005898352,0.000679798324107
2428,1.00084066962,0.000840316459718,0.000420069975751
2429,1.00331490916,0.00330942695585,0.00165334519439
2430,1.00095831664,0.000957857751759,0.000478814207752
2431,1.00171317517,0.00171170935607,0.000855488538882
2432,1.00324583976,0.00324058339034,0.00161897973127
2433,1.00179557646,0.00179396633655,0.000896580999129
2434,1.00454008469,0.00452980959058,0.00226234183374
2435,1.00110089473,0.00110028919464,0.00054999329553
2436,1.00064621831,0.000646009597673,0.000322952638402
2437,1.00209072071,0.00208853819298,0.00104372403726
2438,1.00496322863,0.00495095241307,0.00247241474203
2439,1.00230067291,0.00229803041166,0.00114835534061
2440,1.00325248848,0.00324721058219,0.00162228795707
2441,1.00000962481,9.62476510921e-06,4.81237097516e-06
2442,1.00202928175,0.00202722553719,0.00101309923669
2443,1.00261884027,0.00261541708193,0.00130685386275
2444,1.00322780805,0.00322260985743,0.00161000747388
2445,1.00134024822,0.00133935089383,0.000669451264358
2446,1.00201706415,0.00201503260689,0.00100700892931
2447,1.00183812691,0.00183643962555,0.000917798377964
2448,1.00009277504,9.27707336798e-05,4.63842910554e-05
2449,1.0021017608,0.00209955518957,0.00104922677105
2450,1.00280676627,0.0028028346586,0.0014004358026
2451,1.0033924209,0.00338667962152,0.00169190691981
2452,1.00021302237,0.000212999684848,0.000106494171517
2453,1.00212844681,0.00212618487666,0.00106252755576
2454,1.00250777486,0.0025046356441,0.00125153399932
2455,1.00222228762,0.00221982198844,0.00110929527083
2456,1.00282165823,0.00281768482693,0.00140785046088
2457,1.00104936707,0.00104881687307,0.000524270958465
2458,1.00261225214,0.00260884614354,0.00130357268179
2459,1.00236904238,0.00236624062166,0.00118242069993
2460,1.00202641591,0.00202436550272,0.00101167066719
2461,1.00182373532,0.00182207433062,0.000910622296946
2462,1.00140648035,0.00140549218543,0.00070249922451
2463,0.998535896934,-0.00146517591262,-0.000732856364408
2464,1.00210064611,0.00209844283304,0.00104867117619
2465,1.00084801657,0.000847657202126,0.000423738798409
2466,1.00173902347,0.00173751311928,0.000868379299915
2467,1.00189866972,0.00189686952795,0.000947985141879
2468,1.00319933428,0.0031942272993,0.00159583894235
2469,1.00099619074,0.000995694871667,0.000497723530362
2470,0.999354289033,-0.000645919528381,-0.00032301192131
2471,1.00116782007,0.00116713870308,0.000583399108063
2472,1.00319568474,0.00319058939535,0.00159402289148
2473,1.001902291,0.00190048394069,0.000949790633417
2474,1.00295931779,0.00295494762794,0.00147638288687
2475,1.0010080167,0.00100750899347,0.00050362763374
2476,1.00068307787,0.000682844676179,0.000341364060116
2477,1.00114106709,0.00114041656633,0.000570045745314
2478,1.00116173628,0.00116106198516,0.000580362517069
2479,1.00120427327,0.00120354871602,0.000601593328137
2480,1.00073501597,0.000734745980859,0.000367305517236
2481,1.00035048395,0.000350422545513,0.000175195924158
2482,1.00057391231,0.000573747687525,0.000286832699396
2483,0.999983749213,-1.62509193318e-05,-8.12549267737e-06
2484,1.00068849669,0.000688259785387,0.000344070686794
2485,1.00196781255,0.0019658789435,0.00098245654499
2486,1.00087959348,0.000879206862544,0.000439506819841
2487,1.00164549608,0.00164414373213,0.000821734057564
2488,0.999940812912,-5.91888391497e-05,-2.9594857494e-05
2489,1.00146997453,0.0014688951716,0.000734177945186
2490,1.0032715241,0.00326618431254,0.00163175938688
2491,1.00201450833,0.00201248193078,0.00100573487471
2492,0.999904971776,-9.50327392101e-05,-4.75174985257e-05
2493,1.00315896065,0.00315398161583,0.00157574801129
2494,0.999972487846,-2.75125325204e-05,-1.37563608782e-05
2495,1.00299270941,0.00298824016851,0.00149300444254
2496,1.00226082521,0.00225827338749,0.00112849945877
2497,1.00173422271,0.00173272068397,0.000865985160217
2498,1.0002185851,0.000218561213934,0.000109274636059
2499,1.00212270192,0.00212045216719,0.0010596642425
2500,1.0008169704,0.000816636860771,0.00040823507976
2501,1.00052536682,0.000525228865497,0.000262579952597
2502,1.00087082555,0.000870446599684,0.00043512860392
2503,1.00270086826,0.00269722746953,0.00134770476392
2504,1.00300415544,0.00299965198123,0.00149870181371
2505,1.00313942331,0.00313450561271,0.00156602530702
2506,1.00253507029,0.00253186241609,0.00126513025515
2507,1.00230538775,0.00230273442353,0.00115070464285
2508,1.00192844612,0.00192658905826,0.000962830709898
2509,1.00351368924,0.00350753065154,0.00175222837797
2510,0.999876991238,-0.000123016327914,-6.15100556229e-05
2511,0.99954844084,-0.000451661143451,-0.000225856073369
2512,1.00137216279,0.00137122223269,0.00068537613875
2513,1.00164890698,0.00164754902571,0.00082343530378
2514,0.999373066588,-0.000627130017375,-0.000313614175334
2515,1.00284617758,0.0028421348868,0.00142005820518
2516,1.00355617161,0.00354986338503,0.0017733574328
2517,1.00182057114,0.00181891590981,0.000909044523361
2518,1.00278151477,0.00277765351774,0.0013878627853
2519,1.00189791833,0.00189611955754,0.000947610512089
2520,0.998447851792,-0.00155335403828,-0.000776978710838
2521,1.00325923479,0.0032539350008,0.00162564470625
2522,0.998134285624,-0.0018674569884,-0.000934164554363
2523,1.00223866142,0.00223615935141,0.00111745485751
2524,1.00065447743,0.000654263354425,0.00032707817548
2525,1.00278116516,0.00277730487174,0.00138768870422
2526,1.00319395657,0.00318886672624,0.00159316292954
2527,0.999527444362,-0.000472667327247,-0.000236361592624
2528,1.00229325414,0.00229062864407,0.00114465869991
2529,1.00199609686,0.00199410730403,0.000996556759181
2530,1.00183228112,0.00183060453854,0.000914883507924
2531,1.00191407366,0.00191224415942,0.000955665140635
2532,1.00196556548,0.00196363628071,0.000981336314625
2533,1.00057879809,0.000578630649386,0.00028927347705
2534,1.00154695428,0.00154575897385,0.000772580892508
2535,1.00181590557,0.00181425880805,0.000906718086529
2536,1.0018027774,0.00180115435147,0.000900171777818
2537,1.00088492632,0.000884535001047,0.000442169714669
2538,1.00307202904,0.00306732000196,0.00153248454547
2539,1.00228012902,0.00227753347331,0.00113811858787
2540,1.00277712962,0.0027732805245,0.00138567932085
2541,1.00158206927,0.00158081911351,0.000790097265406
2542,1.00268977967,0.00268616869021,0.00134218281098
2543,1.00234466072,0.00234191629504,0.00117027284354
2544,1.00152870143,0.00152753415685,0.00076347548259
2545,1.00122887552,0.00122812107406,0.000613872040442
2546,1.00212628624,0.00212402888977,0.00106145070713
2547,1.00267297699,0.00266941094116,0.00133381514738
2548,1.00167211129,0.00167071486984,0.000835008621032
2549,1.00293814711,0.00293383919649,0.0014658441976
2550,1.00346913234,0.00346312878096,0.00173006609778
2551,1.00168263331,0.00168121926824,0.000840256420818
2552,1.00078270231,0.000782396162187,0.000391121573101
2553,1.00281463126,0.00281067759923,0.00140435177346
2554,1.00264000457,0.00263652588063,0.00131739441342
2555,1.00329177523,0.00328636920137,0.00164183531202
2556,1.00037875687,0.000378685157807,0.000189324654729
2557,1.00187940861,0.00187764473459,0.000938381811457
2558,1.00237768957,0.00237486734367,0.00118672895144
2559,1.00032346954,0.000323417237754,0.000161695544743
2560,1.00223734778,0.00223484864285,0.00111680023534
2561,1.00118065818,0.00117996175338,0.000589806872193
2562,1.00035397829,0.000353915657027,0.0001769421724
2563,1.00281752868,0.00281356689068,0.00140579438936
2564,1.00067201572,0.000671790014434,0.000335838600805
2565,1.00075846978,0.000758182284555,0.00037901929631
2566,1.00201389418,0.00201186901379,0.00100542872439
2567,1.00067830392,0.000678073974078,0.000338979520494
2568,1.00149437889,0.00149326341907,0.000746353049436
2569,1.00165143799,0.00165007587059,0.000824697685076
2570,1.00049915625,0.000499031717425,0.00024948473222
2571,1.000430063,0.000429970548151,0.000214962166398
2572,1.00137038901,0.001369450883,0.000684491070529
2573,1.00308042396,0.00307568917213,0.001536662709
2574,1.00279727719,0.00279337208787,0.00139571113192
2575,1.00281003121,0.00280609045553,0.00140206141997
2576,1.00079423877,0.000793923526576,0.000396882984392
2577,1.00306122604,0.00305655002866,0.00152710779675
2578,1.00081741733,0.000817083429806,0.0004084582731
2579,1.0028229246,0.00281894763409,0.00140848097534
2580,0.999563688732,-0.000436406479863,-0.00021822704799
2581,1.00204898671,0.00204689039766,0.00102292165742
2582,1.00099711799,0.000996621193483,0.000498186460637
2583,1.00078875788,0.000788446969051,0.000394145788658
2584,1.00191731297,0.00191547726679,0.000957280148129
2585,1.00308183825,0.00307709912428,0.00153736660152
2586,1.00200001676,0.00199801938719,0.000998510849542
2587,1.00259092291,0.00258757225475,0.00129294954693
2588,1.00060135218,0.000601171444836,0.000300540551056
2589,1.00148655465,0.00148545082267,0.000742449659092
2590,1.00302485629,0.00302029061415,0.00150900561143
2591,1.00231156981,0.00230890223822,0.00115378499678
2592,1.00102626008,0.00102573383569,0.000512735424086
2593,1.00043740688,0.000437311248432,0.000218631720817
2594,1.00136406881,0.00136313931204,0.000681337440184
2595,1.00350534648,0.00349921707211,0.00174807886328
2596,1.00301087166,0.00300634806619,0.00150204483287
2597,1.00109764162,0.00109703965162,0.000548369416313
2598,1.00236293036,0.00236014303427,0.00117937550655
2599,1.00145968864,0.00145862433491,0.000729046283977
2600,1.00161421076,0.00161290931949,0.000806129562586
2601,1.00121017474,0.00120944306497,0.000604538725268
2602,1.00071839446,0.000718136538479,0.000359003811944
2603,1.00147062131,0.00146954100131,0.000734500622913
2604,1.00027885854,0.000278819668902,0.000139400117352
2605,1.00035022332,0.000350162008063,0.000175065678247
2606,1.00180732425,0.00180569300037,0.000902439056914
2607,1.00091552546,0.000915106620762,0.000457448648828
2608,1.00112614767,0.00112551404243,0.000562598703181
2609,1.00113521267,0.00113456880351,0.000567123526381
2610,1.00264335885,0.00263987132112,0.00131906492863
2611,0.999206324175,-0.000793990951939,-0.000397074289103
2612,1.00182445663,0.00182279433534,0.000910981971415
2613,1.0012324702,0.00123171133189,0.000615666065768
2614,1.0011082349,0.00110762126024,0.000553657305321
2615,1.0029198473,0.00291559282773,0.00145673434483
2616,1.00144452752,0.00144348519238,0.00072148220265
2617,0.999917834412,-8.21689635853e-05,-4.10853257715e-05
2618,1.00081416719,0.000813835938005,0.000406835189114
2619,1.00018582416,0.000185806896883,9.28991330497e-05
2620,1.00215918935,0.00215686164851,0.00107784952672
2621,0.999023489282,-0.000976987815608,-0.000488613240383
2622,1.00330348955,0.0032980450184,0.00164766361863
2623,1.00268601002,0.00268240913736,0.0013403055558
2624,1.00201789343,0.00201586022257,0.00100742232035
2625,1.00253120246,0.00252800436575,0.00126320366859
2626,1.00121380987,0.00121307379816,0.000606352992758
2627,1.00148554661,0.00148444427821,0.000741946760386
2628,1.00129025175,0.00128942009295,0.000644502265606
2629,1.00124637765,0.00124560156659,0.000622606883142
2630,1.00085996859,0.000859599028674,0.000429707163757
2631,1.00134614613,0.00134524088329,0.000672394283226
2632,1.00135765678,0.00135673599974,0.00067813796032
2633,1.00382505668,0.00381775975273,0.00190705912389
2634,1.00120491304,0.00120418771863,0.000601912637182
2635,1.00281881688,0.00281485146498,0.00140643577338
2636,1.00280955198,0.00280561256464,0.00140182280952
2637,0.99975490066,-0.000245129381938,-0.000122572202327
2638,0.999768335149,-0.00023169168903,-0.000115852554904
2639,1.00281632252,0.00281236411305,0.00140519384579
2640,1.00248571647,0.00248263218461,0.00124054597817
2641,1.00186974117,0.00186799538196,0.000933561650898
2642,1.0046746642,0.0046637718847,0.00232916920844
2643,1.00092051147,0.000920088058162,0.000459938225052
2644,1.00137207861,0.00137113817072,0.000685334136569
2645,1.00212270761,0.00212045784759,0.00105966707969
2646,1.00183153485,0.00182985963992,0.000914511399288
2647,1.00077317722,0.000772878470463,0.000386364577207
2648,1.00106325361,0.00106268875909,0.000531203241117
2649,1.00027918054,0.000279141581119,0.00013956105101
2650,1.00186599262,0.00186425381891,0.000931692614117
2651,1.00088836545,0.000887971091585,0.000443886998795
2652,1.00090107624,0.000900670514522,0.000450233871559
2653,1.00454520746,0.00453490919335,0.00226488586336
2654,1.00388762067,0.00388008340355,0.00193816103726
2655,1.00218088851,0.00217851382436,0.00108866388721
2656,1.00175422608,0.00175268922685,0.000875960735628
2657,1.0006864949,0.000686259365584,0.000343070820535
2658,1.00558534525,0.00556980504846,0.0027810282805
2659,1.00336945812,0.00336379421557,0.00168048351146
2660,1.00271471198,0.00271103380287,0.00135459860337
2661,1.00067449767,0.000674270301448,0.000337078327055
2662,1.0013783848,0.00137743570046,0.000688480738528
2663,1.00219201403,0.0021896150713,0.00109420845253
2664,1.00374882127,0.00374181195148,0.0018691569221
2665,1.00200001244,0.00199801507958,0.000998508697889
2666,1.00327247575,0.00326713284975,0.00163223288148
2667,0.999409089136,-0.000591085520908,-0.000295586437518
2668,1.00364719257,0.00364055768734,0.0018186231409
2669,1.00190324201,0.00190143314155,0.000950264782961
2670,1.00022683615,0.000226810422826,0.000113398781285
2671,1.00128307953,0.00128225708393,0.000640923062976
2672,1.00214922566,0.00214691937374,0.00107288373513
2673,1.00324487083,0.00323961760173,0.00161849761864
2674,1.00138225894,0.00138130450015,0.000690413804705
2675,1.00058462875,0.000584457917181,0.000292186263867
2676,1.00204214917,0.00204006681833,0.00101951335193
2677,0.999993698029,-6.30199052126e-06,-3.15100022497e-06
2678,1.00092941918,0.000928987536097,0.000464385907519
2679,1.00149916759,0.00149804495737,0.000748742031371
2680,1.00169421759,0.00169278402095,0.000846033921792
2681,1.00180870316,0.00180706942968,0.000903126650258
2682,1.00127946147,0.00127864366004,0.000639117507362
2683,1.00289552217,0.00289133822485,0.00144462463622
2684,1.00206503666,0.00206290740673,0.00103092193784
2685,1.00164584064,0.00164448772638,0.000821905913335
2686,1.00037400024,0.000373930321691,0.000186947683949
2687,0.999234653588,-0.000765639438588,-0.000382893004114
2688,1.00307773365,0.00307300711922,0.00153532374236
2689,0.999022427976,-0.000978050158969,-0.000489144671742
2690,1.00123453173,0.00123377032625,0.00061669492859
2691,0.999329425786,-0.000670799149489,-0.00033545582747
2692,1.00257055095,0.00256725273941,0.00128280287377
2693,1.00160510424,0.00160381744174,0.000801587278001
2694,1.00253435683,0.00253115076277,0.0012647748786
2695,1.0026748818,0.00267131066766,0.00133476374324
2696,1.00320658933,0.00320145918997,0.00159944911069
2697,1.00212628583,0.0021240284847,0.00106145050481
2698,1.00182802389,0.00182635509049,0.000912760725516
2699,1.00139715181,0.0013961767055,0.000697844745767
2700,1.0021398117,0.00213752556791,0.00106819186042
2701,1.0019643049,0.00196237817421,0.000980707878492
2702,1.00115705738,0.00115638850505,0.000578027130441
2703,1.00368605973,0.00367928285638,0.00183795032506
2704,1.00216831773,0.0021659703247,0.00108239894556
2705,1.00263871246,0.00263523717421,0.00131675090886
2706,1.00093475631,0.000934319699456,0.000467050747556
2707,1.0018317465,0.00183007090231,0.00091461693388
2708,0.999556392919,-0.000443705504032,-0.000221877363158
2709,1.00121731226,0.0012165719377,0.000608101000444
2710,1.00099133172,0.000990840670607,0.000495297634913
2711,0.999919459224,-8.05440194752e-05,-4.02728206659e-05
2712,1.00163946769,0.00163812522741,0.000818727273483
2713,1.00137872819,0.00137777861929,0.000688652079881
2714,1.00207441206,0.00207226343663,0.00103559511919
2715,1.00303869765,0.00303409014312,0.00151589494036
2716,1.00154181676,0.00154062937702,0.000770018072316
2717,1.00159593238,0.0015946602361,0.000797012334859
2718,1.00217908396,0.00217671319568,0.0010877645526
2719,1.00194174423,0.00193986147737,0.000969460507908
2720,1.00137228286,0.0013713421408,0.000685436051709
2721,1.00064660286,0.000646393899893,0.000323144727438
2722,1.00006790205,6.78997429451e-05,3.39492951822e-05
2723,1.0014790896,0.00147799682296,0.000738725419404
2724,1.00046341064,0.000463303300945,0.0002316248213
2725,0.9982226108,-0.00177897063054,-0.000889881024649
2726,1.00238337425,0.00238053851804,0.00118956116953
2727,1.00244009298,0.00243712079059,0.00121781825206
2728,1.00261093385,0.00260753128238,0.001302916108
2729,1.0034442961,0.00343837809867,0.00171771209035
2730,1.0005818624,0.00058169318514,0.0002908043008
2731,1.00266193677,0.00265840009109,0.00132831705043
2732,1.00126448556,0.00126368676723,0.000631643812619
2733,1.00199444709,0.00199246081606,0.000995734335267
2734,1.00136917561,0.00136823914446,0.00068388561579
2735,1.00128948318,0.00128865251283,0.00064411872283
2736,1.00082677198,0.000826430393406,0.000413129835062
2737,1.00195881388,0.00195689790674,0.000977970428275
2738,1.00442652915,0.0044167608857,0.00220594376479
2739,1.0020986465,0.00209644741976,0.00104767451532
2740,1.00304502264,0.0030403959515,0.00151904306012
2741,1.00093817491,0.0009377351037,0.000468757650637
2742,1.00171209311,0.00171062915164,0.000854948898574
2743,1.00246471855,0.00246168611366,0.0012300858802
2744,1.00261806777,0.00261464659824,0.00130646912428
2745,1.00074747981,0.000747200586506,0.000373530513354
2746,0.999925523836,-7.44789372105e-05,-3.7240162003e-05
2747,1.00068062107,0.000680389552595,0.000340136916616
2748,1.00316675444,0.00316175083302,0.00157962649119
2749,1.00174540381,0.00174388236549,0.000871561152496
2750,1.00079544288,0.000795126678745,0.00039748432154
2751,0.999858824182,-0.000141185784279,-7.05953838762e-05
2752,1.00297035923,0.00296595642511,0.00148187914373
2753,1.00174067392,0.00173916070635,0.000869202377747
2754,1.00018652731,0.000186509914144,9.32506089638e-05
2755,1.00053088716,0.000530746292235,0.000265337937779
2756,1.00046595172,0.000465843202215,0.000232894476978
2757,1.00329939147,0.00329396042341,0.00164562468407
2758,1.00190675847,0.00190494291161,0.000952017998845
2759,1.00148727753,0.00148617262694,0.000742810293211
2760,1.00187049132,0.00186874412955,0.000933935675124
2761,1.00402960086,0.00402150376608,0.00200873167575
2762,1.0025551789,0.00255191997969,0.00127514629901
2763,1.00246191182,0.00245888628219,0.00122868768551
2764,1.0021931061,0.00219070475529,0.0010947526982
2765,1.00217993732,0.00217756470047,0.00108818984179
2766,1.0002724049,0.000272367801983,0.000136174628385
2767,1.00113734454,0.00113669825151,0.000568187645984
2768,1.00108160986,0.00108102534332,0.000540366621
2769,1.00203117398,0.00202911393533,0.00101404247875
2770,1.00151614884,0.00151500064568,0.0007572134919
2771,1.00284347435,0.00283943932689,0.00141871233824
2772,1.00165164677,0.00165028429795,0.000824801812806
2773,1.00275008674,0.00274631216941,0.00137221373727
2774,1.00221740099,0.00221494618132,0.00110686006866
2775,1.00064647358,0.000646264701393,0.000323080149062
2776,1.00057855895,0.000578391650291,0.000289154012064
2777,1.00250383201,0.00250070264128,0.00124956995712
2778,1.00344641147,0.00344048620064,0.00171876433023
2779,1.00145550851,0.00145445028339,0.000726960777578
2780,0.999983665445,-1.63346887526e-05,-8.16737772924e-06
2781,1.00003401097,3.40103884866e-05,1.70050496557e-05
2782,1.00239229368,0.00238943670268,0.0011940049595
2783,1.00283152471,0.00282752349427,0.00141276285678
2784,1.00204872361,0.00204662783304,0.00102279050939
2785,1.00311476425,0.00310992342067,0.00155375338376
2786,1.00372241468,0.00371550363557,0.00185602726497
2787,1.00168471653,0.00168329898624,0.000841295405532
2788,1.00201463636,0.00201260970026,0.0010057986952
2789,1.00281841648,0.0028144521867,0.001406236415
2790,1.00169504946,0.00169361448472,0.000846448802291
2791,1.00214227713,0.00213998572618,0.00106942062484
2792,1.00252258664,0.00251941025519,0.00125891203215
2793,1.00118869226,0.0011879863241,0.000593816783037
2794,1.00415379554,0.00414519235105,0.00207044983116
2795,1.00237614281,0.00237332424607,0.00118595831796
2796,1.00035282078,0.000352758550307,0.000176363721243
2797,1.002205734,0.00220330493976,0.00110104587357
2798,1.0017654617,0.0017639051008,0.000881563744558
2799,1.00084262607,0.000842271264798,0.000421046967236
2800,1.00075445557,0.000754171110249,0.000377014467302
2801,1.00064726452,0.000647055135004,0.000323475238102
2802,1.00094347606,0.000943031271066,0.000471404489505
2803,1.00134503802,0.00134413426681,0.000671841346874
2804,1.00165307126,0.00165170644597,0.00082551230007
2805,1.00090243301,0.000902026058767,0.000450911338296
2806,1.00066604392,0.000665822208717,0.000332855695606
2807,1.00152017022,0.00151901593487,0.000759219614267
2808,1.00241173859,0.00240883501855,0.00120369248961
2809,1.00145651833,0.00145545863975,0.000727464589114
2810,1.0004379798,0.000437883910528,0.000218917989223
2811,1.00268460844,0.00268101131532,0.00133960758129
2812,1.00259709152,0.00259372490609,0.00129602189034
2813,1.00148484127,0.00148373998303,0.000741594874008
2814,0.998876184212,-0.00112444774296,-0.000562381948944
2815,1.00121258891,0.00121185431509,0.000605743620758
2816,1.00258114459,0.00257781916029,0.00128807929295
2817,1.00115103358,0.00115037164991,0.000575020437299
2818,1.00245896261,0.0024559443045,0.00122721850296
2819,1.00216559983,0.00216325829399,0.00108104439703
2820,1.00125255397,0.00125177017508,0.000625689262326
2821,1.00247174916,0.00246869941333,0.00123358821042
2822,1.00152090316,0.00151974775605,0.000759585246982
2823,1.00248747399,0.00248438534315,0.00124142146962
2824,1.00122186598,0.00122112011236,0.000610373702316
2825,1.00255937186,0.00255610224067,0.00127723476082
2826,1.00238583779,0.00238299619435,0.00119078854516
2827,1.00278545738,0.00278158518628,0.00138982588934
2828,1.00255290801,0.00254965488053,0.00127401519296
2829,1.00222173999,0.00221927557777,0.00110902236853
2830,0.999452475559,-0.000547674387571,-0.000273874690612
2831,1.00196413869,0.00196221229174,0.000980625018595
2832,1.0022784566,0.00227586485197,0.00113728522639
2833,1.0004847114,0.00048459396905,0.000242267632981
2834,1.00233423687,0.00233151677532,0.00116507915532
2835,1.00350694332,0.00350080833234,0.00174887310226
2836,1.00109851784,0.00109791491502,0.000548806807934
2837,1.00170763591,0.00170617955264,0.000852725998688
2838,1.00203651392,0.00203444303688,0.00101670432401
2839,1.00009168768,9.16834816484e-05,4.58406901076e-05
2840,1.00164757836,0.00164622259269,0.000822772633169
2841,1.00376987772,0.00376278954402,0.00187962605825
2842,1.0002119754,0.000211952936233,0.000105970852809
2843,0.999193695112,-0.000806630126269,-0.00040339640559
2844,1.00167865308,0.0016772457136,0.000838271310933
2845,1.00066899381,0.00066877013023,0.00033432916466
2846,1.00159146643,0.00159020138453,0.000794784683469
2847,1.00178838995,0.00178679268848,0.000892997384543
2848,1.00299365551,0.00298918344486,0.00149347537645
2849,1.00014066442,0.000140654523614,7.03247889029e-05
2850,1.0006875697,0.000687333431419,0.000343607669068
2851,1.00220382387,0.00220139900729,0.00110009395614
2852,1.00196198031,0.00196005814138,0.000979548999041
2853,1.00045512871,0.000455025170122,0.000227486706035
2854,1.00293820909,0.00293390098684,0.00146587504748
2855,1.00338697898,0.0033812560846,0.00168919973574
2856,1.00127959074,0.00127877276259,0.000639182017382
2857,1.00193123257,0.00192937014082,0.000964219911357
2858,1.00080917487,0.000808847665729,0.00040434206457
2859,1.00226329761,0.0022607402092,0.00112973147696
2860,1.00295003337,0.00294569056389,0.00147176117763
2861,1.00119818192,0.00119746467042,0.000598553130773
2862,1.00078650551,0.000786196380745,0.000393020937402
2863,1.00186810756,0.00186636481916,0.000932747130285
2864,0.999286169103,-0.000714085795097,-0.00035710664495
2865,1.00315216297,0.00314720531945,0.00157236519624
2866,1.00357583546,0.00356945735881,0.00178313699822
2867,1.00065294638,0.000652733303021,0.000326313399708
2868,1.0033903216,0.00338458741314,0.00169086258498
2869,1.00252652617,0.00252333987241,0.00126087436531
2870,1.00172684998,0.00172536068511,0.000862308340846
2871,1.00275750998,0.00275371502705,0.00137591008009
2872,0.998750922744,-0.00124985800311,-0.000625124310365
2873,1.00125122936,0.00125044722598,0.000625028201435
2874,1.00023387138,0.00023384403787,0.000116915183822
2875,1.0025463782,0.00254314167187,0.0012707627323
2876,1.0032642678,0.00325895164185,0.001628148946
2877,1.00116325539,0.00116257933717,0.000581120752479
2878,0.999946742485,-5.32589331727e-05,-2.66298211538e-05
2879,1.00299703634,0.00299255417661,0.00149515822386
2880,1.00336312305,0.00335748040176,0.00167733190471
2881,1.00248486512,0.00248178294325,0.00124012188416
2882,1.00062169636,0.000621503183559,0.000310703313505
2883,1.00396244915,0.0039546193206,0.00197535607138
2884,1.0010354252,0.00103488952012,0.000517310908611
2885,1.004027838,0.00401974797673,0.00200785554414
2886,1.00108994173,0.00108934817302,0.000544525778505
2887,1.0011825149,0.00118181628013,0.000590733588231
2888,1.00281578239,0.00281182550147,0.00140492491839
2889,1.00019840327,0.000198383590493,9.91868759032e-05
2890,1.00266800584,0.00266445303315,0.00133133949677
2891,1.0027756254,0.00277178046904,0.00138493033214
2892,1.0018462581,0.00184455586313,0.000921852763992
2893,1.00360220721,0.00359573479667,0.00179625220286
2894,1.00171159387,0.00171013076635,0.000854699918941
2895,1.00199903176,0.00199703635748,0.00099801982535
2896,1.00078173057,0.000781425180869,0.00039063627221
2897,1.00202552676,0.00202347814952,0.00101122743934
2898,1.0030775847,0.00307285863011,0.00153524961179
2899,1.00215894023,0.00215661306852,0.00107772537068
2900,1.00116676246,0.00116608232221,0.000582871225633
2901,1.00357900984,0.00357262042948,0.00178471571221
2902,1.00068095844,0.000680726692451,0.000340305429193
2903,1.00129815345,0.00129731158217,0.000648445459397
2904,1.00238034469,0.00237751615647,0.00118805178525
2905,1.00208376886,0.00208160082336,0.00104025896679
2906,0.999930869159,-6.91332303084e-05,-3.45672125865e-05
2907,1.00136818549,0.00136725037757,0.000683391570322
2908,1.00071715932,0.000716902288074,0.000358386908101
2909,1.00336932586,0.0033636623978,0.00168041771333
2910,1.00327268193,0.00326733836651,0.00163233547213
2911,0.998791647617,-0.00120908302915,-0.000604724286625
2912,1.00265398298,0.00265046738705,0.00132435595913
2913,0.999107252163,-0.00089314657353,-0.00044667301546
2914,1.00130552558,0.00130467412156,0.00065212433522
2915,1.00052533125,0.000525193315321,0.000262562182176
2916,1.00084342694,0.000843071458511,0.000421446895552
2917,1.00249950074,0.00249638218661,0.00124741242681
2918,1.0037898197,0.00378265642729,0.00188954077949
2919,1.00184158711,0.00183989346864,0.00091952371305
2920,1.00287566787,0.00287154104534,0.00143474029729
2921,1.00328688627,0.00328149627104,0.00163940284416
2922,1.00091044889,0.000910034681675,0.000454913836147
2923,1.00075650082,0.000756214821104,0.000378035936954
2924,1.00058465316,0.000584482319056,0.00029219846124
2925,1.00005384884,5.38473860443e-05,2.69233305829e-05
2926,1.00216787107,0.00216552462918,0.00108217633899
2927,1.0009149433,0.000914524992103,0.000457157967489
2928,1.00172335922,0.00172187593796,0.000860567468222
2929,0.999028602544,-0.00097186956803,-0.000486052869449
2930,1.0014461228,0.00144507816994,0.000722278116463
2931,1.00259351027,0.00259015292476,0.00129423821276
2932,1.00016668477,0.000166670878535,8.33319669664e-05
2933,1.00099534525,0.000994850220929,0.000497301415105
2934,1.00045603418,0.000455930230885,0.00022793913337
2935,1.0015891659,0.00158790451388,0.000793637160245
2936,1.00105890511,0.00105834486487,0.000529032445398
2937,0.999241557487,-0.000758730275589,-0.000379437105849
2938,1.00485488518,0.00484313822904,0.00241863948128
2939,1.00217596957,0.00217360558091,0.00108621243419
2940,1.00380359706,0.00379638167309,0.00189639041168
2941,1.00033606068,0.000336004222421,0.000167987999646
2942,1.00054393461,0.00054378673045,0.000271856405574
2943,1.00245698266,0.00245396921789,0.00122623217111
2944,1.00043998749,0.000439890727353,0.000219921177468
2945,1.00035302587,0.000352963566789,0.000176466211401
2946,1.00209612689,0.00209393308094,0.00104641866222
2947,1.00104800896,0.00104746018668,0.000523592970674
2948,1.00386940565,0.00386193875848,0.00192910625727
2949,1.00166182614,0.00166044683286,0.000829878876322
2950,1.00128370153,0.00128287829411,0.000641233468946
2951,1.00239591335,0.0023930477221,0.00119580831179
2952,1.00346860664,0.00346260489829,0.00172980460959
2953,1.00218099179,0.00217861687775,0.00108871535781
2954,1.00219457785,0.00219217328113,0.00109548615702
2955,1.00058796409,0.000587791309254,0.00029385247153
2956,1.00018347796,0.000183461133515,9.17263596375e-05
2957,1.00182017946,0.00181852494283,0.000908849217553
2958,1.002120042,0.00211779788247,0.00105833850558
2959,1.00276766183,0.0027638389064,0.0013809650422
2960,1.00372099338,0.00371408761459,0.00185532056832
2961,1.00006362795,6.36259237291e-05,3.18124558376e-05
2962,1.00409294267,0.00408458936088,0.00204021061566
2963,1.00182321768,0.00182155763755,0.000910364185638
2964,1.00310257222,0.00309776917394,0.00154768568431
2965,1.00070563773,0.000705388883775,0.000352632252514
2966,1.00148879008,0.00148768292594,0.00074356488149
2967,1.00078511916,0.000784811119661,0.000392328578838
2968,1.00282364496,0.00281966596758,0.00140883963614
2969,1.00295180848,0.0029474604512,0.00147264481847
2970,1.00140022968,0.00139925026785,0.000699380453326
2971,1.0005108311,0.000510700669574,0.000255317735665
2972,1.00270194683,0.00269830313085,0.0013482418696
2973,1.00259136958,0.00258801777218,0.0012931720176
2974,0.999807244228,-0.000192774351304,-9.6391821045e-05
2975,1.00051530529,0.000515172570419,0.000257553112711
2976,1.00228211913,0.00227951905511,0.00113911024836
2977,1.00062848586,0.00062828844156,0.000314094882651
2978,0.999793933794,-0.000206087440948,-0.000103049029661
2979,0.998831507851,-0.00116917536839,-0.000584758588876
2980,1.00205854422,0.00205642832243,0.00102768573016
2981,1.00328153703,0.00327616453583,0.00163674134344
2982,1.00169412029,0.00169268688561,0.00084598539521
2983,0.999985363645,-1.46364624659e-05,-7.31825801137e-06
2984,0.999793679228,-0.000206342058921,-0.000103176351774
2985,1.00147686369,0.0014757741989,0.00073761492771
2986,1.00131080221,0.00130994385989,0.000654757482653
2987,1.00157462278,0.00157338436321,0.000786382820441
2988,1.00105395148,0.00105339646776,0.000526559552714
2989,1.00326844799,0.00326311822709,0.00163022884455
2990,1.00248769329,0.00248460410179,0.00124153071315
2991,0.999071397801,-0.000929033616759,-0.00046462471302
2992,1.00267781621,0.00267423724808,0.00133622507924
2993,1.00240391832,0.00240103353406,0.00119979643506
2994,0.999147453498,-0.000852910126628,-0.000426546008202
2995,1.00302705835,0.00302248603332,0.00151010166396
2996,1.00422859675,0.0042196813576,0.00210761652943
2997,1.00215017819,0.00214786986624,0.00107335847138
2998,1.00275090983,0.00274713299842,0.00137262358851
2999,1.00130253287,0.0013016853145,0.000650630905108
3000,1.00024481926,0.000244789299665,0.000122387159913
3001,1.0018927498,0.00189096080957,0.000945033579018
3002,1.00151295083,0.00151180747748,0.000755618115481
3003,1.00372576543,0.00371884196031,0.00185769332794
3004,1.00037446697,0.000374396869874,0.000187180914403
3005,1.00101130468,0.001010793658,0.000505269137535
3006,1.0032924229,0.00328701474287,0.00164215755277
3007,1.00078286282,0.00078255654658,0.000391201733929
3008,0.999860635604,-0.000139374108427,-6.96894824126e-05
3009,1.00165435892,0.00165299197115,0.000826154531845
3010,1.00388271772,0.00387519942366,0.00193572377731
3011,1.00429783726,0.0042886279309,0.00214201656667
3012,1.00189143096,0.00188964445595,0.000944376023992
3013,1.00127434025,0.00127352896666,0.000636561791849
3014,1.00087648354,0.000876099653023,0.000437953896694
3015,1.00128881225,0.00128798244244,0.000643783903379
3016,1.00231178862,0.0023091205508,0.00115389402712
3017,1.00084037487,0.000840021957011,0.000419922786242
3018,1.00164446753,0.00164311687804,0.000821221052286
3019,1.002440266,0.00243729339002,0.00121790444667
3020,1.00194363452,0.00194174810799,0.000970402908267
3021,1.00034988615,0.000349824952549,0.000174897179979
3022,1.00028198663,0.000281946883178,0.0001409635053
3023,1.0000337557,3.37551321617e-05,1.68774236555e-05
3024,1.00086298195,0.000862609790755,0.000431211896792
3025,0.999384660367,-0.000615529032021,-0.000307811880368
3026,1.00090924908,0.000908835965999,0.000454314750785
3027,0.999625443808,-0.000374626355995,-0.000187330722206
3028,1.00002391188,2.39115910204e-05,1.19557240399e-05
3029,1.00059722408,0.000597045816443,0.000298478354692
3030,1.00358641075,0.00357999491678,0.0017883963684
3031,1.0009776833,0.000977205676479,0.000488483491311
3032,1.00259518653,0.00259182484933,0.00129507309276
3033,1.00214163541,0.00213934537357,0.00106910079089
3034,1.00261392543,0.0026105150672,0.00130440605549
3035,1.00226317242,0.00226061529953,0.00112966909268
3036,1.00231105575,0.0023083893662,0.00115352885661
3037,1.00125308108,0.00125229662788,0.000625952323992
3038,1.00252102987,0.00251785740319,0.0012581365833
3039,1.00197678292,0.00197483165596,0.000986928493383
3040,1.00130697229,0.00130611894396,0.000652846275058
3041,1.00351817875,0.00351200443199,0.00175446134616
3042,1.00188961269,0.00188782962108,0.000943469463088
3043,1.00235421871,0.00235145187547,0.00117503504279
3044,1.00143868208,0.00143764816636,0.000718565791042
3045,1.00271566356,0.00271198280415,0.00135507246114
3046,1.00239883915,0.00239596653025,0.00119726596964
3047,1.00138638912,0.00138542897472,0.000692474616068
3048,1.00261035461,0.00260695355324,0.00130262761976
3049,1.00305696033,0.00305229732607,0.00152498469037
3050,1.00092388353,0.00092345701589,0.000461621927742
3051,1.00234362571,0.00234088370327,0.00116975715173
3052,1.00277883232,0.00277497850328,0.00138652713346
3053,1.00389751625,0.00388994061518,0.00194308007852
3054,1.00340640714,0.00340061847628,0.00169886453132
3055,1.00029502046,0.000294976952665,0.000147477600442
3056,1.00403185106,0.00402374493045,0.00200985000635
3057,1.00195309387,0.00195118906391,0.00097511879433
3058,1.00326177897,0.00325647090792,0.00162691059777
3059,1.00363856498,0.00363196141744,0.00181433281342
3060,1.00087757959,0.000877194746627,0.000438501203546
3061,1.00127068623,0.00126987959429,0.000634738265525
3062,0.999860378731,-0.000139631016537,-6.98179454277e-05
3063,1.00216916367,0.00216681443365,0.00108282054312
3064,0.998619192642,-0.00138176155115,-0.000691119488669
3065,1.0018910527,0.00188926691115,0.000944187429847
3066,1.00281419641,0.00281024397728,0.00140413526695
3067,1.00044575761,0.000445658291875,0.000222804321367
3068,1.0013458066,0.00134490181017,0.000672224860646
3069,1.00126986914,0.00126906353447,0.000634330494526
3070,1.00130169716,0.00130085068549,0.000650213862034
3071,1.00100640959,0.00100590349981,0.000502825290874
3072,1.00023187338,0.00023184650263,0.000115916532474
3073,1.00233452741,0.00233180663847,0.00116522391802
3074,1.0027050399,0.00270138786798,0.00134978215749
3075,1.00455257695,0.00454224531928,0.00226854561187
3076,1.00091518664,0.000914768112729,0.000457279472223
3077,1.00239370172,0.00239084137515,0.0011947064569
3078,1.00117883831,0.00117814402794,0.000588898545117
3079,1.00098671353,0.000986227046451,0.000492991962734
3080,1.00219080323,0.00218840692392,0.00109360503964
3081,1.00372529427,0.00371837254683,0.00185745905719
3082,1.00357521824,0.00356884234313,0.00178283003866
3083,1.00228554162,0.00228293374579,0.00114081564739
3084,1.00362580173,0.00361924435392,0.00180798579798
3085,1.00145460501,0.0014535480996,0.000726510013507
3086,1.00277331267,0.00276947413558,0.0013837787618
3087,1.00005588426,5.58826943532e-05,2.79409568208e-05
3088,0.999882898662,-0.000117108194508,-5.85558115784e-05
3089,1.00126611763,0.00126531678041,0.000632458304083
3090,1.00071278785,0.000712533938324,0.000356203513622
3091,1.00203161261,0.00202955167544,0.00101426112684
3092,1.00144829038,0.00144724261853,0.000723359558503
3093,1.0011087344,0.00110812021193,0.000553906643011
3094,1.00240391724,0.00240103245297,0.00119979589516
3095,1.00055836274,0.000558206914391,0.000279064511449
3096,1.00201549494,0.00201346655702,0.00100622669258
3097,1.00141265601,0.00141165914595,0.000705580533879
3098,1.00065919676,0.000658979582623,0.000329435515511
3099,1.0013622203,0.00136129331661,0.000680415070913
3100,1.00242814559,0.00242520240783,0.00121186630015
3101,1.0030555313,0.00305087265584,0.0015242734413
3102,1.00240726787,0.00240437504388,0.00120146518401
3103,1.00392164553,0.0039139759255,0.00195507431034
3104,1.00417010867,0.00416143786179,0.00207855573585
3105,1.00076350834,0.000763217018607,0.000381535706037
3106,0.999095592775,-0.00090481644772,-0.000452510575895
3107,1.00233278853,0.00233007179855,0.00116435750843
3108,1.00072992026,0.000729654001502,0.000364760459473
3109,1.00173824486,0.00173673586558,0.000867991010466
3110,1.00193123098,0.00192936855102,0.000964219117222
3111,0.999817318033,-0.000182698655691,-9.13535003226e-05
3112,1.00150988939,0.00150875065477,0.000754090857856
3113,1.00110103639,0.00110043069117,0.000550064004882
3114,1.00133313359,0.00133224575879,0.000665901068804
3115,0.999653202866,-0.000346857281968,-0.0001734436806
3116,1.00134815935,0.0013472514022,0.000673398866245
3117,1.00126779561,0.00126699263685,0.000633295701997
3118,1.00263389861,0.00263043597589,0.00131435346782
3119,1.0027803056,0.00277644769655,0.00138726071128
3120,1.00101966694,0.0010191474351,0.000509443906911
3121,1.00286169989,0.00285761301831,0.00142778625111
3122,1.00137902776,0.00137807777092,0.00068880155268
3123,1.00113420519,0.00113356246892,0.000566620644319
3124,1.00298663222,0.00298218109101,0.00148997942233
3125,1.00014656435,0.000146553606646,7.32741186438e-05
3126,1.00202767459,0.00202562163324,0.00101229809686
3127,1.00329035809,0.00328495670743,0.00164113022434
3128,1.00345134882,0.00344540658534,0.00172122029106
3129,1.00038891065,0.000388835047593,0.000194398625934
3130,1.00306676878,0.00306207583379,0.00152986647626
3131,1.00013304536,0.000133036506524,6.6516040972e-05
3132,1.00231618313,0.00231350491069,0.00115608367512
3133,1.00200832307,0.00200630908767,0.00100265155252
3134,1.00252881937,0.00252562729107,0.00126201663191
3135,1.00002709395,2.70935875311e-05,1.35467020081e-05
3136,1.00141382717,0.00141282865965,0.000706164877967
3137,1.00098603597,0.00098555015527,0.000492653683937
3138,1.00213119092,0.00212892315593,0.00106389523971
3139,0.999919158173,-8.08450952316e-05,-4.04233646181e-05
3140,1.00370712434,0.00370026988471,0.00184842449771
3141,1.00192900186,0.00192714372452,0.000963107775963
3142,0.999925108445,-7.48943591727e-05,-3.74478807408e-05
3143,1.00333188244,0.0033263440215,0.00166178970662
3144,1.00024411457,0.000244084779368,0.000122034942815
3145,1.00365066387,0.0036440163656,0.00182034933353
3146,1.00514842252,0.00513521470591,0.00256431386859
3147,1.00054164521,0.000541498571964,0.000270712636702
3148,1.00171769899,0.00171622543496,0.000857744644052
3149,0.999277709524,-0.000722551453255,-0.000361340994562
3150,1.00064935976,0.00064914901537,0.000324521839078
3151,1.00351410531,0.00350794527105,0.00175243532446
3152,1.00067424124,0.000674014040022,0.000336950239524
3153,1.00123690056,0.00123613623289,0.000617877151692
3154,1.00081734453,0.00081701068111,0.000408421913609
3155,1.00273651512,0.00273277767808,0.00136545575484
3156,1.00181885973,0.00181720760874,0.000908191148925
3157,1.00154031653,0.00153913145713,0.000769269688804
3158,1.002177532,0.00217516461008,0.00108699110175
3159,1.00203823416,0.00203615978223,0.00101756182361
3160,0.999542875344,-0.00045722916959,-0.000228640719101
3161,1.00213609549,0.00213381727976,0.00106633969521
3162,1.00170540595,0.00170395339389,0.000851613867846
3163,0.999990467388,-9.53265729462e-06,-4.76634000623e-06
3164,1.00163248863,0.00163115756645,0.000815246289247
3165,1.00143991158,0.00143887589823,0.000719179215685
3166,1.00134819521,0.00134728720833,0.000673416757255
3167,1.00116383524,0.0011631585079,0.000581410169515
3168,1.00244780562,0.00244481462125,0.00122166047515
3169,1.00278816179,0.00278428208024,0.0013911724613
3170,1.00267547942,0.0026719066973,0.00133506136024
3171,1.00387883585,0.00387133256478,0.00193379408859
3172,1.00213733871,0.00213505784751,0.00106695931746
3173,1.00383643899,0.00382909862134,0.00191271773021
3174,1.00146530329,0.00146423078228,0.000731847460054
3175,1.00002554047,2.55401465482e-05,1.2769991737e-05
3176,1.00039876224,0.000398682753764,0.00019932150971
3177,1.00262316184,0.00261972735782,0.00130900618192
3178,1.00281056524,0.0028066229855,0.0014023273116
3179,1.00341037161,0.00340456947732,0.00170083667378
3180,1.00065894033,0.000658723324565,0.000329307428685
3181,1.00137636836,0.00137542203688,0.000687474599419
3182,1.00142361742,0.00142260503868,0.000711049603675
3183,1.00062005686,0.000619864702158,0.000309884327009
3184,1.00331574794,0.00331026296713,0.00165376250883
3185,0.999589269289,-0.000410815084203,-0.000205428639675
3186,1.00316465091,0.00315965393983,0.0015785797002
3187,1.00284087545,0.00283684778817,0.00141741840637
3188,1.00022970114,0.00022967475776,0.000114830785321
3189,1.00140312374,0.00140214028336,0.000700824449428
3190,1.00248437147,0.00248129051949,0.00123987597758
3191,1.00534750928,0.00533326211844,0.00266307875688
3192,0.999062178593,-0.000938261436417,-0.000469240777234
3193,0.99945834317,-0.000541803579541,-0.000270938486974
3194,1.00429975382,0.00429053629495,0.00214296870437
3195,1.00029625024,0.000296206371227,0.000148092218878
3196,1.00196899769,0.001967061759,0.000983047371532
3197,1.00285713459,0.00285306074097,0.00142551335969
3198,1.00158625258,0.00158499580699,0.000792183959972
3199,1.00222324214,0.00222077439085,0.00110977094368
3200,1.0017800696,0.0017784871494,0.000888848314804
3201,1.00040480867,0.000404726761094,0.000202342906459
3202,1.00259291365,0.00258955784689,0.00129394105887
3203,1.00048062774,0.000480512276489,0.00024022727905
3204,1.00058811596,0.000587943091729,0.000293928340463
3205,1.00137044964,0.00136951142806,0.000684521322339
3206,1.00379230749,0.00378513481937,0.00189077763325
3207,1.00378286756,0.0037757305057,0.00188608435612
3208,1.00293726497,0.00293295963099,0.0014654050594
3209,1.00332195086,0.00331644536693,0.00165684859185
3210,1.00346252133,0.00345654060385,0.0017267777028
3211,1.00073195813,0.00073169038256,0.000365778278088
3212,1.00444098961,0.00443115751251,0.00221312617328
3213,1.00079876061,0.000798441770033,0.000399141206963
3214,0.999793916326,-0.000206104911897,-0.000103057766035
3215,1.0025957721,0.00259240890613,0.00129536474292
3216,1.00309137837,0.00308660988934,0.00154211466199
3217,1.00051726267,0.000517128940084,0.00025853104513
3218,1.00278065947,0.00277680058664,0.00138743691154
3219,1.00279469442,0.00279079652043,0.00139442514474
3220,1.0007737279,0.000773428726866,0.000386639599071
3221,1.00169580834,0.00169437208234,0.000846827280394
3222,1.00260344599,0.00260006289682,0.0012991867736
3223,1.00288755261,0.00288339163519,0.00144065707343
3224,1.00155468861,0.00155348133677,0.00077643908344
3225,1.0018473142,0.00184561001701,0.000922379354906
3226,1.00084327721,0.000842921849282,0.000421372122462
3227,1.00187740174,0.00187564162114,0.000937381194071
3228,1.00176553157,0.00176397484789,0.000881598587363
3229,1.00226341909,0.002260861414,0.0011297920109
3230,1.00132790382,0.00132702293985,0.000663291394865
3231,1.00252597667,0.00252279175778,0.00126060065351
3232,1.0021214199,0.00211917286587,0.00105902526945
3233,1.00170268145,0.00170123353228,0.000850255094256
3234,1.00158228855,0.00158103804835,0.000790206646331
3235,1.0015167715,0.00151562236249,0.000757524114873
3236,1.00125627655,0.00125548809132,0.00062754705559
3237,1.00277127739,0.00276744447745,0.00138276533652
3238,1.00498493086,0.00497254722721,0.00248318539528
3239,1.00090269056,0.000902283378374,0.000451039940077
3240,1.00189414783,0.00189235619013,0.000945730609715
3241,0.999877702854,-0.000122304624788,-6.11541822346e-05
3242,0.999911111942,-8.88920088205e-05,-4.44469921486e-05
3243,1.00098708956,0.000986602706013,0.000493179699899
3244,0.998755626747,-0.0012451481281,-0.000622767903508
3245,1.00310144712,0.00309664754972,0.00154712574
3246,1.0031849864,0.00317992507007,0.00158869921423
3247,1.00230762269,0.00230496422065,0.00115181825787
3248,1.00167068119,0.00166928715455,0.000834295359211
3249,1.0014763462,0.00147525747137,0.000737356754487
3250,1.00367680035,0.00367005744671,0.00183334608753
3251,1.00033452571,0.000334469769885,0.000167220901969
3252,1.00308177029,0.0030770313658,0.00153733277437
3253,1.0014655295,0.0014644566643,0.000731960318403
3254,1.00086805975,0.000867683205625,0.000433747507153
3255,1.00281392861,0.00280997692828,0.00140400192993
3256,0.999990705132,-9.29491093792e-06,-4.64746626849e-06
3257,1.00108196007,0.00108137517235,0.000540541440984
3258,1.00453468189,0.00452443120127,0.00225965871936
3259,1.00223307347,0.00223058386244,0.00111467022433
3260,1.00353335541,0.00352712777743,0.00176200972368
3261,1.00123846995,0.00123770367915,0.000618660390272
3262,0.999833462283,-0.000166551585974,-8.32792605123e-05
3263,1.00045238748,0.000452285183937,0.00022611702366
3264,1.00498381856,0.00497144044122,0.00248263337631
3265,1.00018346907,0.000183452245255,9.17219159153e-05
3266,1.00207085845,0.00206871717814,0.00103382382462
3267,1.00090572641,0.000905316489333,0.00045255581038
3268,1.00156550785,0.00156428371869,0.000781836066129
3269,1.00093903638,0.000938595758087,0.000469187776018
3270,1.00014550515,0.000145494562448,7.27446352045e-05
3271,1.00201666038,0.00201462965015,0.0010068076538
3272,1.00129421836,0.00129338157965,0.000646481730403
3273,1.0027333173,0.00272958858305,0.00136386338334
3274,1.00073792624,0.00073765410864,0.000368759045983
3275,0.999570143455,-0.000429948959837,-0.000214997588588
3276,1.00044536472,0.000445265575504,0.000222608006912
3277,1.00312622736,0.00312135086788,0.00155945821335
3278,1.00119078341,0.00119007499399,0.000594860497294
3279,1.00281388162,0.0028099300635,0.00140397853044
3280,1.00237037285,0.0023675679433,0.0011830835758
3281,1.00188810948,0.00188632923698,0.000942719978543
3282,1.00177707008,0.00177549295467,0.000887352547009
3283,1.00064432425,0.000644116767098,0.000322006528315
3284,1.003068318,0.00306362031849,0.00153063753689
3285,0.998858115671,-0.00114253677581,-0.000571431592767
3286,1.00222373578,0.0022212669428,0.00111001694631
3287,1.00235861902,0.00235584184859,0.00117722744776
3288,1.00310718082,0.00310236350617,0.0015499792925
3289,1.00078894424,0.000788633184744,0.000394238859802
3290,1.00043218248,0.000432089111394,0.000216021219753
3291,1.00216457557,0.00216223625281,0.00108053392875
3292,1.00077936347,0.00077905992292,0.000389454104514
3293,1.00262364609,0.00262021033433,0.00130924735404
3294,1.00290737296,0.00290315472647,0.00145052433439
3295,1.00111296227,0.00111234338424,0.000556017057316
3296,1.0031419784,0.00313705270384,0.00156729685738
3297,1.00397008068,0.00396222070739,0.00197914924985
3298,1.00236449275,0.00236170173229,0.00118015393611
3299,1.00120800776,0.00120727870078,0.000603457196809
3300,1.00246303282,0.00246000452636,0.00122924612045
3301,0.999338387632,-0.000661831330272,-0.000330970423765
3302,1.00268290415,0.00267931158865,0.00133875885608
3303,1.00344160521,0.003435696441,0.00171637356378
3304,1.00157892769,0.00157768249106,0.000788530192069
3305,1.00152721199,0.00152604698935,0.000762732466274
3306,1.00126889841,0.00126809404352,0.000633846056425
3307,1.00219322139,0.00219081979094,0.00109481015306
3308,1.00047082035,0.000470709545865,0.000235327079171
3309,1.00217747396,0.0021751067033,0.00108696217983
3310,1.00081097643,0.000810647769017,0.00040524175188
3311,1.00252073544,0.00251756371688,0.00125798992488
3312,1.00447501018,0.00446502709838,0.0022300233443
3313,1.00190117278,0.00189936784262,0.000949233114253
3314,1.00325189319,0.00324661722118,0.00162199175782
3315,1.00128657511,0.00128574817974,0.000642667490598
3316,1.00308867063,0.00308391048953,0.00154076704258
3317,1.00386022556,0.00385279400382,0.00192454269011
3318,1.00263235233,0.00262889375894,0.00131358337256
3319,1.00175182334,0.00175029068368,0.00087476251384
3320,1.00179494826,0.00179333926326,0.000896267743545
3321,1.00261805375,0.00261463261697,0.00130646214278
3322,1.0023722801,0.00236947069048,0.00118403382339
3323,1.00331468481,0.00330920334954,0.00165323357608
3324,1.00314703189,0.00314209034713,0.00156981172811
3325,1.00185110107,0.00184938989814,0.000924267550444
3326,1.00184599485,0.00184429309167,0.00092172149937
3327,1.00235736453,0.00235459030248,0.00117660241118
3328,1.00017965215,0.000179636014953,8.98139739599e-05
3329,1.00249110527,0.00248800760586,0.00124323035096
3330,1.00410545546,0.00409705107221,0.00204642873969
3331,1.00176911048,0.00176754744782,0.000883383310932
3332,1.00325680803,0.00325151611627,0.00162443722938
3333,1.00300436949,0.0029998653901,0.00149880835822
3334,1.00198854098,0.00198656645121,0.000992790083114
3335,1.00133143061,0.00133054504022,0.000665051275412
3336,1.0038800322,0.00387252429169,0.00193438879959
3337,1.00113185222,0.00113121215484,0.000565446152458
3338,1.00300453994,0.00300003532922,0.00149889320042
3339,1.00292489254,0.00292062336149,0.00145924594447
3340,1.00119814324,0.00119742603682,0.000598533825533
3341,1.00123908737,0.00123832033709,0.00061896852844
3342,0.999987068816,-1.29312675148e-05,-6.46565465967e-06
3343,1.00177331945,0.00177174898037,0.000885482219223
3344,1.00347705785,0.00347102685824,0.00173400829654
3345,0.999768941028,-0.000231085670071,-0.000115549510366
3346,1.00186128303,0.00185955299141,0.000929344387469
3347,1.00130846978,0.00130761447789,0.000653593553563
3348,1.00216157285,0.00215924001049,0.00107903742524
3349,1.00155037381,0.00154917322405,0.000774286697256
3350,1.00105287882,0.00105232493227,0.000526024066937
3351,0.999501117812,-0.000499006671134,-0.000249534464113
3352,0.999819722115,-0.000180294137483,-9.01511321107e-05
3353,1.0025349677,0.00253176008725,0.00126507915546
3354,1.00394358821,0.00393583264475,0.00196598124462
3355,1.00310528015,0.00310046872376,0.00154903336928
3356,1.00186043293,0.00185870447162,0.00092892052177
3357,1.00320756061,0.00320242735903,0.00159993242084
3358,1.00142266235,0.00142165132543,0.000710573086004
3359,1.00121405382,0.001213317457,0.000606474748302
3360,1.00312655439,0.0031216768817,0.00155962096604
3361,1.00151197463,0.00151083274626,0.000755131118013
3362,1.00225143528,0.00224890459726,0.00112382033904
3363,0.999890252525,-0.000109753497226,-5.48782543692e-05
3364,1.0016772901,0.00167588501539,0.00083759153191
3365,1.00184885341,0.00184714638236,0.000923146828728
3366,0.99835960277,-0.00164174415468,-0.000821209085032
3367,1.00391945702,0.00391179596479,0.00195398646039
3368,1.00138185509,0.00138090120586,0.000690212296764
3369,0.999943130053,-5.68715645574e-05,-2.84361865794e-05
3370,1.00356788708,0.00356153727333,0.00177918400896
3371,1.00222620542,0.00222373109935,0.0011112476562
3372,1.00145043527,0.00144938440217,0.000724429675111
3373,1.00132112198,0.001320250062,0.000659907196408
3374,1.00105683895,0.00105628088874,0.000528001002753
3375,1.00195616584,0.00195425503849,0.000976650285602
3376,1.00031227808,0.000312229331218,0.000156102480348
3377,1.00181314825,0.00181150648379,0.000905343171244
3378,1.00307645654,0.00307173393091,0.00153468812538
3379,1.00299967817,0.00299518811035,0.00149647322079
3380,1.00323295215,0.00322773739679,0.0016125671126
3381,1.00028251002,0.000282470123265,0.000141225088431
3382,1.00319232951,0.00318724484356,0.00159235327984
3383,1.00343744317,0.00343154866514,0.00171430323327
3384,1.00151898041,0.00151782792755,0.000758626061411
3385,1.00423321863,0.00422428376866,0.00210991288226
3386,1.00061891444,0.000618722992099,0.000309313648716
3387,1.00300828777,0.00300377192859,0.00150075869799
3388,1.0005608311,0.000560673897086,0.000280297657812
3389,1.00210964478,0.00210742260639,0.00105315634438
3390,1.00206121109,0.00205908970832,0.00102901505469
3391,1.00142083998,0.00141983154383,0.000709663841335
3392,1.00134052296,0.00133962526176,0.000669588356478
3393,1.00136580724,0.00136487537813,0.000682204881426
3394,1.00160760427,0.0016063134562,0.000802834284066
3395,1.00236982291,0.00236701930846,0.00118280958289
3396,1.00039888325,0.000398803719828,0.000199381980684
3397,1.00156382788,0.00156260637045,0.000780998047363
3398,1.00218516757,0.0021827835614,0.0010907964293
3399,1.00274330268,0.00273954669285,0.00136883563512
3400,1.00248659443,0.00248350796793,0.00124098332651
3401,1.00061890165,0.000618710210338,0.000309307259812
3402,0.999814102339,-0.000185914942538,-9.29617919485e-05
3403,1.00050594808,0.000505820129124,0.000252878085508
3404,1.00254898969,0.00254574652872,0.0012720635048
3405,1.00062558297,0.000625387377095,0.000312644804972
3406,1.00203776958,0.00203569614551,0.00101733024111
3407,1.0030124828,0.00300795436948,0.00150284677783
3408,1.00130588842,0.00130503649233,0.000652305402431
3409,1.0021542795,0.00215196237059,0.0010754025251
3410,0.999852399163,-0.000147611731131,-7.38085892853e-05
3411,1.00215771912,0.00215539458724,0.00107711678645
3412,1.001323328,0.00132245317105,0.000661008023402
3413,1.00089211797,0.000891720267286,0.000445760752784
3414,1.00075968544,0.000759397020834,0.00037962643406
3415,1.0020113064,0.00200928643433,0.00100413873213
3416,1.00078095974,0.000780654948979,0.000390251306631
3417,1.00160919009,0.0016078967344,0.000803625287297
3418,1.00160946831,0.00160817450891,0.00080376406293
3419,1.00235496631,0.0023521977233,0.00117540752844
3420,0.998937953911,-0.00106261045939,-0.000531446397319
3421,1.00074746084,0.000747181631351,0.000373521039316
3422,1.0020943143,0.00209212427772,0.00104551520659
3423,1.00004037945,4.03786319975e-05,2.01891121958e-05
3424,1.00086700738,0.000866631745292,0.000433222004882
3425,1.00086671375,0.000866338367399,0.000433075379474
3426,1.00287803909,0.00287390546443,0.00143592080997
3427,1.00256904561,0.00256575125292,0.0012820530933
3428,0.999877587835,-0.000122419657745,-6.12117022321e-05
3429,1.00169565306,0.00169421705965,0.000846749834688
3430,1.00267804065,0.00267446108632,0.0013363368488
3431,1.00249747433,0.00249436082455,0.00124640300601
3432,1.00251219241,0.00250904212905,0.00125373448194
3433,1.00039487467,0.000394796722599,0.000197378879525
3434,1.00316602192,0.00316102063026,0.00157926196646
3435,1.00140275809,0.00140177514214,0.000700642006749
3436,1.00397696517,0.00396907794478,0.00198257107693
3437,1.00159045608,0.00158919264277,0.000794280713328
3438,1.00298602402,0.0029815747094,0.00148967668323
3439,1.00214103402,0.00213874527251,0.0010688010611
3440,1.00067646672,0.000676238020287,0.000338061854353
3441,1.00212207916,0.00211983072784,0.00105935385203
3442,1.00328309244,0.00327771485784,0.0016375152354
3443,1.00216288619,0.00216055051786,0.00107969197167
3444,0.999428166306,-0.000571997253099,-0.000286039528056
3445,1.00165952505,0.00165814956013,0.000828731192529
3446,1.00094800163,0.000947552556435,0.000473664063959
3447,1.00160095707,0.00159967690321,0.000799518666096
3448,1.00259484308,0.00259148228686,0.00129490203334
3449,1.00167999785,0.00167858823253,0.000838942007472
3450,1.00340017023,0.00339440272182,0.00169576192913
3451,1.00158814814,0.00158688836158,0.000793129487193
3452,1.00109191914,0.0010913234303,0.000545512868871
3453,1.00125944568,0.00125865324469,0.000629128637879
3454,1.00245664797,0.0024536353423,0.001226065438
3455,1.00075422413,0.000753939849387,0.000376898880459
3456,1.00123634882,0.00123558516986,0.000617601790385
3457,1.00063134613,0.000631146916131,0.00031552367
3458,1.00449029651,0.0044802452094,0.00223761540255
3459,1.0022612477,0.00225869492671,0.00112870999051
3460,1.00192843687,0.00192657981897,0.000962826094701
3461,1.00120217258,0.00120145054442,0.000600544872909
3462,1.00136420179,0.00136327211701,0.000681403797423
3463,0.99870834245,-0.00129249245913,-0.00064645509165
3464,1.00217687762,0.0021745116591,0.00108666498108
3465,1.00224422766,0.0022417131407,0.00112022864525
3466,1.00329472131,0.00328930561158,0.00164330110549
3467,1.00053988589,0.000539740203901,0.00026983369029
3468,0.999937007725,-6.29942594771e-05,-3.14976257783e-05
3469,1.00173436815,0.0017328658688,0.000866057689769
3470,1.00173856589,0.00173705633745,0.000868151107304
3471,1.00201703884,0.00201500734628,0.00100699631172
3472,1.00186089872,0.00185916939428,0.000929152767136
3473,1.00212099385,0.00211874771788,0.00105881292055
3474,1.00159404282,0.00159277368352,0.000796069809923
3475,1.00144559238,0.00144454851489,0.000722013480179
3476,1.00208116708,0.00207900445275,0.0010389621311
3477,1.00166291448,0.00166153336771,0.000830421692754
3478,1.00196711327,0.00196518103876,0.000982107935391
3479,1.00046232249,0.00046221564975,0.000231081121519
3480,0.999900628636,-9.93763014845e-05,-4.96893852189e-05
3481,1.00126480594,0.0012640067508,0.000631803703332
3482,1.00112957302,0.0011289355303,0.000564308483194
3483,1.00165826741,0.00165689400211,0.000828103933583
3484,1.00280251239,0.00279859266928,0.00139831777601
3485,1.00366177893,0.00365509093617,0.00182587652371
3486,1.00199989569,0.00199789856343,0.000998450497981
3487,1.00155600153,0.00155479221227,0.000777094012069
3488,1.00150559858,0.00150446630377,0.000751950295456
3489,1.00084326504,0.000842909687395,0.00042136604408
3490,1.00310851368,0.00310369223655,0.00155064262771
3491,1.00313560581,0.00313070005403,0.00156412550568
3492,0.998620856833,-0.00138009506016,-0.000690285667648
3493,1.00139510955,0.00139413728535,0.00069682574677
3494,1.0048340302,0.00482238379489,0.00240828730924
3495,1.00036832177,0.000368253959936,0.000184110029636
3496,1.00351706523,0.00351089482188,0.00175390751433
3497,1.00188118338,0.00187941617439,0.000939266699818
3498,1.00090900675,0.000908593850272,0.000454193747913
3499,1.00301222495,0.00300769729062,0.00150271843156
3500,1.00381430425,0.0038070482355,0.00190171356471
3501,1.0025061366,0.00250300147342,0.00125071793625
3502,1.00204713503,0.00204504250672,0.00102199865664
3503,1.00084250419,0.000842149478788,0.000420986099868
3504,1.00078291505,0.000782608728802,0.000391227814833
3505,1.00070891639,0.000708665230914,0.00035426984707
3506,1.0019136746,0.00191184585996,0.000955466181205
3507,1.00340684739,0.00340105723249,0.00169908353671
3508,1.00089459014,0.000894190231789,0.000446995183767
3509,1.00232605376,0.00232335268846,0.00116100185947
3510,1.00108499288,0.00108440469902,0.000542055384379
3511,1.00315732956,0.00315235566342,0.0015749363158
3512,1.00018825385,0.00018823613019,9.41136361289e-05
3513,1.00371987446,0.00371297283395,0.00185476421198
3514,1.00305487676,0.00305022010921,0.00152394766526
3515,1.00329059467,0.00328519250656,0.00164124793041
3516,1.002011579,0.002009558489,0.00100427462286
3517,1.00230539199,0.00230273864761,0.00115070675246
3518,1.00293827848,0.00293397017997,0.00146590959334
3519,1.00008946208,8.94580766107e-05,4.47280379768e-05
3520,1.00130459299,0.00130374274808,0.000651658952057
3521,0.999849162748,-0.000150848628993,-7.54271589816e-05
3522,1.00170043939,0.00169899528032,0.000849136919192
3523,1.00018538447,0.000185367284235,9.26793471214e-05
3524,1.00255227211,0.00254902059434,0.00127369845386
3525,1.00239470151,0.00239183878276,0.00119520456477
3526,1.00202394639,0.00202190097317,0.0010104396483
3527,1.0015504226,0.00154922193898,0.000774311035861
3528,0.998821408253,-0.00117928683217,-0.000589817289939
3529,1.00353308153,0.00352685486298,0.00176187350688
3530,1.00076133767,0.000761047996968,0.00038045160841
3531,1.00305647835,0.00305181681712,0.00152474480225
3532,1.00137079751,0.00136985882953,0.000684694904157
3533,1.00166456342,0.00166317957168,0.000831244110879
3534,1.00236542012,0.00236262692097,0.00118061598441
3535,1.00309997287,0.00309517786245,0.00154639203299
3536,1.00115902133,0.00115835018293,0.000579007401945
3537,1.00287022005,0.0028661088323,0.00143202808399
3538,1.0046566462,0.00464583756747,0.00232022289574
3539,1.00194053538,0.00193865497185,0.000968857839795
3540,1.00131119877,0.00131033990392,0.000654955374991
3541,1.00350119513,0.00349508021682,0.00174601404928
3542,1.00240656151,0.00240367038232,0.00120111327648
3543,1.00284323406,0.00283919971291,0.00141859270122
3544,1.00038487525,0.000384801205433,0.000192382094907
3545,1.00327526034,0.00326990835735,0.00163361836919
3546,1.00119764541,0.00119692880259,0.000598285357195
3547,1.00092732581,0.000926896113605,0.00046334068134
3548,1.00269303294,0.00268941322024,0.00134380289731
3549,1.000982441,0.000981958717684,0.0004908588482
3550,1.0009068712,0.00090646023705,0.00045312742527
3551,1.00220620537,0.00220377526793,0.0011012807787
3552,1.00159803172,0.00159675622676,0.000798059494373
3553,1.00089349431,0.000893095377719,0.000446448001279
3554,1.00286009851,0.0028560162058,0.00142698898449
3555,1.00374891437,0.00374190470023,0.00186920320979
3556,1.00141725707,0.00141625370984,0.00070787619227
3557,1.00179321065,0.00179160477213,0.000895401274887
3558,1.00218981817,0.00218742401197,0.001093114121
3559,1.00076584914,0.000765556031129,0.000382704765406
3560,1.00159495254,0.00159368195352,0.000796523583301
3561,1.00184888217,0.00184717509531,0.000923161171953
3562,1.00253307354,0.00252987071866,0.00126413566582
3563,1.00024297839,0.000242948879042,0.0001214670618
3564,1.00088394559,0.00088355514103,0.000441680001173
3565,1.00403094874,0.00402284623114,0.00200940155972
3566,1.00142172389,0.00142071419649,0.000710104854372
3567,1.00102277934,0.00102225665346,0.000510997722901
3568,1.00009105838,9.10542364549e-05,4.5526081884e-05
3569,1.00161751432,0.00161620755177,0.000807777347964
3570,1.00026747448,0.000267438716223,0.000133710418076
3571,1.0033520683,0.00334646263796,0.00167183224789
3572,1.00170693288,0.00170547772839,0.000852375385735
3573,1.0001005904,0.000100585341155,5.02914059222e-05
3574,1.00399489961,0.00398694118935,0.00199148495183
3575,1.00210023172,0.00209802931941,0.00104846463617
3576,1.00206474876,0.00206262009614,0.00103077843063
3577,1.00190369294,0.00190188321071,0.000950489603671
3578,1.00257821952,0.00257490161285,0.00128662239719
3579,1.00039183398,0.000391757235252,0.000195859434662
3580,1.0016991595,0.00169771756233,0.000848498602471
3581,1.0016363283,0.0016349909725,0.00081716142785
3582,0.999189976805,-0.000810351440835,-0.000405257815187
3583,1.00137046509,0.00136952686131,0.000684529033681
3584,1.00445311742,0.00444323163383,0.00221914985497
3585,1.00283191133,0.00282790902388,0.00141295534924
3586,1.0003970783,0.000396999484589,0.000198480042524
3587,1.00210748798,0.00210527034612,0.001052081347
3588,0.999511252776,-0.000488866699768,-0.00024446322615
3589,1.00164131061,0.00163996512956,0.000819646470946
3590,1.0038862688,0.00387873676524,0.00193748902288
3591,1.00163271809,0.00163138665958,0.000815360742421
3592,1.00145701162,0.00145595120505,0.000727710692572
3593,1.00004353935,4.35383977404e-05,2.17689619229e-05
3594,1.00065560339,0.000655388574013,0.000327640601098
3595,1.00178580544,0.00178421278969,0.000891708586239
3596,1.00208014148,0.00207798097915,0.00103845092584
3597,1.00256867628,0.00256538287149,0.00128186913871
3598,1.00199379715,0.00199181217683,0.000995410338535
3599,1.00359382389,0.00358738154029,0.00179208306824
3600,0.999930657507,-6.93448977625e-05,-3.46730499776e-05
3601,1.00118591985,0.00118521720505,0.000592433044727
3602,1.00178831767,0.0017867205382,0.000892961341618
3603,1.00287518746,0.00287106200977,0.00143450112312
3604,1.00175891384,0.00175736876654,0.000878298453194
3605,1.00249755756,0.002494443849,0.00124644446649
3606,1.00063868806,0.000638484181881,0.000319191138607
3607,1.0017573125,0.00175577022912,0.000877499886159
3608,1.00347818294,0.00347214805002,0.0017345679202
3609,1.0015978664,0.00159659117237,0.000797977033035
3610,1.00167957193,0.00167816303117,0.000838729585131
3611,1.00297532452,0.00297090700331,0.00148435076169
3612,1.00112210935,0.00112148025919,0.00056058294423
3613,1.00120345974,0.00120273616557,0.000601187297242
3614,1.00162953369,0.00162820744483,0.000813772429889
3615,1.00219220262,0.00218980325446,0.00109430244115
3616,1.0001719941,0.000171979310174,8.59859580826e-05
3617,1.00288744379,0.0028832831278,0.00144060289789
3618,1.00177362538,0.00177205436821,0.000885634777924
3619,1.00002910592,2.91054929964e-05,1.45526406075e-05
3620,1.00127827617,0.00127745986642,0.000638525988669
3621,1.0018367977,0.00183511284619,0.000917135596923
3622,1.00128461817,0.00128379375128,0.000641690903914
3623,1.00171707299,0.00171560050965,0.000857432449359
3624,1.00109006843,0.00108947473986,0.000544589027466
3625,1.00288476746,0.00288061450118,0.00143927050591
3626,1.00189823595,0.00189643658167,0.000947768873932
3627,1.00107807816,0.00107749745432,0.000538603628122
3628,1.00283623301,0.00283221849345,0.00141510703716
3629,1.00268676103,0.00268315814451,0.00134067955735
3630,1.0005231195,0.000522982716822,0.000261457172525
3631,1.00211661415,0.00211437727785,0.00105663001189
3632,1.00215971082,0.00215738199364,0.00107810941882
3633,0.99999225616,-7.74386951885e-06,-3.87194225548e-06
3634,1.00051539969,0.000515266921574,0.000257600276137
3635,1.00107832092,0.00107773994675,0.000538724809028
3636,0.999185980758,-0.000814350735323,-0.000407258274804
3637,1.00240287348,0.00239999119565,0.00119927589102
3638,1.00221193014,0.0022094874264,0.00110413370852
3639,1.00268958679,0.00268597631914,0.00134208675454
3640,1.00131819474,0.00131732668721,0.000658446472522
3641,1.00270292618,0.00269927984826,0.00134872956977
3642,1.00260548896,0.00260210055933,0.00130020428069
3643,1.00060939993,0.000609214325553,0.000304560774725
3644,1.00101700215,0.00101648535208,0.00050811354261
3645,1.00389335932,0.00388579981602,0.00194101369976
3646,1.00271681149,0.00271312762605,0.00135564409627
3647,1.00133361777,0.00133272929583,0.000666142676301
3648,1.00395507733,0.0039472765764,0.00197169194483
3649,1.00262110774,0.00261767862586,0.00130798315632
3650,1.00362320617,0.00361665816602,0.00180669504108
3651,1.00180029082,0.00179867223722,0.000898931837085
3652,1.00221277745,0.00221033286194,0.00110455595946
3653,1.00182124484,0.0018195883888,0.000909380457144
3654,1.00226315871,0.00226060162547,0.00112966226338
3655,1.00079916214,0.000798842977762,0.000399341730737
3656,1.00047236112,0.000472249590798,0.000236096920134
3657,1.00189382238,0.00189203136203,0.000945568349251
3658,1.00187012945,0.00186838293495,0.000933755246476
3659,1.00194807922,0.00194618417164,0.000972618785251
3660,1.00243646938,0.00243350600208,0.00121601305725
3661,1.00005804177,5.80400881297e-05,2.90196229875e-05
3662,0.999292276026,-0.000707974528801,-0.000354049925286
3663,1.00116048426,0.00115981142069,0.000579737597529
3664,1.00191695958,0.00191512455325,0.000957103960169
3665,1.0017133276,0.00171186152558,0.000855564558542
3666,1.00194526121,0.00194337164219,0.000971213887296
3667,1.00205830073,0.00205618533235,0.00102756435998
3668,1.001673887,0.00167248761108,0.000835894251135
3669,1.00415410844,0.00414550395205,0.00207060530907
3670,1.0012302221,0.00122946599874,0.00061454408975
3671,1.00343810499,0.00343220822165,0.00171463244613
3672,1.00072069039,0.000720430820092,0.000360150540265
3673,1.00029533317,0.000295289566248,0.00014763388417
3674,1.00375355825,0.00374653122518,0.00187151214564
3675,1.00081939878,0.000819063251627,0.000409447779184
3676,0.999212634489,-0.000787675646325,-0.00039391538746
3677,1.00218361915,0.00218123851871,0.00109002475032
3678,1.0025076738,0.00250453483335,0.00125148365703
3679,0.999824376764,-0.000175638659407,-8.78231859336e-05
3680,1.00148245576,0.00148135800789,0.000740404768965
3681,1.0022829588,0.00228035680679,0.00113952864697
3682,1.00138906052,0.00138809666306,0.000693807535697
3683,1.00308282922,0.00307808704353,0.00153785980163
3684,1.00193934795,0.00193746983977,0.000968265847692
3685,1.00154092012,0.0015397341211,0.000769570788939
3686,1.00170076864,0.00169932397412,0.000849301126522
3687,1.00253173062,0.00252853119392,0.0012634667499
3688,1.00034189555,0.000341837118767,0.000170903953639
3689,1.00165229329,0.00165092975959,0.000825124277384
3690,1.00152170478,0.00152054816214,0.000759985145958
3691,1.00158712177,0.00158586362416,0.000792617524726
3692,1.00330658143,0.00330112671104,0.00164920192497
3693,1.00140142426,0.00140044318485,0.000699976494494
3694,1.00197726689,0.00197531466809,0.000987169761072
3695,1.0035628349,0.00355650304279,0.00177667136893
3696,1.00271698859,0.00271330424599,0.00135573228652
3697,1.00170758641,0.00170613013756,0.000852701312219
3698,1.00153268652,0.00153151315527,0.000765463460892
3699,1.00045661544,0.000456511219864,0.000228229561602
3700,1.00424164574,0.00423267532225,0.00211409979755
3701,1.00181935702,0.00181770399417,0.000908439116199
3702,1.00025983918,0.000259805428423,0.000129894277219
3703,1.00052609147,0.000525953132563,0.000262941990975
3704,0.999684689118,-0.000315360602639,-0.000157692733512
3705,1.00122732835,0.00122657579882,0.000613099876824
3706,1.00287194896,0.00286783278965,0.00143288882792
3707,1.00093380537,0.0009333696462,0.000466575942676
3708,1.00105002878,0.00104947788263,0.000524601289915
3709,1.00129903105,0.00129818804368,0.000648883405889
3710,1.0006500034,0.000649792238452,0.000324843346197
3711,1.00096199912,0.000961536690681,0.000480652794758
3712,1.00175651173,0.0017549708695,0.000877100556987
3713,1.00090671752,0.000906306696862,0.00045305068996
3714,0.998686757558,-0.00131410550061,-0.000657268656749
3715,1.00201946042,0.00201742404692,0.0010082034445
3716,1.00354699833,0.00354072256968,0.00176879511966
3717,1.00186598444,0.00186424565806,0.000931688537492
3718,1.00149526767,0.00149415086695,0.000746796442102
3719,1.00207810545,0.00207594917392,0.00103743607768
3720,1.00092685186,0.000926422600788,0.000463104034603
3721,1.00124029368,0.0012395251515,0.000619570562593
3722,1.00021000925,0.000209987197192,0.000104988086961
3723,1.00022047597,0.000220451673331,0.000110219762021
3724,1.00184732209,0.00184561788571,0.000922383285625
3725,1.00019769301,0.000197673474139,9.88318528803e-05
3726,1.0023393071,0.00233657518391,0.00116760540969
3727,1.00324000052,0.00323476303134,0.00161607425906
3728,1.00136679479,0.00136586157825,0.000682697644971
3729,1.00081643056,0.000816097461704,0.000407965490291
3730,1.00082215295,0.000821815170469,0.000410823174275
3731,1.00167051366,0.00166911990189,0.000834211802647
3732,0.999613673456,-0.000386401187071,-0.000193219257972
3733,1.00060413467,0.000603952254256,0.000301930536927
3734,1.00220984577,0.00220740764764,0.00110309496678
3735,1.00405526046,0.00404706004876,0.00202148406775
3736,1.00319901459,0.00319390862519,0.00159567985956
3737,1.00165796908,0.00165659617028,0.000827955140972
3738,1.00204900867,0.00204691231807,0.00102293260641
3739,1.00244728101,0.00244429129692,0.00122139913261
3740,1.0002156527,0.000215629446554,0.000107808911479
3741,1.00074328679,0.000743010691235,0.000371436346052
3742,1.00366274516,0.00365605364832,0.00182635700077
3743,1.00333964199,0.00333407777058,0.00166565014777
3744,1.00097178004,0.000971308165064,0.000485536171677
3745,1.00300015578,0.00299566429119,0.00149671095488
3746,1.00231596327,0.00231328556002,0.00115597412657
3747,1.00101071062,0.00101020019953,0.000504972558185
3748,1.00212853111,0.00212626899539,0.00106256957043
3749,1.00123150096,0.00123074328512,0.000615182340262
3750,1.00148458528,0.00148348436847,0.000741467161504
3751,1.00218977542,0.00218738135366,0.00109309281516
3752,1.00287625194,0.0028721234398,0.00143503107669
3753,1.00361903948,0.00361250651394,0.00180462296328
3754,1.00347029439,0.00346428681118,0.00173064411099
3755,1.00125390328,0.001253117798,0.000626362651961
3756,1.00048579747,0.000485679505819,0.000242810269724
3757,1.00248625574,0.00248317011537,0.00124081460985
3758,1.00159742677,0.00159615224154,0.000797757742724
3759,1.00008539632,8.53926731197e-05,4.26954250843e-05
3760,1.00045078175,0.000450680179452,0.000225314702555
3761,1.00147771957,0.00147662881529,0.000738041920625
3762,1.00020974098,0.000209718986083,0.000104853995477
3763,1.00063076838,0.000630569529302,0.000315235067633
3764,1.00185263038,0.00185091637232,0.000925030081808
3765,1.00288780873,0.00288364702354,0.00144078458363
3766,1.00365546267,0.00364879770697,0.0018227356495
3767,1.00152683,0.00152566558128,0.000762541907679
3768,1.00338575691,0.00338003813936,0.00168859179161
3769,1.0007515317,0.000751249438456,0.000375554181096
3770,1.00071484401,0.000714588634321,0.000357230495147
3771,1.00360385996,0.00359738162053,0.0017970741354
3772,1.00102351166,0.00102298822963,0.000511363323999
3773,1.00186834656,0.00186660337184,0.000932866295364
3774,1.00118406865,0.00118336819557,0.000591509087268
3775,1.00254123029,0.00253800682296,0.00126819856714
3776,1.00111632948,0.00111570684688,0.000557697852151
3777,1.00111413617,0.00111351597889,0.000556603028478
3778,1.00187295592,0.00187120412262,0.000935164522165
3779,1.0019883693,0.00198639510998,0.000992704497547
3780,1.00193410002,0.00193223206041,0.00096564949037
3781,1.0012317961,0.00123103805959,0.00061532963682
3782,1.00081344537,0.000813114700238,0.000406474716878
3783,1.00189339972,0.00189160949938,0.000945357617353
3784,1.00181762063,0.00181597075218,0.000907573282104
3785,1.00165162053,0.00165025810316,0.000824788726212
3786,1.00097572022,0.000975244516105,0.000487503389641
3787,1.0014876862,0.00148658069518,0.000743014175748
3788,1.00165668843,0.00165531763293,0.000827316401378
3789,0.99922131509,-0.000778988242771,-0.00038956998407
3790,1.00310380561,0.00309899875252,0.00154829952191
3791,1.00341913892,0.00341330695126,0.00170519797072
3792,1.00223733865,0.00223483953708,0.00111679568754
3793,1.00316221618,0.0031572268901,0.00157736809024
3794,1.00014605204,0.000146041377829,7.3018022969e-05
3795,1.00125653699,0.00125574820926,0.000627677032932
3796,1.00206863646,0.00206649977368,0.00103271626798
3797,1.00091421927,0.000913801628929,0.000456796451183
3798,0.999637986137,-0.000362079406295,-0.000181056091823
3799,1.00231604728,0.00231336937413,0.00115601598518
3800,0.999731800864,-0.000268235107814,-0.000134126548068
3801,1.00235495005,0.00235218149759,0.00117539942512
3802,1.00105985367,0.00105929241997,0.000529505972191
3803,1.00018489525,0.000184878158485,9.24348068823e-05
3804,1.0030763154,0.00307159322777,0.00153461788177
3805,1.00055263883,0.000552486186201,0.00027620494149
3806,1.00044036465,0.000440267714183,0.000220109629412
3807,1.00366769408,0.00366098449547,0.00182881791857
3808,1.00172768998,0.00172619924334,0.000862727258328
3809,1.00277640911,0.00277256200434,0.00138532055853
3810,1.00081717834,0.000816844630015,0.000408338921967
3811,1.00193672723,0.00193485419589,0.000966959291217
3812,1.00240607927,0.00240318929373,0.00120087302108
3813,1.00045616299,0.0004560589801,0.000228003493302
3814,1.00198564719,0.00198367840038,0.000991347490267
3815,1.00361162412,0.00360511786733,0.00180093530002
3816,1.0032081784,0.00320304317191,0.0016002398346
3817,1.0019476987,0.001945804396,0.000972429082099
3818,1.00116778121,0.00116709988805,0.000583379711869
3819,1.0010011369,0.00100063609956,0.000500192911573
3820,0.999401820812,-0.000598358168354,-0.000299223842702
3821,1.00267597928,0.0026724052237,0.00133531029062
3822,1.00170799671,0.00170653974156,0.00085290593956
3823,1.00074774162,0.000747462203534,0.000373661272998
3824,1.00196648498,0.0019645539839,0.000981794715828
3825,1.00021858429,0.000218560404887,0.00010927423158
3826,1.00036113798,0.000361072787612,0.000180520098092
3827,1.00258761725,0.00258427513712,0.00129130311826
3828,1.00123196506,0.0012312068103,0.00061541396025
3829,1.00105926917,0.00105870853661,0.000529214185056
3830,1.00086985573,0.000869477625865,0.000434644327707
3831,1.00243213377,0.00242918091532,0.00121385314121
3832,1.00275391208,0.0027501270102,0.00137411853846
3833,1.00062967446,0.000629476295454,0.000314688622872
3834,1.00295136843,0.00294702169177,0.0014724257618
3835,1.00128794532,0.00128711663236,0.000643351276942
3836,1.00259279495,0.00258943945569,0.00129388193986
3837,1.00210692385,0.00210470739876,0.00105180016941
3838,1.00444428559,0.00443443891372,0.00221476324146
3839,1.00112421476,0.00112358330465,0.000561633876944
3840,1.00300281558,0.00299831613882,0.00149803489329
3841,1.00127026156,0.00126945546051,0.000634526333222
3842,1.00194168626,0.00193980361935,0.000969431606942
3843,1.00192705592,0.0019252015299,0.000962137613455
3844,1.00028134801,0.000281308434427,0.000140644325873
3845,1.00245866442,0.00245564684929,0.00122706995787
3846,1.00140288856,0.00140190543138,0.000700707105724
3847,1.00438685707,0.00437726286144,0.00218623812329
3848,1.00104659815,0.00104605084936,0.000522888670726
3849,1.00221468011,0.00221223132255,0.00110550414084
3850,1.00321281729,0.00320766722108,0.00160254815672
3851,1.00004051436,4.05135373051e-05,2.02565634857e-05
3852,1.00046150363,0.000461397174789,0.000230671978521
3853,1.00384221796,0.00383485549176,0.00191559065565
3854,1.00208868767,0.00208650939148,0.00104271069475
3855,1.00241437697,0.00241146704506,0.00120500691793
3856,1.00133539913,0.00133450827967,0.000667031575295
3857,1.000404747,0.000404665110467,0.000202312087383
3858,1.00187311041,0.00187135832384,0.000935241550671
3859,1.00334294268,0.00333736747298,0.00166729225787
3860,1.00076593133,0.000765638154221,0.000382745811237
3861,1.00244464779,0.00244166449797,0.00122008733646
3862,1.00230844795,0.0023057875811,0.00115222946383
3863,1.0015412069,0.00154002046276,0.000769713849579
3864,1.00204734985,0.00204525688216,0.00102210573481
3865,1.00193999021,0.00193811086211,0.000968586048474
3866,1.00344505206,0.00343913145879,0.00171808812331
3867,1.00239748315,0.00239461377297,0.00119659040057
3868,1.00156148142,0.00156026357891,0.000779827565767
3869,1.00078831252,0.000788001961153,0.000393923372383
3870,1.00101430072,0.00101378666305,0.000506764882804
3871,1.00379882485,0.00379162753476,0.00189401784755
3872,1.002946921,0.00294258734328,0.00147021184973
3873,1.00271836395,0.00271467587866,0.00135641717284
3874,1.0014803614,0.00147926674287,0.000739359910099
3875,1.00296475236,0.00296036614817,0.00147908814342
3876,1.00229517766,0.00229254775895,0.00114561715852
3877,1.00366718538,0.00366047764683,0.00182856495769
3878,1.00410276537,0.00409437197464,0.0020450919313
3879,1.00023595009,0.000235922258067,0.000117954171893
3880,1.0007738786,0.00077357931047,0.000386714861759
3881,1.00145110151,0.00145004968203,0.000724762074011
3882,0.999966657004,-3.33435518232e-05,-1.66719148864e-05
3883,1.0030068302,0.00300231872538,0.00150003318657
3884,1.00326981931,0.00326448507102,0.00163091115214
3885,1.00112103725,0.00112040935465,0.000560047791982
3886,1.00206237743,0.00206025365413,0.00102959642857
3887,1.00220578589,0.00220335671292,0.00110107173165
3888,1.00581515042,0.00579830769468,0.00289495535916
3889,1.00339463091,0.00338888215484,0.00169300632262
3890,1.00175856675,0.00175702227884,0.000878125361489
3891,1.00152132279,0.00152016674608,0.000759794582845
3892,1.00394538684,0.00393762420773,0.00196687526461
3893,1.00170215179,0.00170070476764,0.000849990936694
3894,1.00042324572,0.000423156172648,0.000211555705259
3895,1.0015112544,0.00151011360289,0.000754771817791
3896,1.00124992797,0.00124914745576,0.000624378722312
3897,1.00154011871,0.00153893394764,0.000769171010027
3898,1.00227201023,0.00226943311416,0.00113407300968
3899,1.00330833574,0.00330287524157,0.00165007474801
3900,0.999795068034,-0.000204952967247,-0.000102481734518
3901,1.00024405479,0.000244025013714,0.000122005063634
3902,1.0031471893,0.0031422472703,0.00156989006653
3903,1.00107801898,0.00107743833113,0.000538574082449
3904,1.00073723995,0.000736968324171,0.000368416280135
3905,1.00193155866,0.00192969560206,0.000964382485055
3906,1.0038525501,0.00384514803607,0.00192072705644
3907,1.00118489961,0.00118419817235,0.000591923830103
3908,1.00042894748,0.000428855507448,0.000214404765736
3909,1.00143622548,0.0014351950986,0.000717340137754
3910,1.00013048225,0.000130473741363,6.52347428028e-05
3911,0.99778448028,-0.00221797761488,-0.00110960396291
3912,1.00283103165,0.00282703182963,0.00141251737174
3913,1.00313881547,0.00313389967089,0.00156572281053
3914,1.00401395739,0.00400592295861,0.00200095689056
3915,1.0010859343,0.00108534509704,0.000542525328407
3916,1.00218946686,0.00218707347204,0.00109293904261
3917,1.00160940975,0.00160811603456,0.000803734849253
3918,1.00219116234,0.00218876524281,0.00109378400313
3919,1.002568851,0.00256555714138,0.00128195616195
3920,1.00316156165,0.00315657442105,0.00157704237026
3921,1.00122511922,0.0012243693782,0.000611997342288
3922,1.0021254605,0.00212320490281,0.00106103915087
3923,1.00166883967,0.00166744870072,0.000833376898778
3924,1.00044817201,0.000448071610056,0.000224010710881
3925,1.00104153325,0.00104099123468,0.000520360182993
3926,1.00292116855,0.00291691023105,0.00145739208672
3927,1.00294996107,0.00294561847294,0.00147172518521
3928,1.00060865699,0.00060847183768,0.000304189643786
3929,1.00022848038,0.000228454287002,0.000114220619829
3930,1.00259020504,0.00258685624421,0.00129259200448
3931,1.00173391898,0.00173241747561,0.000865833687317
3932,1.00313512988,0.00313022560869,0.00156388865403
3933,1.00290519623,0.00290098430005,0.00144944069472
3934,0.99971074698,-0.000289294861555,-0.000144657892721
3935,1.00037123858,0.000371169684876,0.000185567622637
3936,1.00288630268,0.00288214530869,0.00144003480775
3937,1.00050176745,0.000501641609828,0.000250789352006
3938,1.00120484443,0.00120411919092,0.000601878393947
3939,1.00315443748,0.00314947267776,0.00157349709219
3940,1.00119873557,0.00119801765789,0.000598829458975
3941,1.00022433826,0.000224313101795,0.000112150261587
3942,1.00313040367,0.00312551415313,0.00156153660757
3943,1.00145971446,0.00145865011473,0.000729059164492
3944,0.999886306172,-0.000113700291722,-5.68517618613e-05
3945,1.00200607298,0.0020040635058,0.00100152988673
3946,1.00043474786,0.000434653379701,0.000217303076116
3947,1.00274102986,0.00273728008805,0.00136770388338
3948,1.00359110573,0.00358467310106,0.00179073127458
3949,1.00310321,0.00309840498678,0.00154800309865
3950,1.00168870932,0.00168728505177,0.000843286759582
3951,1.00350679493,0.00350066046099,0.00174879929588
3952,1.00362949685,0.00362292611765,0.00180982334986
3953,1.0027829194,0.00277905425406,0.0013885621812
3954,1.00104206481,0.00104152223647,0.000520625545697
3955,1.00261868759,0.00261526480276,0.00130677782267
3956,1.0026966341,0.00269300470626,0.00134559622558
3957,1.00065598351,0.000655768445325,0.000327830474505
3958,1.00363380335,0.00362721704061,0.00181196492613
3959,1.00306632491,0.00306163332062,0.00152964555814
3960,1.00186707906,0.00186533823802,0.000932234318354
3961,1.00291074357,0.00290651556147,0.001452202313
3962,1.00133477258,0.00133388256682,0.000666718927508
3963,1.00128771631,0.00128688791479,0.000643236991722
3964,1.00131563738,0.001314772685,0.000657170311439
3965,1.00250313395,0.00250000632798,0.00124922223546
3966,1.00212066669,0.00211842125175,0.00105864986031
3967,1.00159585534,0.00159458331339,0.000796973904156
3968,1.00134948415,0.00134857441736,0.000674059928145
3969,1.00074859258,0.000748312520448,0.000374086272499
3970,1.00210163078,0.00209942544197,0.00104916196531
3971,1.00406655338,0.00405830729687,0.00202709630796
3972,1.00037802977,0.000377958331269,0.000188961310197
3973,1.00154937758,0.00154817853318,0.000773789736787
3974,1.0013221989,0.00132132556142,0.000660444591108
3975,1.00459516608,0.00458464053184,0.00228969490626
3976,1.00214763599,0.00214533311422,0.00107209145599
3977,1.00060750068,0.000607316222026,0.000303612011555
3978,1.00131943174,0.00131856205293,0.000659063748479
3979,1.00348369194,0.0034776379402,0.00173730810023
3980,1.002032471,0.0020304083301,0.00101468901964
3981,1.0013490441,0.00134813495588,0.000673840345495
3982,1.00245560894,0.00245259886367,0.00122554783395
3983,1.00120899008,0.0012082598419,0.000603947471213
3984,1.00240836084,0.0024054653867,0.00120200970027
3985,1.001915747,0.00191391429793,0.000956499411495
3986,1.00191338348,0.00191155529832,0.000955321039184
3987,1.00228897528,0.00228635956254,0.00114252660019
3988,1.00417772982,0.00416902733894,0.00208234257967
3989,1.00050164106,0.000501515283865,0.000250726204863
3990,1.00168741184,0.00168598975798,0.000842639658632
3991,1.00174174697,0.00174023189207,0.000869737504924
3992,1.00432581567,0.00431648622033,0.00215591577812
3993,1.0030973174,0.00309253059508,0.00154507044529
3994,1.00319216158,0.00318707745353,0.00159226971809
3995,1.00270484432,0.00270119281066,0.00134968476047
3996,1.00238347311,0.00238063714688,0.00118961042529
3997,0.998835619632,-0.00116505878524,-0.000582699095817
3998,1.00271369071,0.00271001529884,0.00135409004106
3999,1.00420431761,0.00419550416511,0.0020955533384
4000,1.00004469048,4.46894797854e-05,2.23444902508e-05
4001,1.0013960339,0.00139506034608,0.000697286955423
4002,1.00110677522,0.00110616319442,0.000552928675775
4003,0.999164515241,-0.000835833971201,-0.000418004325071
4004,1.00083251773,0.000832171374984,0.000415999135847
4005,1.00107275098,0.00107217599786,0.000535944329433
4006,1.00076415958,0.000763867758971,0.000381860952026
4007,1.00188794882,0.00188616888479,0.000942639878026
4008,1.00177686363,0.00177528687473,0.000887249598468
4009,1.00386104094,0.00385360625356,0.00192494803329
4010,1.00224525867,0.00224274183997,0.00112074241856
4011,1.00175421452,0.0017526776863,0.000875954970409
4012,1.00110544904,0.00110483848231,0.000552266685738
4013,1.00039701536,0.000396936566398,0.000198448589672
4014,1.0034479113,0.00344198088442,0.00171951038733
4015,1.00031680103,0.000316750861903,0.000158362890225
4016,1.0012552569,0.00125446972539,0.000627038192032
4017,1.00173460923,0.00173310653375,0.000866177918018
4018,1.00071382474,0.000713570086857,0.000356721403214
4019,1.00331779842,0.00331230667137,0.00165478267053
4020,1.00274532081,0.00274155930144,0.00136984056144
4021,1.0022284712,0.00222599183888,0.0011123767692
4022,1.00415671353,0.00414809826554,0.00207189977908
4023,1.00232674067,0.00232403799847,0.00116134411659
4024,1.00235800719,0.00235523145365,0.00117692260953
4025,1.00081530207,0.000814969888994,0.000407401933782
4026,1.00389982227,0.0038922376797,0.00194422637843
4027,1.00193522824,0.00193335809467,0.000966211963664
4028,1.00333744541,0.00333188849545,0.00166455733289
4029,1.00312041443,0.0031155560428,0.00155656531501
4030,1.00244146429,0.00243848875489,0.00121850140101
4031,0.999742170418,-0.000257862825507,-0.000128939724765
4032,1.00239419999,0.00239133846256,0.00119495470363
4033,1.00317768503,0.00317264686321,0.00158506588564
4034,1.00148860796,0.00148750107872,0.000743474025484
4035,1.00335486055,0.00334924555849,0.0016732213809
4036,1.00395863882,0.00395082403063,0.00197346217312
4037,1.00277591921,0.00277207345766,0.00138507662355
4038,1.00108922376,0.00108863098686,0.000544167380628
4039,1.00197468376,0.00197273663566,0.000985882016506
4040,1.00202344545,0.00202140103762,0.00101018993307
4041,1.00210988306,0.00210766038023,0.00105327510608
4042,1.00102875749,0.00102822867879,0.000513982205261
4043,1.00334936899,0.00334377234476,0.00167048934925
4044,1.00273453366,0.00273080162755,0.0013644690782
4045,1.00012598695,0.000125979011308,6.29875218568e-05
4046,1.00290967717,0.00290545225326,0.00145167143082
4047,1.00054399515,0.000543847239225,0.000271886651736
4048,1.00423927709,0.00423031666864,0.00211292296326
4049,1.00083985799,0.000839505506983,0.000419664669629
4050,1.0031608486,0.00315586361605,0.00157668752818
4051,1.00242333479,0.0024204032495,0.00120946962608
4052,1.00233183517,0.00232912066063,0.00116388249309
4053,1.00291857067,0.00291431991003,0.00145609881293
4054,1.0025302868,0.00252709101589,0.00126274757043
4055,1.00375347886,0.00374645213456,0.00187147267434
4056,1.00019777673,0.000197757179302,9.88737013247e-05
4057,1.0017212021,0.00171972252716,0.00085949168882
4058,1.00466977969,0.00465891009508,0.00232674397265
4059,0.999619167583,-0.000380904952568,-0.000190470613509
4060,1.00047428586,0.000474173418089,0.000237058606212
4061,1.00084273527,0.000842380366652,0.000421101495192
4062,1.00111233216,0.00111171398145,0.000555702530846
4063,1.0033422531,0.00333668018588,0.00166694918721
4064,1.00152135653,0.00152020044178,0.000759811417894
4065,1.00158523755,0.00158398238553,0.00079167765052
4066,1.00151246369,0.00151132107142,0.000755375096188
4067,0.999545137181,-0.000454966300914,-0.000227509026711
4068,1.00049003664,0.00048991661552,0.000244928307923
4069,1.00160134701,0.00160006622143,0.000799713169551
4070,1.0019118307,0.00191000547375,0.000954546866891
4071,0.999809284657,-0.000190733531525,-9.53713133169e-05
4072,1.00300718992,0.0030026773693,0.00150021223952
4073,1.00188491714,0.00188314291139,0.000941128316383
4074,1.00062028744,0.000620095137456,0.000309999508948
4075,1.00162367697,0.00162236023375,0.000810851199227
4076,1.00241289113,0.00240998477866,0.00120426667752
4077,1.00243554412,0.00243258298737,0.00121555211099
4078,1.0030717697,0.00306706145691,0.00153235547105
4079,1.00328164619,0.00327627334288,0.00163679565792
4080,1.00346745327,0.00346145551093,0.00172923090985
4081,1.00127602181,0.00127520838425,0.000637400965767
4082,1.00074503749,0.000744760090477,0.000372310720395
4083,1.00238370045,0.00238086394335,0.00118972368862
4084,1.00127439067,0.00127357932119,0.000636586953086
4085,1.00153838064,0.00153719854332,0.000768303974901
4086,1.00260671885,0.00260332724814,0.00130081682743
4087,1.00095598927,0.000955532600703,0.000477652188206
4088,1.00163451735,0.00163318298188,0.000816258170842
4089,1.00278173837,0.00277787649153,0.00138797411746
4090,1.00328047354,0.00327510452379,0.00163621220476
4091,1.00094452675,0.000944080964776,0.000471929088807
4092,1.00029040097,0.000290358815196,0.000145168869578
4093,1.00023861384,0.000238585373488,0.000119285571654
4094,1.00406053273,0.00405231101147,0.0020241042383
4095,1.00368886217,0.00368207500385,0.00183934383192
4096,0.999396226086,-0.000603956259236,-0.000302023729603
4097,1.00125471541,0.00125392891115,0.000626767954429
4098,1.00322101708,0.00321584072025,0.00160662834876
4099,1.00163769959,0.00163636002262,0.00081784539331
4100,1.00240981122,0.00240691228397,0.00120273227905
4101,1.00317217479,0.00316715405768,0.00158232383234
4102,1.00214112671,0.00213883776451,0.00106884725767
4103,1.00108100877,0.00108042490035,0.000540066561699
4104,1.00168638692,0.00168496656701,0.000842128494106
4105,1.00066766843,0.000667445640589,0.000333667141028
4106,1.00267882247,0.00267524081893,0.00133672619404
4107,1.00343964672,0.00343374466625,0.00171539935092
4108,1.00187557391,0.00187381721916,0.000936469847746
4109,1.00033249365,0.000332438383223,0.000166205377967
4110,1.00301888623,0.00301433853969,0.00150603406063
4111,1.00044899558,0.000448894811871,0.000224422219501
4112,1.00267546486,0.00267189217801,0.00133505411028
4113,1.00149140071,0.00149028967985,0.000744867288452
4114,1.00191955194,0.00191771195871,0.000958396423856
4115,1.00186781568,0.00186607347697,0.000932601595054
4116,1.00228389788,0.00228129375099,0.00113999658512
4117,1.00105433924,0.001053783818,0.000526753125833
4118,1.00321461477,0.00320945894683,0.00160344258353
4119,1.0007838005,0.000783493493218,0.000391670023871
4120,1.0011950191,0.00119430563725,0.000596974558367
4121,1.00335364785,0.00334803691107,0.00167261806817
4122,1.00263830528,0.00263483106419,0.00131654812121
4123,1.00264449797,0.00264100744213,0.00131963223967
4124,1.00181136458,0.00180972604143,0.000904453755624
4125,1.00197853909,0.00197658436325,0.000987803981746
4126,1.00112795517,0.00112731951018,0.000563500928773
4127,1.00216552038,0.00216317901827,0.00108100480202
4128,1.00177986066,0.00177827858343,0.000888744124503
4129,1.0032360737,0.00323084887835,0.00161412034344
4130,1.00241801522,0.00241509652254,0.00120681946825
4131,1.00272408143,0.00272037784424,0.00135926428444
4132,0.99945363887,-0.000546510439579,-0.000273292557398
4133,1.00225827613,0.00225573005826,0.00112722922843
4134,1.00212556764,0.00212331182056,0.00106109255303
4135,1.00136066159,0.00135973673379,0.000679637308765
4136,1.00090403217,0.000903623777656,0.000451709837207
4137,1.00189128277,0.0018894965487,0.000944302140204
4138,1.00247320221,0.0024701488818,0.00123431205036
4139,1.00035149268,0.000351430925766,0.000175700025825
4140,0.998782083977,-0.00121865828592,-0.000609514821672
4141,1.00416976626,0.00416109687462,0.00207838559664
4142,1.00041510773,0.000415021601402,0.000207489271824
4143,1.00284483841,0.00284079951358,0.0014193914665
4144,1.00295321849,0.00294886630494,0.00147334670994
4145,1.00045041579,0.000450314380777,0.000225131844411
4146,0.999881607711,-0.000118399297696,-5.92014011815e-05
4147,0.999638217871,-0.000361847587833,-0.000180940161613
4148,1.00259576888,0.0025924056898,0.00129536313684
4149,1.00377412479,0.00376702065208,0.0018817376336
4150,0.999296065144,-0.000704182734893,-0.000352153358887
4151,1.00300916594,0.00300464746228,0.00150119580775
4152,1.00183769547,0.00183600897458,0.000917583250082
4153,1.00254261223,0.00253938525886,0.00126888691079
4154,1.00198862962,0.00198665491378,0.000992834270485
4155,1.00067261622,0.000672390118402,0.000336138551974
4156,0.999531916811,-0.000468192774597,-0.000234123789996
4157,1.00329311895,0.0032877085102,0.00164250386674
4158,1.00153152823,0.00153035663846,0.000764885644952
4159,1.00275443076,0.0027506442711,0.00137437681349
4160,1.0018531753,0.00185146028942,0.000925301788753
4161,1.00305183156,0.00304718417842,0.00152243201202
4162,1.00266285982,0.00265932068633,0.00132877673652
4163,1.00151245845,0.00151131583484,0.000755372479878
4164,1.00247015324,0.00246710742737,0.00123279319905
4165,1.00401415542,0.00400612019853,0.00200105531318
4166,1.00138917589,0.00138821187781,0.000693865103105
4167,1.00123161445,0.00123085663577,0.000615238980721
4168,1.00058146332,0.000581294334565,0.000290604933486
4169,1.00084828204,0.000847922454102,0.000423871368189
4170,1.00120443385,0.00120370909972,0.000601673471739
4171,0.999079946463,-0.000920477045979,-0.000460344448989
4172,1.00280804033,0.00280410515459,0.00140107016077
4173,1.00087376947,0.000873387954238,0.000436598640183
4174,1.00157108125,0.00156984839665,0.000784616225912
4175,1.00121583358,0.00121509505653,0.000607363008635
4176,1.00230054731,0.00229790510449,0.00114829275897
4177,1.00154373931,0.00154254897336,0.000770977130966
4178,1.00262823203,0.00262478426576,0.00131153132294
4179,1.00266393605,0.00266039406185,0.00132931271101
4180,1.00270259535,0.00269894990699,0.00134856482162
4181,1.0033742875,0.00336860736742,0.00168288604029
4182,1.00180164993,0.00180002890136,0.000899609559155
4183,1.00107209903,0.00107152474438,0.00053561887716
4184,1.00119515159,0.00119443796124,0.00059704068086
4185,1.00111209103,0.00111147311375,0.000555582163919
4186,0.999383353724,-0.00061683648031,-0.00030846580595
4187,1.00304241065,0.00303779188617,0.00151774300445
4188,1.00171749737,0.0017160241612,0.00085764409349
4189,1.00107810677,0.0010775260343,0.000538617910415
4190,1.00092905655,0.000928625243471,0.000464204845312
4191,1.00222553558,0.0022230627434,0.00111091384953
4192,1.00170508866,0.00170363664504,0.000851455628284
4193,0.99997217199,-2.7828397702e-05,-1.39142956539e-05
4194,1.00068509519,0.000684860620812,0.000342371687839
4195,1.00406223263,0.00405400404434,0.00202494904094
4196,1.0015410559,0.00153986969346,0.00076963852295
4197,1.00166851426,0.00166712383966,0.000833214603603
4198,1.0020820869,0.00207992236237,0.00103942060896
4199,1.00018512785,0.000185110711442,9.25510726063e-05
4200,1.0007997969,0.000799477237143,0.000399658733734
4201,1.00071627989,0.000716023479641,0.000357947661265
4202,1.00250952196,0.00250637837283,0.00125240427276
4203,0.99998518814,-1.48119699976e-05,-7.40601242311e-06
4204,1.00478928347,0.00477785134191,0.00238607445892
4205,1.00210291798,0.00210070994283,0.00104980354172
4206,1.00158382382,0.00158257089206,0.000790972462262
4207,1.00220704948,0.00220461752247,0.00110170144211
4208,1.00168512958,0.00168371133746,0.000841501407668
4209,1.00203853483,0.00203645983875,0.0010177116992
4210,1.0006968954,0.000696652685953,0.000348265684399
4211,0.999636951119,-0.00036311479938,-0.000181573882232
4212,1.00199563591,0.00199364727474,0.000996326973732
4213,1.00009544295,9.54383975543e-05,4.77180602343e-05
4214,1.00324404292,0.00323879236751,0.00161808566926
4215,1.00216775341,0.00216540722719,0.00108211770151
4216,1.00126998913,0.00126918337585,0.000634390377207
4217,1.00198603669,0.0019840671276,0.000991541661177
4218,1.00188334418,0.00188157291153,0.000940344054934
4219,1.00247506298,0.00247200505626,0.00123523899161
4220,1.00117899525,0.00117830077939,0.000588976874682
4221,1.0042929106,0.00428372234832,0.00213956902629
4222,0.999244022807,-0.000756263088111,-0.0003782030448
4223,1.00220029126,0.00219787415965,0.0010983334696
4224,1.00135997958,0.00135905564483,0.000679296995673
4225,1.00094874531,0.000948295530989,0.000474035375207
4226,1.00240245154,0.00239957027207,0.00119906568161
4227,1.00329657052,0.00329114874657,0.00164422115815
4228,1.00283011693,0.00282611968969,0.00141206194587
4229,1.00320450974,0.00319938623792,0.00159841429192
4230,1.00136549086,0.00136455942947,0.000682047014856
4231,1.00055860077,0.000558444814037,0.00027918342807
4232,1.00112235391,0.0011217245442,0.000560705018256
4233,1.00129428658,0.00129344971182,0.000646515774465
4234,1.00231168345,0.00230901562258,0.00115384162354
4235,1.00135359839,0.00135268309663,0.000676112880925
4236,1.00015570455,0.000155692427884,7.78431840039e-05
4237,1.00163032983,0.00162900228579,0.000814169526878
4238,1.00053220304,0.000532061473955,0.000265995353939
4239,1.00103243157,0.00103189897898,0.00051581641044
4240,0.999327200363,-0.000673026068661,-0.000336569661193
4241,1.00111395705,0.00111333705533,0.000556513616488
4242,1.00233923259,0.00233650084878,0.00116756828552
4243,1.0024071939,0.00240430125264,0.00120142833272
4244,1.0040645672,0.00405632916103,0.00202610924449
4245,1.00027024123,0.000270204716778,0.000135093232476
4246,1.00269721976,0.00269358879051,0.0013458878747
4247,0.999805319253,-0.00019469969973,-9.73545885152e-05
4248,1.00191327117,0.00191144320149,0.000955265044314
4249,1.00226170106,0.00225914726166,0.00112893590268
4250,1.00250863932,0.0025054979378,0.00125196460648
4251,1.00082070325,0.000820366661247,0.000410099216942
4252,1.00092219173,0.000921766776167,0.000460777197649
4253,1.002198225,0.00219581243755,0.00109730374025
4254,1.00397367729,0.00396580308768,0.00198093689336
4255,1.00186035366,0.0018586253483,0.00092888099686
4256,1.00237954955,0.00237672290043,0.00118765562836
4257,1.00213429923,0.00213202485307,0.00106544443713
4258,1.00166924427,0.00166785263256,0.000833578696365
4259,1.00032713311,0.000327079611646,0.000163526433918
4260,1.00313781101,0.00313289835389,0.0015652229358
4261,1.00170617172,0.00170471786011,0.000851995775371
4262,1.00424292152,0.00423394570645,0.00211473364659
4263,1.00147688324,0.00147579372206,0.000737624682094
4264,1.00238685809,0.00238401406802,0.00119129687583
4265,1.00140404248,0.00140305773848,0.000701282855393
4266,1.00271564616,0.00271196545112,0.00135506379638
4267,1.00121085616,0.00121012366564,0.000604878819824
4268,1.00196132722,0.0019594063299,0.000979223412488
4269,1.00165946059,0.00165808520892,0.000828699043589
4270,1.00320770849,0.00320257476893,0.00160000600786
4271,0.99987281142,-0.000127196669251,-6.36003570424e-05
4272,1.000720267,0.000720007736251,0.000359939074508
4273,1.00170713153,0.00170567603787,0.000852474455952
4274,1.00091378715,0.000913369900542,0.000456580685572
4275,0.999856852006,-0.000143158240699,-7.15816821959e-05
4276,1.00111478681,0.00111416589624,0.000556927806224
4277,1.00097991842,0.00097943861062,0.000489599412383
4278,1.00323004488,0.00322483948751,0.00161112049345
4279,1.00028535583,0.000285315128026,0.000142647388907
4280,0.999921573473,-7.84296025326e-05,-3.92155701767e-05
4281,1.00262944879,0.00262599783335,0.00131213731074
4282,1.00233785118,0.00233512266025,0.00116687999559
4283,1.00198753735,0.00198556481244,0.00099228976081
4284,1.00002747584,2.74754590543e-05,1.3737635165e-05
4285,1.00193873789,0.00193686096401,0.000967961704544
4286,1.00162608446,0.00162476381989,0.000812052017103
4287,1.00217878616,0.00217641604411,0.00108761613842
4288,1.00039834587,0.000398266555724,0.000199113452147
4289,1.00092052869,0.000920105267809,0.000459946825918
4290,0.99940554191,-0.000594634850355,-0.000297361628384
4291,1.00425348044,0.00424445996077,0.00211997964254
4292,1.00221375742,0.00221131066524,0.00110504432098
4293,1.00144966408,0.00144861432665,0.000724044916209
4294,1.00184515816,0.00184345794711,0.000921304311889
4295,1.00246447089,0.00246143906115,0.00122996250589
4296,1.00169141237,0.00168998354142,0.0008446348657
4297,1.00028326925,0.000283229134137,0.000141604540199
4298,1.00045795419,0.000457849365577,0.000228898481533
4299,1.00355665542,0.00355034547454,0.00177359805006
4300,1.00022211957,0.000222094903404,0.000111041286162
4301,1.00070482262,0.000704574345075,0.000352225126698
4302,1.00056780123,0.000567640088986,0.000283779771394
4303,1.00174463879,0.00174311867159,0.000871179638273
4304,1.0005422832,0.000542136217876,0.000271031373298
4305,1.00124262336,0.00124185194614,0.000620733238433
4306,1.00171785103,0.00171637721282,0.000857820467886
4307,1.00418487383,0.00417614159556,0.00208589229451
4308,1.00220845884,0.00220602378107,0.00110240379652
4309,1.00152249951,0.00152134168687,0.000760381606712
4310,1.00068086671,0.000680635024143,0.000340259610636
4311,1.00226418389,0.00226162449217,0.00113017311885
4312,1.00188119319,0.00187942596234,0.000939271589197
4313,1.00246585439,0.00246281915853,0.0012306517056
4314,1.00093337057,0.000932935252082,0.000466358846933
4315,1.0021464422,0.00214414188492,0.00107149647972
4316,1.00005548292,5.54813824214e-05,2.77403064414e-05
4317,1.00151865166,0.00151749967718,0.00075846206072
4318,1.00163035935,0.00162903175801,0.000814184250991
4319,1.00379287959,0.00378570476272,0.00189106206607
4320,1.00290226183,0.00289805839783,0.00144797986301
4321,1.001693532,0.00169209959216,0.000845691996865
4322,1.00163359607,0.00163226319922,0.000815798654796
4323,1.00024912052,0.000249089496539,0.000124536992894
4324,1.003175543,0.00317051160917,0.00158399995031
4325,1.00222733175,0.00222485492846,0.00111180894617
4326,1.00228630585,0.00228369622668,0.00114119645284
4327,1.00407160727,0.00406334070947,0.00202960790949
4328,1.00103544101,0.00103490531502,0.000517318801973
4329,1.00266685993,0.00266331017106,0.00133076882634
4330,1.00015435731,0.000154345401198,7.71697228625e-05
4331,1.0007158374,0.000715581314179,0.000357726657646
4332,1.00110966278,0.00110904755962,0.000554370059912
4333,1.00342912824,0.0034232621825,0.00171016708615
4334,1.00269582552,0.00269219829785,0.00134519356385
4335,1.00272311426,0.00271941329847,0.00135878266698
4336,0.999423061902,-0.000577104591097,-0.000288593930767
4337,0.998765066729,-0.00123569642916,-0.000618039122104
4338,1.00138088184,0.00137992930162,0.000689726679935
4339,1.00128637585,0.00128554917248,0.000642568050911
4340,1.00112724023,0.00112660537644,0.000563144063045
4341,1.00379580472,0.00378861882698,0.0018925163418
4342,1.00074648769,0.000746209211209,0.000373035010737
4343,1.00329719403,0.00329177020061,0.00164453137422
4344,1.00029242323,0.000292380482977,0.000146179556216
4345,1.00074924892,0.000748968375621,0.000374414077359
4346,1.00093855018,0.000938110018707,0.00046894502025
4347,1.00233973756,0.00233700463905,0.00116781988652
4348,1.00192037519,0.00191853362711,0.000958806864229
4349,1.00073687811,0.000736606745312,0.000368235557295
4350,1.00247722325,0.00247415998818,0.00123631512607
4351,1.00139746637,0.00139649082397,0.000698001695384
4352,1.00106434958,0.0010637835572,0.000531750349245
4353,1.00256786594,0.00256457460229,0.00128146552207
4354,1.00101360681,0.00101309345847,0.000506418456102
4355,0.999388438212,-0.000611748867766,-0.000305921218237
4356,0.999082262002,-0.000918159377021,-0.000459185081718
4357,1.00393558684,0.00392786267975,0.00196200408859
4358,1.00315292195,0.00314796191353,0.00157274289839
4359,1.00163892916,0.00163758757684,0.000818458668255
4360,1.00188023564,0.00187847020646,0.00093879416
4361,1.00141497282,0.00141397268597,0.000706736487026
4362,1.00424828889,0.00423929038365,0.00211740033034
4363,1.00057567972,0.000575514082335,0.000287715643081
4364,1.00085780886,0.000857441154434,0.000428628689682
4365,1.00016600281,0.000165989035917,8.29910740089e-05
4366,1.00083358721,0.000833239970124,0.000416533211007
4367,1.00097492953,0.000974454591559,0.000487108619835
4368,1.00080765896,0.000807332978116,0.000403585026702
4369,1.00219669595,0.0021942867423,0.00109654172941
4370,1.00149422453,0.00149310928726,0.000746276041048
4371,1.00366361568,0.0036569209882,0.00182678987858
4372,1.00282461769,0.00282063595479,0.00140932394635
4373,1.00259149224,0.00258814011893,0.00129323311187
4374,1.00295507254,0.00295071489217,0.00147426964132
4375,1.0027025294,0.00269888413644,0.00134853198069
4376,1.00176145035,0.0017599008179,0.000879563366122
4377,1.00159199309,0.00159072721317,0.000795047388792
4378,1.00228324968,0.00228064702348,0.00113967358995
4379,1.00443611693,0.00442630637054,0.00221070596745
4380,0.999772182688,-0.00022784326601,-0.00011392812232
4381,1.00110178734,0.00110118082171,0.000550438863768
4382,1.00166513522,0.00166375041787,0.000831529296678
4383,1.00169132163,0.0016898929602,0.000844589613343
4384,1.0010661819,0.00106561393124,0.000532665049197
4385,1.00006041274,6.04109135273e-05,3.02050005834e-05
4386,1.00204458239,0.00204249507343,0.00102072624092
4387,1.0038508398,0.00384344429465,0.00191987682158
4388,1.00163761422,0.0016362747937,0.000817802813699
4389,1.00060720915,0.000607024872141,0.000303466380831
4390,1.00233978657,0.00233705353,0.00116784430345
4391,0.999951941935,-4.80592197175e-05,-2.40298985721e-05
4392,1.00287223077,0.00286811379913,0.00143302913132
4393,1.00176673597,0.0017651771266,0.00088219919657
4394,1.0014398064,0.00143877087532,0.000719126741993
4395,1.00270107917,0.00269743781253,0.00134780979368
4396,1.00303605357,0.00303145406597,0.00151457889892
4397,1.00077100395,0.000770706883068,0.000385279202433
4398,0.999076832329,-0.000923594052458,-0.000461903670891
4399,1.00083382419,0.000833476755583,0.000416651554415
4400,1.00367081455,0.00366409354804,0.0018303696007
4401,1.0012571456,0.00125635605286,0.000627980763923
4402,1.00156759005,0.00156636266278,0.00078287472494
4403,1.00209769354,0.00209549645562,0.00104719953129
4404,1.00316893239,0.00316392190993,0.00158071031431
4405,1.00182261253,0.00182095358346,0.000910062433502
4406,1.00426995739,0.00426086699109,0.00212816573283
4407,1.00130531794,0.00130446674971,0.000652020716905
4408,1.00048419098,0.000484073796863,0.000242007609865
4409,1.00211770787,0.00211546868724,0.00105717513983
4410,1.00310627881,0.00310146429206,0.00154953038222
4411,1.00164081533,0.00163947066534,0.000819399441448
4412,1.0014054359,0.00140444920018,0.0007019780981
4413,1.00345662886,0.00345066845398,0.00172384669351
4414,1.00157013608,0.00156890470414,0.000784144749762
4415,1.00071869097,0.000718432838618,0.000359151908816
4416,1.00124482505,0.00124405089885,0.000621832031701
4417,1.00089756641,0.000897163841252,0.000448481322799
4418,1.0009843886,0.000983904409671,0.000491831216191
4419,1.00118389473,0.00118319448167,0.00059142228169
4420,1.00039517789,0.000395099830241,0.000197530403421
4421,1.00190470756,0.00190289590862,0.000950995471221
4422,1.00307111428,0.0030664080416,0.00153202926397
4423,1.00282584413,0.00282185894191,0.00140993457793
4424,1.00210699135,0.002104774758,0.00105183381361
4425,1.00004347063,4.3469683275e-05,2.17346054375e-05
4426,1.00027348539,0.000273447996403,0.000136714651902
4427,1.00290550205,0.00290128924044,0.00144959294391
4428,1.00302789553,0.00302332068382,0.00151051835892
4429,1.00133735563,0.00133646216745,0.000668007867058
4430,1.00295137768,0.00294703091721,0.00147243036773
4431,1.00296833128,0.00296393448447,0.00148086967103
4432,1.0014839152,0.00148281528203,0.000741132866282
4433,1.00184277447,0.00184107864243,0.000920115754873
4434,1.00200207364,0.00200007216105,0.000999536211088
4435,0.999772897565,-0.000227128227157,-0.000113570562227
4436,1.00157562677,0.00157438677525,0.000786883632196
4437,1.00162072221,0.00161941026057,0.000809377407544
4438,1.00045260422,0.000452501828997,0.00022622532169
4439,0.999149548738,-0.000850813100507,-0.000425497048453
4440,1.00341439585,0.0034085800312,0.00170283853807
4441,1.00273127886,0.00272755569286,0.00136284832402
4442,1.00063644723,0.000636244781521,0.000318071795198
4443,1.00230013457,0.00229749330567,0.00114808709598
4444,1.0023067486,0.00230409213825,0.00115138271882
4445,1.00122778,0.00122702689712,0.000613325287665
4446,1.00178256388,0.00178097699533,0.000890092130446
4447,1.00085991365,0.000859544135335,0.000429679728881
4448,1.00028491286,0.000284872284435,0.000142425998672
4449,1.00023521358,0.00023518591912,0.000117586045779
4450,1.00004663267,4.6631582505e-05,2.33155194416e-05
4451,0.999719712428,-0.000280326860254,-0.00014017325348
4452,1.0012311393,0.00123038206537,0.00061500184148
4453,1.0014835814,0.00148248197592,0.000740966336726
4454,1.00167972272,0.0016783135617,0.000838804787266
4455,1.00137451176,0.0013735679865,0.000686548211101
4456,0.999871761909,-0.000128246314222,-6.41252130444e-05
4457,1.00164750582,0.00164615017086,0.000822736452044
4458,1.00075068565,0.000750404021854,0.000375131631455
4459,1.00201726083,0.00201522889072,0.00100710697238
4460,0.99943592536,-0.000564233790259,-0.000282156693844
4461,1.0019113805,0.00190955613618,0.000954322412539
4462,1.00110687551,0.00110626337077,0.000552978736257
4463,1.00191711132,0.0019152760093,0.00095717961571
4464,1.0028555285,0.00285145922341,0.00142471374208
4465,1.00117004889,0.0011693649168,0.000584511564917
4466,1.00170223577,0.00170078861352,0.000850032823996
4467,1.00570831546,0.0056920847679,0.00284199624473
4468,1.00048913806,0.000489018470983,0.000244479345545
4469,1.00267768847,0.00267410984592,0.00133616146327
4470,1.00236178871,0.00235900407253,0.00117880669715
4471,1.00045114643,0.000451044696988,0.000225496920241
4472,0.999455225647,-0.000544922796056,-0.000272498519006
4473,1.00127316662,0.00127235682633,0.000635976094585
4474,1.00391027135,0.00390264610779,0.00194942046079
4475,1.00172370509,0.00172222121422,0.00086073995777
4476,1.00006924944,6.92470440542e-05,3.46229226399e-05
4477,1.00105258469,0.00105203111045,0.000525877233299
4478,1.00250218243,0.00249905718294,0.00124874825567
4479,1.00405863219,0.00405041815813,0.00202315972685
4480,1.00138477999,0.00138382207126,0.000691671720386
4481,1.00187908253,0.00187731926611,0.000938219229909
4482,1.00163611063,0.00163477365816,0.000817052859465
4483,1.00304531387,0.0030406862976,0.00151918801263
4484,1.0022873917,0.0022847796016,0.00114173752198
4485,1.00112831046,0.00112767439236,0.00056367826986
4486,1.00185583522,0.00185411528891,0.000926628059278
4487,1.00121156023,0.00121082688509,0.000605230216804
4488,1.00257281116,0.00256950715054,0.00128392863272
4489,1.00173398186,0.00173248025363,0.000865865049145
4490,0.999953379381,-4.66217053461e-05,-2.3311124373e-05
4491,1.00197059378,0.00196865470426,0.000983843060875
4492,1.00256588816,0.00256260188749,0.00128048042817
4493,1.00172623462,0.00172474639346,0.000862001459832
4494,1.00185819721,0.00185647289951,0.000927805771568
4495,1.00229895843,0.00229631987162,0.00114750105238
4496,1.00257479042,0.00257148132317,0.0012849144512
4497,1.00086881023,0.000868433033267,0.000434122258285
4498,1.00315952561,0.00315454479532,0.00157602915728
4499,1.00097901196,0.000978533043643,0.000489146850475
4500,1.00202124568,0.00201920571033,0.00100909337768
4501,1.00213695487,0.0021346748282,0.00106676801212
4502,1.00231041317,0.00230774826715,0.00115320867679
4503,1.00235468072,0.00235191280068,0.00117526523457
4504,1.0012168229,0.00121608316679,0.000607856763571
4505,1.00120745411,0.00120672572558,0.00060318087602
4506,1.00284405231,0.00284001564451,0.0014190000882
4507,1.00217636049,0.00217399565139,0.00108640725756
4508,1.0010549218,0.00105436576572,0.000527043946379
4509,1.00228859188,0.00228597704698,0.00114233556091
4510,1.00062994731,0.000629748973427,0.000314824918945
4511,1.0023610549,0.00235827198973,0.00117844108718
4512,1.00224306581,0.00224055389763,0.00111964967286
4513,1.00306149526,0.00305681842703,0.00152724179099
4514,1.00287743337,0.0028733014789,0.0014356192508
4515,1.00114439302,0.00114373870141,0.000571705864592
4516,1.0018432783,0.00184158155016,0.000920366977341
4517,1.00074549242,0.000745214674241,0.000372537927628
4518,1.00292564761,0.00292137623308,0.00145962183089
4519,1.00254887067,0.0025456278035,0.0012720042177
4520,1.00182064114,0.00181898578332,0.000909079428358
4521,1.00237638275,0.0023735636205,0.00118607786322
4522,1.00354360911,0.00353734531919,0.00176710947983
4523,1.00344543241,0.0034395105088,0.00171827732268
4524,1.00035933108,0.000359266532363,0.000179617133092
4525,1.00233150405,0.00232879031271,0.00116371751135
4526,1.00155593502,0.00155472580435,0.000777060833913
4527,1.00123720054,0.0012364358412,0.000618026863275
4528,1.00307923387,0.00307450274126,0.00153607040496
4529,1.00338484075,0.00337912507477,0.0016881360301
4530,1.00199168858,0.00198970779916,0.000994359196506
4531,0.99951693819,-0.000483178521515,-0.000241618445793
4532,1.00020612193,0.000206100687654,0.000103045034323
4533,1.00198241127,0.00198044888566,0.000989734332393
4534,0.999273003853,-0.000727260537128,-0.000363696390065
4535,1.00231519757,0.00231252163251,0.00115559260429
4536,0.999696687851,-0.000303358157522,-0.000151690582614
4537,0.998916063262,-0.00108452462236,-0.000542409361967
4538,1.00224264181,0.0022401308402,0.00111943838096
4539,0.999409619507,-0.000590554835769,-0.000295321016552
4540,1.00121895904,0.00121821670913,0.000608922885732
4541,1.00267465306,0.00267108253795,0.00133464983063
4542,0.99918905894,-0.000811270050296,-0.00040571730616
4543,1.00309117354,0.0030864056906,0.00154201272007
4544,1.00161937711,0.00161806732954,0.000808706485272
4545,1.00128702202,0.00128619451287,0.000642890513714
4546,1.0003158993,0.000315849418897,0.000157912239998
4547,1.00116507682,0.00116439864879,0.000582029879254
4548,0.999467980434,-0.000532161138748,-0.000266115971949
4549,1.00024393836,0.000243908616023,0.000121946871887
4550,1.00035592296,0.000355859636559,0.000177913989708
4551,1.00083711641,0.000836766223145,0.000418295601563
4552,1.00428257535,0.00427343122303,0.00213443445973
4553,1.00172575497,0.00172426756313,0.000861762251014
4554,1.00278586976,0.00278199641298,0.00139003121689
4555,1.00235580467,0.00235303411645,0.00117582523337
4556,1.00131739666,0.00131652965714,0.00065804821981
4557,1.00155614318,0.00155493364418,0.000777164673069
4558,0.999949848659,-5.01525986681e-05,-2.50766137471e-05
4559,1.00044278464,0.000442686635424,0.000221318823087
4560,1.00393826385,0.00393052919054,0.00196333472725
4561,1.00144058741,0.00143955075707,0.000719516402374
4562,1.00138187785,0.00138092393724,0.000690223654606
4563,1.00014472425,0.000144713778421,7.2354271514e-05
4564,1.00180590478,0.00180427609092,0.000901731241274
4565,1.00295987311,0.00295550131186,0.00147665932007
4566,1.00176867657,0.00176711430205,0.00088316692934
4567,1.00206825161,0.00206611572038,0.00103252443962
4568,1.00195725568,0.00195534275528,0.000977193612692
4569,1.00215662307,0.00215430089982,0.0010765705316
4570,1.00247671143,0.00247364943623,0.00123606016566
4571,1.00164667232,0.00164531803879,0.000822320728238
4572,1.00114899518,0.00114833558905,0.00057400299174
4573,1.00115175528,0.00115109251435,0.0005753806622
4574,1.00277346651,0.00276962754576,0.00138385536075
4575,1.00227811282,0.0022755218581,0.00113711392448
4576,1.00275021343,0.00274643851307,0.00137227682241
4577,1.00158802519,0.00158676560792,0.000793068159039
4578,1.0012778272,0.00127701147465,0.000638301935917
4579,1.00126556016,0.00126476001063,0.000632180095223
4580,1.0018722871,0.00187053655692,0.000934831051404
4581,1.00082076619,0.000820429546337,0.000410130646592
4582,1.00200624231,0.00200423249043,0.00100161429441
4583,1.00295957886,0.00295520792513,0.00147651284331
4584,1.00151414902,0.00151300384727,0.000756215848197
4585,1.00093528192,0.000934844812386,0.000467313181359
4586,1.00209360641,0.00209141787503,0.00104516237446
4587,1.00188730025,0.00188552153739,0.000942316509382
4588,1.00185678175,0.00185506005916,0.000927100006567
4589,0.999969875145,-3.01253090102e-05,-1.50627679474e-05
4590,1.0013072243,0.00130637062615,0.000652972033989
4591,1.00126602975,0.00126522900835,0.000632414445808
4592,1.00328634075,0.00328095253008,0.00163913141935
4593,1.00106599037,0.00106542260326,0.000532569436156
4594,1.00161732232,0.00161601586136,0.000807681580174
4595,1.00133551635,0.00133462534376,0.000667090068299
4596,1.00327501702,0.00326966583611,0.00163349730665
4597,1.00281331956,0.00280936957938,0.00140369868179
4598,1.00442653602,0.00441676772469,0.00220594717675
4599,1.00314036676,0.00313544610662,0.00156649481745
4600,1.00308584844,0.00308109698262,0.00153936245561
4601,1.00082219882,0.000821860994852,0.000410846077053
4602,1.00181661903,0.0018149709684,0.000907073843779
4603,1.00178287626,0.00178128882541,0.000890247906693
4604,1.00072843878,0.000728173593254,0.000364020525072
4605,1.00095964238,0.000959182221216,0.000479476125174
4606,1.00355550119,0.00354919533632,0.00177302400073
4607,1.0036065859,0.00360009776064,0.00179842976398
4608,1.00219633025,0.00219392183974,0.00109635947818
4609,1.00093019539,0.000929763028708,0.000464773473686
4610,0.999427358713,-0.000572805309018,-0.000286443671665
4611,1.00208027501,0.00207811423231,0.00103851748323
4612,1.00156964462,0.00156841401278,0.000783899596438
4613,1.00258348152,0.00258015006731,0.00128924324459
4614,1.00033580199,0.000335745617387,0.000167858718842
4615,1.00137162115,0.00137068133801,0.000685105876727
4616,0.999881315513,-0.000118691530979,-5.93475264841e-05
4617,1.00184638946,0.00184468697807,0.000921918261024
4618,1.00293889933,0.00293458921245,0.0014662186558
4619,1.00036617426,0.000366107237139,0.000183036865278
4620,1.00180252817,0.00180090556117,0.000900047494637
4621,1.00244237669,0.0024393989323,0.00121895593508
4622,1.00119393625,0.00119322407816,0.000596434101504
4623,1.00309336103,0.00308858642835,0.00154310140699
4624,1.00360652441,0.00360003649289,0.00179839918519
4625,1.00357835036,0.00357196329896,0.0017843877333
4626,1.00143847452,0.00143744090589,0.000718462235265
4627,1.00229484249,0.00229221336023,0.0011454501507
4628,1.00234882903,0.00234607483974,0.00117234968041
4629,1.00161049116,0.00160919570887,0.000804274252378
4630,1.00111154055,0.00111092324925,0.000555307384376
4631,1.0004794059,0.000479291024804,0.00023961679971
4632,1.00033072717,0.000330672487055,0.000165322576244
4633,1.00295578527,0.00295142552391,0.0014746244333
4634,1.00374335999,0.0037363710542,0.00186644155471
4635,1.00295996485,0.0029555927768,0.00147670498501
4636,1.00161346941,0.00161216916552,0.000805759783863
4637,1.00268408965,0.00268049391611,0.00133934922821
4638,1.00153325967,0.00153208543046,0.000765749379416
4639,1.001374855,0.00137391075029,0.00068671947532
4640,1.00026101647,0.000260982408976,0.000130482690881
4641,1.00155753929,0.00155632758189,0.000777861100024
4642,1.00056997547,0.000569813095199,0.000284865965583
4643,1.0042664926,0.00425741692362,0.00212644436877
4644,1.0023270072,0.0023243039149,0.00116147692039
4645,1.00067802365,0.000677793896372,0.000338839529102
4646,1.00497687821,0.00496453448951,0.00247918896698
4647,1.00143821351,0.00143718027378,0.000718332012831
4648,1.00154531467,0.0015441219029,0.000771762989081
4649,1.00206039826,0.00205827855337,0.00102860989448
4650,1.00408772217,0.00407939012823,0.00203761629973
4651,1.00301491616,0.00301038041032,0.00150405797453
4652,1.00173670658,0.00173520025224,0.000867223869953
4653,1.00173960189,0.0017380905359,0.000868667757476
4654,1.00001545489,1.5454774205e-05,7.7273572463e-06
4655,1.00056731582,0.00056715495571,0.000283537273562
4656,1.00094055331,0.000940111262673,0.000469945172496
4657,1.0024581713,0.00245515494012,0.00122682430506
4658,1.00175563995,0.00175410061504,0.000876665811313
4659,1.00305418042,0.00304952588156,0.00152360108036
4660,0.998707843987,-0.00129299156637,-0.000646704806626
4661,1.00170752126,0.00170606510296,0.000852668822646
4662,1.00250377306,0.00250064384205,0.00124954059424
4663,1.00371039004,0.00370352352071,0.00185004830734
4664,1.00206858213,0.00206644556119,0.00103268918973
4665,1.00351098609,0.00350483696834,0.00175088389544
4666,1.0043807651,0.00437119748266,0.00218321205949
4667,1.00027028567,0.000270249147866,0.000135115445019
4668,1.00086953602,0.000869158191952,0.000434484680158
4669,1.00360505093,0.00359856830611,0.00179766641173
4670,1.00333799645,0.003332437706,0.00166483148103
4671,1.00218859101,0.00218619952862,0.00109250254839
4672,1.00149077802,0.0014896679102,0.000744556635147
4673,1.00265874245,0.00265521424903,0.00132672624404
4674,1.00061172342,0.000611536390105,0.000305721452722
4675,1.00175981222,0.0017582655621,0.000878746457043
4676,1.00152056895,0.00151941405098,0.00075941852117
4677,1.00062074079,0.000620548206123,0.00031022597303
4678,1.00040557685,0.000405494622682,0.000202726759494
4679,1.00178633436,0.00178474076274,0.00089197233733
4680,1.00197941604,0.00197745957457,0.000988241155046
4681,1.00182848569,0.00182681604763,0.000912990993689
4682,1.00308037358,0.0030756389541,0.00153663763857
4683,1.00307307706,0.00306836480948,0.00153300614852
4684,1.00133014018,0.00132925633026,0.000664407348752
4685,1.00345442305,0.00344847023516,0.0017227494782
4686,1.0004481879,0.000448087497529,0.000224018652838
4687,1.00032013576,0.000320084522994,0.000160029455417
4688,1.0030023493,0.00299785125315,0.00149780279864
4689,1.00305329172,0.0030486398897,0.00152315875929
4690,1.00116593733,0.00116525815013,0.000582459379705
4691,1.00190286665,0.00190105849406,0.000950077637208
4692,1.00308652439,0.00308177085493,0.00153969887304
4693,1.00389065205,0.00388310303456,0.00193966792536
4694,1.002214454,0.00221200570863,0.00110539145858
4695,1.00130327555,0.00130242702013,0.000651001516567
4696,1.0030152063,0.00301066968292,0.00150420239327
4697,1.00131814873,0.00131728073135,0.000658423509723
4698,0.999124570836,-0.000875812576259,-0.000438002183085
4699,0.99981965108,-0.00018036518455,-9.01866588472e-05
4700,1.00149062407,0.00148951419171,0.000744479833124
4701,1.00270573767,0.00270208375328,0.00135012963044
4702,1.00101693712,0.0010164203889,0.000508081077521
4703,1.00370513734,0.00369829022369,0.00184743649634
4704,1.00229040048,0.00228778151266,0.00114323676269
4705,1.00179042505,0.00178882414527,0.000894012205383
4706,1.00252904396,0.00252585131344,0.00126212850173
4707,1.00203031636,0.00202825805228,0.00101361497109
4708,1.00298136401,0.00297692855559,0.00148735706426
4709,1.00302591899,0.00302135011102,0.00150953456032
4710,1.00045883451,0.000458729280553,0.000229338338218
4711,1.00348263281,0.00347658249067,0.00173678129215
4712,1.0012120088,0.00121127490548,0.000605454091399
4713,1.00215132761,0.00214901681774,0.00107393133142
4714,1.0016163058,0.00161500098378,0.000807174551107
4715,0.999342068999,-0.000658147533072,-0.000329127917248
4716,1.00061125017,0.000611063432693,0.000305485046285
4717,1.00070580499,0.000705556024385,0.000352715793346
4718,1.00086797387,0.000867597396935,0.000433704621416
4719,1.00176223006,0.00176067915311,0.000879952191354
4720,1.00178302413,0.00178143642657,0.000890321641571
4721,1.00021330628,0.000213283535457,0.000106636081697
4722,1.00148069679,0.00147960163984,0.000739527234765
4723,1.00194074991,0.00193886908521,0.000968964792751
4724,1.00184927258,0.00184756477605,0.000923355832434
4725,1.00340741276,0.00340162068249,0.00169936478299
4726,1.00076997849,0.000769682208384,0.000384767062353
4727,1.00358918816,0.00358276239904,0.00178977763389
4728,1.00163557182,0.00163423573197,0.00081678411609
4729,1.00171973657,0.00171825951126,0.000858760809329
4730,1.00086428474,0.000863911464857,0.000431862452983
4731,1.0038638258,0.00385638039773,0.00192633243438
4732,1.00090359419,0.000903186198578,0.000451491146473
4733,1.00001526772,1.52676028985e-05,7.63377231183e-06
4734,1.00218901773,0.0021866253196,0.00109271521127
4735,1.00234142889,0.00233869201499,0.00116866258886
4736,1.00244284802,0.00243986911374,0.00121919073921
4737,1.00210238699,0.00210018007201,0.0010495388844
4738,1.00110875537,0.00110814115582,0.000553917109151
4739,1.0012680905,0.00126728714748,0.000633442864046
4740,1.00148352565,0.00148242630938,0.000740938524077
4741,1.00136330567,0.00136237721276,0.000680956650093
4742,1.00265901345,0.00265548453234,0.00132686120639
4743,1.00008830232,8.82984253976e-05,4.41482381367e-05
4744,1.00104350373,0.00104295965882,0.000521343882434
4745,1.00173811682,0.00173660804126,0.000867927153781
4746,1.00031210146,0.000312052768135,0.000156014212584
4747,1.00096128809,0.000960826348656,0.000480297794396
4748,1.00141799339,0.0014169889867,0.000708243570387
4749,1.00038288458,0.000382811302265,0.00019138733424
4750,1.00066409784,0.000663877423265,0.000331883626074
4751,1.00373658663,0.00372962293089,0.00186307378486
4752,1.00356600254,0.00355965942914,0.00177824675694
4753,1.00121759428,0.00121685361736,0.00060824175462
4754,1.00027986127,0.000279822118048,0.000139901271928
4755,1.00035463283,0.000354569967028,0.00017726926946
4756,0.999803919459,-0.000196099767119,-9.80546906064e-05
4757,1.00249227762,0.00248917704249,0.00124381434216
4758,1.00134737856,0.00134647165753,0.000673009256372
4759,1.00310528013,0.00310046870718,0.001549033361
4760,1.00074961353,0.000749332707394,0.000374596175023
4761,1.00194170566,0.0019398229857,0.00096944128073
4762,1.00238024644,0.00237741813601,0.00118800283324
4763,1.00163741245,0.0016360733475,0.000817702172967
4764,1.00069978383,0.000699539095693,0.000349708385609
4765,1.00160644564,0.00160515668868,0.000802256364482
4766,1.0019043019,0.00190249101484,0.000950793216839
4767,1.00134206088,0.00134116112455,0.000670355773378
4768,1.00290019467,0.00289599721566,0.00144695076366
4769,1.00112030797,0.00111968089061,0.000559683763883
4770,1.00369869402,0.00369187067537,0.0018442326469
4771,1.00465980121,0.00464897794146,0.00232178943832
4772,1.00254436199,0.00254113058516,0.00126975846624
4773,1.00196499165,0.00196306358029,0.00098105024538
4774,1.00230697163,0.00230431466001,0.00115149385159
4775,1.00314135564,0.00313643188846,0.00156698693614
4776,1.00167587735,0.00167447463568,0.00083688693247
4777,1.0019666802,0.00196474881352,0.00098189203499
4778,0.998786913865,-0.00121382251975,-0.000607095467776
4779,1.0023792237,0.00237639782375,0.00118749328305
4780,1.00274314503,0.00273938946958,0.00136875713108
4781,1.00277206354,0.00276822845861,0.00138315678499
4782,1.00141820643,0.00141720172135,0.000708349862375
4783,1.00249542994,0.00249232152223,0.00124538462522
4784,1.00371188402,0.00370501197779,0.00185079115875
4785,1.00256165626,0.00255838081315,0.00127837259128
4786,1.00284993488,0.00284588151757,0.0014219288586
4787,1.00322400192,0.00321881597298,0.00160811358396
4788,1.00089587289,0.000895471837801,0.000447635700132
4789,1.00058223943,0.000582069992272,0.00029099264956
4790,1.0009802911,0.000979810926046,0.000489785478936
4791,0.999570355537,-0.00042973678667,-0.000214891479202
4792,1.00280531125,0.00280138370399,0.00139971134101
4793,1.00214526553,0.00214296773185,0.00107091003206
4794,1.00217000952,0.00216765845376,0.00108324209612
4795,1.00200402942,0.00200202403303,0.00100051117112
4796,1.00030463098,0.000304584594295,0.000152280701264
4797,1.00204317236,0.00204108792389,0.00102002338406
4798,1.00282643259,0.00282244574134,0.00141022756393
4799,1.00163098242,0.00162965380831,0.000814495022862
4800,1.00219989827,0.00219748203909,0.00109813762464
4801,1.00043837499,0.000438278928724,0.000219115455063
4802,1.00018635189,0.000186334529955,9.31629250425e-05
4803,1.00198265286,0.00198068999366,0.000989854767069
4804,1.00223792168,0.002235421265,0.00111708622663
4805,1.00296483384,0.0029604473927,0.0014791287056
4806,1.00066792408,0.000667701118144,0.000333794837175
4807,1.00182268694,0.00182102786043,0.000910099538187
4808,1.00175955542,0.00175800921219,0.000878618394717
4809,1.0014753707,0.00147428341178,0.00073687008369
4810,1.0026936234,0.002690002095,0.00134409693898
4811,1.00319140015,0.00318631843682,0.00159189081394
4812,1.00218519208,0.00218280801558,0.00109080864305
4813,1.00317390754,0.00316888132668,0.00158318609991
4814,1.00359581081,0.00358936133938,0.00179307119331
4815,1.00222191252,0.00221944772002,0.00110910834419
4816,1.00077661057,0.000776309159192,0.000388079257353
4817,1.00079350718,0.000793192518913,0.000396517625556
4818,1.00010154682,0.000101541661355,5.07695418606e-05
4819,1.00167276488,0.00167136737167,0.000835334599473
4820,1.00158585785,0.00158460170933,0.000791987067219
4821,1.00329734292,0.00329191860729,0.00164460545553
4822,1.00335295713,0.00334734849889,0.00167227443775
4823,1.002113306,0.00211107610613,0.00105498116873
4824,1.00208219128,0.00208002652033,0.00103947263381
4825,1.0015796858,0.00157843941241,0.000788908354244
4826,1.00206189097,0.00205976819089,0.00102935394684
4827,1.0003590829,0.000359018445876,0.000179493112122
4828,1.0000099827,9.98265439151e-06,4.99131473919e-06
4829,1.0021879797,0.00218558956202,0.00109219789824
4830,1.00126301903,0.00126222209078,0.000630911936704
4831,1.00297614144,0.00297172150158,0.00148475740624
4832,0.999559322145,-0.000440774981832,-0.000220411778023
4833,1.0019595375,0.00195762011518,0.000978331179281
4834,1.00215438085,0.00215206349939,0.00107545303512
4835,1.00090891935,0.000908506528241,0.000454150106727
4836,1.00072358659,0.000723324929232,0.00036159707263
4837,1.0026273541,0.00262390864183,0.00131109408508
4838,0.999975608012,-2.43922851175e-05,-1.21962169319e-05
4839,1.0023892429,0.00238639319421,0.00119248502109
4840,1.00245039311,0.00244739578958,0.00122294948183
4841,1.0019303489,0.00192848817132,0.000963779351716
4842,0.999007255195,-0.000993237902605,-0.00049674228691
4843,1.00292045519,0.00291619894132,0.00145703696011
4844,1.00192141525,0.00191957168849,0.000959325397135
4845,1.0047398568,0.00472865904638,0.00236153669763
4846,1.00065709337,0.000656877583072,0.000328384861421
4847,1.00155916138,0.00155794715097,0.000778670254334
4848,1.00105990877,0.00105934746374,0.000529533479503
4849,1.00366335359,0.00365665985487,0.00182665955043
4850,1.00100312016,0.00100261737475,0.000501183053171
4851,1.00160744959,0.00160615902806,0.000802757131982
4852,1.00238633726,0.00238349448381,0.00119103739317
4853,1.0022352587,0.00223276422508,0.00111575918986
4854,1.00237230985,0.00236950036314,0.00118404864215
4855,1.00127679683,0.00127598241674,0.000637787735254
4856,1.00197514808,0.00197320003605,0.000986113488245
4857,1.00417289755,0.00416421515506,0.00207994149515
4858,1.00138337227,0.00138241628823,0.000690969314795
4859,1.00237850226,0.00237567809884,0.00118713384786
4860,1.00104484851,0.00104430303203,0.000522015218636
4861,1.00198877614,0.0019868011402,0.000992907311101
4862,1.00145421181,0.00145315546412,0.000726313838375
4863,0.99906033539,-0.000940106371306,-0.000470163677964
4864,1.00156975514,0.0015685243669,0.000783954730245
4865,1.00278965334,0.00278576948289,0.00139191512773
4866,1.00150996558,0.00150882673099,0.000754128867278
4867,1.0027334468,0.00272971772413,0.00136392786582
4868,1.00168513893,0.00168372067526,0.000841506072637
4869,1.00245122956,0.00244823020169,0.00122336617757
4870,1.00410728189,0.00409887003769,0.00204733636083
4871,1.00288580193,0.00288164600008,0.00143978551292
4872,1.00118060654,0.00117991017525,0.000589781098341
4873,1.00023387438,0.000233847038202,0.000116916683813
4874,1.00255838052,0.00255511344019,0.00127674099193
4875,0.999291262178,-0.000708989095103,-0.000354557388169
4876,0.999951927825,-4.80733305765e-05,-2.40369541711e-05
4877,1.00131020585,0.00130934828214,0.000654459888712
4878,1.00283823857,0.00283421837821,0.00141610556402
4879,1.00226212998,0.00225957522073,0.00112914964062
4880,1.00181135486,0.00180971633688,0.000904448907736
4881,1.00302974838,0.00302516793832,0.00151144059059
4882,0.999471287528,-0.000528852289928,-0.000264461108639
4883,1.00355496864,0.00354866467549,0.00177275914072
4884,1.00230105505,0.00229841168008,0.00114854575589
4885,1.00058564025,0.000585468834513,0.000292691574717
4886,1.00150586185,0.00150472918187,0.000752081635662
4887,1.00115403382,0.00115336843879,0.000576517969011
4888,1.0023261942,0.00232349279733,0.00116107183257
4889,1.00395274809,0.00394495650484,0.0019705341956
4890,1.00117828989,0.00117759624958,0.000588624817189
4891,1.00005792155,5.7919872236e-05,2.89595167831e-05
4892,1.00203220321,0.00203014107433,0.00101455552734
4893,1.0021721784,0.00216982263251,0.00108432301274
4894,1.0021058328,0.00210361864653,0.00105125636573
4895,1.00189774062,0.00189594218567,0.00094752191019
4896,1.00357123659,0.00356487487067,0.00178084983713
4897,0.999672485017,-0.000327568628073,-0.000163797727419
4898,1.00314189782,0.00313697237449,0.00156725675565
4899,1.00107470593,0.00107412884639,0.000536920229913
4900,1.00264314595,0.00263965898683,0.00131895890152
4901,1.00421551074,0.00420665036364,0.00210111474344
4902,1.00112652415,0.00112589009386,0.000562786623099
4903,1.00167247523,0.00167107819617,0.000835190132492
4904,1.00008850112,8.84972017381e-05,4.42476219141e-05
4905,1.00055478096,0.000554627123946,0.000277275114121
4906,1.00257556407,0.00257225298975,0.00128529978865
4907,1.00154880058,0.00154760242366,0.00077350190488
4908,1.0012364773,0.0012357134886,0.000617665910125
4909,1.00238661715,0.00238377370594,0.00119117683795
4910,1.00182148573,0.00181982883245,0.000909500569635
4911,1.00169021965,0.00168879283526,0.000844040015298
4912,1.00137397017,0.00137302713548,0.000686277971215
4913,1.00029042622,0.000290384051996,0.000145181486146
4914,1.00227635662,0.0022737696407,0.00113623881164
4915,1.0018697717,0.00186802585399,0.000933576872694
4916,1.00100101365,0.00100051297385,0.00050013137951
4917,1.00104192026,0.00104137783619,0.000520553383144
4918,1.00157941328,0.00157816731956,0.000788772415143
4919,1.00169601186,0.00169457525796,0.000846928782171
4920,0.999774052549,-0.00022597298092,-0.000112992873674
4921,1.00012912434,0.000129116006566,6.45559194598e-05
4922,1.00087707952,0.000876695108161,0.000438251493828
4923,1.00197461724,0.00197267024373,0.000985848853268
4924,1.00126747824,0.0012666756637,0.000633137315778
4925,1.00172862037,0.00172712802642,0.000863191249116
4926,1.0030368736,0.00303227161688,0.00151498705517
4927,1.00067317984,0.000672953355267,0.000336420075705
4928,1.00020716629,0.000207144836974,0.000103567055049
4929,1.00198748982,0.00198551737126,0.000992266063759
4930,0.999577996984,-0.000422092084794,-0.00021106831418
4931,1.00235373111,0.00235096542383,0.00117479210274
4932,1.00220033916,0.00219792195653,0.00109835734179
4933,1.00315830139,0.00315332442891,0.00157541993556
4934,1.00137437243,0.00137342884699,0.000686478689107
4935,1.0027736257,0.00276978630016,0.00138393462809
4936,1.00159493875,0.0015936681874,0.000796516705721
4937,1.00272633788,0.00272262816376,0.00136038791418
4938,1.00002798869,2.79883018629e-05,1.39940530138e-05
4939,1.00306517907,0.0030604909826,0.00152907526266
4940,1.00136059831,0.00135967353131,0.000679605728998
4941,1.00180526836,0.00180364082125,0.000901413892808
4942,1.00249474094,0.00249163423753,0.00124504141078
4943,1.00241193581,0.00240903175997,0.00120379074191
4944,1.00007450268,7.44999067663e-05,3.72492596123e-05
4945,1.00214616693,0.00214386720239,0.0010713592856
4946,1.00376269735,0.00375563611177,0.00187605605864
4947,0.999834240268,-0.000165773472119,-8.28901712597e-05
4948,1.00196035191,0.00195843293108,0.000978737189546
4949,1.00236809491,0.00236529539655,0.00118194864609
4950,1.0027008978,0.00269725692645,0.00134771947254
4951,1.00042688594,0.000426794848701,0.00021337465674
4952,1.0014218439,0.0014208340409,0.000710164734024
4953,1.00217230273,0.00216994669578,0.00108438497712
4954,1.00020835642,0.000208334714317,0.000104161931928
4955,1.00182920335,0.00182753239066,0.000913348838131
4956,1.00186894237,0.00186719807229,0.000933163368157
4957,1.00302981225,0.00302523162198,0.00151147238429
4958,1.0023387841,0.00233605339921,0.00116734482193
4959,1.00258821097,0.00258486732452,0.00129159882957
4960,1.00074706535,0.000746786433467,0.000373323514162
4961,0.997959347954,-0.00204273701327,-0.00102189028107
4962,1.00084513551,0.00084477857954,0.000422300095972
4963,1.00172306213,0.00172157936289,0.000860419308284
4964,1.00008326358,8.32601090606e-05,4.16291880116e-05
4965,1.00188138893,0.00187962133283,0.000939369182685
4966,1.00164487396,0.00164352263758,0.000821423765425
4967,1.00314075651,0.00313583464127,0.00156668878044
4968,1.00219368694,0.00219128431754,0.00109504216205
4969,1.00318836399,0.00318329193975,0.00159037997319
4970,1.00346031957,0.00345434644111,0.00172568251525
4971,1.00301954522,0.00301499554869,0.00150636207034
4972,1.0016878018,0.00168637906706,0.000842834149128
4973,1.00193868931,0.00193681247475,0.000967937483381
4974,1.0013794322,0.00137848165362,0.000689003354911
4975,1.00009157941,9.15752190382e-05,4.57865612825e-05
4976,1.00115395037,0.0011532850821,0.000576476314695
4977,1.00217628456,0.00217391988756,0.0010863694168
4978,1.00194637812,0.00194448638349,0.000971770716466
4979,1.00121601955,0.00121528080028,0.000607455824098
4980,0.999454724427,-0.000545424289991,-0.000272749334333
4981,1.00173017187,0.00172867685142,0.000863964992853
4982,1.00343905227,0.00343315225648,0.00171510365409
4983,1.00066749727,0.000667274594572,0.000333581646552
4984,1.00093798543,0.000937545793051,0.000468663039678
4985,1.00200772818,0.00200571539061,0.00100235500158
4986,1.00028768808,0.000287646702851,0.000143813009343
4987,1.00362774274,0.00362117835007,0.00180895104726
4988,0.999414881219,-0.000585290029685,-0.000292687839572
4989,1.00290592534,0.00290171130404,0.00144980366978
4990,0.999698003313,-0.00030204229763,-0.000151032553083
4991,1.00179539847,0.00179378867115,0.00089649224607
4992,1.00105809444,0.00105753505697,0.000528627755574
4993,1.00151897626,0.00151782378061,0.00075862398951
4994,1.00015230778,0.000152296180899,7.61451912574e-05
4995,1.00284519187,0.00284115197565,0.00141956744738
4996,1.00199960273,0.00199760618424,0.000998304454337
4997,1.00047012082,0.000470010349922,0.000234977563408
4998,1.00189438346,0.00189259137923,0.000945848093045
4999,1.00031781854,0.000317768047482,0.000158871402343
