replicate,RZ_ratio,log_RZ_ratio,coupling_advantage
0,1.00833889453,0.00830431803329,0.00414355072285
1,1.01183042055,0.0117609881947,0.00586323783362
2,1.00851901012,0.00848292813123,0.00423248176077
3,1.0104825089,0.0104279483582,0.00520040500905
4,1.00781636311,0.00778597359538,0.00388541894829
5,1.00896260214,0.00892267640556,0.00445140121641
6,1.01293719818,0.0128542274759,0.00640650401976
7,1.00961456934,0.00956864350753,0.00477289511661
8,1.00899084909,0.00895067203941,0.0044653366259
9,1.01085052129,0.0107920767729,0.0053815059223
10,1.00994643752,0.00989729729321,0.00493642425794
11,1.01005057287,0.0100004017465,0.00498772067871
12,1.00645216641,0.00643144028661,0.00321055525305
13,1.00931566649,0.00927254327325,0.0046255407195
14,1.01323646337,0.0131496268224,0.00655324661728
15,1.00991210493,0.00986330224512,0.00491951049714
16,1.01092054947,0.0108613508697,0.00541595597462
17,1.00926965,0.00922695046719,0.00460284950352
18,1.01142291908,0.0113581701536,0.00566298955685
19,1.00907659711,0.00903565237561,0.00450763616244
20,1.010103276,0.0100525790889,0.00501367888825
21,1.01034256448,0.0102894460996,0.00513151162827
22,1.00687104625,0.00684754818403,0.00341791966082
23,1.01294713519,0.0128640375209,0.00641137760628
24,1.01004365164,0.00999354936781,0.00498431157238
25,1.00949031338,0.00944556326656,0.00471164683607
26,1.00655454046,0.00653315286248,0.00326124697506
27,1.00680428309,0.00678123843225,0.00338487755788
28,1.01017059022,0.0101192177974,0.00504683063766
29,1.00952957253,0.00948445257421,0.0047309996854
30,1.00781798087,0.00778757881162,0.00388621843761
31,1.01243635886,0.0123596625781,0.00616077540595
32,1.01028230515,0.0102298018505,0.0051018420939
33,1.00665037469,0.00662835850839,0.00330869342415
34,1.01024504695,0.0101929221706,0.00508349616195
35,1.00820171581,0.00816826452243,0.00407580353545
36,1.01287373627,0.0127915741359,0.00637537755667
37,1.00966286879,0.00961648185869,0.00479669984378
38,1.00736040197,0.00733344640187,0.00366000898032
39,1.01080527425,0.0107473144122,0.00535924493731
40,1.01288525586,0.012802947237,0.00638102783721
41,1.01073971241,0.0106824513124,0.00532698667295
42,1.01294032198,0.0128573113688,0.00640803608654
43,1.01252002884,0.0124423013781,0.00620183939802
44,1.00971012009,0.00966327984445,0.00481998632627
45,1.01268380832,0.0126040426053,0.00628220521539
46,1.01014453352,0.0100934231117,0.00503399830277
47,1.0101027861,0.0100520940919,0.00501343760558
48,1.00855640779,0.00852000921512,0.00425094365906
49,1.00969092451,0.00964426868551,0.0048105265186
50,1.01068544601,0.0106287600866,0.00530028370781
51,1.0108524285,0.0107939635059,0.00538244421164
52,1.00790817351,0.00787706778868,0.00393078804216
53,1.01053242958,0.0104773499503,0.0052249770475
54,1.00763963113,0.00761059692322,0.00379806748833
55,1.00519391775,0.00518047588133,0.00258688616895
56,1.01120816182,0.011145815798,0.00555740805419
57,1.00835387071,0.00831917025328,0.00415094603492
58,1.01324985351,0.0131628419528,0.0065598108598
59,1.01198711452,0.0119158380969,0.00594020584416
60,1.0095178564,0.00947284697357,0.00472522432137
61,1.00909436894,0.00905326419463,0.00451640233952
62,1.00844598063,0.00841051289778,0.00419642673939
63,1.00847581691,0.00844009885592,0.00421115753185
64,1.01307358678,0.0129888650615,0.00647338928311
65,1.01015106021,0.0100998842314,0.0050372125948
66,1.01146835763,0.011403094513,0.00568532428259
67,1.01378322224,0.0136890975381,0.00682117819588
68,1.01098367532,0.0109237928429,0.005447007385
69,1.01155227442,0.0114860563938,0.00572656853496
70,1.01031482826,0.0102619934295,0.00511785563634
71,1.01094803626,0.010888540355,0.00542947699683
72,1.0126428209,0.0125635677309,0.00626209471042
73,1.01054732565,0.0104920906561,0.00523230886348
74,1.01218580711,0.0121121578726,0.00603777785316
75,1.01077904561,0.0107213658115,0.00534634008571
76,1.00518888763,0.00517547173733,0.00258439056641
77,1.00909935191,0.00905820224084,0.00451886020848
78,1.00859445143,0.00855772938872,0.0042697233956
79,1.00797460708,0.00794297794444,0.00396361303974
80,1.01199711147,0.0119257165776,0.0059451157323
81,1.00822112754,0.00818751815331,0.00408539106773
82,1.0123247098,0.0122493788865,0.00610597176569
83,1.00904219669,0.00900156080123,0.00449066706683
84,1.00976334476,0.00971599128163,0.00484621466502
85,1.0100374626,0.00998742184496,0.00498126307702
86,1.00876098645,0.00872283169366,0.00435191868478
87,1.00710491976,0.00707979873281,0.00353364130912
88,1.00907769329,0.00903673869804,0.00450817687513
89,1.01251024376,0.012432637244,0.00619703728707
90,1.01035561394,0.0103023618933,0.00513793636559
91,1.01182560566,0.0117562295923,0.00586087248002
92,1.01186121457,0.0117914217094,0.00587836525642
93,1.01174774137,0.0116792723734,0.00582261865282
94,1.01131299437,0.0112494810182,0.00560895127354
95,1.01069599279,0.0106391953065,0.00530547364943
96,1.01536672676,0.0152498543953,0.00759593118455
97,1.01151830958,0.0114524788761,0.00570987577798
98,1.01100637425,0.0109462449178,0.00545817221144
99,1.00417626126,0.00416756488079,0.00208161287299
100,1.00953188993,0.00948674809603,0.0047321420156
101,1.00861016026,0.00857330424018,0.00427747754098
102,1.00975262217,0.00970537231161,0.00484093089689
103,1.00769455453,0.00766510243152,0.00382521636474
104,1.005478647,0.00546369380356,0.00272811880367
105,1.00887630689,0.00883714405247,0.00440882449886
106,1.01030463625,0.0102519054249,0.00511283743583
107,1.01182871167,0.0117592992939,0.00586239833408
108,1.00797525069,0.00794361645666,0.00396393103039
109,1.00968075888,0.00963420057433,0.00480551666686
110,1.01006734323,0.0100170050977,0.00499598091358
111,1.00946287547,0.00941838292448,0.00469812060521
112,1.00582918287,0.00581225892448,0.00290191075571
113,1.01098993735,0.0109299868229,0.0054500875009
114,1.009999309,0.00994964669927,0.00496246941067
115,1.01082217657,0.0107640359111,0.00536756084467
116,1.01324787319,0.013160887528,0.00655884005723
117,1.00881497205,0.00877634700499,0.00437855953688
118,1.01188835925,0.0118182478299,0.00589169938037
119,1.00866722957,0.00862988476739,0.00430564639517
120,1.00569724434,0.00568107642343,0.00283650770023
121,1.01132677762,0.0112631099898,0.00561572751411
122,1.01100964181,0.0109494768953,0.00545977937856
123,1.01269276272,0.0126128848121,0.00628659853482
124,1.01009821006,0.0100475638058,0.00501118381609
125,1.00633718209,0.00631718658683,0.00315361018553
126,1.0074777587,0.00744993885824,0.00371804033672
127,1.01030720446,0.0102544474349,0.00511410194161
128,1.00952976229,0.00948464054354,0.00473109322542
129,1.01258763909,0.012509073382,0.0062350177915
130,1.01015390223,0.0101026976902,0.00503861223725
131,1.01095666788,0.0108970784709,0.00543372286695
132,1.00757493426,0.00754638851379,0.00376608470416
133,1.01548036881,0.015361770299,0.00765146252995
134,1.01505237625,0.0149402133827,0.00744227478992
135,1.00746742753,0.00743968431633,0.00371293211607
136,1.01122914639,0.0111665675634,0.00556772622038
137,1.00970382886,0.00965704910183,0.00481688596618
138,1.00716260523,0.00713707560418,0.00356217813822
139,1.00989733686,0.0098486790157,0.0049122348254
140,1.01186768219,0.0117978134919,0.00588154235595
141,1.01093903398,0.010879635525,0.00542504874622
142,1.01277817242,0.0126972204585,0.00632850038238
143,1.01194300597,0.0118722510681,0.00591854155166
144,1.00977836659,0.00973086775528,0.00485361682703
145,1.00889644177,0.00885710158761,0.00441875922223
146,1.00890454756,0.00886513586665,0.00442275860294
147,1.0088862034,0.00884695344381,0.00441370755861
148,1.01196522443,0.0118942070637,0.00592945451584
149,1.01168358733,0.0116158612386,0.00579109719516
150,1.0096754971,0.00962898922686,0.00480292351136
151,1.01070710015,0.0106501850519,0.00531093935423
152,1.00917584804,0.00913400571564,0.00455658995821
153,1.00955025323,0.00950493785037,0.00474119381335
154,1.0076077273,0.00757893448709,0.00378229627346
155,1.01252520275,0.0124474112925,0.00620437850654
156,1.00773445824,0.00770470066338,0.00384493954951
157,1.00815716688,0.00812407701456,0.00405379958824
158,1.01052400248,0.0104690106515,0.00522082917576
159,1.01482703074,0.0147181849104,0.00733208063573
160,1.0084793199,0.00844357240417,0.00421288699064
161,1.01068779655,0.0106310857705,0.00530144038571
162,1.01034178108,0.0102886707232,0.0051311259294
163,1.00940577605,0.00936181717087,0.00466997020668
164,1.00811527271,0.00808252096161,0.00403310557673
165,1.0110588641,0.0109981619874,0.00548398872501
166,1.00970149072,0.00965473342896,0.00481573370624
167,1.00951734672,0.00947234209722,0.00472497307599
168,1.0089772266,0.00893717084818,0.00445861615129
169,1.01213586311,0.0120628139384,0.00601325454741
170,1.0117878362,0.011718900863,0.00584231733165
171,1.00852616934,0.00849002684717,0.00423601608987
172,1.00629092814,0.00627122284725,0.00313070052835
173,1.00980753061,0.00975974893864,0.00486798722585
174,1.01271811738,0.012637921371,0.00629903803898
175,1.01231284153,0.0122376550419,0.00610014561904
176,1.00776731974,0.00773730941452,0.00386118110334
177,1.00907588814,0.00903494978514,0.00450728645065
178,1.01067635271,0.0106197628846,0.00529580894063
179,1.01160168729,0.011534903757,0.00575085205612
180,1.00939668204,0.00935280785574,0.00466548657563
181,1.0133229307,0.0132349609373,0.00659563316269
182,1.01170966504,0.0116416374494,0.00580391058171
183,1.00875684567,0.00871872686505,0.00434987520031
184,1.01477431892,0.0146662418759,0.00730629920898
185,1.00812420714,0.00809138342368,0.00403751892637
186,1.00878769338,0.00874930632486,0.00436509830542
187,1.00915131841,0.00910969881791,0.00454449181411
188,1.00812052887,0.00808773479039,0.00403570197378
189,1.00859155844,0.00855486104337,0.00426829534542
190,1.01019864939,0.010146994074,0.00506064858894
191,1.01106165783,0.0110009251521,0.00548536272984
192,1.00817180831,0.00813859987336,0.004061031555
193,1.01195599642,0.0118850881213,0.00592492206946
194,1.0106286779,0.0105725905761,0.00527234741744
195,1.01006363789,0.010013336679,0.00499415586621
196,1.01063912581,0.0105829285536,0.0052774891402
197,1.00911547008,0.00907417494585,0.00452681044003
198,1.01160898557,0.0115421183023,0.00575443857741
199,1.01092930541,0.0108700121788,0.00542026316518
200,1.01084951682,0.0107910830855,0.00538101175227
201,1.01151920023,0.011453359382,0.00571031351705
202,1.01166982373,0.0116022564906,0.00578433419136
203,1.01170078348,0.0116328586451,0.00579954664568
204,1.00992796047,0.00987900204112,0.00492732174682
205,1.00648142875,0.00646051461141,0.00322504563776
206,1.00793320461,0.00790190218405,0.00394315635368
207,1.01059850581,0.0105427353598,0.00525749840201
208,1.01036515677,0.0103118068707,0.00514263457936
209,1.01002370914,0.00997380497529,0.00497448853373
210,1.00806176804,0.00802944559202,0.00400667457051
211,1.00941148744,0.00936747532708,0.00467278606909
212,1.00844717793,0.00841170016954,0.00419701788394
213,1.00957301239,0.00952748145487,0.00475241211058
214,1.01239255781,0.0123163986207,0.00613927646448
215,1.01108463574,0.0110236514104,0.00549666346392
216,1.01026598245,0.0102136451438,0.00509380492253
217,1.00818393531,0.00815062851229,0.00406702143212
218,1.00560655987,0.00559090161339,0.00279154717241
219,1.01284077028,0.0127590266101,0.00635920741354
220,1.00760625227,0.00757747059195,0.00378156709407
221,1.00966836868,0.00962192908953,0.00479941039114
222,1.00722334672,0.00719738330384,0.00359222412166
223,1.01139754311,0.0113330804667,0.00565051567648
224,1.00820668782,0.00817319607356,0.00407825925797
225,1.01362328856,0.0135313258435,0.00674282735262
226,1.01118897926,0.0111268456785,0.00554797566207
227,1.01162444204,0.0115573972897,0.00576203408114
228,1.01203063034,0.0119588375447,0.00596157762555
229,1.01079481726,0.0107369691574,0.00535410001798
230,1.01043452981,0.0103804658665,0.00517678694695
231,1.00828773697,0.00825358225649,0.00411828762715
232,1.0109937832,0.0109337908597,0.0054519791513
233,1.00880203319,0.00876352111752,0.00437217465213
234,1.00751728631,0.00748917231618,0.00373758393821
235,1.00997020682,0.00992083221889,0.0049481335627
236,1.00715659348,0.00713110659286,0.00355920425946
237,1.01343862323,0.0133491258575,0.00665233750944
238,1.01054534841,0.0104901340527,0.00523133568006
239,1.0069156062,0.00689180307682,0.00343997123341
240,1.00326549881,0.00326017864993,0.00162876145098
241,1.01049361278,0.0104389369917,0.00520587073814
242,1.00845088259,0.0084153737924,0.00419884698456
243,1.01177348122,0.0117047130248,0.0058352648325
244,1.01046206233,0.0104077136918,0.00519034023921
245,1.01255244889,0.0124743200325,0.00621774931058
246,1.00736546564,0.00733847306342,0.00366251310914
247,1.00875766505,0.00871953913892,0.00435027957052
248,1.01163649921,0.0115693158419,0.00576795900199
249,1.00959221933,0.00954650608608,0.00476187917471
250,1.01247164464,0.0123945143149,0.00617809376655
251,1.00714630656,0.0071208927207,0.00355411548701
252,1.01232304528,0.0122477346301,0.00610515465702
253,1.01133293465,0.0112691980402,0.00561875444031
254,1.00943765534,0.00939339890897,0.00468568720875
255,1.0112067561,0.0111444256577,0.0055567168466
256,1.00926306991,0.00922043079076,0.00459960466457
257,1.01110973894,0.0110484790893,0.00550900899202
258,1.00912236071,0.00908100330329,0.00453020915761
259,1.01008608901,0.0100355638671,0.00500521389581
260,1.00943289251,0.0093886805928,0.00468333910217
261,1.01091331171,0.0108541912639,0.00541239555337
262,1.01108724665,0.0110262336941,0.00549794750797
263,1.00946493733,0.00942042545753,0.00469913707318
264,1.00779983442,0.00776957296505,0.00387725046129
265,1.01077038456,0.010712797088,0.00534207862049
266,1.00932765529,0.00928442135187,0.00463145226999
267,1.01128497004,0.0112217697959,0.0055951732824
268,1.00848927653,0.00845344526902,0.0042178026143
269,1.01101404692,0.0109538340235,0.00546194604584
270,1.01267010088,0.0125905067564,0.00627547978566
271,1.00950066059,0.00945581314022,0.00471674761294
272,1.00896982244,0.00892983254058,0.00445496335013
273,1.00868512406,0.00864762533852,0.00431447844925
274,1.008671151,0.00863377248805,0.00430758188404
275,1.01370626088,0.0136131796538,0.00678347746287
276,1.0092734061,0.00923067205863,0.00460470173256
277,1.00840881514,0.00837365800475,0.00417807645323
278,1.00631005035,0.00629022533185,0.00314017198011
279,1.00971505708,0.00966816934489,0.00482241928985
280,1.00900852397,0.0089681892759,0.00447405609579
281,1.00805345995,0.0080212039037,0.00400257022878
282,1.01089522711,0.010836301736,0.00540349916223
283,1.01099167847,0.0109317090133,0.00545094390267
284,1.00982821954,0.00978023671979,0.00487818119708
285,1.01022475744,0.010172838215,0.00507350518233
286,1.0100091718,0.00995941180197,0.00496732772064
287,1.0109188156,0.0108596357294,0.00541510304863
288,1.01036369214,0.0103103572588,0.00514191350056
289,1.00642093653,0.00640041013233,0.00319508986795
290,1.00655089466,0.00652953080131,0.00325944184905
291,1.0084890935,0.00845326378064,0.00421771225285
292,1.01203903073,0.0119671380391,0.00596570312217
293,1.00940338171,0.00935944513421,0.00466878972632
294,1.00970267258,0.00965590392595,0.00481631613617
295,1.01053936797,0.0104842160074,0.00522839213268
296,1.01208142736,0.0120090294508,0.00598652365407
297,1.0119229076,0.0118523897073,0.00590866959739
298,1.01102559943,0.0109652606151,0.0054676281197
299,1.0073872521,0.00736009999043,0.00367328690994
300,1.00992439342,0.00987547005601,0.00492556445433
301,1.00983658444,0.00978852017779,0.00488230271344
302,1.00944871376,0.00940435387064,0.00469113900889
303,1.01094532278,0.0108858562612,0.00542814223565
304,1.00952983125,0.00948470885025,0.00473112721719
305,1.00643610419,0.00641548091485,0.00320260115466
306,1.00976923206,0.00972182163636,0.00484911571058
307,1.00867276,0.00863536765306,0.00430837603058
308,1.0092604393,0.00921782431775,0.00459830742159
309,1.01292684975,0.0128440111602,0.00640142857438
310,1.01041838115,0.0103644838427,0.00516883727105
311,1.00857448182,0.00853792974977,0.00425986579682
312,1.01126559291,0.0112026087179,0.00558564630249
313,1.0087142422,0.00867649234456,0.00432884957552
314,1.0068799425,0.00685638369222,0.00342232230566
315,1.0080020127,0.00797016636879,0.00397715327768
316,1.01089971978,0.0108407459839,0.0054057092765
317,1.01042944885,0.0103754373626,0.0051742857076
318,1.00764070513,0.00761166278555,0.00379859839524
319,1.00835989893,0.00832514851532,0.00415392275377
320,1.01275059164,0.0126699872916,0.00631496987932
321,1.00743988335,0.0074123439275,0.00369931258507
322,1.0098704385,0.00982204390839,0.00489898260245
323,1.00762538323,0.00759645695169,0.00379102432995
324,1.01299297872,0.0129092940678,0.00643386054694
325,1.0096927729,0.00964609932758,0.00481143743604
326,1.01041025282,0.0103564392902,0.00516483577726
327,1.01102585543,0.0109655138296,0.00546775403466
328,1.01159592699,0.0115292095026,0.00574802129832
329,1.01085566226,0.0107971625451,0.00538403512066
330,1.00701719887,0.00699269290514,0.00349024135057
331,1.00793433327,0.0079030219638,0.00394371403567
332,1.00783023203,0.00779973486041,0.00389227282308
333,1.0122442187,0.0121698645792,0.00606645658257
334,1.0074673243,0.00743958185164,0.00371288107394
335,1.01307694822,0.0129921831083,0.00647503756563
336,1.00650333134,0.0064822759165,0.0032358911407
337,1.0116820693,0.0116143607311,0.00579035128591
338,1.0094440449,0.00939972870516,0.00468883727214
339,1.01247893131,0.0124017111962,0.00618166996927
340,1.00967022896,0.0096237715587,0.00480032720392
341,1.00847773807,0.00844200387084,0.0042121060277
342,1.00921967038,0.0091774286607,0.00457820226585
343,1.01061728839,0.0105613207833,0.00526674221439
344,1.01165494562,0.0115875498933,0.00577702339975
345,1.00982117646,0.00977326216857,0.00487471092698
346,1.00946466347,0.00942015416845,0.00469900206604
347,1.0094683395,0.00942379572332,0.00470081428599
348,1.00588453832,0.00586729205133,0.00292934709104
349,1.0106386616,0.0105824692309,0.00527726069089
350,1.00902143303,0.00898098299522,0.00448042431517
351,1.01161619051,0.0115492405392,0.00575797919736
352,1.00840452574,0.00836940436422,0.00417595851673
353,1.01212830802,0.0120553494061,0.00600954471741
354,1.0093712815,0.00932764346095,0.00465296300152
355,1.00987815405,0.00982968401886,0.00490278393604
356,1.01052451375,0.0104695165982,0.00522108082838
357,1.01227761536,0.0122028567225,0.0060828524463
358,1.01074443808,0.0106871267577,0.00532931193983
359,1.00508592213,0.00507303251042,0.00253330201608
360,1.00919710967,0.00915507380019,0.00456707594595
361,1.00803412794,0.00800202615698,0.00399301968977
362,1.01109601348,0.0110349043529,0.00550225899259
363,1.00706727817,0.00704242199808,0.00351501880573
364,1.01281932228,0.0127378503022,0.00634868653615
365,1.0080579289,0.00802563714431,0.00400477797446
366,1.0085425249,0.00850624400667,0.00424409028881
367,1.00603176021,0.00601364196729,0.00300230502479
368,1.01096924239,0.0109095166143,0.00543990812671
369,1.00970898777,0.00966215841158,0.00481942831232
370,1.01178587663,0.0117169641195,0.00584135461698
371,1.00777760819,0.00774751850775,0.0038662659274
372,1.00996787048,0.00991851894183,0.0049469826467
373,1.0123015831,0.0122265334887,0.00609461874861
374,1.01177871563,0.0117098865134,0.00583783647913
375,1.01238650822,0.0123104230714,0.00613630702815
376,1.00956846459,0.00952297677229,0.00475017047082
377,1.00990085924,0.00985216686225,0.0049139701806
378,1.00902972465,0.00898920045153,0.00448451462607
379,1.00647089036,0.00645004402692,0.00321982721591
380,1.00719194256,0.00716620387393,0.00357669028737
381,1.01015036035,0.0100991914089,0.00503686792846
382,1.01087192403,0.0108132495537,0.00539203528624
383,1.00974383134,0.00969666634478,0.00483659897654
384,1.00986132139,0.00981301587095,0.00489449068769
385,1.00908637933,0.00904534655493,0.00451246139149
386,1.00791634892,0.00788517902157,0.00393482770864
387,1.01111088082,0.0110496084212,0.00550957054708
388,1.00993884171,0.00988977625784,0.00493268229673
389,1.01471619217,0.01460895977,0.00727786700894
390,1.00700117323,0.00697677880911,0.00348231204303
391,1.01022296601,0.010171064912,0.00507262302885
392,1.00925409599,0.0092115391959,0.00459517930621
393,1.00795965823,0.00792814725221,0.0039562270578
394,1.00863393861,0.0085968793206,0.00428921459108
395,1.00860148494,0.00856470293979,0.00427319527751
396,1.01319626934,0.0131099570804,0.00653354153365
397,1.00840915744,0.00837399744547,0.00417824546447
398,1.0130897519,0.013004821439,0.00648131579432
399,1.00867730303,0.00863987161322,0.00431061830575
400,1.0080851284,0.00805261886272,0.00401821471513
401,1.0121725891,0.0120990989097,0.00603128777409
402,1.01157301189,0.0115065568195,0.00573675999704
403,1.00759275764,0.00756407773368,0.00377489596559
404,1.01012606761,0.010075142478,0.00502490395673
405,1.00829684856,0.00826261891784,0.00412278733988
406,1.01164015068,0.0115729252945,0.00576975331709
407,1.01050586666,0.0104510635438,0.00521190243125
408,1.00966218939,0.00961580895503,0.00479636500575
409,1.00714602715,0.00712061528968,0.00355397726451
410,1.00584506946,0.00582805331716,0.00290978500399
411,1.01084154591,0.0107831976928,0.00537709026388
412,1.00944285133,0.00939854630536,0.0046882488441
413,1.0082545245,0.00822064223748,0.00410188531081
414,1.00949121655,0.00944645794173,0.00471209206586
415,1.0115015706,0.0114359303721,0.00570164873692
416,1.01057332766,0.0105178209533,0.0052451066153
417,1.00886354974,0.00882449906123,0.00440252985812
418,1.00937549474,0.00933181757831,0.00465504034703
419,1.00818774042,0.00815440272137,0.00406890085998
420,1.00939142984,0.00934760453997,0.00466289705238
421,1.00981310176,0.00976526597009,0.00487073230937
422,1.01103010187,0.0109697139474,0.00546984260878
423,1.00919185244,0.00914986446149,0.00456448316894
424,1.00859913644,0.00856237445871,0.00427203601133
425,1.00943253384,0.00938832527368,0.00468316227464
426,1.01075253382,0.0106951364029,0.00533329541151
427,1.00993210169,0.0098831025466,0.00492936189522
428,1.00949386544,0.00944908192553,0.00471339787468
429,1.01217796938,0.0121044144716,0.00603392952168
430,1.01048835184,0.0104337306742,0.00520328112773
431,1.01069828986,0.0106414680581,0.00530660399558
432,1.01017594266,0.0101245163308,0.00504946653047
433,1.00944427128,0.00939995296704,0.00468894887731
434,1.00577329379,0.00575669219836,0.00287420763265
435,1.00917268049,0.00913086695275,0.00455502772657
436,1.00788388011,0.00785296471002,0.00391878380254
437,1.00880176332,0.00876325360363,0.00437204147998
438,1.01090131291,0.0108423219286,0.005406492989
439,1.00949966436,0.00945482629065,0.00471625651539
440,1.00519805676,0.00518459349516,0.00258893964786
441,1.01218681069,0.0121131493768,0.0060382706119
442,1.01033014685,0.0102771555095,0.00512539784909
443,1.01176711476,0.0116984206296,0.00583213698886
444,1.00587193816,0.00585476552225,0.00292310215422
445,1.01025688508,0.0102046401799,0.00508932536527
446,1.00833508097,0.00830053600493,0.0041416675424
447,1.01013362248,0.010082621588,0.00502862471385
448,1.01214874226,0.0120755385834,0.00601957859153
449,1.01105703776,0.0109963556159,0.00548309049192
450,1.01466056549,0.0145541383267,0.00725065540597
451,1.00978241108,0.00973487307272,0.00485560976361
452,1.00984266522,0.00979454171055,0.00488529877584
453,1.00808052147,0.00804804886608,0.00401593889582
454,1.01175510057,0.0116865460925,0.00582623432976
455,1.01181902201,0.0117497228719,0.00585763818207
456,1.01030547234,0.0102527329851,0.00511324910027
457,1.01082596581,0.0107677845816,0.00536942511758
458,1.00530362116,0.00528960648715,0.00264130883283
459,1.01295034884,0.0128672100903,0.00641295371941
460,1.01001166077,0.00996187610328,0.00496855375005
461,1.01257388741,0.0124954925543,0.00622826969308
462,1.00864106144,0.00860394115408,0.00429273035675
463,1.01223662686,0.0121623645459,0.00606272930825
464,1.01109473405,0.0110336389666,0.00550162978046
465,1.01063617299,0.0105800068094,0.00527603597678
466,1.01336101426,0.0132725430766,0.00661430011795
467,1.01218214908,0.012108543881,0.006035981766
468,1.00812607349,0.00809323473744,0.00403844084546
469,1.00790124002,0.00787018867935,0.00392736200176
470,1.01399665229,0.0138996036745,0.00692570781302
471,1.01009609106,0.0100454659878,0.00501014016285
472,1.01383101627,0.0137362406638,0.00684458869699
473,1.01106170602,0.01100097281,0.00548538642809
474,1.00774205975,0.00771224379467,0.00384869660663
475,1.00592965448,0.00591214326504,0.00295170675479
476,1.00670905468,0.00668664912851,0.00333774187799
477,1.00844052519,0.00840510314194,0.00419373320865
478,1.00879810257,0.00875962479345,0.0043702350059
479,1.01127914641,0.0112160111365,0.00559231005891
480,1.01032652171,0.0102735674331,0.00512361300442
481,1.00968833833,0.00964170732426,0.00480925199791
482,1.01423869667,0.0141382785216,0.0070442116693
483,1.01137502526,0.0113108161221,0.00563944634505
484,1.00563498623,0.0056191690876,0.00280564135492
485,1.00934043654,0.00929708440638,0.00463775445313
486,1.00993212254,0.00988312318795,0.00492937216502
487,1.01000816298,0.00995841297904,0.0049668307898
488,1.00923114913,0.00918880247642,0.0045838631218
489,1.01003324724,0.0099832483742,0.00497918673406
490,1.00683472743,0.00681147655811,0.00339994533073
491,1.0100168142,0.00996697844193,0.00497109224051
492,1.00954195895,0.00949672200307,0.00473710535777
493,1.01013987557,0.0100888119302,0.00503170431573
494,1.00719270061,0.00716695651484,0.00357706526177
495,1.00898744859,0.00894730184283,0.00446365905073
496,1.00840347362,0.00836836100966,0.00417543901782
497,1.00869364322,0.00865607110724,0.00431868310519
498,1.00826363682,0.00822967991224,0.00410638560227
499,1.00843067633,0.00839533666791,0.00418887043876
500,1.00989456748,0.00984593677164,0.0049108704377
501,1.0067939299,0.00677095516039,0.00337975331259
502,1.00766390992,0.00763469135627,0.00381006887642
503,1.01320263348,0.0131162383162,0.00653666162731
504,1.01082654554,0.0107683580936,0.00536971033381
505,1.01055457186,0.0104992612085,0.005235875374
506,1.01321032971,0.0131238342259,0.00654043474903
507,1.00939216599,0.00934833383509,0.00466325999956
508,1.01255824577,0.0124800450319,0.00622059400792
509,1.01208608792,0.0120136343595,0.00598881232209
510,1.01096738846,0.0109076828011,0.00543899620758
511,1.00871619134,0.00867842464145,0.00432981154119
512,1.01102849656,0.0109681261507,0.00546905305262
513,1.01041042554,0.010356610231,0.00516492080622
514,1.01314557441,0.013059921171,0.00650868672389
515,1.01089694509,0.0108380012024,0.00540434430354
516,1.00961964585,0.00957367166134,0.00477539719094
517,1.00998534039,0.00993581628043,0.00495558849397
518,1.00884095408,0.00880210167637,0.00439138040584
519,1.00711519965,0.00709000604642,0.00353872691845
520,1.01018848865,0.010136935866,0.00505564492291
521,1.01199902185,0.0119276043102,0.00594605398672
522,1.00855604869,0.00851965315698,0.00425076638676
523,1.00945608016,0.00941165129979,0.00469477060022
524,1.01174017893,0.0116717977134,0.00581890307695
525,1.01103248362,0.010972069714,0.00547101404857
526,1.00596552282,0.00594779953806,0.00296948210942
527,1.00775148567,0.00772159726168,0.00385335532991
528,1.00819370828,0.00816032209747,0.004071848501
529,1.01018803454,0.0101364863397,0.00505542129603
530,1.0061343178,0.00611557946305,0.00305311945396
531,1.00828290165,0.00824878666805,0.00411589970487
532,1.01094797451,0.0108884792745,0.00542944662238
533,1.01119935514,0.0111371066939,0.00555307769274
534,1.00707903899,0.00705410021606,0.00352083737315
535,1.01285260911,0.0127707152784,0.00636501456543
536,1.01242302485,0.0123464922696,0.00615423079978
537,1.0108482087,0.0107897890047,0.00538036819336
538,1.01095287574,0.010893327419,0.00543185753033
539,1.0076127609,0.00758393006305,0.00378478461096
540,1.00808079806,0.00804832324421,0.00401607553394
541,1.01173370173,0.0116653956522,0.0058157206677
542,1.00993080682,0.00988182040529,0.00492872398443
543,1.00927191892,0.00922919854154,0.0046039683663
544,1.01110827435,0.0110470305965,0.00550828873523
545,1.01194713652,0.011876332856,0.00592057036444
546,1.00790506152,0.00787398021684,0.00392925032335
547,1.01308551517,0.0130006394391,0.00647923834461
548,1.00858568857,0.0085490411575,0.00426539781877
549,1.01209432132,0.0120217694097,0.00599285547932
550,1.0082745727,0.00824052611195,0.00411178641814
551,1.00740601207,0.00737872222348,0.00368256378087
552,1.01411706538,0.0140183475965,0.00698466683089
553,1.00798216117,0.00795047223625,0.00396734532641
554,1.00787820286,0.00784733185378,0.00391597840744
555,1.01157893988,0.0115124169751,0.00573967326142
556,1.0086867221,0.00864920960951,0.00431526716678
557,1.01092358681,0.0108643553924,0.00541745009866
558,1.01083143139,0.010773191603,0.00537211410836
559,1.00848603792,0.00845023391356,0.00421620370772
560,1.01173539247,0.01166706678,0.00581655137185
561,1.00899318534,0.00895298747073,0.00446648917131
562,1.01054296282,0.0104877733549,0.00523016150525
563,1.01122695909,0.0111644045494,0.00556665073433
564,1.00993295692,0.00988394935821,0.00492978321381
565,1.00997115726,0.00992177327454,0.00494860176217
566,1.00713084008,0.00710553586696,0.00354646432079
567,1.0126043076,0.0125255345395,0.00624319701874
568,1.0127797388,0.0126987670778,0.0063292687978
569,1.01054069852,0.0104855326785,0.00522904702602
570,1.01021087822,0.0101590993774,0.0050666705921
571,1.01354539934,0.0134544805198,0.00670466303497
572,1.00853800052,0.00850175794487,0.00424185677503
573,1.01112845483,0.0110669891656,0.0055182130015
574,1.00843844373,0.00840303909802,0.00419270551419
575,1.00993387198,0.0098848554226,0.00493023401255
576,1.00944497586,0.00940065095461,0.00468929623462
577,1.01323315819,0.0131463648157,0.00655162630098
578,1.01174016865,0.0116717875533,0.00581889802645
579,1.00813349391,0.00810059531562,0.00404210626518
580,1.00700557164,0.00698114663357,0.00348448834781
581,1.0107255583,0.0106684475022,0.00532002204248
582,1.00971025692,0.00966341536353,0.00482005375921
583,1.01099800196,0.0109379637381,0.00545405421312
584,1.00911550184,0.00907420641589,0.00452682610382
585,1.01049524882,0.0104405560434,0.00520667604938
586,1.00783958158,0.00780901172151,0.00389689318888
587,1.00786719489,0.0078364098638,0.00391053878274
588,1.00857354636,0.00853700223623,0.00425940401549
589,1.00953733839,0.00949214509574,0.00473482774215
590,1.00985086652,0.00980266303684,0.00488933959323
591,1.0069320456,0.00690812943703,0.0034481062992
592,1.00745586028,0.00742820274216,0.00370721262772
593,1.00492221317,0.0049101386881,0.00245205812606
594,1.01051438474,0.010459493033,0.00521609520019
595,1.00783014085,0.0077996443887,0.00389222776329
596,1.01005566482,0.0100054430197,0.00499022873991
597,1.01314024621,0.0130546620872,0.00650607429343
598,1.0081852158,0.00815189860256,0.0040676538943
599,1.00926541741,0.0092227567367,0.00460076228765
600,1.00986559524,0.00981724797624,0.00489659638111
601,1.01070444563,0.0106475586498,0.00530963312665
602,1.00934111808,0.00929775963638,0.00463809050229
603,1.01326797374,0.0131807250683,0.0065686937229
604,1.00797704828,0.00794539983022,0.00396481918218
605,1.00643234802,0.00641174875521,0.00320074104941
606,1.00770251906,0.00767300610869,0.0038291530789
607,1.01050740243,0.0104525833421,0.00521265836961
608,1.0099017789,0.009853077507,0.00491442326543
609,1.00998642279,0.00993688798304,0.00495612168967
610,1.00766896349,0.0076397064728,0.00381256687759
611,1.01228291631,0.0122080933625,0.00608545483605
612,1.00578336446,0.00576670500692,0.00287919963498
613,1.00876509864,0.00872690815796,0.00435394804464
614,1.01045786631,0.0104035611099,0.00518827472274
615,1.00940388761,0.00935994631965,0.00466903914904
616,1.01300164693,0.0129178510601,0.00643811150672
617,1.00925143787,0.00920890544568,0.00459386848151
618,1.00921995828,0.00917771393128,0.00457834424811
619,1.0069523002,0.00692824439467,0.00345812904837
620,1.01369527897,0.0136023461701,0.00677809745081
621,1.01192640323,0.0118558441362,0.00591038660478
622,1.01016878555,0.0101174312928,0.00504594189308
623,1.00775477797,0.00772486423119,0.00385498251894
624,1.00705456023,0.00702979322835,0.00350872659618
625,1.01248354803,0.0124062710025,0.00618393577624
626,1.00919785678,0.00915581410409,0.00456744440732
627,1.01124668949,0.0111839157081,0.00557635196043
628,1.01272769169,0.0126473753955,0.00630373526449
629,1.01307890626,0.0129941158797,0.00647599769349
630,1.00783506486,0.0078045301325,0.00389466112401
631,1.01211858056,0.012045738467,0.00600476811506
632,1.01219449989,0.0121207459697,0.00604204596603
633,1.0101174914,0.0100666522027,0.00502068014151
634,1.00871196014,0.0086742299888,0.0043277232937
635,1.01033042716,0.0102774329544,0.00512553586048
636,1.01128598519,0.0112227736182,0.00559567238512
637,1.01000841931,0.00995866676965,0.00496695705483
638,1.01101451854,0.0109543005053,0.00546217801274
639,1.00756667281,0.00753818913463,0.00376200044599
640,1.010247037,0.0101948920311,0.00508447608479
641,1.00880545409,0.00876691216747,0.00437386276253
642,1.007582258,0.007553657165,0.00376970533601
643,1.01073788142,0.0106806397747,0.00532608572871
644,1.00630528841,0.00628549324587,0.00313781336411
645,1.00996911272,0.00991974892263,0.00494759459457
646,1.00727741886,0.0072510662253,0.00361896880291
647,1.00917952533,0.0091376495623,0.00455840357813
648,1.01272598087,0.0126456860828,0.00630289593228
649,1.01009473953,0.0100441279717,0.0050094745064
650,1.00702454734,0.00699999013917,0.00349387722639
651,1.01176350371,0.0116948515692,0.00583036286472
652,1.00917771565,0.00913585634115,0.00455751105427
653,1.00947166523,0.00942709025198,0.00470245380548
654,1.01177014744,0.0117014180304,0.00583362694754
655,1.0082681129,0.00823411930097,0.00410859617926
656,1.00892545381,0.00888585738439,0.00443307348524
657,1.00844458184,0.00840912582842,0.00419573611484
658,1.00906248031,0.00902166245276,0.0045006727074
659,1.00874814947,0.00871010612307,0.00434558356965
660,1.00718576945,0.00716007482918,0.00357363672116
661,1.01370015639,0.0136071576861,0.00678048689946
662,1.00947660448,0.00943198315121,0.0047048887478
663,1.01074653329,0.0106891996933,0.00533034288343
664,1.01291873792,0.0128360028207,0.00639745002906
665,1.01260447521,0.0125257000725,0.00624327926855
666,1.01248622908,0.0124089189952,0.00618525158423
667,1.00858187059,0.00854525566966,0.00426351314637
668,1.00642540132,0.00640484643083,0.00319730092756
669,1.00979503608,0.00974737568581,0.00486183069681
670,1.0109244671,0.0108652261728,0.00541788313004
671,1.00967120883,0.00962474204201,0.00480081011614
672,1.01257639317,0.0124979671968,0.00622949930718
673,1.00906494787,0.00902410785498,0.00450188990479
674,1.00604484981,0.00602665299529,0.00300879098616
675,1.00628553018,0.00626585862784,0.00312802681195
676,1.00717039312,0.00714480808285,0.00356603059787
677,1.00811598008,0.00808322263,0.00403345499591
678,1.00579860348,0.00578185628395,0.00288675343311
679,1.01039075656,0.0103371437118,0.00515523777098
680,1.01010663248,0.0100559019971,0.00501533201101
681,1.01202889546,0.0119571232843,0.00596072560479
682,1.0108392387,0.0107809152288,0.00537595516774
683,1.00712434748,0.00709908920766,0.00354325241738
684,1.01069619683,0.0106393971838,0.00530557405255
685,1.00897516497,0.00893512756456,0.00445759906407
686,1.00718804661,0.00716233573989,0.00357476313604
687,1.00919592691,0.00915390181828,0.00456649263109
688,1.00926691045,0.00922423607084,0.00460149855141
689,1.0103478864,0.0102947135305,0.00513413182532
690,1.00912693219,0.00908553344996,0.00453246396713
691,1.01156530092,0.0114989340367,0.00573297046345
692,1.00951519324,0.00947020892282,0.00472391152782
693,1.01036826678,0.0103148849651,0.0051441657106
694,1.00967792302,0.00963139190072,0.00480411907764
695,1.01239508433,0.0123188942139,0.00614051659973
696,1.01097875891,0.0109189298386,0.00544458912429
697,1.01312599707,0.0130405976619,0.0064990878083
698,1.00892325212,0.00888367517076,0.00443198721479
699,1.00718915041,0.00716343165957,0.00357530913691
700,1.00952508966,0.00948001201443,0.0047287899072
701,1.01172122458,0.011653063132,0.00580959024996
702,1.01168345687,0.0116157322794,0.00579103308896
703,1.00684502469,0.00682170387343,0.0034050415892
704,1.00585683779,0.00583975319425,0.00291561790342
705,1.01036731518,0.0103139431354,0.00514369721811
706,1.00991908108,0.00987020990322,0.00492294732911
707,1.01201614842,0.0119445276714,0.00595446531813
708,1.00640633585,0.0063859025045,0.0031878592044
709,1.01072210626,0.0106650320898,0.00531832341988
710,1.00587011717,0.00585295515707,0.00292219961717
711,1.00843766411,0.0084022660036,0.00419232058758
712,1.00908383314,0.00904282329218,0.00451120545238
713,1.00992182544,0.00987292730483,0.00492429934018
714,1.00871595064,0.00867818602234,0.00432969274821
715,1.00795222364,0.00792077134734,0.00395255368897
716,1.01311499859,0.0130297416156,0.00649369504772
717,1.00946832195,0.00942377833609,0.00470080563324
718,1.00834889674,0.00831423748097,0.00414848988357
719,1.01186265676,0.0117928469893,0.00587907370696
720,1.00939765129,0.0093537680821,0.00466596444874
721,1.01201422212,0.0119426242475,0.00595351927266
722,1.00709510625,0.00707005441212,0.00352878635341
723,1.01185750212,0.01178775277,0.0058765415687
724,1.01109259275,0.0110315211517,0.00550057669819
725,1.01218208468,0.0121084802559,0.00603595014544
726,1.0115361532,0.0114701191491,0.00571864551391
727,1.01054836663,0.0104931207731,0.00523282122689
728,1.00746636567,0.00743863033066,0.00371240707978
729,1.00899393725,0.00895373268052,0.0044668601119
730,1.00880163025,0.00876312169711,0.00437197581506
731,1.00969723631,0.00965051988481,0.00481363707761
732,1.01260349061,0.012524727723,0.00624279612899
733,1.01186991741,0.0118000224923,0.00588264035939
734,1.00957083398,0.0095253236993,0.00475133835949
735,1.0107470162,0.0106896774723,0.00533058049957
736,1.0099187202,0.00986985256983,0.00492276954196
737,1.00899254132,0.00895234918998,0.00446617145632
738,1.00991341816,0.00986460258307,0.00492015746739
739,1.00963425207,0.00958813860509,0.00478259609408
740,1.01104785436,0.0109872726107,0.00547857388053
741,1.00532627888,0.005312144425,0.0026525479736
742,1.00832583627,0.00829136767921,0.00413710235516
743,1.00716465155,0.00713910737587,0.00356319040478
744,1.01134116685,0.0112773379608,0.00562280152427
745,1.00811054031,0.00807782664138,0.00403076788022
746,1.01039256593,0.010338934476,0.00515612853677
747,1.00806423388,0.00803189170243,0.00400789272459
748,1.01304441313,0.0129600674724,0.00645908359455
749,1.01077180157,0.0107141990067,0.00534277583499
750,1.01284340075,0.0127616237325,0.00636049771608
751,1.00460925201,0.00459866193622,0.00229668953156
752,1.00783999727,0.00780942418582,0.00389709861735
753,1.00533074201,0.00531658389903,0.0026547618202
754,1.01375861463,0.013664824194,0.00680912423708
755,1.00932818538,0.00928494654307,0.00463171364935
756,1.0119234835,0.0118529588147,0.00590895246971
757,1.00989815824,0.00984949234428,0.00491263949197
758,1.01158724969,0.0115206316281,0.00574375700483
759,1.01008821849,0.0100376720792,0.00500626272525
760,1.00928781711,0.00924495055753,0.00461180808253
761,1.00992758214,0.00987862743421,0.00492713536626
762,1.00783915341,0.0078085868858,0.00389668159877
763,1.01001609581,0.00996626716941,0.00497073837209
764,1.00920306206,0.0091609719306,0.00457001153822
765,1.01203693636,0.0119650685817,0.00596467456583
766,1.01018792783,0.0101363807016,0.00505536874399
767,1.01036825642,0.0103148747194,0.00514416061413
768,1.01147130031,0.011406003824,0.00568677066685
769,1.01043422548,0.0103801646748,0.00517663713068
770,1.01134829182,0.0112843830069,0.0056263042347
771,1.00930810813,0.00926505464573,0.00462181371824
772,1.0126320735,0.0125529544544,0.00625682128885
773,1.00868478142,0.00864728564887,0.0043143093372
774,1.01074063545,0.0106833645477,0.00532744085806
775,1.01267917279,0.0125994651206,0.0062799308488
776,1.00896760667,0.00892763646325,0.00445387020259
777,1.01321597919,0.0131294100373,0.00654320441676
778,1.00476017609,0.00474888227564,0.00237162438231
779,1.01293399581,0.0128510659944,0.00640493340476
780,1.00947550762,0.00943089658806,0.00470434802216
781,1.00834121438,0.00830661869717,0.00414469628767
782,1.01178142978,0.0117125690587,0.00583916992073
783,1.00866786802,0.0086305177249,0.00430596151123
784,1.01544413806,0.0153260912258,0.00763375933397
785,1.01110379775,0.0110426031627,0.00550608720972
786,1.00991549891,0.00986666290483,0.00492118255919
787,1.00951805236,0.0094730410887,0.00472532092031
788,1.01251235601,0.0124347233933,0.00619807389721
789,1.00881997524,0.00878130645937,0.00438102840337
790,1.01160880251,0.011541937351,0.00575434862243
791,1.00892081758,0.00888126215508,0.00443078605345
792,1.00767445994,0.00764516107686,0.00381528377789
793,1.01185089497,0.0117812230271,0.00587329587813
794,1.00892229256,0.00888272408993,0.00443151378185
795,1.01055076139,0.0104954905313,0.00523399990503
796,1.00963069356,0.00958461405064,0.00478084224357
797,1.01005381607,0.010003612668,0.00498931813058
798,1.00840971071,0.00837454610269,0.00417851864683
799,1.01011537204,0.0100645540709,0.0050196363421
800,1.00674849951,0.00672583031897,0.00335726689362
801,1.00823689869,0.00820316058293,0.00409318029936
802,1.0103915904,0.0103379689783,0.00515564827695
803,1.01186309988,0.0117932849174,0.00587929138366
804,1.00983968785,0.00979159335533,0.00488383179894
805,1.0081428626,0.00810988837522,0.00404673400246
806,1.01120963343,0.0111472710953,0.00555813165877
807,1.00908318956,0.00904218550741,0.00451088799854
808,1.01045406611,0.0103998002355,0.00518640404
809,1.00882890669,0.00879015978533,0.00438543566326
810,1.0072539966,0.00722781291819,0.00360738415851
811,1.00942249549,0.00937838067651,0.00467821324983
812,1.01149878427,0.0114331757128,0.00570027925936
813,1.01200284145,0.0119313786158,0.00594792991664
814,1.00912064308,0.00907930120213,0.0045293619621
815,1.00860802499,0.00857118719369,0.00427642354499
816,1.01347252762,0.0133825801038,0.00666895321915
817,1.01215689013,0.012083588626,0.00602357937586
818,1.01301496526,0.0129309983678,0.00644464281718
819,1.01090044837,0.0108414667111,0.00540606769199
820,1.0113202817,0.0112566868041,0.00561253395159
821,1.00784597299,0.0078153534012,0.00390005166729
822,1.00803321957,0.0080011250326,0.00399257092658
823,1.00822590236,0.00819225402476,0.00408774932672
824,1.01145178722,0.0113867118521,0.00567717948914
825,1.01083653333,0.0107782388622,0.00537462417755
826,1.00986331957,0.00981499453226,0.00489547517559
827,1.00870009524,0.00866246750116,0.00432186748505
828,1.00934159178,0.00929822895851,0.00463832407495
829,1.00889833023,0.00885897339192,0.00441969098842
830,1.00932218495,0.00927900155482,0.00462875491858
831,1.00879828299,0.00875980363244,0.00437032403461
832,1.00918475523,0.00914283187221,0.00456098291822
833,1.00920924787,0.00916710131041,0.00457306221778
834,1.01082462724,0.0107664603424,0.00536876655297
835,1.01019646729,0.01014483401,0.00505957402202
836,1.01063322584,0.0105770906768,0.00527458560226
837,1.01069704985,0.0106402411799,0.00530599381157
838,1.01241874509,0.0123422650146,0.00615213017782
839,1.00813877011,0.0081058289287,0.0040447124909
840,1.00857351613,0.00853697226355,0.00425938909298
841,1.01006196452,0.010011679977,0.00499333165177
842,1.01019148667,0.0101399036472,0.00505712131035
843,1.01273509674,0.0126546873568,0.00630736819217
844,1.01087801131,0.0108192713465,0.00539502994329
845,1.00924684388,0.00920435355041,0.00459160298671
846,1.01030859467,0.0102558234659,0.00511478643829
847,1.01044189504,0.010387755013,0.00518041264642
848,1.00850264305,0.00846669918484,0.00422440159915
849,1.01164689869,0.0115795956473,0.00577306924484
850,1.01107292276,0.0110120667707,0.0054909029658
851,1.00929528399,0.00925234870087,0.00461549008798
852,1.00815314618,0.0081200888396,0.00405181358241
853,1.01319979937,0.0131134411311,0.00653527217589
854,1.01084566454,0.0107872721397,0.0053791165309
855,1.00939552514,0.00935166172507,0.00466491618376
856,1.01196133794,0.0118903665223,0.00592754562942
857,1.01186314324,0.0117933277693,0.00587931268365
858,1.01344600911,0.0133564137647,0.00665595721561
859,1.01097638708,0.0109165837568,0.00544342246942
860,1.00747124364,0.00744347214083,0.00371481899456
861,1.01340666701,0.0133175928928,0.00663667578756
862,1.00817783261,0.00814457533174,0.00406400714649
863,1.00826866452,0.00823466640136,0.00410886860551
864,1.00927462388,0.00923187865361,0.00460530225186
865,1.01115936848,0.0110975621129,0.00553341500491
866,1.00723605995,0.00721000527655,0.00359851241769
867,1.00918478401,0.0091428603959,0.00456099711502
868,1.01296428054,0.0128809635772,0.00641978633918
869,1.00896198287,0.00892206263054,0.00445109569494
870,1.01029743963,0.0102447821768,0.00510929401548
871,1.01120428496,0.0111419818998,0.00555550175654
872,1.01080229792,0.0107443698991,0.00535778056985
873,1.00708012296,0.00705517656781,0.00352137365405
874,1.00914905947,0.00910746035907,0.0045433776704
875,1.0075221623,0.00749401191709,0.00373999469154
876,1.0100981073,0.0100474620808,0.0050111332085
877,1.00912513888,0.00908375635906,0.00453157944859
878,1.00911320393,0.00907192926467,0.0045256926817
879,1.00786657413,0.00783579395367,0.0039102320319
880,1.01126110519,0.0111981709746,0.00558343982224
881,1.01215310877,0.0120798526763,0.00602172265114
882,1.00797298072,0.00794136444658,0.00396280948812
883,1.00692644608,0.00690256844571,0.00344533538714
884,1.01022223614,0.0101703424307,0.00507226362059
885,1.00857727581,0.0085406999776,0.00426124500938
886,1.00996998933,0.00992061687522,0.00494802642363
887,1.00793271278,0.00790141422377,0.00394291333556
888,1.01080570429,0.0107477398591,0.00535945652067
889,1.00900788582,0.00896755682533,0.00447374128526
890,1.01091149932,0.0108523984469,0.00541150399619
891,1.00908498644,0.00904396620789,0.00451177433211
892,1.00960804848,0.00956218472545,0.00476968113392
893,1.00622127026,0.00620199804889,0.00309619589309
894,1.00647379485,0.00645292983878,0.0032212654749
895,1.00794836835,0.00791694646704,0.00395064880602
896,1.01132833858,0.011264653468,0.00561649491906
897,1.01171097185,0.0116429291305,0.00580455267366
898,1.013926792,0.0138307053288,0.0068914966358
899,1.01186496243,0.0117951256237,0.00588020632537
900,1.00981578753,0.00976792563785,0.0048720556651
901,1.00891985431,0.00888030740178,0.00443031079184
902,1.00865871441,0.00862144273415,0.00430144354388
903,1.0101331307,0.0100821347422,0.00502838251501
904,1.01111557887,0.0110542548396,0.00551188095368
905,1.0101835639,0.0101320607753,0.00505321969794
906,1.00830225342,0.00826797928635,0.00412545647072
907,1.00845103257,0.00841552251755,0.0041989210349
908,1.01104009244,0.0109795954762,0.00547475633582
909,1.01137912091,0.0113148657036,0.00564145971508
910,1.00715021737,0.00712477576674,0.00355605010776
911,1.01100011248,0.0109400512983,0.00545509229984
912,1.00535775383,0.0053434521301,0.00266816018136
913,1.01002643541,0.0099765041857,0.00497583142444
914,1.01039589207,0.0103422264026,0.00515776601196
915,1.01207824283,0.0120058829213,0.00598495980647
916,1.01195887262,0.011887930339,0.00592633475735
917,1.01394285852,0.013846551039,0.00689936485937
918,1.01170661262,0.0116386203543,0.00580241078848
919,1.00967425198,0.00962775603941,0.00480230987889
920,1.01079839562,0.0107405092899,0.00535586060553
921,1.0093669604,0.00932336246567,0.00465083246126
922,1.00896007657,0.00892017326642,0.0044501552173
923,1.00822154616,0.00818793335367,0.00408559781976
924,1.01145712668,0.0113919908416,0.00567980399556
925,1.00923034951,0.00918801017038,0.00458346878461
926,1.00998160797,0.00993212075683,0.00495374988722
927,1.0098802912,0.00983180026382,0.00490383687021
928,1.01089262828,0.0108337309154,0.00540222069685
929,1.01315991178,0.0130740724169,0.00651571626895
930,1.01003284043,0.00998284560626,0.00497898635279
931,1.00788737278,0.00785643005495,0.00392050968354
932,1.00725026634,0.00722410951572,0.00360553913536
933,1.01340395447,0.013314916228,0.00663534633635
934,1.01008901518,0.0100384608091,0.00500665511586
935,1.01224383007,0.0121694806531,0.00606626578405
936,1.00748313647,0.00745527670515,0.00372069933346
937,1.01133480013,0.0112710426193,0.0056196715473
938,1.0125789994,0.0125005410579,0.00623077822
939,1.01299490809,0.0129111986857,0.00643480672839
940,1.00884875642,0.00880983560363,0.00439523038071
941,1.00909739515,0.00905626312923,0.0045178950335
942,1.01024569832,0.0101935669361,0.00508381690578
943,1.01274602105,0.0126654742402,0.00631272760099
944,1.00769428835,0.00766483827708,0.00382508479273
945,1.01207355195,0.0120012480131,0.00598265621962
946,1.01196460826,0.0118935981754,0.0059291518768
947,1.01010400206,0.0100532978918,0.00501403648776
948,1.00579501933,0.00577829279761,0.00288497683181
949,1.00975947937,0.00971216325314,0.00484430992468
950,1.01012080589,0.0100699334908,0.00502231254707
951,1.00940410186,0.00936015857653,0.00466914478196
952,1.00720382106,0.00717799748633,0.0035825659852
953,1.01000497136,0.0099552529776,0.00496525863543
954,1.00842632453,0.00839102124016,0.00418672176095
955,1.01029695897,0.0102443064245,0.0051090573547
956,1.00794868938,0.00791726496206,0.00395080742438
957,1.01008218088,0.0100316947468,0.00500328901666
958,1.00680700389,0.00678394083663,0.00338622418551
959,1.01118266703,0.0111206032713,0.00554487176999
960,1.0149541989,0.0148434872404,0.00739427048921
961,1.00900587944,0.00896556834697,0.00447275149356
962,1.0099574367,0.00990818808657,0.00494184275908
963,1.01112766291,0.0110662059681,0.00551782356359
964,1.01301562384,0.0129316484831,0.0064449657799
965,1.0076895502,0.00766013630309,0.00382274279571
966,1.01016926286,0.010117903801,0.00504617695503
967,1.00735862747,0.00733168486524,0.00365913143524
968,1.01000356013,0.00995385572434,0.00496456347742
969,1.01396264809,0.0138660682852,0.00690905610691
970,1.01115302652,0.0110912901259,0.00553029635929
971,1.00733212349,0.00730537414979,0.00364602412848
972,1.00968776774,0.00964114220322,0.00480897079625
973,1.01199423626,0.0119228754549,0.00594370361535
974,1.00934376488,0.00930038194215,0.00463939557308
975,1.01173365616,0.0116653506098,0.00581569827748
976,1.0098477068,0.00979953413432,0.00488778278988
977,1.00897676274,0.00893671112032,0.00445838731221
978,1.00717496223,0.00714934464828,0.00356829078926
979,1.0086659361,0.0086286024124,0.00430500797815
980,1.01180255578,0.0117334488488,0.00584954880129
981,1.0089104746,0.00887101057595,0.00442568296209
982,1.00956167918,0.00951625565001,0.0047468258673
983,1.00859177232,0.0085550731013,0.00426840092182
984,1.01126313185,0.0112001750651,0.00558443627215
985,1.00801015545,0.00797824444986,0.00398117624621
986,1.0146830982,0.0145763452191,0.00726167828371
987,1.00770231259,0.00767280122008,0.00382905102687
988,1.0075134971,0.00748541137316,0.00373571049336
989,1.00798784313,0.00795610918638,0.00397015261566
990,1.00618112811,0.00616210329875,0.00307631008067
991,1.01235359169,0.012277908743,0.00612014949155
992,1.01159822391,0.0115314800857,0.00574915006357
993,1.00670401622,0.0066816442308,0.00333524777855
994,1.00947995923,0.00943530639446,0.00470654255031
995,1.00834060447,0.00830601383266,0.00414439510886
996,1.00944508876,0.0094007628029,0.00468935189652
997,1.00894178514,0.00890204410988,0.00444113093691
998,1.00889174044,0.00885244169729,0.00441643956983
999,1.00731404786,0.00728742992702,0.00363708468953
1000,1.01136982475,0.0113056740939,0.00563688982676
1001,1.0083841609,0.00834920904424,0.00416590297338
1002,1.01127224311,0.0112091848113,0.00558891597796
1003,1.00708747115,0.0070624730705,0.00352500905191
1004,1.01105533564,0.0109946721112,0.00548225335464
1005,1.01233558262,0.0122601192813,0.00611130915849
1006,1.01022717513,0.0101752314369,0.00507469572153
1007,1.00939249679,0.00934866155937,0.00466342309756
1008,1.00611507867,0.00609645744758,0.00304358759155
1009,1.01278867873,0.0127075941512,0.00633365439038
1010,1.01117040508,0.0111084768571,0.00553884216431
1011,1.00734302737,0.00731619860428,0.00365141660803
1012,1.00880272606,0.00876420794265,0.00437251656317
1013,1.01022640387,0.0101744679758,0.00507431592808
1014,1.0081887551,0.00815540916268,0.00406940203296
1015,1.00913948951,0.00909797712026,0.00453865758277
1016,1.01049952113,0.0104447839706,0.00520877900403
1017,1.01214414891,0.0120710003532,0.00601732313297
1018,1.01048199295,0.0104274377643,0.00520015103973
1019,1.0103189511,0.0102660741728,0.00511988556358
1020,1.01098972238,0.010929774191,0.00544998176438
1021,1.01023603798,0.0101840045195,0.00507905999292
1022,1.00935637269,0.00931287296046,0.00464561208743
1023,1.00957916489,0.00953357559696,0.00475544469607
1024,1.0122487559,0.0121743468856,0.00606868413744
1025,1.00729309603,0.0072666300038,0.00362672249958
1026,1.01031875043,0.0102658755487,0.00511978676
1027,1.01217270598,0.0120992143917,0.00603134516681
1028,1.01040798435,0.0103541941934,0.00516371902598
1029,1.00949329741,0.00944851923855,0.00471311785723
1030,1.00672676583,0.00670424209625,0.00334650896291
1031,1.00683460647,0.00681135642206,0.00339988546693
1032,1.00862583317,0.00858884323371,0.00428521377385
1033,1.00957184827,0.00952632837607,0.00475183831097
1034,1.01132497306,0.0112613256414,0.00561484034971
1035,1.00722975109,0.00720374172966,0.00359539190909
1036,1.00836551597,0.00833071897246,0.00415669640886
1037,1.00792903422,0.00789776461244,0.00394109572329
1038,1.01161769001,0.0115507228174,0.00575871606869
1039,1.0109950677,0.0109350613891,0.00545261095238
1040,1.01100003178,0.0109399714745,0.00545505260568
1041,1.00788373786,0.00785282357373,0.00391871351093
1042,1.00930883251,0.00926577234726,0.0046221709104
1043,1.01038216328,0.010328638767,0.00515100721211
1044,1.00828674559,0.00825259902565,0.00411779803622
1045,1.01040825321,0.0103544602837,0.00516385138412
1046,1.01109796966,0.0110368390599,0.00550322102299
1047,1.01002251943,0.00997262706596,0.00497390250864
1048,1.00991910313,0.00987023173768,0.00492295819259
1049,1.01183144593,0.0117620015915,0.005863741561
1050,1.01108519684,0.0110242063544,0.00549693941067
1051,1.01010266565,0.0100519748442,0.0050133782806
1052,1.0096338106,0.00958770134738,0.00478237851082
1053,1.00833019497,0.00829569038282,0.0041392547629
1054,1.01077465516,0.0107170221784,0.00534417987805
1055,1.00921747903,0.00917525732086,0.00457712156576
1056,1.00886767527,0.00882858833962,0.00440456549365
1057,1.00897585979,0.00893581619682,0.00445794184532
1058,1.00968332865,0.00963674569792,0.00480678311253
1059,1.00667088278,0.00664873090379,0.00331884586713
1060,1.00632597445,0.00630604945775,0.00314805916662
1061,1.00934549702,0.00930209804746,0.00464024964452
1062,1.01510878046,0.014995779616,0.0074698507539
1063,1.01021856732,0.0101667107264,0.00507045697729
1064,1.00817664741,0.0081433997403,0.0040634217394
1065,1.0117434241,0.0116750052208,0.00582049749725
1066,1.01208191132,0.0120095076316,0.00598676131311
1067,1.00829631266,0.00826208742365,0.00412252268836
1068,1.00670875105,0.00668634752327,0.0033375915787
1069,1.01335732685,0.0132689042789,0.00661249275154
1070,1.01395992041,0.0138633781642,0.0069077203386
1071,1.00884351099,0.00880463617636,0.00439264209005
1072,1.01279680453,0.0127156173193,0.00633764055845
1073,1.00915653943,0.00911487247715,0.00454706688458
1074,1.00992189344,0.00987299463819,0.00492433284107
1075,1.01219653584,0.0121227573886,0.00604304559845
1076,1.01057229356,0.0105167976723,0.00524459765828
1077,1.00907733257,0.00903638122079,0.00450799894228
1078,1.01025029193,0.010198113945,0.00508607884961
1079,1.00989376543,0.00984514258161,0.00491047529269
1080,1.01087403175,0.0108153345992,0.00539307218715
1081,1.01008577402,0.0100352520199,0.0050050587526
1082,1.0069038212,0.0068800989443,0.00343413928102
1083,1.00573662818,0.00572023639134,0.00285603195426
1084,1.01237955812,0.0123035579755,0.00613289553752
1085,1.01120904492,0.0111466891119,0.00555784228437
1086,1.01115375888,0.0110920144125,0.00553065649975
1087,1.00798297209,0.00795127673901,0.00396774598184
1088,1.00795657605,0.00792508940581,0.0039547041822
1089,1.0137405378,0.0136469925468,0.00680026908295
1090,1.00782672944,0.0077962594726,0.00389054189125
1091,1.01001240847,0.00996261639572,0.00496892205711
1092,1.01134808116,0.0112841747124,0.00562620067342
1093,1.01141445461,0.0113498012468,0.00565882879124
1094,1.00646321821,0.00644242117888,0.00321602805678
1095,1.00886946245,0.00883035981119,0.00440544732776
1096,1.00858007025,0.00854347065436,0.00426262444354
1097,1.01011165543,0.0100608746739,0.00501780587651
1098,1.01140722141,0.0113426496509,0.00565527322175
1099,1.01247730976,0.0124001096383,0.00618087414016
1100,1.00963504694,0.00958892589327,0.00478298785545
1101,1.00889720885,0.0088578619046,0.00441913770082
1102,1.01128149522,0.0112183337445,0.00559346486783
1103,1.00725581596,0.00722961917117,0.00360828402667
1104,1.0078777005,0.0078468334226,0.00391573016775
1105,1.01112857412,0.011067107148,0.00551827166717
1106,1.00873565555,0.00869772047119,0.00433941763606
1107,1.01236104807,0.0122852741083,0.00612380962889
1108,1.008294279,0.0082600704901,0.00412151837851
1109,1.00812762111,0.00809476988377,0.00403920531853
1110,1.00663401824,0.00661210997612,0.00330059600582
1111,1.0101908423,0.010139265781,0.00505680399012
1112,1.00981280181,0.00976496892853,0.00487058451198
1113,1.00839631557,0.00836126258505,0.00417190461876
1114,1.00854270632,0.00850642389184,0.00424417984967
1115,1.0119985991,0.0119271865718,0.00594584635947
1116,1.00925213494,0.00920959611821,0.00459421223129
1117,1.00741992387,0.00739253164769,0.00368944304218
1118,1.00811802942,0.00808525547693,0.00403446731917
1119,1.0113978555,0.011333389334,0.00565066923745
1120,1.01038263654,0.0103291071655,0.00515124020499
1121,1.00872718737,0.00868932559971,0.00433523840598
1122,1.00842724645,0.00839193545337,0.00418717695367
1123,1.00972446028,0.00967748202536,0.00482705316447
1124,1.00998903361,0.00993947297868,0.00495740778089
1125,1.0092684392,0.00922575078601,0.00460225242373
1126,1.0109716116,0.0109118601193,0.00544107350428
1127,1.01501583797,0.0149042162821,0.007424410029
1128,1.01095878388,0.01089917153,0.0054347637094
1129,1.00828588839,0.0082517488741,0.00411737471074
1130,1.0107282401,0.0106711008412,0.00532134165321
1131,1.00852271978,0.00848660644705,0.00423431313279
1132,1.00982982701,0.00978182855325,0.00487897323087
1133,1.00991569742,0.00986685946685,0.00492128035654
1134,1.00891991224,0.00888036482212,0.00443033937482
1135,1.0125237234,0.0124459502466,0.00620365251575
1136,1.00421045561,0.00420161644198,0.00209860306787
1137,1.00897541552,0.00893537587955,0.00445772266811
1138,1.00978205438,0.00973451982249,0.0048554339961
1139,1.01037431357,0.0103208696896,0.00514714267521
1140,1.01041301517,0.0103591731746,0.00516619565849
1141,1.009592455,0.00954673951609,0.00476199533393
1142,1.01051964282,0.010464696385,0.00521868330226
1143,1.01519379097,0.0150795213292,0.00751140797141
1144,1.01012273905,0.0100718472801,0.00502326463545
1145,1.01134731552,0.0112834176628,0.00562582427816
1146,1.01024625781,0.0101941207445,0.00508409240223
1147,1.01549137867,0.0153726122665,0.00765684202068
1148,1.01042446508,0.0103705050217,0.00517183229482
1149,1.01037362451,0.0103201877085,0.0051468034397
1150,1.00785293888,0.00782226504028,0.00390349400301
1151,1.01056454107,0.0105091262521,0.00524078205763
1152,1.01062786947,0.010571790646,0.00527194956107
1153,1.00847174064,0.00843605683558,0.00420914503044
1154,1.00616931662,0.00615036429537,0.00307045861821
1155,1.00894344695,0.00890369119118,0.00444195081977
1156,1.01145526715,0.0113901523801,0.00567888998546
1157,1.00839779919,0.00836273385522,0.00417263718458
1158,1.00984552505,0.00979737366101,0.00488670783261
1159,1.01107314533,0.0110122869028,0.00549101242748
1160,1.00780117817,0.00777090631296,0.00387791455016
1161,1.00967456868,0.00962806970912,0.00480246596057
1162,1.00747813192,0.00745030930831,0.00371822487306
1163,1.00974691823,0.00969972344691,0.00483812013345
1164,1.00723983685,0.00721375504439,0.00360038055307
1165,1.00911780431,0.00907648808147,0.00452796177161
1166,1.00857570241,0.00853913995381,0.00426046832101
1167,1.01088811829,0.0108292695119,0.00540000204338
1168,1.00913311107,0.00909165642166,0.00453551157225
1169,1.00577760274,0.00576097640568,0.00287634357716
1170,1.00760959683,0.00758078989697,0.00378322046912
1171,1.00777000643,0.0077399753865,0.00386250894155
1172,1.00808626892,0.00805375023438,0.00401877812776
1173,1.01057499603,0.0105194718601,0.00524592773878
1174,1.00758030848,0.00755172230963,0.00376874155478
1175,1.01227341378,0.0121987060966,0.00608078975505
1176,1.00994463584,0.00989551335081,0.00493553668949
1177,1.01295683368,0.0128736119963,0.0064161341398
1178,1.00694366783,0.00691967158473,0.00345385745718
1179,1.0114949897,0.0114294242793,0.00569841423298
1180,1.01013265922,0.0100816679951,0.00502815031491
1181,1.0109975885,0.0109375547739,0.00545385084626
1182,1.0083758562,0.00834097336061,0.00416180227765
1183,1.00826506637,0.00823109774766,0.00410709160864
1184,1.00977883152,0.00973132818272,0.00485384592335
1185,1.01317738859,0.0130913220712,0.00652428486223
1186,1.00916258416,0.00912086234709,0.00455004819692
1187,1.01061862967,0.0105626479683,0.00526740231173
1188,1.00937437125,0.00933070451917,0.00465448640798
1189,1.00979165256,0.00974402498351,0.00486016348953
1190,1.01053369545,0.0104786026329,0.00522560011597
1191,1.01131410508,0.0112505793024,0.00560949733538
1192,1.01094179977,0.0108823713884,0.0054264092559
1193,1.00687180045,0.00684829724383,0.00341829291054
1194,1.01047577625,0.0104212855303,0.00519709091433
1195,1.00787460914,0.00784376621752,0.00391420256921
1196,1.01013323707,0.0100822400475,0.00502843490291
1197,1.0130680351,0.0129833850094,0.00647066699057
1198,1.00725883261,0.00723261409005,0.00360977608173
1199,1.0113849507,0.0113206298838,0.00564432554187
1200,1.0107032558,0.0106463814245,0.00530904763914
1201,1.01145915388,0.0113939950849,0.00568080042488
1202,1.01036420171,0.0103108616066,0.00514216437777
1203,1.01048212364,0.0104275671008,0.0052002153717
1204,1.01018535239,0.010133831236,0.00505410045466
1205,1.01019655466,0.0101449204909,0.00505961704369
1206,1.00728855197,0.00726211883211,0.00362447509158
1207,1.01023954932,0.0101874802716,0.00508078904067
1208,1.00753276636,0.00750453675629,0.00374523741592
1209,1.01139001663,0.0113256387724,0.00564681584715
1210,1.01097707419,0.0109172634089,0.00544376044564
1211,1.0115754851,0.0115090017297,0.00573797543845
1212,1.00792327177,0.00789204747922,0.0039382484185
1213,1.01159227283,0.0115255972267,0.00574622554045
1214,1.00968486917,0.00963827144229,0.00480754231747
1215,1.01037216582,0.0103187439877,0.00514608529435
1216,1.00977218844,0.00972474940763,0.0048505724966
1217,1.00714356959,0.00711817516409,0.00355276153704
1218,1.00944678592,0.0094024440789,0.00469018859212
1219,1.01066440832,0.0106079445986,0.00528993107395
1220,1.01029598372,0.0102433411074,0.00510857716193
1221,1.00808319325,0.00805069922745,0.00401725875379
1222,1.00901114727,0.00897078914654,0.00447535021428
1223,1.0097730987,0.00972565086668,0.00485102103973
1224,1.01026230912,0.0102100091346,0.00509199617688
1225,1.0120793485,0.0120069754031,0.00598550277801
1226,1.01104226003,0.0109817393913,0.00547582242411
1227,1.01197342477,0.0119023104101,0.00593348215663
1228,1.00866797892,0.00863062767709,0.00430601625059
1229,1.00884298214,0.00880411195711,0.00439238113175
1230,1.00893450812,0.00889483155377,0.00443754066834
1231,1.00973542021,0.00968833634363,0.00483245411177
1232,1.014367716,0.0142654784877,0.00710736163241
1233,1.0097011914,0.00965443698293,0.00481558619702
1234,1.00911210061,0.00907083590247,0.00452514847456
1235,1.01344670023,0.0133570957148,0.00665629592107
1236,1.0115807018,0.0115141587204,0.00574053913518
1237,1.01037551143,0.0103220552528,0.00514773240547
1238,1.01179217257,0.011723186707,0.00584444773178
1239,1.01169061101,0.0116228037739,0.00579454835437
1240,1.00976716826,0.00971977779835,0.00484809874646
1241,1.00791412108,0.00788296868012,0.00393372688597
1242,1.01043706577,0.0103829756351,0.00517803533419
1243,1.01091541394,0.0108562707967,0.00541342969161
1244,1.01214999949,0.0120767807171,0.00602019591961
1245,1.0108469559,0.0107885496473,0.00537975184856
1246,1.01245004905,0.012373184507,0.00616749469486
1247,1.00845655306,0.00842099672951,0.00420164664426
1248,1.00929324997,0.00925033340379,0.00461448708973
1249,1.01232638474,0.0122510334376,0.00610679398956
1250,1.01102492805,0.010964596558,0.0054672979065
1251,1.0101855745,0.0101340511001,0.0050542098311
1252,1.01208558138,0.012013133867,0.0059885635745
1253,1.00954180351,0.00949656802874,0.0047370287353
1254,1.00791768242,0.00788650204649,0.00393548661795
1255,1.01228244666,0.0122076294164,0.00608522427462
1256,1.0089783868,0.00893832072572,0.00445918852646
1257,1.01265835822,0.0125789109475,0.00626971824914
1258,1.00950568091,0.00946078620859,0.00471922241569
1259,1.00573674965,0.00572035716191,0.00285609216708
1260,1.00943152319,0.00938732406953,0.00468266401684
1261,1.01039340113,0.0103397610807,0.005156539708
1262,1.01199106736,0.0119197441061,0.00594214724563
1263,1.00966292161,0.00961653417359,0.00479672587576
1264,1.00711256789,0.00708739287978,0.00353742495793
1265,1.00894669216,0.00890690762777,0.00444355189315
1266,1.00948948819,0.00944474583311,0.00471124004499
1267,1.01307157441,0.0129868786527,0.00647240250759
1268,1.00921386557,0.00917167685562,0.00457533952566
1269,1.01121992103,0.0111574446047,0.00556319012772
1270,1.01248396015,0.0124066780484,0.0061841380406
1271,1.00948450932,0.00943981374472,0.00470878561589
1272,1.01250915283,0.0124315597933,0.00619650190009
1273,1.00818671208,0.00815338273394,0.00406839294125
1274,1.00904433035,0.00900367534216,0.00449171958888
1275,1.00720278233,0.00717696618038,0.00358205217945
1276,1.01101492448,0.0109547020254,0.00546237767618
1277,1.01082957176,0.0107713519027,0.00537119919932
1278,1.01263204874,0.012552929999,0.00625680913766
1279,1.01174595395,0.0116775057082,0.00582174046315
1280,1.00910248098,0.00906130308785,0.00452040362464
1281,1.01037039001,0.0103169864061,0.0051452110255
1282,1.00967782964,0.00963129940909,0.00480407305399
1283,1.00986397407,0.0098156426402,0.00489579764311
1284,1.01299931655,0.0129155505909,0.00643696867682
1285,1.00561670046,0.00560098561839,0.00279657508724
1286,1.00891008352,0.00887062294623,0.00442549000497
1287,1.01011390783,0.0100631045231,0.005018915206
1288,1.01056487223,0.01050945395,0.00524094504788
1289,1.01133455029,0.011270795579,0.00561954872129
1290,1.00781830252,0.00778789796844,0.00388637739586
1291,1.00735925993,0.00733231270586,0.00365944420683
1292,1.00823208222,0.0081983834408,0.00409080150231
1293,1.01048251296,0.0104279523764,0.00520040700775
1294,1.00785526216,0.00782457021131,0.00390464208875
1295,1.01067967663,0.0106230516813,0.00529744462923
1296,1.00969853449,0.00965180559722,0.00481427683914
1297,1.0091776486,0.00913578990258,0.00455747798638
1298,1.00772978937,0.0077000676141,0.0038426319291
1299,1.01058847364,0.010532808348,0.00525256097949
1300,1.0082166399,0.00818306709269,0.00408317462711
1301,1.01047939595,0.0104248676961,0.00519887268717
1302,1.00776547457,0.00773547846435,0.00386026916266
1303,1.01015762669,0.010106384708,0.0050404464557
1304,1.00818498033,0.00815166504406,0.00406753759007
1305,1.01160996729,0.0115430887559,0.0057549210119
1306,1.01107150745,0.0110106669658,0.00549020690618
1307,1.01123211359,0.011169501809,0.00556918517356
1308,1.00853889598,0.00850264581758,0.00424229882818
1309,1.00960461597,0.00955878487645,0.00476798931609
1310,1.00987098853,0.00982258856099,0.00489925359459
1311,1.00942145496,0.00937734986208,0.00467770025367
1312,1.00966480983,0.00961840431954,0.00479765646301
1313,1.00996798827,0.00991863556791,0.00494704067127
1314,1.01132822338,0.0112645395522,0.00561643828107
1315,1.00969923049,0.00965249490798,0.00481461983519
1316,1.01099731781,0.0109372870303,0.00545371770457
1317,1.00942832739,0.00938415811901,0.00468108845287
1318,1.00932082874,0.00927765786438,0.00462808618294
1319,1.01008234807,0.0100318602758,0.00500337136709
1320,1.00782036295,0.00778994241222,0.00388739564448
1321,1.00807830516,0.00804585032283,0.0040148440382
1322,1.01241706171,0.0123406022822,0.00615130392596
1323,1.01066999926,0.0106134765242,0.00529268240118
1324,1.00692813721,0.00690424794227,0.00344617224185
1325,1.01055793765,0.0105025918476,0.00523753197276
1326,1.01006296395,0.0100126694518,0.00499382391867
1327,1.01329784116,0.0132102009686,0.00658333475607
1328,1.01086738308,0.0108087574291,0.00538980133228
1329,1.00950561162,0.00946071757087,0.00471918825879
1330,1.00881093389,0.00877234412273,0.00437656685718
1331,1.00542376607,0.00540911041588,0.00270090119341
1332,1.01299940662,0.0129156394979,0.00643701284415
1333,1.01147488553,0.0114095483788,0.00568853286417
1334,1.0094356948,0.00939145669463,0.00468472065142
1335,1.0091083769,0.00906714581026,0.00452331177587
1336,1.01088313303,0.0108243379366,0.00539754956795
1337,1.0089461996,0.00890641943483,0.00444330888131
1338,1.01074323272,0.0106859342077,0.0053287188424
1339,1.01072714093,0.0106700133311,0.00532080079151
1340,1.00840129089,0.00836619646285,0.0041743612628
1341,1.0120767992,0.012004456527,0.00598425087753
1342,1.01154426105,0.0114781345022,0.00572263026399
1343,1.00724690142,0.007220768808,0.00360387480264
1344,1.01229389098,0.0122189348095,0.00609084255739
1345,1.00883782843,0.00879900341153,0.00438983807505
1346,1.01122675284,0.0111642005839,0.00556654931924
1347,1.00597903351,0.00596123001567,0.00297617738497
1348,1.01140801353,0.0113434328388,0.00565566260107
1349,1.00648670983,0.00646576166752,0.00322766070139
1350,1.01070056195,0.0106437160961,0.00530772204922
1351,1.00939510705,0.00935124752473,0.00466471004968
1352,1.01058018764,0.0105246091283,0.00524848289473
1353,1.00905917032,0.00901838218519,0.00449903995398
1354,1.01262134061,0.0125423553943,0.00625155490307
1355,1.0084899217,0.00845408500963,0.00421812113541
1356,1.00965162424,0.00960534485835,0.0047911580386
1357,1.01086994879,0.0108112955549,0.00539106355438
1358,1.01081758849,0.0107594969481,0.00536530354218
1359,1.01304960311,0.0129651906143,0.00646162861685
1360,1.00809026987,0.00805771908309,0.00402075457518
1361,1.01275917809,0.0126784655975,0.00631918225322
1362,1.01204914928,0.0119771361661,0.00597067235029
1363,1.01088101694,0.0108222446237,0.00539650856033
1364,1.00940337696,0.0093594404281,0.00466878738425
1365,1.00639165195,0.00637131196795,0.00318058716588
1366,1.0083070032,0.00827268994069,0.00412780207833
1367,1.00811250786,0.00807977835671,0.00403173980395
1368,1.01358651912,0.0134950499384,0.00672481153778
1369,1.01281217177,0.0127307902795,0.00634517892955
1370,1.0100877916,0.0100372494516,0.00500605246934
1371,1.01035083352,0.0102976304589,0.0051355828005
1372,1.01276888409,0.0126880492725,0.00632394379884
1373,1.00839606396,0.00836101307143,0.00417178038241
1374,1.00881858627,0.00877992963427,0.00438034300654
1375,1.00842454989,0.00838926142687,0.00418584553784
1376,1.00810380874,0.00807114920315,0.00402744261315
1377,1.01201514132,0.011943532531,0.0059539707106
1378,1.00868393747,0.00864644896078,0.00431389279793
1379,1.01045812621,0.0104038183165,0.00518840265883
1380,1.01201697615,0.0119453455756,0.00595487183508
1381,1.01099260502,0.0109326254914,0.00545139964377
1382,1.0091745313,0.00913270094333,0.0045559405445
1383,1.01087666781,0.010817942305,0.00539436900743
1384,1.0104988804,0.0104441498901,0.00520846361511
1385,1.00507959416,0.00506673654602,0.00253016200373
1386,1.0117960981,0.0117270664734,0.00584637627556
1387,1.01039981408,0.0103461080512,0.00515969682404
1388,1.01308817279,0.0130032627275,0.00648054148952
1389,1.01207116717,0.0119988916823,0.00598148510205
1390,1.01028243588,0.0102299312423,0.00510190645971
1391,1.01358257436,0.0134911580441,0.00672287867488
1392,1.00668790496,0.00666564013656,0.00332727238833
1393,1.01165944662,0.011591999035,0.00577923511674
1394,1.00965049749,0.00960422887866,0.00479060272202
1395,1.01288145014,0.0127991899309,0.00637916117014
1396,1.00928242247,0.00923960554141,0.00460914789601
1397,1.01149772237,0.0114321258899,0.00569975733991
1398,1.00787164209,0.00784082234486,0.00391273639325
1399,1.01267033243,0.0125907354073,0.00627559339368
1400,1.00949140658,0.00944664618357,0.00471218574327
1401,1.00989333565,0.00984471700468,0.0049102635491
1402,1.01123376771,0.011171137558,0.00556999849283
1403,1.009778196,0.00973069881761,0.00485353276816
1404,1.00882383474,0.00878513221081,0.0043829328969
1405,1.00935264319,0.00930917801853,0.0046437731974
1406,1.00883005284,0.00879129590653,0.00438600123251
1407,1.01314989188,0.0130641826143,0.0065108035751
1408,1.0090699004,0.00902901587888,0.00450433286605
1409,1.01120678747,0.0111444566774,0.00555673227025
1410,1.01187210814,0.0118021875227,0.00588371650595
1411,1.00763927693,0.00761024540861,0.00379789239855
1412,1.00835742237,0.00832269248131,0.00415269983711
1413,1.01089010507,0.0108312348903,0.00540097942555
1414,1.0085898005,0.00855311807571,0.00426742758096
1415,1.00736978937,0.00734276516892,0.00366465129965
1416,1.0113027739,0.011239374828,0.00560392650829
1417,1.0120954669,0.0120229012926,0.005993418029
1418,1.01032221916,0.0102693088463,0.00512149461844
1419,1.00992793817,0.00987897996429,0.0049273107628
1420,1.00753400166,0.00750576281169,0.0037458481475
1421,1.01012815735,0.0100772112737,0.00502593315628
1422,1.01018449959,0.0101329870309,0.00505368048537
1423,1.00964052961,0.00959435622317,0.00478569003014
1424,1.01082882009,0.010770608286,0.00537082938797
1425,1.01327959316,0.0131921922767,0.00657438964849
1426,1.01117277923,0.0111108247762,0.00554000962082
1427,1.01113893761,0.0110773565173,0.00552336805935
1428,1.01296809576,0.0128847299623,0.00642165744027
1429,1.00932373982,0.00928054205532,0.00462952160323
1430,1.00892609449,0.00888649239733,0.00443338958413
1431,1.01212536232,0.012052439005,0.00600809826088
1432,1.01039487823,0.0103412229912,0.00515726689379
1433,1.01130621544,0.0112427778981,0.00560561850665
1434,1.0070410516,0.0070163791375,0.00350204306153
1435,1.00827690739,0.00824284163804,0.00411293942004
1436,1.00935732099,0.00931381246675,0.00464607965818
1437,1.01016703305,0.0101156964326,0.00504507883959
1438,1.00964657705,0.00960034589948,0.00478867053146
1439,1.00533168024,0.00531751715322,0.00265522720841
1440,1.01145658314,0.0113914534617,0.0056795368317
1441,1.01014612752,0.0100950011044,0.00503478332701
1442,1.01109495905,0.0110338614902,0.00550174043017
1443,1.00841804736,0.00838281319588,0.00418263491282
1444,1.01156019645,0.011493887913,0.0057304618631
1445,1.01068247385,0.0106258193405,0.00529882112711
1446,1.00921653359,0.00917432051338,0.00457665530585
1447,1.00908769617,0.00904665153873,0.00451311093883
1448,1.00972320608,0.00967623990833,0.00482643510365
1449,1.01147925736,0.011413870599,0.0056906816784
1450,1.01018157759,0.0101300944834,0.00505224151958
1451,1.00957217973,0.00952665669499,0.00475200169035
1452,1.00903506709,0.00899449506972,0.00448715005978
1453,1.01279788109,0.0127166802702,0.00633816866547
1454,1.00736392048,0.00733693919169,0.00366174898189
1455,1.00964967906,0.00960341826774,0.00479019935813
1456,1.01031072334,0.0102579304148,0.00511583452389
1457,1.00810125993,0.0080686208851,0.00402618354466
1458,1.00512000027,0.0051069376396,0.00255021149138
1459,1.00941747386,0.00937340590508,0.00467573749756
1460,1.00862785544,0.00859084820657,0.00428621196391
1461,1.00937748661,0.00933379093648,0.0046560224326
1462,1.00960287469,0.00955706015806,0.00476713106824
1463,1.00692989968,0.0069059982865,0.00344704439759
1464,1.00713077298,0.0071054692356,0.00354643112326
1465,1.01066832204,0.0106118170084,0.0052918570346
1466,1.01013704911,0.0100860138334,0.00503031230597
1467,1.00949699895,0.00945218596216,0.00471494257651
1468,1.00945589206,0.00941146496131,0.00469467786838
1469,1.00912409745,0.00908272434252,0.00453106577852
1470,1.00989668126,0.00984802983988,0.00491191183189
1471,1.00697070421,0.00694652117084,0.00346723579311
1472,1.01156086689,0.0114945506945,0.00573079135473
1473,1.0107855444,0.0107277952801,0.0053495376278
1474,1.00975119946,0.00970396333862,0.00484022982052
1475,1.00971293319,0.00966606589215,0.0048213726348
1476,1.0094669181,0.00942238765581,0.00470011356152
1477,1.01102132393,0.0109610317325,0.00546552523713
1478,1.00857332779,0.00853678553022,0.004259296124
1479,1.0087392995,0.008701332861,0.00434121599151
1480,1.00948644068,0.00944172695903,0.00470973771814
1481,1.009201573,0.00915949644768,0.00456927716797
1482,1.00971185555,0.00966499861657,0.00482084156973
1483,1.00814051269,0.00810755744133,0.00404557325117
1484,1.00898910708,0.00894894555222,0.00446447723661
1485,1.00739450319,0.0073672978852,0.0036768726309
1486,1.00628739536,0.0062677121489,0.00312895067311
1487,1.00987341651,0.00982499281063,0.00490044982917
1488,1.01100893258,0.0109487753945,0.00545943054311
1489,1.00840897917,0.00837382066577,0.00417815744393
1490,1.00917520949,0.00913337296572,0.0045562750248
1491,1.00951250613,0.0094675471352,0.00472258692015
1492,1.01205829461,0.0119861725743,0.00597516356751
1493,1.00787832278,0.00784745083188,0.00391603766353
1494,1.01300576741,0.0129219186451,0.0064401322034
1495,1.01060069167,0.0105448982877,0.00525857417957
1496,1.01321801184,0.0131314161706,0.00654420091962
1497,1.00867610768,0.0086386865503,0.0043100283283
1498,1.00875905412,0.00872091614853,0.00435096507991
1499,1.00837232117,0.00833746768548,0.00416005673352
1500,1.0075524411,0.00752406420621,0.00375496452593
1501,1.011574476,0.0115080041831,0.005737479527
1502,1.008615342,0.00857844173158,0.00428003529564
1503,1.00784666614,0.0078160411555,0.00390039420324
1504,1.00962853335,0.00958247444462,0.00477977755455
1505,1.01558869971,0.0154684440722,0.00770438989985
1506,1.00908203361,0.00904103995696,0.00451031780687
1507,1.00838967044,0.0083546727607,0.00416862344724
1508,1.00929065481,0.00924776213849,0.00461320738879
1509,1.0112781628,0.0112150384989,0.00559182645964
1510,1.01156352566,0.0114971790701,0.00573209801036
1511,1.01061601841,0.0105600641447,0.0052661172041
1512,1.0126376332,0.0125584447892,0.00625954927647
1513,1.01420243381,0.0141025241095,0.00702646023543
1514,1.00696645649,0.00694230284841,0.00346513394264
1515,1.00976166871,0.00971433143738,0.00484538876454
1516,1.00964309898,0.00959690105504,0.00478695635588
1517,1.0049413955,0.004929226877,0.00246157877241
1518,1.01059118379,0.0105354900949,0.00525389480903
1519,1.01227968287,0.0122048991572,0.00608386745123
1520,1.01059987202,0.0105440872349,0.00525817078559
1521,1.00662834526,0.00660647437041,0.00329778749944
1522,1.01200822362,0.0119366969376,0.00595057325754
1523,1.00990837147,0.00985960542111,0.00491767117672
1524,1.00931976701,0.00927660594186,0.00462756265573
1525,1.00608668738,0.00606823831922,0.00302952087183
1526,1.00957888244,0.00953329582703,0.00475530547631
1527,1.01134405004,0.0112801888096,0.00562421893275
1528,1.01001113904,0.00996135954819,0.00496829675573
1529,1.01013408504,0.0100830795099,0.00502885252342
1530,1.00633802035,0.00631801956543,0.00315402536131
1531,1.01221377967,0.0121397932868,0.00605151203715
1532,1.01255756585,0.0124793735438,0.00622026035233
1533,1.00945730364,0.00941286331538,0.00469537376276
1534,1.01288356508,0.0128012779711,0.00638019852975
1535,1.00851886375,0.00848278300162,0.00423240950309
1536,1.00771186297,0.00768227856285,0.00383377154246
1537,1.00900945626,0.00896911323682,0.00447451600921
1538,1.01271861085,0.0126384086392,0.0062992801384
1539,1.00915628995,0.00911462526437,0.00454694384022
1540,1.00558634345,0.00557079770216,0.00278152322692
1541,1.01210160593,0.0120289669465,0.0059964326744
1542,1.01284383104,0.0127620485646,0.00636070878104
1543,1.00861141283,0.00857454611265,0.00427809582098
1544,1.0084487265,0.00841323576871,0.00419778246077
1545,1.01194464279,0.0118738685686,0.00591934551496
1546,1.01100212089,0.0109420378533,0.00545608015846
1547,1.00712184952,0.00709660891972,0.00354201666679
1548,1.01224076462,0.0121664522697,0.00606476077669
1549,1.00738905632,0.0073618909779,0.00367417911387
1550,1.00756128271,0.00753283950037,0.00375933568796
1551,1.01137384976,0.0113096538429,0.0056388684826
1552,1.01089782616,0.0108388727785,0.00540477773634
1553,1.01204312817,0.0119711867226,0.00596771538524
1554,1.0091454696,0.00910390302824,0.00454160708456
1555,1.0083905761,0.00835557088823,0.00416907063892
1556,1.01072536293,0.0106682542011,0.00531992590615
1557,1.01149760866,0.0114320134721,0.0056997014514
1558,1.00785373759,0.00782305751896,0.00390388869555
1559,1.01118506512,0.0111229748385,0.00554605097788
1560,1.01022741366,0.0101754675472,0.00507481317758
1561,1.00611074196,0.00609214708841,0.00304143896914
1562,1.00813335299,0.00810045553205,0.0040420366559
1563,1.01288705219,0.0128047207224,0.00638190892122
1564,1.01118464858,0.011122562905,0.0055458461534
1565,1.01235650241,0.0122807839433,0.00612157829236
1566,1.00982721225,0.00977923924015,0.00487768489008
1567,1.01132364216,0.0112600096391,0.00561418604292
1568,1.00711264619,0.00708747062781,0.00353746369443
1569,1.01009690563,0.0100462724195,0.00501054135845
1570,1.00948489347,0.00944019428701,0.00470897499108
1571,1.00783849526,0.00780793385793,0.0038963563571
1572,1.01133142609,0.0112677063849,0.00561801280298
1573,1.01024039495,0.0101883173308,0.00508120544376
1574,1.00992993463,0.00988095679345,0.00492829430667
1575,1.00917507026,0.00913323500083,0.00455620635665
1576,1.0089000301,0.00886065826855,0.00442052970307
1577,1.01159312377,0.0115264384104,0.00574664371539
1578,1.01212776014,0.0120548080931,0.0060092756874
1579,1.00925009635,0.00920757622026,0.00459320692172
1580,1.01413712749,0.0140381302363,0.00699448901463
1581,1.01182048193,0.0117511657368,0.00585835538839
1582,1.0130884401,0.0130035265865,0.00648067256401
1583,1.01046235045,0.0104079988264,0.00519048206649
1584,1.00792929385,0.00789802220137,0.00394122401016
1585,1.00876952129,0.00873129237638,0.00435613060713
1586,1.01122213785,0.011159636828,0.00556428014093
1587,1.01206777301,0.0119955380027,0.00597981829085
1588,1.00767212972,0.00764284860689,0.00381413195361
1589,1.01173114968,0.0116628732031,0.0058144667773
1590,1.0111352657,0.0110737250532,0.00552156235463
1591,1.00914780349,0.00910621577083,0.0045427582034
1592,1.01164555685,0.0115782692456,0.00577240987249
1593,1.01100773721,0.0109475930308,0.00545884258863
1594,1.00671993456,0.00669745644354,0.00334312748494
1595,1.00751271602,0.00748463611423,0.00373532431189
1596,1.01503093797,0.0149190927902,0.00743179303092
1597,1.01066125738,0.0106048269036,0.00528838047145
1598,1.0124824694,0.0124052056727,0.00618340640517
1599,1.01137628442,0.0113120611231,0.00564006533479
1600,1.00715243053,0.00712697321338,0.00355714492336
1601,1.01082792991,0.010769727638,0.00537039142878
1602,1.01065287632,0.0105965342157,0.00528425604638
1603,1.01270415172,0.0126241310053,0.00629218626555
1604,1.0115563053,0.0114900412238,0.0057285495383
1605,1.00952051909,0.00947548455765,0.00472653688096
1606,1.00909216734,0.00905108243567,0.00451531638629
1607,1.01210839797,0.012035677743,0.00599976794662
1608,1.00962817192,0.0095821164554,0.00477959941548
1609,1.01000740684,0.00995766432885,0.00496645832384
1610,1.00940265021,0.0093587204493,0.0046684290755
1611,1.01036037002,0.0103070692187,0.00514027793256
1612,1.00706691384,0.0070420602307,0.00351483855783
1613,1.01154803892,0.0114818692474,0.00572448694859
1614,1.01082859635,0.0107703869372,0.00537071930797
1615,1.0065905259,0.00656890333529,0.00327906375666
1616,1.00918005491,0.00913817432503,0.00455866476343
1617,1.00999309696,0.00994349613893,0.00495940938678
1618,1.01128406446,0.011220874322,0.0055947280505
1619,1.00815950335,0.00812639458423,0.00405495367493
1620,1.01267625276,0.0125965816494,0.00627849816615
1621,1.01118559274,0.0111234966265,0.00554631042493
1622,1.00625959034,0.00624008047701,0.0031151779711
1623,1.00887140481,0.00883228508915,0.00440640572542
1624,1.00579117885,0.0057744744338,0.00288307315603
1625,1.01165533959,0.0115879393247,0.00577721699058
1626,1.01146594569,0.0114007099233,0.00568413876561
1627,1.01270855691,0.0126284809215,0.00629434753605
1628,1.00948982695,0.00944508140378,0.00471140703983
1629,1.01112953701,0.0110680594337,0.00551874518239
1630,1.01330062263,0.0132129459261,0.00658469819842
1631,1.0081219976,0.00808919169013,0.00403642748357
1632,1.01165528358,0.0115878839634,0.00577718946985
1633,1.01133828306,0.0112744865048,0.00562138381181
1634,1.01384072081,0.0137458127664,0.00684934197833
1635,1.01143298487,0.0113681222144,0.00566793739571
1636,1.01065638181,0.0106000027544,0.00528598114991
1637,1.00954037917,0.00949515715164,0.00473632663818
1638,1.01028514798,0.0102326157393,0.00510324185927
1639,1.00775437187,0.00772446125741,0.00385478180876
1640,1.00615707816,0.00613820080531,0.00306439552849
1641,1.00649769097,0.00647667197266,0.00323309823174
1642,1.01275748273,0.0126767915985,0.00631835054257
1643,1.01156956686,0.0115031512021,0.00573506695553
1644,1.0101243514,0.0100734434716,0.00502405872184
1645,1.0056077387,0.00559207387036,0.00279213166452
1646,1.00957356212,0.00952802597636,0.00475268307739
1647,1.01075070089,0.0106933229787,0.00533239353475
1648,1.00948913039,0.00944439139135,0.00471106365903
1649,1.01221480173,0.0121408030168,0.00605201384682
1650,1.00805918003,0.00802687827524,0.0040053960545
1651,1.0103298208,0.0102768327943,0.00512523731848
1652,1.01087535377,0.010816642402,0.00539372256179
1653,1.0132172018,0.0131306166968,0.00654380379862
1654,1.01475345677,0.0146456832503,0.00729609494749
1655,1.01266480542,0.0125852775361,0.00627288158003
1656,1.00842228926,0.00838701968018,0.00418472935567
1657,1.0109670334,0.0109073315901,0.00543882155718
1658,1.00790573875,0.00787465213063,0.00392958496013
1659,1.0077881116,0.00775794080636,0.00387145691549
1660,1.01045577443,0.0104014908749,0.00518724497518
1661,1.01243969549,0.0123629582126,0.00616241307
1662,1.01279751197,0.012716315818,0.00633798759433
1663,1.01134939021,0.0112854690741,0.00562684421285
1664,1.00996150631,0.00991221756077,0.00494384753764
1665,1.01111910993,0.0110577470718,0.0055136174439
1666,1.01191356129,0.0118431534704,0.00590407875524
1667,1.007988562,0.00795682236447,0.00397050778892
1668,1.01045901953,0.0104047023908,0.00518884240241
1669,1.00795896317,0.00792745767671,0.00395588363405
1670,1.01180491563,0.0117357811662,0.00585070813779
1671,1.01048943641,0.0104348039863,0.00520381499127
1672,1.00861516176,0.0085782630241,0.00427994632434
1673,1.01154304382,0.0114769311642,0.00572203203794
1674,1.00833493158,0.00830038785194,0.00414159377271
1675,1.01183758305,0.0117680669294,0.00586675644261
1676,1.01082770174,0.0107695019172,0.00537027917445
1677,1.01079544901,0.0107375941584,0.00535441084525
1678,1.0086598132,0.00862253209131,0.00430198587941
1679,1.01190636718,0.0118360440311,0.00590054501666
1680,1.00945842884,0.00941397797226,0.00469592847418
1681,1.0103685374,0.0103151528112,0.00514429894474
1682,1.01134800873,0.0112841030882,0.0056261650628
1683,1.00877929544,0.00874098151048,0.00436095405892
1684,1.01015306492,0.0101018687929,0.00503819987674
1685,1.00914222356,0.00910068640388,0.00454000607541
1686,1.01016870165,0.010117348243,0.00504590057773
1687,1.00874581379,0.00870779069064,0.00434443088372
1688,1.01070663313,0.0106497229842,0.00531070954735
1689,1.00828602298,0.00825188235104,0.00411744117441
1690,1.0085999245,0.00856315579958,0.00427242501273
1691,1.00913603078,0.00909454970655,0.00453695165238
1692,1.00615846151,0.00613957568474,0.00306508086138
1693,1.01181445999,0.011745214127,0.00585539701241
1694,1.00895479149,0.00891493510223,0.00444754778711
1695,1.00843212797,0.0083967761663,0.00418958717276
1696,1.00738171666,0.00735460513108,0.0036705495686
1697,1.00952253043,0.00947747692277,0.00472752835453
1698,1.01027523986,0.0102228084374,0.00509836322089
1699,1.00769327384,0.00766383151456,0.00382458333683
1700,1.00720123643,0.00717543134349,0.00358128750964
1701,1.01124258545,0.0111798572985,0.00557433406914
1702,1.00848930277,0.00845347128747,0.00421781556866
1703,1.01308352154,0.0129986715655,0.00647826078249
1704,1.01158780867,0.0115211842058,0.00574403170668
1705,1.01135762066,0.0112936071277,0.00563089033566
1706,1.01231097371,0.012235809934,0.00609922869237
1707,1.00931432758,0.00927121672155,0.00462488051144
1708,1.00877139094,0.00873314577223,0.00435705326781
1709,1.01190004227,0.0118297935284,0.00589743820118
1710,1.01133722994,0.0112734451927,0.00562086608247
1711,1.01419345644,0.0140936724164,0.00702206547718
1712,1.00558510425,0.00556956538875,0.00278090878388
1713,1.01172213429,0.0116539623058,0.00581003722482
1714,1.00974147934,0.00969433704418,0.00483543995851
1715,1.01259275419,0.0125141248775,0.00623752778798
1716,1.0098369435,0.00978887574132,0.0048824796272
1717,1.00950198687,0.00945712694347,0.00471740141591
1718,1.01064988824,0.0105935776278,0.00528278556303
1719,1.00925538252,0.00921281392546,0.00459581374198
1720,1.01054791907,0.0104926778823,0.00523260094027
1721,1.01014509466,0.0100939786149,0.00503427465612
1722,1.01106093211,0.0110002073735,0.00548500580912
1723,1.00881171498,0.00877311839309,0.00437695229796
1724,1.0098605147,0.00981221705575,0.00489409323491
1725,1.0112107743,0.0111483993189,0.005558692635
1726,1.00964285685,0.00959666124102,0.00478683702285
1727,1.00791359744,0.00788244914892,0.00393346814218
1728,1.01000949064,0.00995972748684,0.00496748477901
1729,1.00955468397,0.00950932666785,0.00474337781558
1730,1.01197863307,0.0119074570763,0.00593604021764
1731,1.01020748247,0.0101557379396,0.0050649983874
1732,1.01118136075,0.0111193114353,0.00554422943333
1733,1.00814263664,0.00810966423781,0.00404662238726
1734,1.00906395099,0.00902311992698,0.00450139816444
1735,1.00766256704,0.00763335868835,0.00380940508102
1736,1.01139768211,0.0113332179013,0.00565058400549
1737,1.00801985148,0.00798786338503,0.00398596655493
1738,1.01238683053,0.0123107414396,0.00613646523545
1739,1.01144962346,0.0113845725922,0.00567611593111
1740,1.01071733119,0.010660307664,0.0053159737672
1741,1.01177399695,0.011705222753,0.00583551820934
1742,1.01030628529,0.0102535376468,0.00511364937384
1743,1.0087461763,0.00870815006058,0.00434460978805
1744,1.01015921638,0.0101079584105,0.0050412293406
1745,1.0096164875,0.00957054339656,0.00477384052669
1746,1.00789619572,0.00786518390698,0.00392486944023
1747,1.00883373218,0.00879494304024,0.00438781679954
1748,1.01043569326,0.0103816172982,0.00517735968227
1749,1.0059317945,0.00591427066896,0.00295276731645
1750,1.0104165933,0.0103627144263,0.00516795713536
1751,1.00802298381,0.0079909707919,0.00398751406416
1752,1.00963086179,0.0095847806735,0.0047809251567
1753,1.00724976783,0.00722361458614,0.00360529256279
1754,1.01014155294,0.0100904724628,0.00503253040401
1755,1.01134346941,0.0112796147011,0.00562393349294
1756,1.01185025016,0.0117805857658,0.00587297911883
1757,1.00833498573,0.00830044155316,0.00414162051211
1758,1.00808422303,0.00805172075451,0.00401776746532
1759,1.01000244142,0.00995274809353,0.00496401241131
1760,1.0137813042,0.0136872055798,0.00682023866895
1761,1.00772524796,0.00769556102183,0.00384038728902
1762,1.01063708471,0.0105809089338,0.00527648465907
1763,1.01243204419,0.0123554008998,0.00615865769216
1764,1.0107304733,0.0106733103298,0.00532244051818
1765,1.01218984551,0.0121161476507,0.00603976069552
1766,1.00723204534,0.0072060195031,0.00359652670042
1767,1.00775706426,0.00772713292596,0.0038561124928
1768,1.0099196842,0.00987080709273,0.00492324445385
1769,1.01222585885,0.0121517266435,0.00605744259038
1770,1.01316160383,0.0130757424837,0.00651654586115
1771,1.00936312827,0.00931956588882,0.00464894299967
1772,1.00901504634,0.00897465339201,0.00447727368823
1773,1.00893824299,0.0088985333428,0.00443938334773
1774,1.0049085849,0.0048965770714,0.00244529392172
1775,1.00923855147,0.0091961370826,0.00458751360778
1776,1.00952149591,0.00947645216619,0.00472701839839
1777,1.00969360601,0.00964692444677,0.00481184801055
1778,1.00869259436,0.00865503128835,0.00431816544093
1779,1.0109556577,0.0108960792362,0.00543322596425
1780,1.00801784083,0.00798586873047,0.00398497320247
1781,1.00909560711,0.00905449120351,0.00451701307293
1782,1.01120702065,0.0111446872739,0.00555684692785
1783,1.01052246469,0.0104674888762,0.00522007226033
1784,1.01253276617,0.0124548811198,0.00620809024042
1785,1.00831641782,0.0082820269542,0.00413245130356
1786,1.00394559162,0.00393782818375,0.00196697705202
1787,1.00784627477,0.00781565282948,0.00390020079753
1788,1.01107088898,0.0110100552665,0.0054899027357
1789,1.00599086621,0.00597299231997,0.00298204101652
1790,1.00818906611,0.00815571764474,0.00406955564631
1791,1.01012004027,0.0100691755475,0.00502193547867
1792,1.01215341331,0.0120801535536,0.0060218721839
1793,1.01132638957,0.0112627262855,0.00561553673933
1794,1.01058683449,0.0105311863754,0.00525175425263
1795,1.00998537439,0.00993584994875,0.00495560524471
1796,1.01178004781,0.0117112031798,0.00583849096885
1797,1.01348705147,0.0133969107772,0.00667607074504
1798,1.00847473244,0.00843902350135,0.00421062211866
1799,1.00757286407,0.00754433388018,0.0037650612558
1800,1.0115206243,0.0114547672311,0.00571101342171
1801,1.01191046693,0.0118400955375,0.00590255881477
1802,1.00804126354,0.00800910485935,0.00399654490201
1803,1.01266224088,0.0125827450635,0.0062716232859
1804,1.00886525613,0.008826190466,0.00440337183692
1805,1.01189645633,0.0118262497541,0.00589567676205
1806,1.01031172122,0.0102589181022,0.00511632584104
1807,1.00981382511,0.00976598229228,0.00487108872589
1808,1.01087671346,0.0108179874577,0.00539439146198
1809,1.00937884091,0.00933513265288,0.00465669016705
1810,1.01244011099,0.0123633686089,0.00616261700359
1811,1.01061332876,0.0105574027439,0.00526479351045
1812,1.01160752702,0.0115406764891,0.00575372181898
1813,1.01209133479,0.0120188185599,0.00599138889535
1814,1.00856569222,0.00852921483287,0.0042555268911
1815,1.00852709204,0.00849094175043,0.00423647160362
1816,1.01497321401,0.0148622220106,0.00740356856576
1817,1.01081568151,0.0107576103694,0.00536436531347
1818,1.00809774974,0.00806513889829,0.0040244495593
1819,1.0113819359,0.0113176490176,0.00564284352013
1820,1.01191181612,0.0118414288477,0.00590322153468
1821,1.00828448487,0.00825035688731,0.00411668158277
1822,1.01124708749,0.011184309281,0.00557654764951
1823,1.00975675598,0.00970946618786,0.00484296792384
1824,1.01181739502,0.0117481148776,0.00585683889412
1825,1.01053360504,0.0104785131642,0.00522555561539
1826,1.00939041499,0.00934659912729,0.00466239668998
1827,1.00998133604,0.00993185151275,0.00495361593205
1828,1.01281875581,0.0127372910095,0.00634840866518
1829,1.00934208202,0.00929871465662,0.00463856579757
1830,1.01312460022,0.0130392189115,0.00649840291319
1831,1.00518090867,0.00516753393652,0.00258043191534
1832,1.00645981126,0.00643903609599,0.00321434095717
1833,1.00896873474,0.00892875450476,0.00445442673339
1834,1.01158708778,0.0115204715726,0.00574367743671
1835,1.00835025359,0.00831558309674,0.0041491599001
1836,1.00941290211,0.00936887680529,0.00467348353355
1837,1.00937478159,0.00933111104894,0.00465468872675
1838,1.00807538344,0.00804295200744,0.0040134006976
1839,1.00982003561,0.00977213241528,0.00487414880379
1840,1.01171053614,0.011642498467,0.00580433859179
1841,1.00744486222,0.00741728601815,0.00370177448618
1842,1.00928769044,0.00924482505191,0.00461174561912
1843,1.00790270212,0.00787163931683,0.00392808447165
1844,1.00904071433,0.00900009172714,0.00448993582808
1845,1.01137132055,0.0113071530762,0.00563762514921
1846,1.0158223741,0.0156985052314,0.00781852767423
1847,1.01085529092,0.010796795192,0.00538385243298
1848,1.01072593798,0.0106688231516,0.00532020886795
1849,1.00822996278,0.00819628131162,0.00408975473686
1850,1.00790766386,0.0078765621374,0.00393053621029
1851,1.00923361664,0.00919124741744,0.00458507998792
1852,1.00836158765,0.00832682322873,0.00415475663181
1853,1.00867855678,0.0086411145774,0.00431123710868
1854,1.01158115258,0.0115146043446,0.00574076066817
1855,1.01219196834,0.0121182449078,0.00604080299009
1856,1.01448454171,0.0143806428164,0.00716453289346
1857,1.01110167092,0.0110404996868,0.00550504126217
1858,1.01094918035,0.0108896720611,0.00543003977742
1859,1.00858593972,0.00854929016995,0.00426552179391
1860,1.01115106494,0.0110893501866,0.00552933175339
1861,1.0093198511,0.00927668925978,0.00462760412191
1862,1.00979304535,0.00974540426529,0.00486084977842
1863,1.00789733711,0.0078663163551,0.00392543344178
1864,1.00991524945,0.00986641589832,0.00492105966371
1865,1.00935771944,0.00931420722635,0.00464627612091
1866,1.01068887609,0.0106321538973,0.00530197161764
1867,1.01190361457,0.0118333238052,0.00589919292821
1868,1.01020923085,0.0101574686555,0.00506585936194
1869,1.00882217832,0.00878349027584,0.00438211552733
1870,1.00879470229,0.00875625416247,0.00436855705423
1871,1.01004134571,0.00999126636234,0.0049831757586
1872,1.01109059859,0.0110295488704,0.00549959598142
1873,1.0113389888,0.0112751843317,0.00562173076383
1874,1.0116438629,0.0115765947941,0.00577157747918
1875,1.00853474382,0.00849852880333,0.00424024905174
1876,1.01258224865,0.0125037499385,0.00623237266208
1877,1.01204131333,0.0119693934817,0.00596682411516
1878,1.01031410709,0.0102612796214,0.00511750055881
1879,1.01201926743,0.011947609645,0.00595599712802
1880,1.00880364092,0.00876511482474,0.00437296802143
1881,1.01208374898,0.0120113233475,0.00598766373554
1882,1.01173401201,0.0116657023343,0.00581587311695
1883,1.01098962582,0.0109296786833,0.00544993427077
1884,1.00585814785,0.00584105562443,0.0029162672196
1885,1.00693246357,0.00690854453053,0.00344831313029
1886,1.00976731708,0.00971992518415,0.00484817208209
1887,1.01166506626,0.0115975538921,0.00578199649006
1888,1.00871331187,0.00867557004993,0.00432839042433
1889,1.01412679683,0.0140279435313,0.00698943127464
1890,1.00948049744,0.00943583955319,0.00470680787497
1891,1.00741138111,0.00738405177735,0.00368521874106
1892,1.01077946666,0.0107217823768,0.00534654725476
1893,1.01040823353,0.0103544408042,0.00516384169468
1894,1.01352420671,0.0134335708992,0.00669427826636
1895,1.01197506502,0.0119039312524,0.00593428776886
1896,1.00622686084,0.00620755405164,0.00309896528938
1897,1.0102132506,0.0101614477762,0.00506783884153
1898,1.00972453088,0.00967755194655,0.00482708795631
1899,1.01110377467,0.0110425803367,0.00550607585952
1900,1.00997681105,0.00992737123432,0.00495138688713
1901,1.00715970548,0.00713419647881,0.00356074370248
1902,1.009069427,0.00902854673357,0.00450409934996
1903,1.01226614845,0.0121915288248,0.00607722293448
1904,1.00866996626,0.00863259793058,0.00430699713488
1905,1.00959827037,0.00955249962465,0.00476486166928
1906,1.01019146195,0.0101398791794,0.00505710913832
1907,1.00780367188,0.00777338071961,0.00387914695495
1908,1.00676841551,0.00674561261698,0.00336712478664
1909,1.01278413215,0.0127031049813,0.00633142401936
1910,1.00856119275,0.0085247535626,0.00425330574602
1911,1.01184599138,0.0117763768494,0.00587088701787
1912,1.01162335979,0.0115563274676,0.0057615022521
1913,1.00912626481,0.00908487210863,0.00453213479517
1914,1.01038244239,0.0103289150153,0.00515114462476
1915,1.00815525577,0.00812218137161,0.0040528556086
1916,1.00918441675,0.00914249647057,0.00456081598226
1917,1.00891119485,0.0088717244616,0.00442603832513
1918,1.00967062427,0.00962416308304,0.00480052202635
1919,1.0054685661,0.0054536677778,0.00272311945435
1920,1.0076351827,0.00760618221219,0.00379586851408
1921,1.00451830378,0.00450812688479,0.00225152494906
1922,1.01077641756,0.0107187657904,0.00534504702462
1923,1.01120885507,0.0111465013638,0.00555774893207
1924,1.00999500827,0.0099453885303,0.00496035088944
1925,1.01016185625,0.0101105717292,0.00504252941189
1926,1.00524543751,0.00523172811837,0.00261244566813
1927,1.01003938955,0.00998932964601,0.00498221222547
1928,1.01425568181,0.0141550250723,0.00705252592671
1929,1.00712677178,0.00710149635449,0.00354445172551
1930,1.00999678224,0.00994714494857,0.00496122474197
1931,1.01045518489,0.0104009074359,0.00518695476885
1932,1.00861545982,0.00857855853883,0.0042800934493
1933,1.00972073837,0.00967379595284,0.00482521902296
1934,1.01185131364,0.0117816367873,0.00587350154315
1935,1.01024423173,0.0101921152116,0.00508309473344
1936,1.01072376369,0.0106666719356,0.00531913898183
1937,1.00892207501,0.00888250846666,0.00443140644798
1938,1.00715290283,0.00712744216294,0.00355737856406
1939,1.00760164003,0.00757289315525,0.00377928702805
1940,1.00967368819,0.00962719765271,0.00480203202628
1941,1.00830404584,0.00826975694388,0.00412634163227
1942,1.01294202697,0.0128589945804,0.00640887229897
1943,1.01176123691,0.0116926111235,0.00582924917253
1944,1.00878428311,0.00874592576414,0.00436341540188
1945,1.01102860903,0.0109682373943,0.00546910837019
1946,1.00817574485,0.00814250450442,0.00406297594022
1947,1.01061779167,0.0105618187779,0.00526698990026
1948,1.01071787998,0.0106608506356,0.0053162438098
1949,1.00983498602,0.00978693732236,0.0048815151494
1950,1.00897130866,0.00893130554165,0.00445569656932
1951,1.00894739274,0.00890760199606,0.00444389753451
1952,1.00990025296,0.00985156652699,0.00491367148794
1953,1.00966473439,0.00961832959612,0.00479761928055
1954,1.0126028352,0.0125240804658,0.0062424745207
1955,1.01222768742,0.0121535331316,0.00605834036267
1956,1.01129048996,0.011227228103,0.00559788716214
1957,1.01017487035,0.0101234548237,0.00504893845681
1958,1.01011905462,0.0100681997632,0.00502145003658
1959,1.01058514128,0.010529510894,0.00525092091115
1960,1.0077821834,0.0077520583991,0.00386852709429
1961,1.0081993714,0.00816593917852,0.00407464560165
1962,1.01032875575,0.010275778629,0.00512471293709
1963,1.00913658196,0.00909509589991,0.00453722351
1964,1.01051575727,0.0104608512768,0.00521677077948
1965,1.01150099108,0.0114353574329,0.00570136390061
1966,1.00852047619,0.00848438181127,0.00423320552419
1967,1.01187497953,0.0118050252233,0.00588512700716
1968,1.01226380688,0.012189215633,0.00607607336679
1969,1.01260664544,0.0125278432812,0.006244344182
1970,1.00738257169,0.00735545389515,0.00367097239283
1971,1.0067582053,0.00673547100663,0.00336207104269
1972,1.00997657255,0.00992713509007,0.00495126939962
1973,1.00885607586,0.00881709082276,0.00439884203955
1974,1.01137161707,0.0113074462606,0.005637770915
1975,1.01040685375,0.0103530752335,0.00516316243488
1976,1.01066266199,0.0106062166899,0.00528907168949
1977,1.00970604871,0.00965924760757,0.00481797992347
1978,1.00874543689,0.00870741706248,0.00434424488122
1979,1.00976805851,0.00972065944228,0.00484853743118
1980,1.0069014977,0.00687779137355,0.00343298945724
1981,1.00907289558,0.00903198412981,0.00450581030542
1982,1.00923930405,0.00919688277437,0.00458788474316
1983,1.01261602963,0.0125371106022,0.00624894889766
1984,1.00998548299,0.00993595746777,0.0049556587378
1985,1.00813129947,0.00809841857563,0.0040410222939
1986,1.00874503328,0.00870701695307,0.00434404569559
1987,1.00835002607,0.00831535745839,0.00414904754902
1988,1.01399368003,0.0138966724376,0.00692425234395
1989,1.00880104556,0.00876254210478,0.00437168728584
1990,1.01098089885,0.0109210465403,0.00544564171232
1991,1.00696501922,0.00694087551758,0.00346442274992
1992,1.01132270949,0.0112590874091,0.0056137275166
1993,1.00975277183,0.00970552052169,0.00484100464319
1994,1.00986497115,0.00981662998685,0.00489628889939
1995,1.00852964892,0.0084934770066,0.00423773386064
1996,1.01027360294,0.0102211881689,0.00509755721667
1997,1.01089328177,0.0108343773672,0.00540254217654
1998,1.01119207379,0.0111299059644,0.00554949731468
1999,1.00980489709,0.00975714099814,0.00486668960246
2000,1.01090870739,0.0108496366421,0.00541013056563
2001,1.00998102511,0.00993154365702,0.00495346276668
2002,1.01189130266,0.0118211566567,0.00589314522376
2003,1.00934979711,0.00930635831149,0.00464236988993
2004,1.007613562,0.00758472511371,0.00378518063166
2005,1.00769119049,0.00766176407244,0.00382355356878
2006,1.00965127408,0.0096049980468,0.00479098546362
2007,1.00968889434,0.00964225799887,0.00480952601101
2008,1.01070126197,0.0106444087054,0.00530806651571
2009,1.00848860672,0.00845278109129,0.00421747192607
2010,1.00973243356,0.00968537849099,0.0048309823312
2011,1.00716848259,0.00714291115225,0.00356508551438
2012,1.00911904785,0.00907772038476,0.00452857513315
2013,1.01120944335,0.0111470831252,0.00555803819609
2014,1.01051559589,0.0104606915746,0.00521669134495
2015,1.01077736091,0.0107196990806,0.00534551117535
2016,1.01137693113,0.011312700558,0.00564038324897
2017,1.00584621975,0.00582919691886,0.00291035514086
2018,1.00718550587,0.00715981312883,0.00357350633859
2019,1.01012783991,0.0100768970068,0.00502577681257
2020,1.00739554302,0.00736833008254,0.00367738683181
2021,1.01297581465,0.012892350005,0.00642544298773
2022,1.00974195183,0.00969480497275,0.00483567279145
2023,1.01025518561,0.0102029579646,0.00508848853794
2024,1.0087929635,0.00875453052405,0.00436769899955
2025,1.0101409392,0.0100898648838,0.00503222814333
2026,1.00963799538,0.00959184618802,0.0047844410179
2027,1.00243194759,0.00242899519044,0.00121376039149
2028,1.01026594912,0.0102136121567,0.00509378851299
2029,1.01030915354,0.0102563766263,0.00511506160382
2030,1.00918974993,0.00914778110387,0.00456344624432
2031,1.00623382826,0.00621447832403,0.00310241669056
2032,1.00742908365,0.00740162392486,0.00369397239776
2033,1.01034018159,0.0102870876016,0.00513033842989
2034,1.00907524907,0.00903431646477,0.0045069712177
2035,1.00894816558,0.00890836797977,0.00444427882431
2036,1.00972594886,0.00967895627206,0.00482778672942
2037,1.01012139816,0.0100705198306,0.00502260424452
2038,1.00737376322,0.00734670993247,0.00366661645139
2039,1.00871767755,0.00867989800347,0.00433054503224
2040,1.00926330285,0.00922066159418,0.00459971953547
2041,1.00969237993,0.0096457101387,0.00481124377787
2042,1.0121564904,0.0120831936924,0.00602338309847
2043,1.01199856593,0.0119271537995,0.00594583007073
2044,1.00789225917,0.0078612781923,0.00392292424571
2045,1.01089564832,0.0108367184115,0.00540370637423
2046,1.00948531253,0.00944060941653,0.0047091815784
2047,1.00961381933,0.00956790063721,0.0047725254542
2048,1.01028801226,0.0102354508591,0.00510465218404
2049,1.00888566745,0.00884642221846,0.00441344311824
2050,1.01144058336,0.0113756347872,0.00567167238469
2051,1.00743787334,0.00741034875454,0.00369831868848
2052,1.01156042268,0.0114941115629,0.00573057304722
2053,1.00884463591,0.00880575122613,0.00439319716578
2054,1.01130630275,0.0112428642311,0.00560566143113
2055,1.00801898589,0.00798700467886,0.00398553891314
2056,1.01157574983,0.0115092634334,0.00573810553949
2057,1.00651861651,0.00649746221093,0.00324345968858
2058,1.00846441033,0.00842878808209,0.00420552594473
2059,1.01034127911,0.0102881738868,0.00513087878585
2060,1.01115115546,0.0110894396988,0.00552937626204
2061,1.0045532895,0.00454295463311,0.00226889946417
2062,1.01055462748,0.0104993162543,0.0052359027528
2063,1.01003176327,0.00998177913666,0.00497845577282
2064,1.01074101337,0.0106837384451,0.0053276268108
2065,1.00871581723,0.0086780537629,0.00432962690481
2066,1.007786346,0.00775618884876,0.00387058432762
2067,1.01388116461,0.0137857036412,0.00686915060505
2068,1.01121346918,0.0111510643188,0.00556001772712
2069,1.00993040397,0.00988142151411,0.00492852552183
2070,1.00777238889,0.0077423394759,0.00386368641989
2071,1.00961598276,0.00957004346131,0.00477359175234
2072,1.01406911898,0.0139710675216,0.00696119163376
2073,1.01171322148,0.0116451527203,0.00580565801447
2074,1.00926281274,0.00922017598033,0.00459947784536
2075,1.0091581428,0.00911646129646,0.00454785768169
2076,1.01226311328,0.0121885304361,0.00607573284995
2077,1.00970838501,0.00966156145098,0.00481913127048
2078,1.00667633285,0.00665414484297,0.00332154384905
2079,1.00939172916,0.00934790107552,0.00466304462879
2080,1.01020448863,0.010152774355,0.00506352409932
2081,1.01078506196,0.0107273179863,0.00534930025749
2082,1.0115850732,0.0115184800677,0.00574268740307
2083,1.00804079865,0.00800864368129,0.00399631523452
2084,1.01205245117,0.0119803987406,0.00597229389636
2085,1.00985819123,0.00980991627182,0.00489294847241
2086,1.00758401015,0.00755539612703,0.00377057153896
2087,1.01241532084,0.0123388827641,0.00615044945516
2088,1.01337824713,0.0132895485891,0.00662274659852
2089,1.00788713425,0.00785619338663,0.00392039181331
2090,1.00912215467,0.00908079913055,0.0045301075337
2091,1.01081700729,0.0107589219655,0.00536501759334
2092,1.01275927089,0.012678557229,0.00631922777946
2093,1.00955389361,0.00950854378859,0.00474298823262
2094,1.01164800982,0.0115806939814,0.00577361524137
2095,1.01207536646,0.0120030408755,0.00598354728734
2096,1.00650896033,0.00648786852562,0.00323867839283
2097,1.00908212905,0.00904113454205,0.00451036488611
2098,1.01095380846,0.0108942500318,0.00543231633089
2099,1.01148586667,0.0114204048851,0.00569393022387
2100,1.01135684339,0.0112928385831,0.00563050822705
2101,1.01183358452,0.0117641151675,0.00586479215171
2102,1.01105130791,0.0109906884136,0.0054802724237
2103,1.00978524414,0.00973767867922,0.00485700575442
2104,1.00848069972,0.00844494062079,0.00421356821665
2105,1.00906769392,0.00902682922967,0.00450324446554
2106,1.00801390083,0.00798196006478,0.00398302665569
2107,1.0106067026,0.0105508461468,0.00526153246611
2108,1.01119772086,0.0111354905151,0.00555227409039
2109,1.00770916609,0.00767960231394,0.00383243854717
2110,1.00659052835,0.006568905773,0.00327906497152
2111,1.0102152271,0.0101634042887,0.00506881213963
2112,1.00991332664,0.00986451196022,0.00492011237891
2113,1.01338517489,0.0132963848744,0.0066261420979
2114,1.01264142082,0.0125621851248,0.00626140773614
2115,1.00844378898,0.00840833960889,0.00419534465438
2116,1.00973473693,0.00968765965611,0.00483211740298
2117,1.00919054332,0.0091485672646,0.00456383753081
2118,1.01071450875,0.0106575151482,0.00531458493083
2119,1.00750521469,0.00747719069329,0.00373161550005
2120,1.01343495662,0.0133455078587,0.00665054054248
2121,1.00713256952,0.00710725305308,0.00354731986851
2122,1.01261814803,0.0125392026045,0.00624998836184
2123,1.01321573112,0.0131291652013,0.00654308279974
2124,1.01017542005,0.0101239989933,0.00504920916786
2125,1.01328000838,0.0131926020588,0.00657459319245
2126,1.01170499605,0.011637022492,0.00580161649273
2127,1.00894856455,0.00890876340821,0.00444447565982
2128,1.0094514366,0.00940705122146,0.00469248135657
2129,1.01044445852,0.0103902919954,0.00518167456552
2130,1.01231710659,0.0122418682196,0.00610223935517
2131,1.01055494088,0.0104996263803,0.00523605700386
2132,1.0121049985,0.0120323189415,0.00599809862052
2133,1.00972704421,0.00968004107095,0.00482832651013
2134,1.01064084581,0.0105846304399,0.00527833559217
2135,1.01012083124,0.0100699585925,0.00502232503489
2136,1.0105563129,0.0105009840634,0.00523673229073
2137,1.01021408562,0.0101622743554,0.00506825003652
2138,1.01159042647,0.0115237720211,0.00574531818127
2139,1.00953970724,0.00949449156519,0.00473599542112
2140,1.00773910953,0.00770931623914,0.00384723846144
2141,1.01217564483,0.0121021178919,0.00603278815987
2142,1.0093978113,0.00935392660262,0.00466604333917
2143,1.01136832745,0.0113041936164,0.0056361537604
2144,1.00792636309,0.00789511448665,0.00393977588172
2145,1.0105975499,0.0105417894667,0.00525702794189
2146,1.00815070883,0.00811767120207,0.00405060966083
2147,1.01172232837,0.0116541541346,0.00581013258198
2148,1.01019789069,0.0101462430417,0.00506027497307
2149,1.0097120541,0.00966519525668,0.0048209394158
2150,1.00815961148,0.00812650183623,0.00405500708347
2151,1.01182312605,0.0117537789564,0.00585965434277
2152,1.01135072466,0.0112867885414,0.0056275002341
2153,1.00985427211,0.00980603540473,0.00489101753143
2154,1.01259044141,0.0125118408561,0.00623639289994
2155,1.00562366476,0.00560791099197,0.0028000280844
2156,1.00969253508,0.00964586379664,0.00481132023719
2157,1.00927132291,0.00922860801165,0.0046036744607
2158,1.00944832582,0.00940396956942,0.00469094775967
2159,1.00869820211,0.00866059069206,0.00432093313572
2160,1.00890857471,0.0088691274675,0.00442474557444
2161,1.00920191521,0.00915983553235,0.00456944593561
2162,1.01077928916,0.0107216067738,0.00534645992272
2163,1.00805158585,0.00801934477641,0.00400164438535
2164,1.01264630963,0.0125670129001,0.00626380650657
2165,1.01089895143,0.01083998591,0.00540533129382
2166,1.01103665992,0.0109762004305,0.00547306810507
2167,1.01214956423,0.0120763506832,0.0060199821971
2168,1.00903987887,0.00899926374984,0.00448952369812
2169,1.01134970246,0.0112857778166,0.00562699771548
2170,1.01071533786,0.0106583354643,0.00531499290898
2171,1.00714035485,0.00711498322441,0.00355117123604
2172,1.01032974177,0.0102767545709,0.00512519840725
2173,1.00752521489,0.00749704171627,0.00374150392427
2174,1.00872246218,0.00868464127054,0.0043329063925
2175,1.0110213904,0.0109610974821,0.00546555793228
2176,1.01148173643,0.0114163215359,0.00569190017234
2177,1.01049427968,0.0104395969646,0.00520619900668
2178,1.00977519105,0.00972772295853,0.00485205205924
2179,1.0125570247,0.0124788391064,0.00621999479575
2180,1.01315783016,0.0130720178267,0.00651469566687
2181,1.01031138223,0.0102585825793,0.0051161589379
2182,1.00932201514,0.00927883331303,0.00462867118705
2183,1.00745920554,0.00743152323573,0.00370886671824
2184,1.00981559567,0.00976773563877,0.0048719611284
2185,1.01242781858,0.0123512271639,0.00615658367435
2186,1.00751409455,0.00748600436668,0.00373600588244
2187,1.01314536464,0.0130597141239,0.00650858387413
2188,1.0109981338,0.0109380941397,0.00545411905832
2189,1.00781364096,0.00778327255498,0.00388407367451
2190,1.00974216175,0.00969501286238,0.00483577623361
2191,1.0061349196,0.00611617759595,0.00305341760728
2192,1.01062573783,0.0105696814194,0.00527090050712
2193,1.01042886226,0.0103748568246,0.00517399694053
2194,1.0083915255,0.00835651239104,0.00416953942762
2195,1.00870304791,0.00866539469813,0.00432332475699
2196,1.01003152444,0.009981542678,0.00497833813209
2197,1.01223953532,0.0121652378417,0.00606415724512
2198,1.01020191197,0.0101502237172,0.00506225523719
2199,1.00603933045,0.00602116678681,0.00300605613159
2200,1.01088977419,0.0108309075778,0.0054008166532
2201,1.00922351161,0.00918123479333,0.00458009661774
2202,1.01085271857,0.0107942504637,0.00538258691826
2203,1.01161537068,0.0115484301273,0.00575757632447
2204,1.01127126017,0.0112082128188,0.00558843269777
2205,1.0097169325,0.00967002672014,0.00482334349853
2206,1.00853538639,0.00849916593723,0.00424056626784
2207,1.01016155433,0.010110272845,0.00504238072336
2208,1.00675557465,0.00673285800983,0.00336076893598
2209,1.00907111995,0.00903022446251,0.00450493443575
2210,1.00849282378,0.00845696264919,0.00421955388504
2211,1.01446902244,0.0143653450079,0.00715693876101
2212,1.00706189186,0.00703707347732,0.00351235394186
2213,1.00771426392,0.00768466112766,0.00383495825705
2214,1.00984770653,0.00979953386986,0.0048877826583
2215,1.00639778543,0.00637740647218,0.00318362472132
2216,1.01396008474,0.0138635402362,0.00690780081483
2217,1.01312206599,0.013036717507,0.00649716033771
2218,1.01129689403,0.0112335606573,0.00560103570984
2219,1.01127432951,0.0112112479483,0.00558994178061
2220,1.01039497551,0.0103413192638,0.00515731478185
2221,1.01016888586,0.0101175305944,0.00504599129336
2222,1.01341775725,0.0133285363577,0.00664211119105
2223,1.00662050744,0.0065986881278,0.00329390720927
2224,1.01065785917,0.0106014645372,0.00528670817758
2225,1.00862218061,0.00858522190578,0.00428341086733
2226,1.01119840262,0.0111361647192,0.00555260932073
2227,1.00771724787,0.00768762223441,0.00383643313147
2228,1.00840293819,0.00836783003953,0.00417517464124
2229,1.00888577981,0.00884653358724,0.00441349855687
2230,1.0145994441,0.0144938982455,0.00722075330507
2231,1.00852435927,0.00848823207994,0.00423512250719
2232,1.01083521465,0.0107769343161,0.00537397541003
2233,1.00863181416,0.00859477304949,0.00428816597209
2234,1.01261075795,0.0125319045824,0.00624636215048
2235,1.00975406717,0.00970680335541,0.00484164295474
2236,1.00776300728,0.00773303017964,0.00385904974507
2237,1.01174635052,0.011677897671,0.00582193530359
2238,1.01030277245,0.0102500606357,0.00511191975686
2239,1.00729859501,0.00727208915352,0.00362944217131
2240,1.00956015762,0.00951474849413,0.00474607586618
2241,1.00867279731,0.00863540464984,0.00430839444927
2242,1.00858304832,0.00854642337824,0.00426409451122
2243,1.00801874193,0.00798676265911,0.00398541838555
2244,1.00706524803,0.00704040610531,0.00351401440179
2245,1.00930670251,0.00926366198843,0.00462112060765
2246,1.01055266596,0.0104973752167,0.00523493731507
2247,1.00945600755,0.00941157936654,0.00469473480244
2248,1.00934038556,0.00929703389278,0.00463772931346
2249,1.00945706921,0.00941263107622,0.0046952581884
2250,1.00989986401,0.00985118139704,0.00491347986914
2251,1.00850534797,0.00846938129787,0.00422573698961
2252,1.01099727975,0.010937249378,0.0054536989811
2253,1.01082501357,0.0107668425394,0.00536895662546
2254,1.01086517116,0.010806569282,0.00538871315499
2255,1.01023373307,0.0101817229595,0.00507792500635
2256,1.01059721483,0.010541457917,0.00525686303847
2257,1.01467327768,0.0145666667621,0.00725687418452
2258,1.010461719,0.010407373919,0.00519017123454
2259,1.0130211069,0.0129370610817,0.00644765463355
2260,1.00834196517,0.00830736327948,0.00414506703572
2261,1.01169684577,0.0116289664697,0.00579761184252
2262,1.01206240857,0.0119902375141,0.00597718389104
2263,1.00983277373,0.009784746576,0.00488042512271
2264,1.00843064136,0.00839530198548,0.00418885317018
2265,1.00873989937,0.00870192753545,0.00434151203789
2266,1.00758493975,0.00755631872777,0.00377103109986
2267,1.01088650013,0.0108276687766,0.00539920599738
2268,1.01061155025,0.0105556429108,0.00526391822607
2269,1.00712756386,0.00710228283313,0.00354484357094
2270,1.01118461165,0.0111225263869,0.00554582799562
2271,1.00778316009,0.00775302755089,0.00386900979548
2272,1.01166159353,0.0115941211966,0.00578029006475
2273,1.01088153419,0.010822756313,0.00539676302427
2274,1.01290146499,0.0128189500447,0.00638897815211
2275,1.01143117454,0.01136633234,0.00566704753059
2276,1.01171073109,0.0116426911584,0.00580443437827
2277,1.01100565081,0.0109455293462,0.00545781637845
2278,1.00867498696,0.00863757546674,0.00430947518076
2279,1.0101664447,0.0101151140088,0.00504478909687
2280,1.00936191061,0.00931835952432,0.00464834262139
2281,1.01201078128,0.0119392242502,0.00595182939355
2282,1.01159177555,0.0115251056404,0.00574598115967
2283,1.00980259949,0.0097548657008,0.00486555748973
2284,1.01136645587,0.0113023430719,0.0056352337027
2285,1.01275577804,0.0126751083777,0.00631751424937
2286,1.0130570396,0.0129725312825,0.0064652752279
2287,1.01064734835,0.0105910644954,0.00528153563421
2288,1.00946153779,0.00941705778389,0.00469746114753
2289,1.01007291357,0.010022519901,0.00499872453552
2290,1.00709335055,0.00706831107673,0.00352791776127
2291,1.00882265935,0.0087839671043,0.00438235289678
2292,1.01229970825,0.0122246814216,0.00609369835847
2293,1.01103575737,0.0109753077339,0.00547262419956
2294,1.01002802868,0.00997808163244,0.00497661622294
2295,1.00851261198,0.00847658401163,0.00422932312164
2296,1.01182402619,0.0117546685806,0.00586009654829
2297,1.00707815562,0.00705322305706,0.00352040033772
2298,1.01318117366,0.0130950579011,0.00652614058861
2299,1.01072236314,0.0106652862437,0.00531844982099
2300,1.01253829276,0.0124603392914,0.0062108023801
2301,1.01158085093,0.0115143061454,0.00574061242451
2302,1.01023229646,0.0101803008998,0.00507721758682
2303,1.00749517521,0.0074672259503,0.00372665170848
2304,1.0131417552,0.0130561515036,0.0065068141562
2305,1.00854817689,0.00851184811382,0.00424688044631
2306,1.00878785054,0.00874946211863,0.00436517586228
2307,1.01081019467,0.0107521822259,0.00536166579732
2308,1.010532159,0.0104770821966,0.00522484387013
2309,1.0093627179,0.00931915933228,0.0046487406664
2310,1.0095138647,0.00946889289693,0.00472325662305
2311,1.00894397954,0.00890421905386,0.0044422135787
2312,1.00780738709,0.00777706715696,0.00388098302182
2313,1.00842091149,0.00838565340888,0.00418404907853
2314,1.01175946282,0.0116908576525,0.00582837754735
2315,1.00896718339,0.00892721694676,0.00445366137856
2316,1.01171773038,0.0116496094118,0.00580787342072
2317,1.01079033433,0.0107325340871,0.00535189435329
2318,1.00798416164,0.00795245686413,0.00396833370301
2319,1.01043426339,0.0103802021937,0.00517665579303
2320,1.0118579288,0.0117881744473,0.00587675116834
2321,1.00766404995,0.00763483031532,0.00381013809122
2322,1.01031947949,0.0102665971655,0.00512014572108
2323,1.01025897191,0.0102067058138,0.00509035292536
2324,1.00845603627,0.00842048427666,0.00420139149437
2325,1.00865179633,0.00861458402214,0.0042980289332
2326,1.00960160009,0.00955579767404,0.00476650283524
2327,1.01208731226,0.0120148440802,0.00598941355986
2328,1.0089945082,0.00895429854281,0.00446714177919
2329,1.01105920977,0.010998503868,0.00548415872786
2330,1.00848941751,0.00845358505819,0.00421787221408
2331,1.01358163656,0.0134902328125,0.00672241916908
2332,1.00686313313,0.00683968903771,0.00341400351093
2333,1.00999272712,0.00994312995757,0.0049592272041
2334,1.01162434759,0.0115573039187,0.00576198766463
2335,1.0083221884,0.00828774992737,0.00413530096111
2336,1.0099983565,0.00994870362695,0.00496200021438
2337,1.00620096177,0.00618181492262,0.00308613552465
2338,1.00999219936,0.0099426074163,0.00495896722913
2339,1.00852967792,0.0084935057639,0.00423774817836
2340,1.01146849051,0.0114032258874,0.00568538959632
2341,1.01479529238,0.0146869097678,0.00731655759902
2342,1.00879517502,0.00875672276855,0.00436879033367
2343,1.00889147558,0.00885217917159,0.00441630888669
2344,1.01088941224,0.0108305495215,0.00540063859194
2345,1.01006316248,0.0100128660065,0.00499392170524
2346,1.00706801993,0.00704315855139,0.00351538578782
2347,1.01178907539,0.0117201256101,0.00584292612735
2348,1.00872001795,0.00868221818054,0.00433170009629
2349,1.01247756863,0.0124003653097,0.00618100118573
2350,1.01091700992,0.0108578495467,0.00541421479309
2351,1.00989491399,0.00984627988384,0.0049110411513
2352,1.00930582251,0.00926279010169,0.00462068667873
2353,1.0145267059,0.0144222041393,0.00718516445683
2354,1.01078221774,0.0107245041164,0.00534790084769
2355,1.00748698607,0.00745909770484,0.00372260272309
2356,1.01064509619,0.0105888360614,0.00528042730136
2357,1.01210501586,0.012032336096,0.00599810714628
2358,1.01144655343,0.011381537303,0.00567460689973
2359,1.01037691662,0.0103234460082,0.00514842420332
2360,1.01413502427,0.0140360563377,0.00699345931773
2361,1.01123264189,0.0111700242433,0.00556944493591
2362,1.0121785665,0.0121050044102,0.0060342227111
2363,1.00745806567,0.0074303918121,0.00370830310442
2364,1.01352628198,0.013435618471,0.00669529519827
2365,1.0099745039,0.00992508686657,0.004950250358
2366,1.00724563719,0.00721951367366,0.00360324949695
2367,1.01121833027,0.0111558714883,0.00556240794502
2368,1.00886502579,0.00882596215081,0.00440325818199
2369,1.00679307825,0.00677010925599,0.00337933178977
2370,1.00930503638,0.00926201122499,0.00462029903978
2371,1.01053727571,0.0104821455659,0.00522736232394
2372,1.00919395889,0.00915195172645,0.00456552203724
2373,1.01065015526,0.0105938418393,0.00528291697089
2374,1.01025476408,0.0102025407137,0.00508828097406
2375,1.01017143713,0.0101200561811,0.00504724771385
2376,1.00849938897,0.00846347252922,0.00422279508539
2377,1.00872962155,0.00869173871311,0.00433643973124
2378,1.01113368803,0.0110721647616,0.00552078651614
2379,1.00484509057,0.0048333908945,0.0024137775898
2380,1.01092545177,0.010866200198,0.00541836750394
2381,1.01245872807,0.0123817567647,0.0061717543799
2382,1.00992066835,0.00987178157822,0.00492372929766
2383,1.01202830807,0.0119565428735,0.00596043712918
2384,1.00615952996,0.00614063759223,0.00306561018757
2385,1.00825767668,0.00822376860472,0.00410344208121
2386,1.00770781313,0.00767825970639,0.0038317698159
2387,1.00840243044,0.00836732652613,0.00417492393563
2388,1.00964138629,0.00959520472432,0.00478611225029
2389,1.01190863161,0.0118382818208,0.00590165730882
2390,1.00987755099,0.00982908686341,0.00490248682213
2391,1.01015750389,0.0101062631425,0.00504038597933
2392,1.00828794962,0.00825379316424,0.00411839264673
2393,1.01216612872,0.012092716204,0.00602811566416
2394,1.01020906457,0.0101573040542,0.00506577747822
2395,1.00605920154,0.00604091839306,0.00301590219888
2396,1.01185747409,0.011787725071,0.00587652780059
2397,1.00859673564,0.00855999413411,0.00427085093274
2398,1.01061024553,0.0105543518911,0.00526327611396
2399,1.01156635813,0.0114999791624,0.00573349003035
2400,1.01047484085,0.010420359827,0.00519663046804
2401,1.00895578976,0.00891592451647,0.00444804029388
2402,1.00959365637,0.0095479294712,0.00476258747803
2403,1.00624374534,0.00622433391651,0.00310732918662
2404,1.00690912946,0.00688537079178,0.00343676614917
2405,1.00933045004,0.00928719026891,0.0046328303155
2406,1.01117983551,0.0111178030625,0.00554347942804
2407,1.01037947974,0.0103259827998,0.00514968606809
2408,1.01294953984,0.0128664114298,0.00641255694998
2409,1.01076085071,0.0107033647821,0.00533738765052
2410,1.01057793519,0.0105223802572,0.00524737430768
2411,1.01001190874,0.00996212161449,0.00496867589573
2412,1.00742767872,0.00740022935664,0.00369327768915
2413,1.01057013466,0.0105146613501,0.00524353509868
2414,1.01278166812,0.0127006720432,0.00633021525155
2415,1.0117954879,0.011726463391,0.0058460764972
2416,1.00890844255,0.00886899647294,0.00442468036697
2417,1.0110952579,0.0110341570679,0.00550188740591
2418,1.00562022015,0.00560448563549,0.00279832020024
2419,1.01241755118,0.0123410857526,0.00615154417415
2420,1.01167774543,0.011610086782,0.00578822668291
2421,1.00978495398,0.00973739132794,0.0048568627766
2422,1.01268370347,0.0126039390634,0.00628215376966
2423,1.00761516558,0.00758631657573,0.00378597335037
2424,1.0136721622,0.0135795414497,0.00676677231238
2425,1.01119754486,0.0111353164562,0.00555218754415
2426,1.00816929649,0.00813610841514,0.00405979088407
2427,1.01177402543,0.0117052509035,0.00583553220246
2428,1.0078933367,0.0078623472806,0.00392345669274
2429,1.01038688304,0.0103333100206,0.00515333080535
2430,1.01159563764,0.0115289234702,0.00574787910418
2431,1.00758477565,0.00755615586747,0.00377094997678
2432,1.01081205081,0.010754018508,0.00536257901516
2433,1.01144510326,0.0113801035514,0.00567389409162
2434,1.01036100889,0.0103077015367,0.00514059246635
2435,1.01181401732,0.0117447766248,0.00585517954217
2436,1.00993782744,0.00988877197032,0.00493218262976
2437,1.01194817821,0.0118773622479,0.00592108201294
2438,1.00940861405,0.00936462872043,0.00467136941555
2439,1.00866352371,0.00862621074344,0.00430381729104
2440,1.008592518,0.00855581243447,0.00426876901045
2441,1.0101328188,0.0100818259739,0.00502822890715
2442,1.00845674726,0.00842118929725,0.00420174252357
2443,1.00783821921,0.00780765994918,0.00389621993634
2444,1.00704299251,0.00701830648376,0.00350300335937
2445,1.01180983307,0.0117406412188,0.0058531239438
2446,1.01006522989,0.0100149128198,0.00499494000054
2447,1.00975138869,0.00970415074456,0.00484032306994
2448,1.00827162251,0.00823760012526,0.00411032943924
2449,1.01108340061,0.0110224298242,0.00549605602791
2450,1.01152753069,0.0114615949431,0.00571440777532
2451,1.01428345787,0.014182410356,0.00706612190778
2452,1.00767790371,0.00764857861081,0.00381698602398
2453,1.01196992592,0.0118988529526,0.00593176368378
2454,1.01183700193,0.0117674926019,0.00586647096354
2455,1.00634036103,0.00632034549861,0.00315518465919
2456,1.01161740631,0.0115504423787,0.0057585766568
2457,1.00981423488,0.00976638807458,0.00487129062872
2458,1.00924426151,0.00920179483587,0.00459032950292
2459,1.01033074916,0.0102777516587,0.00512569439585
2460,1.00904774858,0.00900706292961,0.00449340577314
2461,1.01058608528,0.01053044501,0.00525138551659
2462,1.01178346637,0.0117145819364,0.00584017048234
2463,1.01064596267,0.0105896934221,0.005280853718
2464,1.00786864307,0.00783784673894,0.00391125441058
2465,1.01159905686,0.0115323034871,0.00574955939722
2466,1.01068096945,0.0106243308421,0.00529808082125
2467,1.01057581633,0.0105202835818,0.00524633147043
2468,1.01188500801,0.0118149359647,0.00589005320266
2469,1.01029323549,0.010240620879,0.00510722399506
2470,1.00997657394,0.0099271364678,0.00495127008507
2471,1.00946698267,0.00942245161434,0.00470014539048
2472,1.01171561056,0.0116475141438,0.0058068318707
2473,1.01003619411,0.00998616596364,0.0049806382641
2474,1.01190854591,0.0118381971319,0.00590161521427
2475,1.00639845009,0.00637806690587,0.00318395388683
2476,1.010188228,0.0101366778485,0.00505551656636
2477,1.01135104303,0.0112871033431,0.00562765674914
2478,1.01078399341,0.0107262608435,0.00534877451346
2479,1.01506680762,0.014954430646,0.00744933049211
2480,1.01152387203,0.0114579779669,0.00571260962005
2481,1.00709644446,0.00707138319312,0.0035294483992
2482,1.01360456513,0.0135128538873,0.00673365360878
2483,1.01428705036,0.0141859522468,0.00706788033791
2484,1.00798368158,0.00795198061379,0.00396809652277
2485,1.00782378998,0.00779334283597,0.00388908924553
2486,1.01094466182,0.0108852024541,0.0054278171065
2487,1.00970982996,0.00966299250721,0.00481984335012
2488,1.0101857347,0.0101342096873,0.00505428872392
2489,1.00889529318,0.00885596311842,0.00441819250279
2490,1.0105481296,0.0104928862167,0.00523270456235
2491,1.00827381969,0.00823977927742,0.00411141453621
2492,1.00734499821,0.00731815506933,0.00365239126814
2493,1.00822915571,0.00819548082655,0.00408935613114
2494,1.01038811499,0.010334529305,0.00515393730569
2495,1.01032300094,0.0102700826374,0.00512187953246
2496,1.0079756982,0.00794406043364,0.00396415213891
2497,1.0094901437,0.0094453951786,0.00471156318807
2498,1.01126677779,0.0112037803899,0.00558622886605
2499,1.01099994096,0.01093988164,0.00545500793346
2500,1.00719533949,0.00716957654594,0.00357837059045
2501,1.00932176197,0.00927858247389,0.004628546348
2502,1.00723581879,0.00720976585846,0.00359839313942
2503,1.01229878689,0.0122237712473,0.00609324604435
2504,1.01241439553,0.0123379688027,0.006149995285
2505,1.00807496535,0.00804253726673,0.00401319415949
2506,1.01129395946,0.0112306588657,0.00559959293951
2507,1.00898541018,0.0089452815842,0.00446265342978
2508,1.01084974354,0.0107913073756,0.00538112329384
2509,1.01199103947,0.0119197165433,0.00594213354609
2510,1.00991410119,0.00986527890709,0.00492049396553
2511,1.00967478007,0.00962827907405,0.00480257014029
2512,1.00850885845,0.00847286215899,0.00422747006406
2513,1.0079406737,0.00790931246,0.00394684687488
2514,1.01000282974,0.00995313257523,0.00496420369786
2515,1.01227428308,0.012199564856,0.00608121652367
2516,1.00998075997,0.00993128113956,0.00495333215812
2517,1.00834863469,0.00831397759486,0.00414836047958
2518,1.01282518351,0.0127436373321,0.00635156167696
2519,1.00902327098,0.00898280451359,0.00448133099335
2520,1.01024525463,0.0101931277371,0.00508359842266
2521,1.009335174,0.00929187055298,0.00463515961333
2522,1.01150031957,0.01143469356,0.00570103385656
2523,1.01130657828,0.0112431366822,0.00560579689305
2524,1.0139087126,0.013812874095,0.00688264242135
2525,1.01321989895,0.013133278654,0.00654512606666
2526,1.01453526831,0.0144306439103,0.00718935401293
2527,1.01016910582,0.0101177483394,0.00504609961645
2528,1.01131886011,0.011255281125,0.0056118350565
2529,1.01097150057,0.0109117502948,0.00544101889081
2530,1.01049774625,0.0104430275254,0.0052079053555
2531,1.00998135694,0.00993187220341,0.00495362622614
2532,1.01047846207,0.0104239435007,0.00519841299175
2533,1.00955006004,0.0095047464871,0.00474109858536
2534,1.01148420952,0.0114187665481,0.0056931157193
2535,1.01342508769,0.0133357697102,0.00664570383839
2536,1.00610411142,0.00608555679833,0.00303815384066
2537,1.00990279316,0.00985408182606,0.00491492295701
2538,1.00561048989,0.00559480971304,0.00279349576551
2539,1.01111735348,0.0110560099344,0.00551275366376
2540,1.01283437175,0.0127527091883,0.0063560687846
2541,1.01090772468,0.0108486645334,0.00540964714077
2542,1.00837042888,0.00833559110837,0.00415912234786
2543,1.00872116187,0.00868335221134,0.00433226465538
2544,1.00662233097,0.0066004996634,0.00329480999314
2545,1.00950138485,0.00945653058829,0.0047171046449
2546,1.0085137413,0.0084777038025,0.00422988064894
2547,1.00973432216,0.00968724888752,0.00483191301111
2548,1.01199137678,0.0119200498601,0.00594229921421
2549,1.00721812604,0.00719220004964,0.00358964180092
2550,1.01253515289,0.0124572382974,0.00620926151178
2551,1.01223292019,0.0121587026771,0.00606090947266
2552,1.00885209098,0.00881314091041,0.00439687576895
2553,1.01326945939,0.0131821912665,0.00656942200623
2554,1.0080387466,0.00800660800026,0.0039953014611
2555,1.01276364025,0.0126828715406,0.0063213713014
2556,1.00883123786,0.00879247055429,0.00438658598021
2557,1.01037255314,0.010319127335,0.00514627598161
2558,1.01077889643,0.0107212182227,0.00534626668582
2559,1.01192417578,0.0118536429419,0.00590929251201
2560,1.01170884668,0.0116408285636,0.00580350848605
2561,1.00689033493,0.00686670505537,0.00342746531245
2562,1.01553514098,0.0154157060494,0.0076782237006
2563,1.00932005075,0.00927688705929,0.00462770256399
2564,1.01277455122,0.0126936449422,0.00632672393646
2565,1.00890856461,0.00886911745385,0.00442474058977
2566,1.00760441782,0.0075756499893,0.0037806602347
2567,1.0089525568,0.00891272024757,0.00444644528451
2568,1.01097839895,0.0109185737893,0.00544441206891
2569,1.01009645114,0.0100458224727,0.00501031751225
2570,1.00999787933,0.00994823117341,0.00496176515974
2571,1.00866497916,0.00862765368928,0.00430453565861
2572,1.00577266886,0.00575607085618,0.00287389785444
2573,1.01076825127,0.0107106865351,0.00534102898082
2574,1.00954678063,0.00950149808985,0.00473948208591
2575,1.00882574745,0.00878702819666,0.0043838767344
2576,1.01367679845,0.0135841151623,0.00676904369142
2577,1.00904436613,0.00900371080475,0.00449173724054
2578,1.00839289641,0.00835787188509,0.00417021634019
2579,1.00922445187,0.00918216645622,0.00458056031552
2580,1.00701660106,0.00699209925977,0.00348994556382
2581,1.01173379708,0.0116654898943,0.00581576751475
2582,1.00841466858,0.00837946261469,0.00418096662796
2583,1.00752200087,0.00749385169424,0.00373991487973
2584,1.01016328565,0.0101119867501,0.00504323335449
2585,1.00893501715,0.00889533607503,0.00443779180952
2586,1.00691002714,0.00688626231925,0.00343721038082
2587,1.01077210828,0.0107145024477,0.00534292674485
2588,1.01343098489,0.0133415887707,0.00664859402856
2589,1.00911273753,0.00907146707697,0.00452546263368
2590,1.0110592157,0.0109985097367,0.00548416164613
2591,1.00865002937,0.00861283221638,0.0042971567946
2592,1.01213884306,0.0120657581527,0.00601471780135
2593,1.01106215645,0.0110014183183,0.00548560796033
2594,1.01054755853,0.0104923211097,0.00523242348733
2595,1.01110568296,0.0110444676666,0.00550701432818
2596,1.01141896872,0.0113542643988,0.00566104773668
2597,1.00995887042,0.00990960767044,0.00494254904308
2598,1.00889536851,0.0088560377858,0.00441822967152
2599,1.01107533837,0.0110144559225,0.00549209098171
2600,1.01252040742,0.0124426752732,0.00620202518613
2601,1.00785923277,0.00782850986682,0.0039066042231
2602,1.00550715463,0.00549204570205,0.00274225597904
2603,1.01296875519,0.0128853809542,0.00642198084592
2604,1.01060834948,0.0105524757452,0.00526234297788
2605,1.01057354103,0.0105180320825,0.00524521162619
2606,1.008672633,0.00863524174634,0.00430831334844
2607,1.00986248281,0.0098141659514,0.00489506291322
2608,1.00854866843,0.00851233547795,0.00424712309346
2609,1.00755786253,0.00752944497659,0.00375764480521
2610,1.00936354254,0.00931997632329,0.00464914726284
2611,1.01130940725,0.0112459340234,0.005607187722
2612,1.00888967114,0.00885039063996,0.00441541856983
2613,1.01437825955,0.0142758726436,0.00711252175944
2614,1.00987139519,0.00982299125238,0.00489945395382
2615,1.01189558455,0.0118253882201,0.00589524853462
2616,1.00788245818,0.00785155390429,0.00391808116375
2617,1.00902077342,0.00898032928695,0.00448009892542
2618,1.00900712848,0.00896680623959,0.00447336767128
2619,1.0098522941,0.00980407669252,0.0048900429649
2620,1.00963947477,0.00959331145858,0.00478517014766
2621,1.01077420774,0.0107165795251,0.00534395973422
2622,1.00917740683,0.00913555032544,0.00455735874374
2623,1.00843776296,0.00840236402304,0.00419236939183
2624,1.00916611179,0.00912435793887,0.00455178803873
2625,1.01030672828,0.0102539761161,0.00511386748734
2626,1.01163717952,0.0115699883189,0.00576829330104
2627,1.00854984862,0.00851350566498,0.00424770570184
2628,1.00765546104,0.0076263066935,0.00380589250935
2629,1.01252087618,0.0124431382343,0.00620225523099
2630,1.00898173473,0.00894163885582,0.00446084019206
2631,1.00919253764,0.00915054342125,0.00456482109922
2632,1.01167310525,0.0116055001554,0.00578594664123
2633,1.01196161844,0.0118906436991,0.00592768339633
2634,1.00930341518,0.0092604049639,0.00461949961962
2635,1.01154042987,0.0114743470373,0.00572074736689
2636,1.01076938312,0.0107118063191,0.00534158588227
2637,1.01101925989,0.0109589901963,0.00546451004757
2638,1.01076618693,0.0107086441806,0.00534001325721
2639,1.0105103368,0.0104554872026,0.00521410273041
2640,1.00889151149,0.0088522147708,0.00441632660769
2641,1.01160572961,0.0115388997055,0.00575283853833
2642,1.00996729337,0.00991794752522,0.00494669835175
2643,1.01264084448,0.0125616159838,0.00626112494743
2644,1.00857023952,0.00853372350459,0.00425777163105
2645,1.00996051475,0.00991123578158,0.00494335907481
2646,1.01029726981,0.0102446140938,0.00510921040338
2647,1.01283997183,0.012758238281,0.00635881575552
2648,1.01226471186,0.0121901096457,0.006076517657
2649,1.01192573192,0.0118551807414,0.00591005686781
2650,1.00924034118,0.00919791040917,0.00458839620309
2651,1.01082668882,0.0107684998468,0.00536978082985
2652,1.00843165033,0.00839630251735,0.00418935134045
2653,1.0104538864,0.0103996223793,0.00518631557315
2654,1.01363116342,0.0135390948383,0.00674668565003
2655,1.00856872917,0.00853222598879,0.00425702606091
2656,1.00447456082,0.00446457973146,0.00222980015963
2657,1.00813880211,0.00810586067583,0.00404472830026
2658,1.01161863059,0.0115516525926,0.00575917827903
2659,1.00873477165,0.00869684423321,0.00433898141816
2660,1.00665123757,0.00662921567911,0.00330912059136
2661,1.00774528676,0.00771544600607,0.00385029154889
2662,1.00930567922,0.00926264813533,0.00462061602354
2663,1.010845044,0.0107866582661,0.00537881124511
2664,1.01172768206,0.0116594457847,0.00581276303095
2665,1.01099499469,0.0109349891758,0.00545257504258
2666,1.01019608602,0.0101444565838,0.00505938626371
2667,1.01294368352,0.0128606299561,0.00640968474601
2668,1.01050261808,0.0104478487332,0.00521030340233
2669,1.01090338149,0.0108443681971,0.00540751059115
2670,1.01055418311,0.010498876519,0.00523568403634
2671,1.00847380616,0.00843810500863,0.00421016480592
2672,1.00709876814,0.00707369049882,0.00353059797963
2673,1.00708077971,0.00705582870382,0.0035216985738
2674,1.0072780134,0.00725165646923,0.00361926285679
2675,1.01116878964,0.0111068792588,0.00553804778929
2676,1.01194216365,0.0118714186902,0.00591812782586
2677,1.00701339222,0.00698891277695,0.00348835788147
2678,1.008928668,0.00888904313547,0.00443465929818
2679,1.00778993065,0.00775974579779,0.00387235591683
2680,1.00819065993,0.0081572985147,0.00407034286426
2681,1.00993276378,0.00988375812237,0.00492968806727
2682,1.01267212019,0.0125925008039,0.0062764705521
2683,1.01424164949,0.0141411898786,0.00704565709267
2684,1.01073891696,0.0106816643122,0.00532659526894
2685,1.01009392623,0.0100433227991,0.00500907393673
2686,1.01252750996,0.0124496899567,0.00620551076912
2687,1.01326412961,0.0131769312706,0.00656680928241
2688,1.00882680811,0.00878807956844,0.00438440011561
2689,1.00965494774,0.00960863658379,0.00479279601438
2690,1.00727377005,0.00724744376375,0.00361716412529
2691,1.01214304919,0.0120699138287,0.00601678313959
2692,1.01134006675,0.0112762501992,0.00562226070143
2693,1.01178205574,0.0117131877264,0.0058394774483
2694,1.01075418643,0.0106967714381,0.00533410856873
2695,1.01169332482,0.0116254862212,0.00579588180534
2696,1.01208070224,0.0120083129823,0.00598616756436
2697,1.00952830767,0.00948319965981,0.00473037619177
2698,1.00685019569,0.00682683970203,0.00340760075636
2699,1.01180581454,0.0117366695842,0.00585114974777
2700,1.01354076696,0.0134499100366,0.00670239311256
2701,1.00884236361,0.00880349885053,0.00439207592491
2702,1.01034787057,0.0102946978589,0.00513412402976
2703,1.01394706488,0.0138506995444,0.00690142479895
2704,1.01120598068,0.0111436588333,0.00555633556485
2705,1.00718322892,0.0071575524149,0.00357238002033
2706,1.01113012337,0.0110686393392,0.00551903353493
2707,1.01190688041,0.0118365512251,0.00590079711729
2708,1.00918464995,0.00914272755484,0.00456093099742
2709,1.01245456874,0.0123776486162,0.0061697129808
2710,1.00750371655,0.00747570371263,0.00373087478386
2711,1.01271878676,0.0126385823457,0.00629936644451
2712,1.00806649542,0.00803413514946,0.00400900995173
2713,1.01073920002,0.0106819443625,0.00532673454821
2714,1.00857310881,0.00853656840983,0.00425918802618
2715,1.0089160853,0.0088765717097,0.0044284512192
2716,1.01106586861,0.011005089855,0.00548743365666
2717,1.01133568891,0.0112719214374,0.00562010848694
2718,1.00994191451,0.00989281881177,0.00493419606857
2719,1.01215878785,0.0120854635462,0.00602451118863
2720,1.0068382132,0.00681493866537,0.00340167049738
2721,1.00953373663,0.00948857735709,0.00473305231755
2722,1.01023658008,0.0101845411303,0.00507932693552
2723,1.00754839629,0.00752004970091,0.00375296480843
2724,1.00921712623,0.00917490774716,0.00457694757891
2725,1.00912626501,0.00908487230085,0.00453213489084
2726,1.0089632755,0.00892334378277,0.00445173341958
2727,1.00749859669,0.00747062197023,0.00372834338912
2728,1.01051468685,0.0104597919947,0.00521624390132
2729,1.00590595328,0.00588858150139,0.00293996057749
2730,1.00876016739,0.00872201974362,0.00435151447644
2731,1.01304856324,0.0129641641343,0.0064611186931
2732,1.00786797313,0.00783718202803,0.00391092335499
2733,1.00784350338,0.0078129030112,0.00389883124987
2734,1.01030852346,0.0102557529781,0.00511475137464
2735,1.01225982849,0.0121852854288,0.00607412020291
2736,1.01484455758,0.0147354555221,0.00734065258982
2737,1.01011928535,0.010068428189,0.00502156367596
2738,1.00961674738,0.00957080080239,0.00477396861519
2739,1.00658230739,0.0065607385973,0.0032749947657
2740,1.0129969948,0.012913258628,0.00643583007138
2741,1.00760215429,0.00757340353113,0.00377954125153
2742,1.01381927031,0.0137246548763,0.00683883543651
2743,1.01083398767,0.0107757204906,0.0053733717586
2744,1.00792787769,0.00789661717932,0.00394052426764
2745,1.0086433446,0.00860620474974,0.00429385729544
2746,1.01178793544,0.0117189989427,0.00584236608503
2747,1.01184734046,0.0117777101361,0.0058715497472
2748,1.01047453022,0.0104200524197,0.00519647756309
2749,1.0105206007,0.010465644299,0.00521915478567
2750,1.00995055693,0.0099013761245,0.00493845360409
2751,1.00817660023,0.00814335294079,0.00406339843473
2752,1.01002223619,0.00997234663883,0.00497376299248
2753,1.00782422548,0.00779377495491,0.0038893044647
2754,1.0079148616,0.00788370338339,0.00393409279247
2755,1.01054833559,0.010493090058,0.00523280594969
2756,1.0119225031,0.0118519899692,0.00590847090928
2757,1.01208540062,0.0120129552713,0.00598847481142
2758,1.00869790294,0.00866029410508,0.00432078548299
2759,1.01086557792,0.0108069716715,0.00538891326553
2760,1.00846419779,0.00842857732096,0.00420542100735
2761,1.0102673511,0.0102149998894,0.00509447884469
2762,1.00954554556,0.00950027470306,0.00473887329144
2763,1.01275215833,0.0126715342517,0.00631573847459
2764,1.01007881014,0.0100283576458,0.00500162881304
2765,1.00996441678,0.00991509932213,0.0049452812938
2766,1.00855865185,0.00852223423094,0.00425205143714
2767,1.00990840184,0.00985963549425,0.00491768613934
2768,1.00880334934,0.00876482578672,0.00437282413439
2769,1.01004779707,0.00999765356147,0.00498635343882
2770,1.00927841886,0.00923563875141,0.00460717364081
2771,1.01320835616,0.0131218864043,0.00653946720754
2772,1.01174414876,0.011675721469,0.00582085353685
2773,1.00896330711,0.00892337510978,0.00445174901336
2774,1.01125426057,0.0111914025497,0.00558007449964
2775,1.01036963945,0.0103162435551,0.00514484151097
2776,1.0107011671,0.0106443148445,0.00530801983439
2777,1.00823927119,0.00820551369061,0.00409435203667
2778,1.0073212606,0.00729459027108,0.00364065183378
2779,1.00744321803,0.00741565397304,0.00370096148403
2780,1.01284661478,0.0127647970012,0.00636207425744
2781,1.01226566498,0.0121910512158,0.0060769855812
2782,1.00503004252,0.00501743411504,0.00250557285674
2783,1.01050759801,0.0104527768933,0.00521275464075
2784,1.00898889131,0.00894873171195,0.00446437079381
2785,1.01054505764,0.0104898463207,0.00523119256666
2786,1.00872854035,0.00869066686427,0.00433590613068
2787,1.01051733062,0.010462408251,0.00521754520513
2788,1.0097757814,0.00972830759396,0.00485234295857
2789,1.00999746427,0.00994782022352,0.00496156070429
2790,1.01191924048,0.0118487657801,0.00590686833845
2791,1.00916311714,0.00912139048785,0.00455031106572
2792,1.01162398769,0.0115569481592,0.0057618108098
2793,1.00728990953,0.00726346657125,0.0036251465185
2794,1.00727848631,0.00725212595855,0.00361949675183
2795,1.00825745071,0.00822354448756,0.00410333048245
2796,1.01200283509,0.0119313723354,0.00594792679516
2797,1.00663970789,0.00661776211463,0.00330341274338
2798,1.01084716661,0.0107887580958,0.00537985551213
2799,1.00939803873,0.0093541519177,0.00466615547104
2800,1.01029568164,0.0102430421094,0.00510842842667
2801,1.01167817464,0.0116105110412,0.00578843758462
2802,1.00551736205,0.00550219715882,0.00274731777563
2803,1.01153684327,0.0114708013559,0.00571898466661
2804,1.00989911218,0.00985043693366,0.00491310946634
2805,1.01289784554,0.0128153766909,0.00638720288864
2806,1.01115122949,0.0110895129165,0.00552941266846
2807,1.01253695516,0.0124590182573,0.00621014596518
2808,1.01039947999,0.0103457773944,0.00515953234867
2809,1.00611496588,0.00609634534643,0.00304353171157
2810,1.01320136213,0.0131149835301,0.00653603833509
2811,1.00932842536,0.00928518430797,0.00463183198117
2812,1.0079956436,0.00796384781241,0.00397400655945
2813,1.01004193184,0.0099918466613,0.00498346446217
2814,1.00912872404,0.00908730909658,0.00453334776603
2815,1.00952308873,0.0094780299571,0.00472780356441
2816,1.00803640663,0.00800428668955,0.00399414544224
2817,1.009020606,0.00898016335878,0.00448001633302
2818,1.00704516762,0.00702046637524,0.00350407952148
2819,1.00726562941,0.0072393618859,0.00361313779497
2820,1.00579634189,0.00577960773298,0.0028856324025
2821,1.01275323248,0.0126725948831,0.0063162654408
2822,1.01115227927,0.0110905511193,0.0055299288994
2823,1.00949142878,0.00944666817592,0.00471219668763
2824,1.00771847997,0.0076888448935,0.00383704211551
2825,1.00512597146,0.00511287839725,0.00255317429071
2826,1.01117415776,0.0111121880707,0.00554068749151
2827,1.01108508818,0.0110240988912,0.00549688597444
2828,1.00789012098,0.00785915674729,0.00392186768377
2829,1.00898329925,0.00894318944861,0.00446161202968
2830,1.01413910313,0.0140400783317,0.00699545624891
2831,1.00721672208,0.00719080614999,0.00358894735265
2832,1.00982230318,0.00977437793082,0.00487526608844
2833,1.00817107408,0.00813787160294,0.00406066889849
2834,1.00921760044,0.00917537762408,0.00457718144204
2835,1.00983599374,0.00978793523122,0.00488201166806
2836,1.00921108977,0.00916892640086,0.00457397058947
2837,1.01186253083,0.0117927225354,0.00587901184585
2838,1.01055450789,0.0104991979114,0.00523584389117
2839,1.01015080499,0.0100996315753,0.0050370869031
2840,1.01006422237,0.0100139153331,0.00499444374828
2841,1.01147933419,0.0114139465618,0.00569071944364
2842,1.01064206107,0.0105858329094,0.00527893365322
2843,1.00980547989,0.00975771813626,0.0048669767671
2844,1.00964009072,0.00959392152239,0.00478547371989
2845,1.00874402757,0.00870601996341,0.00434354936612
2846,1.01047779401,0.0104232823747,0.0051980841471
2847,1.00699125906,0.00696693352182,0.00347740652949
2848,1.00766224436,0.00763303846287,0.0038092455782
2849,1.01030443607,0.0102517072894,0.00511273887462
2850,1.00870242549,0.0086647776486,0.00432301756604
2851,1.01174190685,0.0116735055843,0.00581975204305
2852,1.00976146023,0.00971412496943,0.00484528603076
2853,1.0096814026,0.00963483812388,0.00480583390971
2854,1.00879253775,0.00875410848289,0.00436748890062
2855,1.01092482207,0.0108655773051,0.00541805774501
2856,1.01006294295,0.0100126486593,0.00499381357432
2857,1.00969327397,0.00964659559534,0.00481168437601
2858,1.00958668884,0.00954102812808,0.00475915323467
2859,1.00957553166,0.00952997683065,0.00475365386817
2860,1.0119008517,0.011830593442,0.00589783579915
2861,1.01150907383,0.0114433482491,0.00570533652149
2862,1.00912137289,0.00908002441832,0.00452972193228
2863,1.0078568516,0.00782614725806,0.00390542753291
2864,1.01114106962,0.011079465042,0.00552441649805
2865,1.00846964779,0.00843398157197,0.00420811176564
2866,1.01342744401,0.0133380948168,0.00664685866507
2867,1.00984082703,0.0097927214338,0.00488439308335
2868,1.00885317019,0.00881421065301,0.00439740828835
2869,1.01284727643,0.0127654502538,0.00636239880563
2870,1.01144662087,0.0113816039866,0.00567464005229
2871,1.00784214893,0.00781155909831,0.00389816191304
2872,1.01327596805,0.0131886146685,0.00657261260309
2873,1.01183300168,0.0117635391504,0.00586450583223
2874,1.01172921919,0.0116609650941,0.00581351826969
2875,1.00771848511,0.00768884999922,0.00383704465858
2876,1.00921489004,0.00917269197885,0.00457584476487
2877,1.00864065458,0.0086035377839,0.00429252953742
2878,1.00798014443,0.00794847147065,0.00396634891197
2879,1.01277660072,0.0126956685855,0.00632772935606
2880,1.00862653225,0.00858953633102,0.00428555883741
2881,1.00934571447,0.00930231347821,0.00464035686006
2882,1.00802029983,0.00798830816978,0.00398618806083
2883,1.00794190243,0.00791053150817,0.00394745399308
2884,1.00867045336,0.00863308084793,0.00430723755357
2885,1.00991029521,0.00986151028074,0.00491861892234
2886,1.01266259408,0.0125830938476,0.00627179658421
2887,1.01036626922,0.0103129079042,0.00514318226482
2888,1.01153299791,0.0114669998451,0.0057170947798
2889,1.00741067676,0.00738335260106,0.00368487044116
2890,1.01052575115,0.0104707411129,0.00522168988888
2891,1.00832833943,0.00829385016667,0.00413833846297
2892,1.01113755459,0.0110759887349,0.00552268794528
2893,1.01502798223,0.014916180817,0.00743034786388
2894,1.01298574242,0.0129021505527,0.00643031176323
2895,1.01021070027,0.0101589232219,0.00506658296061
2896,1.01054727492,0.0104920404556,0.00523228389456
2897,1.00727454517,0.00724821328683,0.00361754749501
2898,1.00875205186,0.00871397466286,0.00434750943215
2899,1.00677337846,0.00675054219079,0.00336958127128
2900,1.01105171404,0.0109910901018,0.0054804721671
2901,1.00941004651,0.00936604782459,0.0046720756528
2902,1.01304963739,0.012965224448,0.00646164542436
2903,1.01063714621,0.0105809697884,0.00527651492584
2904,1.01035838635,0.010305105881,0.00513930130928
2905,1.00939794116,0.00935405525239,0.00466610736391
2906,1.01412941826,0.0140305284459,0.00699071469758
2907,1.01195414793,0.0118832614722,0.00592401415587
2908,1.00800199067,0.00797014452218,0.00397714239782
2909,1.01063749846,0.0105813183353,0.00527668827971
2910,1.0116148139,0.011547879737,0.00575730271372
2911,1.00782578626,0.00779532362115,0.0038900757859
2912,1.00987451262,0.00982607820684,0.00490098986767
2913,1.00758004564,0.00755146145271,0.00376861161786
2914,1.00920127944,0.00915920556465,0.00456913239101
2915,1.00640685313,0.00638641648869,0.0031881153772
2916,1.00784452627,0.0078139179419,0.00389933673657
2917,1.007751255,0.00772136835998,0.00385324132008
2918,1.00853700414,0.00850076999208,0.0042413648939
2919,1.00910742249,0.00906620001578,0.00452284101758
2920,1.00894041244,0.00890068357622,0.00444045369101
2921,1.01216191058,0.0120885487556,0.0060260444987
2922,1.01177729113,0.0117084785975,0.00583713663054
2923,1.00987975024,0.00983126459375,0.00490357034856
2924,1.00912595447,0.00908456457,0.00453198172274
2925,1.011446284,0.0113812709267,0.00567447446736
2926,1.00942434927,0.00938021715583,0.00467912719335
2927,1.01123912015,0.0111764305223,0.00557263023058
2928,1.01038628219,0.0103327153493,0.00515303500194
2929,1.00730908374,0.00728250183647,0.00363462960317
2930,1.01119013218,0.0111279858368,0.00554854257828
2931,1.01417583432,0.014076296763,0.0070134386195
2932,1.01167824967,0.0116105852018,0.00578847445032
2933,1.01344215785,0.013352613596,0.00665406977636
2934,1.00982749877,0.00977952296626,0.00487782606116
2935,1.01078441836,0.0107266812596,0.00534898359711
2936,1.00849120279,0.00845535530904,0.00421875360578
2937,1.00941357387,0.00936954230149,0.0046738147265
2938,1.01086477213,0.0108061745433,0.00538851684917
2939,1.0099141007,0.00986527842439,0.00492049372537
2940,1.00969591156,0.00964920785255,0.00481298421909
2941,1.00859293579,0.00855622665674,0.00426897523745
2942,1.01314598294,0.013060324404,0.00650888702813
2943,1.01154839143,0.0114822177333,0.00572466019407
2944,1.0067127671,0.00669033680542,0.0033395795605
2945,1.00861585596,0.00857895129942,0.00428028898905
2946,1.00902948096,0.00898895893818,0.00448439441093
2947,1.00794467763,0.00791328484004,0.00394882522375
2948,1.01094204209,0.0108826110842,0.00542652845348
2949,1.00678371242,0.00676080657367,0.00337469615626
2950,1.00914637363,0.00910479886316,0.00454205296766
2951,1.01132126833,0.0112576623847,0.00561301900402
2952,1.00732801472,0.00730129527431,0.00364399212451
2953,1.01038784174,0.0103342588678,0.00515380278402
2954,1.00737591704,0.00734884798843,0.00366768155909
2955,1.00869411466,0.00865653848198,0.00431891578331
2956,1.01032575723,0.010272810761,0.00512323660676
2957,1.00861935756,0.00858242298307,0.00428201739947
2958,1.01116195084,0.0111001159703,0.00553468486705
2959,1.00942187881,0.00937776975329,0.00467790921719
2960,1.01097170694,0.0109119544222,0.00544112039918
2961,1.01056625087,0.0105108181772,0.00524162358633
2962,1.0112970359,0.011233700938,0.00560110545731
2963,1.0127725404,0.0126916594814,0.0063257374863
2964,1.00783192886,0.0078014185008,0.00389311136633
2965,1.00965309595,0.00960680249976,0.00479188336714
2966,1.01129726645,0.0112339289115,0.0056012188056
2967,1.00920341411,0.00916132076436,0.004570185158
2968,1.01056412186,0.0105087114292,0.00524057573317
2969,1.00824060501,0.00820683661679,0.00409501079127
2970,1.01223330277,0.0121590806305,0.00606109730396
2971,1.01373010742,0.0136367034908,0.00679515952596
2972,1.00990054578,0.00985185647925,0.00491381575169
2973,1.01104966857,0.0109890669901,0.00547946615451
2974,1.01070868751,0.0106517555965,0.00531172045568
2975,1.00947638722,0.00943176792517,0.00470478164109
2976,1.00847891979,0.00844317565034,0.00421268944945
2977,1.00877912769,0.00874081522129,0.00436087127692
2978,1.00996113117,0.00991184612061,0.00494366273572
2979,1.00968229612,0.0096357230686,0.00480627425552
2980,1.01021008588,0.0101583150441,0.00506628041231
2981,1.00573412052,0.00571774302849,0.00285478883263
2982,1.01389197115,0.0137963621642,0.00687444324497
2983,1.01000667434,0.00995693909051,0.00496609750554
2984,1.01073220016,0.0106750188584,0.00532329023536
2985,1.01265084522,0.0125714918332,0.00626603194302
2986,1.00858542961,0.00854878440333,0.00426526998925
2987,1.00764265741,0.00761360026356,0.00379956345393
2988,1.00730254923,0.00727601471901,0.00363139782833
2989,1.00565869413,0.00564274386415,0.00281739560273
2990,1.00971828151,0.00967136274428,0.00482400828832
2991,1.00966458996,0.00961818655048,0.00479754810086
2992,1.01113543169,0.0110738892162,0.00552164398288
2993,1.00779114793,0.00776095367171,0.00387295751494
2994,1.00904285472,0.00900221294146,0.00449099167262
2995,1.00963346702,0.00958736104369,0.00478220917269
2996,1.00844530915,0.00840984704552,0.00419609521031
2997,1.01441221405,0.0143093452929,0.00712913890757
2998,1.00799984233,0.00796801323076,0.00397608098977
2999,1.00886631246,0.00882723750937,0.0044038930532
3000,1.00780774215,0.00777741946158,0.00388115849047
3001,1.01013441349,0.0100834046573,0.00502901427953
3002,1.0074592547,0.00743157203434,0.00370889102705
3003,1.01032118393,0.0102682841914,0.00512098491475
3004,1.00958216282,0.00953654507558,0.00475692237368
3005,1.00648332758,0.00646240121627,0.00322598589756
3006,1.00790053209,0.00786948630096,0.00392701219175
3007,1.01003159699,0.00998161450971,0.00497837386914
3008,1.00930873437,0.00926567511113,0.00462212251706
3009,1.0100424647,0.00999237422257,0.00498372692823
3010,1.00876563641,0.00872744126324,0.00435421343669
3011,1.00956100966,0.00951559247187,0.00474649585217
3012,1.01394052929,0.0138442538376,0.00689822418267
3013,1.01063042007,0.0105743144194,0.00527320479437
3014,1.0114855076,0.0114200498942,0.00569375373904
3015,1.0098575674,0.00980929853598,0.00489264111572
3016,1.00849472384,0.00845884670535,0.00422049193774
3017,1.01013438494,0.0100833764027,0.00502900022327
3018,1.00899422788,0.00895402072153,0.00446700348907
3019,1.00876859747,0.00873037658729,0.00435567470712
3020,1.0116368446,0.0115696572585,0.00576812872564
3021,1.00862485456,0.00858787299289,0.00428473073216
3022,1.0116219056,0.0115548899894,0.00576078765377
3023,1.01107145333,0.0110106134354,0.00549018028796
3024,1.01271909051,0.0126388822827,0.00629951546833
3025,1.00826012017,0.00822619208178,0.00410464884671
3026,1.0093973725,0.00935349189112,0.00466582699759
3027,1.01012109499,0.0100702196952,0.00502245493057
3028,1.00910624309,0.00906503126173,0.00452225928343
3029,1.01066496734,0.0106084977164,0.00529020616983
3030,1.00855765015,0.00852124103026,0.00425155694825
3031,1.01180977628,0.0117405850927,0.00585309604502
3032,1.00806331285,0.00803097804579,0.00400743772708
3033,1.010005795,0.0099560684602,0.00496566435211
3034,1.00645188864,0.00643116430359,0.00321041770456
3035,1.00802890604,0.0079968458667,0.00399043988379
3036,1.01292036322,0.0128376073933,0.00639824718245
3037,1.00937430812,0.0093306419771,0.00465445528249
3038,1.00705274987,0.0070279955502,0.00350783091048
3039,1.01011920575,0.0100683493809,0.00502152446974
3040,1.0085049508,0.0084689874753,0.0042255409104
3041,1.0100831852,0.0100326890435,0.00500378367754
3042,1.00716861853,0.00714304612271,0.00356515275902
3043,1.00703036142,0.00700576365141,0.0034967538924
3044,1.00819758701,0.0081641692965,0.00407376426606
3045,1.01058585773,0.0105302198396,0.00525127352258
3046,1.00731602396,0.00728939167448,0.00363806199526
3047,1.01128025459,0.011217106951,0.00559285490195
3048,1.00686225696,0.00683881884281,0.00341356989881
3049,1.0061204489,0.0061017950305,0.00304624825677
3050,1.00917457302,0.00913274228526,0.00455596112129
3051,1.01095028986,0.0108907695499,0.00543058554196
3052,1.01156226745,0.0114959352416,0.00573147966081
3053,1.01230922018,0.012234077729,0.00609836787207
3054,1.00799637893,0.00796457731349,0.0039743698604
3055,1.01307418129,0.0129894518906,0.00647368079823
3056,1.00878671542,0.0087483368818,0.00436461569964
3057,1.01123174247,0.0111691348072,0.00556900269461
3058,1.00977158741,0.00972415419684,0.00485027633472
3059,1.01336919076,0.0132806117446,0.0066183077596
3060,1.01074295595,0.0106856603792,0.00532858265773
3061,1.01039359257,0.0103399505587,0.00515663395849
3062,1.01582865339,0.0157046866987,0.00782159423816
3063,1.00820376071,0.00817029278115,0.0040768135309
3064,1.01075447852,0.0106970604156,0.00533425228676
3065,1.01013796411,0.0100869196564,0.00503076293908
3066,1.00945609633,0.0094116673127,0.00469477856908
3067,1.0101937145,0.0101421089941,0.00505821840687
3068,1.01306834374,0.0129836896665,0.00647081833347
3069,1.00878000588,0.00874168576422,0.00436130465013
3070,1.00901271694,0.0089723447975,0.00447612455842
3071,1.01084693577,0.0107885297335,0.00537974194525
3072,1.00859920691,0.00856244433201,0.00427207079872
3073,1.0127720717,0.0126911966897,0.00632550755414
3074,1.01299155823,0.0129078918011,0.00643316392433
3075,1.01319329362,0.0131070201116,0.00653208264259
3076,1.01354748662,0.0134565399063,0.00670568582395
3077,1.00858414208,0.00854750783009,0.00426463442489
3078,1.00786461016,0.00783384531093,0.00390926151988
3079,1.00702688898,0.00700231544054,0.00349503581425
3080,1.01258553476,0.0125069952028,0.00623398518007
3081,1.00802994101,0.00799787259136,0.00399095119744
3082,1.00700845349,0.00698400842653,0.00348591425733
3083,1.00732381498,0.00729712608167,0.00364191512228
3084,1.01002897034,0.00997901394233,0.00497708005791
3085,1.00988424931,0.00983571964017,0.00490578694649
3086,1.00849832837,0.00846242086712,0.00422227147468
3087,1.00529817561,0.00528418965584,0.00263860756728
3088,1.01262593014,0.0125468877112,0.00625380689194
3089,1.00963015429,0.00958407991588,0.00478057645296
3090,1.00979674539,0.00974906841806,0.00486267294769
3091,1.00988607812,0.00983753054976,0.00490668795891
3092,1.00815954602,0.00812643690142,0.00405497474772
3093,1.01068821284,0.0106314976541,0.00530164523568
3094,1.00900346434,0.00896317480407,0.00447156007426
3095,1.01183582836,0.0117663327644,0.0058658944467
3096,1.01548713817,0.0153684364478,0.00765477009593
3097,1.00875906427,0.00872092621167,0.00435097008958
3098,1.00742113928,0.00739373810998,0.00369004404756
3099,1.01196552326,0.0118945023632,0.00592960129005
3100,1.00609388829,0.00607539564197,0.00303308868519
3101,1.01277784166,0.0126968938688,0.00632833812091
3102,1.01387898622,0.0137835550715,0.00686808369909
3103,1.01080899805,0.010750998399,0.00536107705732
3104,1.00932360561,0.00928040909175,0.00462945542922
3105,1.00999116781,0.00994158607435,0.00495845909043
3106,1.0130559036,0.0129714099239,0.00646471817341
3107,1.01138277014,0.0113184738692,0.00564325361858
3108,1.0109763508,0.0109165478714,0.0054434046244
3109,1.01128073798,0.0112175849546,0.00559309256701
3110,1.01118825436,0.0111261288003,0.00554761921152
3111,1.00865870473,0.00862143313627,0.00430143876558
3112,1.01114681396,0.011085146078,0.00552724131986
3113,1.01108526073,0.0110242695511,0.00549697083535
3114,1.01278515022,0.012704110197,0.00633192344485
3115,1.01033424602,0.0102812127554,0.00512741607247
3116,1.01029283513,0.010240224599,0.00510702686703
3117,1.00982021044,0.00977230553978,0.00487423494412
3118,1.01312772284,0.0130423010737,0.00649993397855
3119,1.01062091402,0.0105649083141,0.00526852653092
3120,1.00986054405,0.00981224611856,0.00489410769519
3121,1.00876586179,0.00872766468464,0.00435432466097
3122,1.00929319817,0.00925028208318,0.00461446154783
3123,1.0101943746,0.0101427624331,0.00505854347369
3124,1.01382932855,0.0137345759586,0.00684376204114
3125,1.01159917636,0.0115324216212,0.00574961812469
3126,1.00977075895,0.00972333375232,0.00484986810207
3127,1.01095978705,0.0109001638247,0.00543525716018
3128,1.0081320767,0.00809918953898,0.00404140621776
3129,1.00780631896,0.00777600729648,0.00388045514809
3130,1.00896600906,0.00892605305814,0.00445308202586
3131,1.00824655578,0.00821273873031,0.00409794975909
3132,1.00965033338,0.00960406633622,0.00479052184013
3133,1.01355387247,0.0134628403795,0.00670881493116
3134,1.00610769824,0.00608912184771,0.00303993094819
3135,1.00814489759,0.00811190692386,0.00404773919201
3136,1.00938312997,0.00933938185692,0.00465880487321
3137,1.01004715052,0.00999701344487,0.0049860349764
3138,1.01132004546,0.0112564532051,0.00561241780762
3139,1.01068835324,0.0106316365745,0.00530171432764
3140,1.01122311265,0.0111606008071,0.00556475944843
3141,1.01143507691,0.0113701905979,0.00566896572522
3142,1.00581781801,0.00580095985547,0.00289627759973
3143,1.0121561771,0.012082884159,0.006023229264
3144,1.0111994336,0.0111371842823,0.0055531162715
3145,1.01089682334,0.0108378807636,0.00540428440962
3146,1.0119058198,0.0118355031002,0.00590027614707
3147,1.01044127302,0.0103871394189,0.00518010644385
3148,1.00928825116,0.00924538061368,0.00461202211891
3149,1.01301547371,0.0129315002839,0.00644489215786
3150,1.00618060259,0.00616158100459,0.00307604973692
3151,1.01286850994,0.0127864142181,0.00637281404264
3152,1.01358332314,0.0134918967942,0.00672324556659
3153,1.00724510352,0.00721898384575,0.00360298553751
3154,1.01304349858,0.0129591647035,0.00645863512552
3155,1.01133732141,0.0112735356388,0.00562091105128
3156,1.01260714858,0.0125283401547,0.00624459106739
3157,1.00915857078,0.00911688539501,0.00454806876657
3158,1.01170386679,0.0116359062893,0.00580106162914
3159,1.00808821146,0.00805567718837,0.00401973773229
3160,1.01290442308,0.012821870451,0.00639042902496
3161,1.00957354662,0.00952801062189,0.00475267543665
3162,1.00800391393,0.00797205251097,0.00397809259759
3163,1.00981952713,0.00977162887347,0.00487389826002
3164,1.00899901034,0.00895876054158,0.00446936280991
3165,1.01164235868,0.0115751078925,0.00577083831901
3166,1.00920212955,0.00916004792298,0.00456955164567
3167,1.00970231537,0.00965555015271,0.00481614010147
3168,1.01056803758,0.0105125862009,0.00524250296414
3169,1.00950847864,0.00946355758343,0.00472060156279
3170,1.00976828758,0.0097208862913,0.00484865030574
3171,1.00737651406,0.00734944063243,0.00366797679423
3172,1.00970479663,0.00965800756453,0.00481736288901
3173,1.00786992579,0.00783911944297,0.00391188827345
3174,1.01353906563,0.01344823144,0.0067015594392
3175,1.01190078397,0.011830526501,0.00589780252605
3176,1.01097293696,0.0109131710922,0.00544172542398
3177,1.01299798744,0.0129142385332,0.00643631687059
3178,1.00770597973,0.00767644031966,0.00383086360786
3179,1.00955879687,0.00951340063242,0.00474540513362
3180,1.01304451925,0.0129601722269,0.0064591356335
3181,1.00752496088,0.00749678959417,0.00374137833487
3182,1.00307893262,0.00307420241531,0.00153592047264
3183,1.0123484042,0.0122727845408,0.00611760306765
3184,1.01131832713,0.011254754107,0.00561157302623
3185,1.00841517294,0.00837996276615,0.0041812156581
3186,1.01027247687,0.0102200735463,0.00509700274614
3187,1.00859001228,0.00855332805756,0.00426753212384
3188,1.00901890291,0.00897847549441,0.00447917618132
3189,1.00700608236,0.00698165379675,0.00348474104577
3190,1.00983873718,0.00979065194415,0.00488336339209
3191,1.00889324369,0.00885393169952,0.00441718128042
3192,1.00677272023,0.00674988839471,0.00336925547469
3193,1.00675751151,0.00673478187068,0.00336172763312
3194,1.00658955908,0.00656794284171,0.00327858508451
3195,1.00977682889,0.00972934494303,0.00485285911618
3196,1.00840460225,0.00836948023685,0.00417599629463
3197,1.00871402364,0.00867627566584,0.00432874170513
3198,1.01238337507,0.0123073282442,0.00613476910876
3199,1.01144158811,0.0113766281666,0.00567216625722
3200,1.00883674358,0.00879792806291,0.0043893027609
3201,1.01164095331,0.0115737186931,0.00577014772745
3202,1.00951485797,0.00946987680858,0.00472374625512
3203,1.01174333445,0.0116749166139,0.00582045345165
3204,1.01206310905,0.0119909296396,0.00597752788526
3205,1.01025487361,0.0102026491292,0.005088334906
3206,1.01068059129,0.0106239566805,0.00529789473159
3207,1.00837675882,0.00834186848938,0.00416224797927
3208,1.01045722275,0.0104029242122,0.00518795792605
3209,1.01023044193,0.0101784651508,0.00507630437212
3210,1.01015653345,0.0101053024622,0.00503990806018
3211,1.00987079704,0.00982239894351,0.00489915925034
3212,1.01147214026,0.0114068342485,0.00568718351779
3213,1.01283307092,0.0127514248361,0.00635543068999
3214,1.00581575209,0.00579890588554,0.00289525358868
3215,1.01122777004,0.011165206495,0.00556704947496
3216,1.01386364158,0.0137684203646,0.00686056829041
3217,1.01053943491,0.0104842822486,0.00522842508013
3218,1.01015585311,0.0101046289604,0.00503957300643
3219,1.00859457982,0.00855785667883,0.00426978676891
3220,1.00785305838,0.00782238360624,0.00390355305458
3221,1.01076771212,0.0107101531212,0.00534076369835
3222,1.00967140334,0.0096249346864,0.0048009059759
3223,1.00840969994,0.00837453542536,0.00417851333048
3224,1.00819180948,0.00815843873314,0.00407091065278
3225,1.01206814044,0.0119959010448,0.00597999872644
3226,1.01132471867,0.011261074102,0.0056147152862
3227,1.01067984509,0.0106232183662,0.00529752753017
3228,1.01342787585,0.0133385209374,0.00664707030917
3229,1.0115766276,0.0115101311557,0.00573853691101
3230,1.00688927269,0.00686565008163,0.00342693963338
3231,1.01181217305,0.0117429538848,0.00585427350797
3232,1.00920219304,0.00916011083027,0.00456958295558
3233,1.01050018553,0.0104454414588,0.0052091060357
3234,1.00771519661,0.00768558667924,0.00383541925801
3235,1.00865640695,0.00861915508377,0.00430030463814
3236,1.01186213872,0.0117923350215,0.00587881922797
3237,1.00617265351,0.00615368071449,0.00307211173494
3238,1.01044204107,0.0103878995346,0.0051804845329
3239,1.01085412304,0.0107956398539,0.00538327787384
3240,1.01278050054,0.0126995191965,0.00632964247691
3241,1.00891467217,0.00887517106422,0.00442775399757
3242,1.01179233176,0.0117233440372,0.00584452593709
3243,1.01120345887,0.0111411649651,0.00555509555834
3244,1.0070237335,0.00699918198126,0.00349347455916
3245,1.00743010427,0.00740263702256,0.0036944770753
3246,1.01270376952,0.0126237536016,0.00629199875099
3247,1.01040204447,0.010348315478,0.00516079484205
3248,1.01094806719,0.0108885709503,0.00542949221139
3249,1.01046491975,0.0104105415195,0.00519174681337
3250,1.00971806185,0.00967114520281,0.00482390004229
3251,1.0092183229,0.00917609348904,0.00457753773614
3252,1.01126286525,0.0111999114312,0.0055843051913
3253,1.00789220605,0.00786122548804,0.00392289799695
3254,1.00987747375,0.00982901037875,0.00490244876728
3255,1.00995478367,0.00990556121145,0.00494053581146
3256,1.00745854097,0.00743086358518,0.00370853811619
3257,1.01273252764,0.012652150559,0.00630610779275
3258,1.01087662734,0.0108179022679,0.00539434909687
3259,1.00989820163,0.00984953531275,0.00491266087066
3260,1.01428851304,0.0141873943228,0.00706859627947
3261,1.01248658642,0.0124092719353,0.00618542696274
3262,1.01150807752,0.0114423632743,0.00570484684378
3263,1.01158465866,0.0115180702743,0.00574248368298
3264,1.01187393434,0.0118039922991,0.00588461358435
3265,1.01082558379,0.0107674066515,0.00536923716716
3266,1.01060965599,0.01055376854,0.0052629859735
3267,1.00853729663,0.00850106001007,0.00424150928784
3268,1.00978415061,0.00973659574153,0.00485646691534
3269,1.00941078981,0.00936678419809,0.00467244211929
3270,1.01071040892,0.0106534587686,0.00531256751795
3271,1.00950529676,0.00946040567474,0.00471903304666
3272,1.00945744156,0.00941299994303,0.00469544175583
3273,1.01110422252,0.0110430232707,0.00550629610709
3274,1.00955756721,0.0095121826166,0.00474479901552
3275,1.01067314124,0.0106165853365,0.00529422857919
3276,1.01065160335,0.0105952746599,0.00528362959617
3277,1.01096442336,0.0109047498642,0.00543753771416
3278,1.00777576263,0.00774568719412,0.00386535381034
3279,1.01215810966,0.0120847935004,0.00602417818403
3280,1.0093330989,0.00928981463721,0.00463413641967
3281,1.01171639536,0.0116482898558,0.00580721747441
3282,1.01102418512,0.0109638617353,0.00546693250383
3283,1.0116813407,0.0116136405529,0.00578999328178
3284,1.00986267336,0.00981435464292,0.00489515679715
3285,1.01092989002,0.0108705904758,0.00542055074638
3286,1.01064081887,0.0105846037873,0.00527832233622
3287,1.00850929619,0.00847329620612,0.00422768617014
3288,1.00797174321,0.00794013672995,0.00396219806222
3289,1.0099755185,0.00992609144927,0.00495075016276
3290,1.00877184412,0.00873359500554,0.00435727690577
3291,1.00752468175,0.00749651255179,0.00374124033193
3292,1.00592095888,0.00590349888787,0.00294739731473
3293,1.00515223145,0.00513900412265,0.00256620371654
3294,1.01009612781,0.0100455023762,0.0050101582659
3295,1.01399443763,0.0138974195864,0.00692462333152
3296,1.01098826376,0.0109283314266,0.00544926431344
3297,1.00789654331,0.00786552878028,0.00392504120008
3298,1.01192093818,0.0118504434897,0.00590770223788
3299,1.01306113284,0.012976571754,0.00646728240026
3300,1.01221992513,0.0121458645809,0.00605452930936
3301,1.01447034084,0.0143666446091,0.00715758391081
3302,1.00518099471,0.00516761953169,0.00258047460249
3303,1.00801916527,0.00798718263418,0.00398562753617
3304,1.00697868436,0.00695444604265,0.0034711844825
3305,1.01165953344,0.0115920848517,0.00577927777714
3306,1.00966104766,0.00961467814953,0.00479580231472
3307,1.00941586864,0.00937181566797,0.00467494609645
3308,1.00967560674,0.00962909781631,0.00480297754531
3309,1.01200464679,0.0119331625437,0.0059488165749
3310,1.01119279967,0.0111306238019,0.00554985424152
3311,1.01039162658,0.0103380047852,0.0051556660881
3312,1.00733415711,0.0073073929614,0.00364702985346
3313,1.01068471046,0.0106280323143,0.00529992175032
3314,1.01105591021,0.0109952404028,0.00548253594264
3315,1.01138104567,0.011316768806,0.00564240589771
3316,1.01005598876,0.0100057637353,0.00499038829748
3317,1.00846629383,0.0084306557743,0.00420645586309
3318,1.01228040669,0.0122056141971,0.00608422279599
3319,1.01187253258,0.0118026069826,0.00588392500191
3320,1.0106810418,0.0106244024297,0.00529811642543
3321,1.01136508168,0.0113009843262,0.00563455815802
3322,1.01134561624,0.0112817374485,0.00562498889697
3323,1.00926916526,0.00922647017862,0.00460261046456
3324,1.01208594362,0.0120134917815,0.00598874146005
3325,1.00736647981,0.00733947981762,0.00366301464248
3326,1.01037029473,0.0103168921054,0.00514516411774
3327,1.0108236267,0.0107654705185,0.00536827429794
3328,1.00867448864,0.00863708143692,0.00430922923033
3329,1.00572970637,0.00571335403814,0.00285260059987
3330,1.01147472075,0.0114093854735,0.00568845187484
3331,1.00507511699,0.00506228199413,0.00252794036068
3332,1.01223782329,0.012163546509,0.00606331670667
3333,1.01056663235,0.0105111956653,0.00524181134103
3334,1.00714340576,0.00711801249811,0.00355268049301
3335,1.00908787805,0.00904683178492,0.00451320065519
3336,1.0116485841,0.0115812616518,0.00577389743776
3337,1.01025980044,0.0102075259375,0.00509076089975
3338,1.01085302775,0.0107945563207,0.00538273902359
3339,1.01159906755,0.0115323140603,0.00574956465343
3340,1.00965291495,0.00960662322824,0.0047917941609
3341,1.01084267159,0.0107843113026,0.00537764407461
3342,1.00829958587,0.00826533369296,0.00412413913029
3343,1.00997395529,0.00992454367572,0.00494998010701
3344,1.01183162861,0.0117621821342,0.00586383130303
3345,1.00903652632,0.00899594123352,0.00448786989685
3346,1.00973963448,0.00969250997273,0.00483453083972
3347,1.01052629358,0.010471277889,0.00522195687548
3348,1.0068555975,0.0068322047446,0.0034102741331
3349,1.01148645949,0.0114209909698,0.00569422159762
3350,1.01197495722,0.0119038247331,0.00593423482525
3351,1.01156393288,0.0114975816351,0.00573229813907
3352,1.0081166205,0.00808385789644,0.00403377134793
3353,1.01041019439,0.0103563814606,0.0051648070118
3354,1.0112213793,0.0111588866885,0.0055639071581
3355,1.01411297763,0.014014316739,0.00698266547723
3356,1.0081493973,0.00811637027141,0.00404996183007
3357,1.00619950139,0.00618036354026,0.00308541207279
3358,1.01056334919,0.0105079468331,0.0052401954385
3359,1.00923144419,0.00918909484322,0.0045840086351
3360,1.0087788091,0.00874049940398,0.00436071405687
3361,1.00940746708,0.00936349244133,0.00467080392983
3362,1.00779750062,0.00776725722447,0.00387609707968
3363,1.00771602662,0.00768641033885,0.00383582950819
3364,1.00789494145,0.00786393946936,0.00392424966336
3365,1.00886225339,0.00882321410072,0.0044018902062
3366,1.00931777509,0.00927463241062,0.00462658045595
3367,1.01293739696,0.01285442371,0.0064066015082
3368,1.0101823584,0.0101308674256,0.00505262603805
3369,1.01042679937,0.0103728152236,0.00517298142112
3370,1.01194648558,0.0118756896064,0.00592025064375
3371,1.01158602623,0.0115194221849,0.00574315575641
3372,1.00836512217,0.00833032843428,0.00415650195142
3373,1.00808843608,0.00805590000634,0.00401984869343
3374,1.01260110126,0.0125223681115,0.00624162368783
3375,1.01006979672,0.010019434132,0.00499718936226
3376,1.01013006883,0.0100791035783,0.00502687455283
3377,1.01225111057,0.0121766730627,0.00606984016691
3378,1.01449108967,0.0143870972653,0.00716773699119
3379,1.0113381081,0.0112743135054,0.00562129779839
3380,1.00977240257,0.00972496147014,0.00485067801354
3381,1.01312647295,0.0130410673724,0.00649932113716
3382,1.01278929304,0.012708200706,0.0063339557469
3383,1.01224401166,0.0121696600405,0.00606635493367
3384,1.00976124462,0.00971391144071,0.0048451797837
3385,1.0097304579,0.0096834218683,0.00483000874559
3386,1.00879417951,0.00875573594001,0.0043682990749
3387,1.00713638302,0.00711103953842,0.00354920639345
3388,1.00712961209,0.00710431656782,0.00354585683313
3389,1.01244015488,0.0123634119643,0.00616263854771
3390,1.00752030055,0.00749216406092,0.00373907421852
3391,1.00800621449,0.00797433479843,0.00397922920109
3392,1.00847941584,0.00844366753801,0.00421293435717
3393,1.00998516252,0.00993564016735,0.0049555008738
3394,1.00773741368,0.0077076334062,0.00384640028175
3395,1.01001671445,0.00996687967822,0.00497104310414
3396,1.00939687468,0.00935299870488,0.004665581555
3397,1.01053858783,0.0104834439998,0.005228008147
3398,1.01307280901,0.0129880973218,0.00647300789809
3399,1.01130348952,0.0112400824508,0.00560427833691
3400,1.00991669624,0.00986784847932,0.00492177242904
3401,1.00500123313,0.00498876850584,0.00249127586156
3402,1.00899443418,0.00895422518552,0.00446710526439
3403,1.00675228376,0.00672958919607,0.00335914002063
3404,1.00991738636,0.00986853182482,0.0049221124201
3405,1.00706639757,0.0070415475778,0.0035145831323
3406,1.0108791224,0.010820370472,0.005395576541
3407,1.00713871051,0.00711335054054,0.00355035779274
3408,1.00845755371,0.00842198898424,0.00420214068695
3409,1.00790611001,0.00787502047829,0.00392976841021
3410,1.00761416204,0.00758532061726,0.00378547725635
3411,1.00995494282,0.00990571878882,0.00494061421089
3412,1.00735163983,0.00732474824328,0.00365567580927
3413,1.00832266772,0.00828822529333,0.00413553766118
3414,1.01064645831,0.010590183833,0.00528109762855
3415,1.00905974631,0.00901895300453,0.00449932407954
3416,1.01108923751,0.0110282027197,0.00549892660745
3417,1.0095511498,0.00950582593651,0.00474163575103
3418,1.01049290063,0.0104382322363,0.0052055201948
3419,1.00754097939,0.00751268834688,0.00374929793812
3420,1.00835704993,0.00832232313476,0.00415251593071
3421,1.00800655047,0.0079746681099,0.00397939519365
3422,1.01398895733,0.0138920149015,0.00692193969815
3423,1.01146805868,0.0114027989552,0.00568517734384
3424,1.00813387578,0.00810097410427,0.00404229489393
3425,1.00843383155,0.00839846549665,0.00419042829878
3426,1.00999483861,0.00994522054828,0.00496026731505
3427,1.00826934391,0.00823534022032,0.00410920413062
3428,1.00906783284,0.00902696689753,0.0045033129895
3429,1.01133966746,0.0112758553793,0.00562206440134
3430,1.01108035951,0.0110194220522,0.00549456040624
3431,1.00615063503,0.00613179707951,0.00306120347225
3432,1.01105140257,0.0109907820433,0.00548031898196
3433,1.01095918506,0.0108995683609,0.00543496104649
3434,1.0127314144,0.0126510513111,0.00630556163463
3435,1.00714247354,0.00711708688201,0.00355221932906
3436,1.00825232347,0.00821845922796,0.00410079828268
3437,1.01053967764,0.0104845224452,0.00522854455048
3438,1.01304078381,0.0129564848763,0.00645730386504
3439,1.00902654618,0.00898605042354,0.00448294667402
3440,1.01213513181,0.0120620914033,0.00601289545219
3441,1.01243654938,0.0123598507551,0.00616086891476
3442,1.01240404919,0.0123277492764,0.0061449169339
3443,1.01008671645,0.0100361850399,0.00500552292761
3444,1.00949884966,0.00945401925523,0.00471585490069
3445,1.00955321794,0.00950787451219,0.00474265518155
3446,1.00840610868,0.00837097410472,0.00417674010909
3447,1.00813509464,0.00810218312488,0.00404289696044
3448,1.00759592586,0.00756722207763,0.00377646220155
3449,1.0121946154,0.0121208600857,0.00604210267931
3450,1.01088945255,0.010830589398,0.0054006584225
3451,1.01118761515,0.0111254966621,0.00554730489582
3452,1.01094854602,0.0108890445983,0.00542972774955
3453,1.00523042517,0.00521679400186,0.00260499808935
3454,1.01050279223,0.010448021078,0.00521038912573
3455,1.01031971014,0.0102668254555,0.00512025928159
3456,1.00795585101,0.00792437008743,0.00395434594529
3457,1.01008347543,0.0100329763744,0.0050039266241
3458,1.01240042907,0.0123241735035,0.00614314003228
3459,1.01249128362,0.0124139111922,0.00618773224064
3460,1.00925317819,0.00921062981186,0.00459472670348
3461,1.01084482644,0.0107864430335,0.00537870420768
3462,1.01308748786,0.013002586653,0.00648020564288
3463,1.00799537223,0.00796357859563,0.00397387248599
3464,1.01102705194,0.0109666972872,0.00546834252786
3465,1.00773909976,0.00770930654278,0.00384723363191
3466,1.00935482152,0.00931133616549,0.00464484725933
3467,1.01050146777,0.0104467103802,0.00520973719126
3468,1.00860603036,0.00856920958405,0.00427543896823
3469,1.00741567648,0.00738831553871,0.00368734276303
3470,1.00882038838,0.0087817159965,0.00438123227482
3471,1.01184362457,0.0117740377464,0.005869724332
3472,1.00954191264,0.00949667612393,0.00473708252686
3473,1.00863688721,0.00859980267333,0.00429066999693
3474,1.006130976,0.00611225803076,0.0030514638068
3475,1.00580602306,0.00578923306174,0.00289043116775
3476,1.01355654344,0.0134654756214,0.00671012371156
3477,1.00966393584,0.0096175386962,0.00479722572773
3478,1.00894417888,0.0089044166336,0.00444231192972
3479,1.01173321121,0.0116649108274,0.00581547966511
3480,1.00942103346,0.00937693229241,0.00467749244544
3481,1.01306491241,0.0129803025944,0.00646913575454
3482,1.01105935314,0.010998645678,0.00548422924403
3483,1.00808685797,0.00805433455309,0.00401906911294
3484,1.00936295339,0.00931939263972,0.00464885677782
3485,1.00961541871,0.00956948478647,0.00477331374832
3486,1.00995376026,0.00990454787988,0.00494003164875
3487,1.00932030254,0.00927713653127,0.00462782672274
3488,1.01177665533,0.0117078501938,0.00583682426265
3489,1.01056561294,0.0105101869117,0.00524130960794
3490,1.01266876815,0.0125891907001,0.00627482588676
3491,1.01043025906,0.0103762392065,0.00517468455502
3492,1.00944586757,0.00940153432184,0.00468973584695
3493,1.00804823953,0.00801602517776,0.00399999122658
3494,1.010507281,0.010452463176,0.00521259859973
3495,1.009988653,0.00993909613952,0.00495722029536
3496,1.01123988409,0.0111771859644,0.00557300584667
3497,1.01197671503,0.0119055617323,0.00593509817061
3498,1.00570615665,0.00568993820779,0.00284092601436
3499,1.01115727897,0.0110954956608,0.00553238749562
3500,1.00824240065,0.00820861757693,0.00409589762442
3501,1.0137499012,0.0136562289898,0.00680485588873
3502,1.01050423975,0.010449453552,0.00521110163061
3503,1.01024725841,0.0101951112012,0.00508458511265
3504,1.00852854068,0.00849237813662,0.00423718675386
3505,1.01045949543,0.0104051733713,0.00518907667071
3506,1.00848745744,0.00845164148582,0.0042169045263
3507,1.01110656886,0.0110453438435,0.00550745000395
3508,1.00729779558,0.00727129552006,0.00362904679473
3509,1.01001549735,0.00996567464376,0.00497044358187
3510,1.0123458644,0.0122702757232,0.00611635633204
3511,1.01093476103,0.0108754088042,0.00542294684871
3512,1.01183207936,0.0117626276081,0.00586405273385
3513,1.01051129449,0.0104564349307,0.00521457412358
3514,1.01514910072,0.0150354989699,0.00748956188629
3515,1.0091664959,0.00912473856456,0.00455197748529
3516,1.00952363601,0.00947857207876,0.00472807334368
3517,1.01352616267,0.0134355007532,0.00669523673343
3518,1.01344581169,0.0133562189664,0.00665586046472
3519,1.0084600385,0.00842445293509,0.00420336748469
3520,1.01012468609,0.0100737748124,0.00502422355988
3521,1.00882804838,0.00878930898718,0.00438501212965
3522,1.01153222089,0.0114662316814,0.00571671289371
3523,1.01215444589,0.0120811737376,0.00602237920403
3524,1.01200189279,0.0119304412058,0.00594746399936
3525,1.00958976626,0.00954407631863,0.00476067007538
3526,1.014107776,0.0140091874934,0.00698011875903
3527,1.01380616751,0.0137117305935,0.00683241746792
3528,1.00798398609,0.00795228270854,0.00396824697076
3529,1.00772363,0.00769395546741,0.00383958759447
3530,1.00794629061,0.00791488510195,0.00394962219481
3531,1.0093946617,0.00935080632115,0.00466449047691
3532,1.0106770335,0.0106204364827,0.005296143956
3533,1.01111028476,0.0110490189163,0.00550927741855
3534,1.00924758396,0.00920508685153,0.00459196795368
3535,1.01040362211,0.0103498768747,0.00516157151105
3536,1.01116019678,0.0110983812698,0.00553382231695
3537,1.00768257723,0.00765321651443,0.0038192961217
3538,1.00798035018,0.00794867559042,0.00396645056705
3539,1.0056125582,0.00559686648294,0.00279452127714
3540,1.01033659323,0.0102835359587,0.00512857171745
3541,1.01042908507,0.0103750773386,0.00517410662701
3542,1.00976017348,0.00971285065916,0.00484465196263
3543,1.01046518514,0.010410804165,0.00519187745431
3544,1.00773283508,0.00770308995736,0.00384413729272
3545,1.00976037014,0.00971304541895,0.00484474887074
3546,1.01065761321,0.010601221164,0.00528658713429
3547,1.0074622479,0.00743454306703,0.00371037103268
3548,1.00927359973,0.00923086391078,0.00460479721692
3549,1.00722084542,0.0071948999431,0.00359098690092
3550,1.00985035299,0.00980215451711,0.00488908657649
3551,1.00956863668,0.00952314722425,0.00475025529196
3552,1.00691051835,0.00688675015667,0.0034374534611
3553,1.00967627421,0.00962975888719,0.00480330649314
3554,1.00845049835,0.0084149927759,0.00419865727621
3555,1.01458864811,0.0144832575502,0.00721547136027
3556,1.00798577172,0.0079540541938,0.00396912919816
3557,1.0099547467,0.00990552460087,0.00494051759661
3558,1.01009460226,0.0100439920719,0.0050094068969
3559,1.007068367,0.00704350319313,0.0035155575029
3560,1.01240401354,0.0123277140626,0.0061448994352
3561,1.00841098225,0.00837580704083,0.00417914648128
3562,1.00747452169,0.00744672587034,0.00371643981449
3563,1.0101248876,0.010073974295,0.00502432280006
3564,1.01117888499,0.0111168630498,0.00554301202705
3565,1.00938747297,0.00934368447351,0.00466094615667
3566,1.01048634623,0.0104317458711,0.00520229388944
3567,1.01116689629,0.0111050068238,0.00553711675613
3568,1.00810555684,0.00807288325708,0.00402830614784
3569,1.01042864939,0.0103746461597,0.00517389215304
3570,1.00942129469,0.00937719108324,0.0046776212356
3571,1.00985316456,0.00980493866295,0.00489047184248
3572,1.00880056034,0.0087620611164,0.00437144784299
3573,1.00815577643,0.00812269781925,0.00405311278584
3574,1.00554268963,0.00552738544823,0.00275987724113
3575,1.00635377274,0.00633367261805,0.00316182717202
3576,1.00906971486,0.00902883201101,0.00450424134621
3577,1.00732081924,0.0072941521175,0.00364043355455
3578,1.00922261279,0.0091803441829,0.00457965335197
3579,1.00793455294,0.00790323990361,0.00394382257582
3580,1.00841412678,0.00837892534188,0.00418069911467
3581,1.01015392367,0.0101027189154,0.00503862279637
3582,1.00915174453,0.00911012107637,0.00454470198385
3583,1.00876440714,0.00872622267191,0.00435360679384
3584,1.01022232037,0.0101704258073,0.00507230509742
3585,1.01083453344,0.0107762604145,0.00537364026991
3586,1.00920887346,0.00916673031942,0.00457287757055
3587,1.01182641653,0.0117570309834,0.00586127082709
3588,1.0114756256,0.0114102800502,0.00568889661875
3589,1.00861383867,0.00857695124057,0.00427929323954
3590,1.00981043865,0.00976262873495,0.00486942011357
3591,1.01043102883,0.010377001038,0.00517506349956
3592,1.0138956947,0.0138000346933,0.00687626688457
3593,1.00944829269,0.0094039367501,0.00469093142698
3594,1.00776565485,0.00773565735191,0.00386035826115
3595,1.00911441224,0.00907312665902,0.00452628866917
3596,1.01119849299,0.011136254094,0.00555265375999
3597,1.01052548914,0.0104704818279,0.00522156092333
3598,1.01013305108,0.0100820559231,0.00502834330361
3599,1.00982827289,0.00978028955988,0.00487820748825
3600,1.01295218442,0.0128690221962,0.0064138539615
3601,1.01407371024,0.0139755950678,0.00696343964575
3602,1.01199000633,0.0119186956497,0.00594162613231
3603,1.00726285902,0.00723661147236,0.00361176755607
3604,1.00976116656,0.00971383413326,0.00484514131726
3605,1.00809199063,0.00805942602948,0.00402160461641
3606,1.00905235827,0.00901163126985,0.00449567967696
3607,1.00955833989,0.00951294798192,0.00474517988236
3608,1.01133452327,0.011270768862,0.00561953543784
3609,1.00630428116,0.00628449230929,0.00313731446607
3610,1.01200076763,0.0119293293975,0.00594691140132
3611,1.00783938097,0.00780881267564,0.00389679405377
3612,1.01334117565,0.0132529658522,0.00660457620302
3613,1.01160242039,0.0115356284492,0.00575121231839
3614,1.00889884592,0.00885948452804,0.00441994542691
3615,1.01239343908,0.0123172691105,0.0061397090372
3616,1.01476247021,0.0146545656083,0.00730050371343
3617,1.00956096591,0.00951554913613,0.00474647428714
3618,1.01084987513,0.0107914375507,0.00538118803116
3619,1.01098431097,0.0109244215891,0.00544732004566
3620,1.01158998885,0.0115233394148,0.00574510312083
3621,1.01190970903,0.0118393465601,0.00590218653646
3622,1.00746623369,0.00743849933332,0.00371234182427
3623,1.01122242661,0.0111599223799,0.00556442212243
3624,1.01123009443,0.0111675050775,0.00556819236742
3625,1.01084396036,0.010785586251,0.00537827812052
3626,1.011187523,0.0111254055326,0.00554725958382
3627,1.0088404512,0.00880160319872,0.00439113226148
3628,1.01114344238,0.0110818116565,0.00552558332282
3629,1.0073818409,0.00735472846017,0.0036706110068
3630,1.01215094041,0.0120777103445,0.00602065793493
3631,1.01154641391,0.0114802627931,0.00572368831918
3632,1.00864335544,0.00860621550335,0.00429386264916
3633,1.01174809087,0.0116796178172,0.00582279036903
3634,1.00837114409,0.00833630038736,0.00415947551231
3635,1.00975313507,0.00970588025176,0.00484118363748
3636,1.01203548953,0.0119636389545,0.00596396401559
3637,1.00870790848,0.00867021331905,0.00432572364833
3638,1.00889897265,0.00885961014477,0.00442000795767
3639,1.01172828042,0.0116600372033,0.00581305702134
3640,1.00859791531,0.00856116374574,0.00427143324076
3641,1.0117379816,0.0116696258749,0.00581782347593
3642,1.00754572066,0.00751739411831,0.00375164199941
3643,1.01310910293,0.0130239222653,0.00649080426292
3644,1.00840510388,0.0083699776823,0.00417624397865
3645,1.01169708844,0.0116292063346,0.00579773107966
3646,1.01177582318,0.0117070277332,0.00583641543257
3647,1.00978452899,0.00973697046237,0.00485665336584
3648,1.01080049065,0.0107425819354,0.00535689137735
3649,1.01095799276,0.0108983889867,0.00543437456413
3650,1.0090152234,0.00897482886425,0.00447736103153
3651,1.01067272248,0.0106161709955,0.00529402250545
3652,1.00795888708,0.0079273821941,0.00395584604204
3653,1.01350284106,0.0134124901251,0.00668380838446
3654,1.01083792039,0.0107796110582,0.00537530658782
3655,1.01279646459,0.0127152816751,0.00633747379991
3656,1.01126045842,0.0111975314124,0.00558312182657
3657,1.00908926545,0.00904820669019,0.00451388500497
3658,1.00793588068,0.00790455719366,0.00394447862305
3659,1.01025908791,0.0102068206419,0.00509041004715
3660,1.0100576034,0.0100073622927,0.00499118358713
3661,1.01222339476,0.0121492923196,0.00605623280054
3662,1.01069658934,0.0106397855391,0.00530576719993
3663,1.00890689126,0.0088674588805,0.00442391497213
3664,1.01086824224,0.0108096073517,0.00539022400305
3665,1.01206321245,0.0119910318145,0.00597757866732
3666,1.00991271002,0.00986390139707,0.0049198085993
3667,1.01077331216,0.0107156934943,0.00534351908614
3668,1.00992762184,0.00987866673865,0.00492715492165
3669,1.01087542427,0.0108167121407,0.00539375724305
3670,1.00904524271,0.00900457952139,0.00449216964774
3671,1.00731124605,0.00728464844878,0.00363569900768
3672,1.01307630138,0.0129915446175,0.00647472038728
3673,1.01051907661,0.0104641360724,0.00521840460794
3674,1.00608372839,0.00606529722839,0.00302805478039
3675,1.00982238011,0.00977445410905,0.00487530399186
3676,1.00934355353,0.00930017254596,0.00463929136071
3677,1.01332992483,0.0132418630866,0.00659906146941
3678,1.01240629661,0.0123299691536,0.00614602005138
3679,1.0102840594,0.0102315382443,0.00510270586098
3680,1.00968845181,0.00964181971392,0.00480930792248
3681,1.00810940054,0.0080766960378,0.00403020485687
3682,1.0102646407,0.0102123170287,0.00509314424734
3683,1.0067584078,0.00673567214277,0.00336217127264
3684,1.00752569396,0.00749751720589,0.00374174077953
3685,1.01009960051,0.0100489403539,0.00501186864084
3686,1.01107523135,0.0110143500742,0.00549203834821
3687,1.01071403237,0.010657043814,0.00531435051619
3688,1.01183201046,0.0117625595215,0.00586401889021
3689,1.00801739725,0.00798542867616,0.0039847540521
3690,1.01163542401,0.0115682530016,0.00576743064691
3691,1.00698868968,0.00696438197577,0.00347613519203
3692,1.01254192866,0.0124639301588,0.00621258666115
3693,1.00902786008,0.0089873525638,0.00448359482523
3694,1.01388972194,0.0137941437719,0.0068733416733
3695,1.01398084482,0.0138840142797,0.00691796706922
3696,1.01304044187,0.0129561473425,0.00645713618793
3697,1.00756332253,0.00753486400756,0.00376034413564
3698,1.00715088842,0.00712544205092,0.00355638206513
3699,1.01134008966,0.0112762728519,0.00562227196409
3700,1.00662977028,0.00660789001136,0.00329849298542
3701,1.00825736543,0.00822345990944,0.00410328836691
3702,1.01168064476,0.011612952647,0.00578965132028
3703,1.01112743814,0.011065983671,0.00551771302832
3704,1.00711661041,0.00709140684257,0.00353942483777
3705,1.01014274565,0.0100916531903,0.00503311779661
3706,1.01054029832,0.0104851366486,0.00522885004644
3707,1.01208202742,0.0120096223404,0.00598681832415
3708,1.00595904808,0.00594136317481,0.00296627347897
3709,1.00631977491,0.00629988887075,0.00314498856534
3710,1.01061434359,0.0105584069203,0.00526529295513
3711,1.0108339487,0.0107756819374,0.00537335258562
3712,1.00982266415,0.00977473539081,0.00487544394707
3713,1.01104278827,0.0109822618661,0.005476082231
3714,1.0046683454,0.00465748246861,0.00232603182002
3715,1.01351994063,0.0134293617305,0.00669218776852
3716,1.01001393952,0.00996413225828,0.004969676222
3717,1.00926326021,0.00922061933933,0.00459969850522
3718,1.01052207453,0.0104671027752,0.00521988021751
3719,1.00872988753,0.00869200238808,0.00433657099701
3720,1.00905173133,0.00901100995749,0.00449537041734
3721,1.00874635005,0.00870832230614,0.00434469553665
3722,1.0125549134,0.0124767539825,0.006218958718
3723,1.01157299729,0.0115065423895,0.00573675282345
3724,1.00982659941,0.00977863236448,0.00487738293227
3725,1.00712955419,0.00710425907476,0.00354582818853
3726,1.01230782702,0.0122327015065,0.00609768395694
3727,1.00847542159,0.0084397068655,0.00421096236199
3728,1.01186257519,0.0117927663744,0.00587903363646
3729,1.01045127131,0.0103970343428,0.00518502826521
3730,1.0109902005,0.0109302471177,0.00545021693899
3731,1.00913889206,0.00909738507655,0.00453836290442
3732,1.0100423435,0.0099922542321,0.00498366723199
3733,1.01254813068,0.0124700553426,0.00621563022177
3734,1.00830419234,0.0082699022413,0.0041264139812
3735,1.01081574276,0.0107576709662,0.00536439544932
3736,1.01379356656,0.0136993011641,0.00682624519556
3737,1.01329569455,0.0132080825239,0.00658228250637
3738,1.00770332083,0.00767380174937,0.00382954937586
3739,1.00860507622,0.00856826357969,0.00427496798823
3740,1.00979936552,0.00975166311802,0.00486396398824
3741,1.00802982682,0.00799775931391,0.00399089478476
3742,1.01049335208,0.0104386790024,0.00520574241501
3743,1.0067947094,0.00677172939924,0.00338013912357
3744,1.00811239519,0.00807966659739,0.00403168414958
3745,1.01252062816,0.0124428932819,0.00620213351444
3746,1.01236966719,0.0122937879517,0.00612804047302
3747,1.0110409508,0.0109804444559,0.00547517850162
3748,1.01057911919,0.0105235518704,0.00524795704014
3749,1.01172532811,0.0116571191114,0.00581160645585
3750,1.01370815171,0.0136150449116,0.00678440376491
3751,1.00847144821,0.00843576686393,0.00420900065487
3752,1.0113629935,0.0112989196152,0.00563353161888
3753,1.01017674704,0.01012531261,0.00504986265963
3754,1.01296427832,0.0128809613833,0.00641978524924
3755,1.01263640109,0.0125572280493,0.0062589447145
3756,1.00609832335,0.00607980382534,0.00303528608925
3757,1.01075947722,0.0107020059195,0.00533671184538
3758,1.00932887904,0.00928563378854,0.00463205568047
3759,1.00882954716,0.00879079464978,0.00438575170335
3760,1.01005365964,0.0100034577973,0.00498924108157
3761,1.01120614505,0.0111438213823,0.00555641638777
3762,1.00784168304,0.00781109683821,0.00389793168395
3763,1.00924244437,0.00919999434477,0.00458943338939
3764,1.00953817875,0.00949297751848,0.00473524198274
3765,1.01151287056,0.0114471017742,0.00570720257475
3766,1.0086631476,0.00862583786243,0.00430363165292
3767,1.0102729523,0.0102205441441,0.00509723684568
3768,1.01109697443,0.0110358547531,0.00550273157789
3769,1.00863311921,0.00859606693886,0.00428881014236
3770,1.0071558176,0.00713033622076,0.00355882044429
3771,1.0103737062,0.0103202685521,0.00514684365346
3772,1.01027532924,0.0102228969111,0.00509840723219
3773,1.00827109011,0.00823707209028,0.00411006650692
3774,1.00749810621,0.00747013514592,0.00372810088446
3775,1.00969086604,0.00964421077267,0.00481049770148
3776,1.01373080876,0.0136373953314,0.00679550309565
3777,1.00719195749,0.00716621869655,0.00357669767217
3778,1.01037055729,0.0103171519679,0.00514529338043
3779,1.01209463223,0.0120220766,0.00599300815401
3780,1.01307766814,0.012992893742,0.0064753905817
3781,1.00803669296,0.00800457073108,0.00399428689575
3782,1.01086665549,0.0108080376554,0.00538944338508
3783,1.0042754963,0.00426638233695,0.00213091753318
3784,1.01005414036,0.010003933735,0.00498947786308
3785,1.0072794579,0.00725309052496,0.00361997728929
3786,1.01010142254,0.010050744167,0.00501276602676
3787,1.00954159707,0.00949636353536,0.00473692697295
3788,1.00569015275,0.0056740249795,0.0028329919728
3789,1.00854484924,0.00850854866053,0.0042452377245
3790,1.01451909807,0.0144147052168,0.0071814419291
3791,1.01113070869,0.011069218223,0.00551932137938
3792,1.00920471354,0.00916260834824,0.00457082600748
3793,1.00911879562,0.00907747043908,0.00452845072626
3794,1.00945960535,0.00941514345887,0.0046965084808
3795,1.00977578757,0.00972831370202,0.00485234599778
3796,1.01021970576,0.0101678376534,0.00507101758361
3797,1.00975544556,0.00970816842536,0.0048423221849
3798,1.00960174642,0.00955594261799,0.00476657496178
3799,1.00789112582,0.00786015371254,0.00392236421129
3800,1.00912167578,0.00908032456877,0.0045298713277
3801,1.01019686183,0.0101452245677,0.00505976831284
3802,1.00427605263,0.00426693629758,0.00213119392324
3803,1.01227314259,0.0121984381885,0.00608065661554
3804,1.01192236888,0.011851857329,0.005908404981
3805,1.0115102366,0.0114444977967,0.00570590801587
3806,1.0085594916,0.00852306685522,0.00425246597902
3807,1.01117789704,0.0111158860185,0.00554252621913
3808,1.01001700613,0.00996716846088,0.00497118677768
3809,1.01246756113,0.0123904810927,0.00617608961227
3810,1.00932712387,0.00928389484059,0.00463119023357
3811,1.01017379957,0.0101223948301,0.00504841113582
3812,1.0123268569,0.0122514998402,0.00610702576674
3813,1.00878916243,0.0087507625795,0.00436582325413
3814,1.01130741002,0.0112439591238,0.00560620580855
3815,1.00909093154,0.00904985776233,0.00451470681433
3816,1.00977745587,0.009729965854,0.00485316806502
3817,1.0061707237,0.00615176274487,0.00307115569578
3818,1.01238456106,0.0123084997294,0.0061353512578
3819,1.01001716985,0.0099673305594,0.00497126742403
3820,1.01033916875,0.0102860851218,0.00512983976139
3821,1.01152486242,0.0114589570743,0.00571309637699
3822,1.01213456976,0.0120615360962,0.00601261946812
3823,1.01000706456,0.0099573254385,0.0049662897202
3824,1.00783658522,0.00780603867171,0.00389541245571
3825,1.011806597,0.0117374429172,0.00585153415178
3826,1.01484113997,0.014732087901,0.00733898113814
3827,1.00877729872,0.00873900216394,0.00435996870109
3828,1.00892836552,0.00888874333308,0.00443451006174
3829,1.01379695175,0.0137026402915,0.00682790336104
3830,1.00894507434,0.00890530414884,0.00444275371594
3831,1.00880768524,0.00876912384355,0.00437496376318
3832,1.00854000399,0.00850374444725,0.0042428458125
3833,1.01154642977,0.011480278469,0.00572369611227
3834,1.01139051848,0.0113261349668,0.00564706254336
3835,1.0119018834,0.0118316130053,0.00589834257407
3836,1.01163523186,0.0115680630643,0.00576733622602
3837,1.01062873159,0.0105726436975,0.0052723738381
3838,1.01261487501,0.0125359703663,0.00624838234218
3839,1.00888852535,0.00884925493614,0.00441485322506
3840,1.01165218239,0.0115848184951,0.00577566558941
3841,1.00986394889,0.00981561771138,0.00489578523972
3842,1.0133466812,0.0132583988991,0.00660727478132
3843,1.00913088442,0.00908944992641,0.00453441332781
3844,1.01289693063,0.0128144734229,0.00638675413924
3845,1.00724044744,0.00721436124405,0.00360068256158
3846,1.01147478592,0.0114094499024,0.00568848390604
3847,1.01139174605,0.0113273487108,0.00564766598812
3848,1.00815828465,0.00812518574315,0.0040543517051
3849,1.00907614908,0.0090352083768,0.0045074151637
3850,1.01212083803,0.0120479689038,0.00600587663621
3851,1.00788730573,0.00785636353244,0.00392047655269
3852,1.01049451692,0.0104398317433,0.00520631578488
3853,1.00882030967,0.00878163796569,0.00438119343035
3854,1.00864331684,0.00860617722548,0.00429384359241
3855,1.00802227337,0.00799026599757,0.00398716307212
3856,1.01268202463,0.0126022812523,0.0062813300711
3857,1.0105720236,0.010516530534,0.00524446478965
3858,1.00854310414,0.00850681834596,0.00424437623964
3859,1.01015831667,0.0101070677472,0.00504078625384
3860,1.00903832034,0.00899771917901,0.00448875487961
3861,1.01099510284,0.0109350961447,0.00545262823542
3862,1.0090214622,0.00898101191154,0.00448043870855
3863,1.01167905852,0.011611384718,0.00578887189433
3864,1.00970327112,0.00965649671754,0.00481661110438
3865,1.01238796124,0.0123118583055,0.00613702024141
3866,1.01057114842,0.0105156645039,0.00524403404543
3867,1.00895634267,0.00891647252098,0.00444831307732
3868,1.01042400852,0.010370053175,0.00517160753985
3869,1.00955724444,0.00951186289651,0.00474463991397
3870,1.00621441571,0.00619518585336,0.00309280033549
3871,1.00781547551,0.00778509288597,0.00388498030445
3872,1.00871339337,0.0086756508387,0.00432843064387
3873,1.01189189053,0.0118217376213,0.00589343399414
3874,1.00854514901,0.00850884588393,0.0042453857053
3875,1.0144009746,0.0142982654644,0.00712363847292
3876,1.00985359497,0.00980536487086,0.00489068390424
3877,1.01285682856,0.0127748811825,0.00636708425729
3878,1.0056779855,0.00566192649989,0.0028269598522
3879,1.00923230317,0.0091899459579,0.00458443224159
3880,1.0148559249,0.0147466565067,0.00734621195528
3881,1.00973180712,0.00968475808496,0.00483067362673
3882,1.01010340551,0.0100527073081,0.00501374267645
3883,1.00944194848,0.00939765189911,0.00468780373748
3884,1.00867951647,0.00864206601447,0.00431171077617
3885,1.01068441948,0.0106277444028,0.00529977855748
3886,1.00947861916,0.00943397891771,0.00470588193563
3887,1.00986152756,0.00981322002398,0.00489459226459
3888,1.00802606547,0.00799402791978,0.00398903653176
3889,1.01113703794,0.0110754777737,0.00552243387564
3890,1.00747452393,0.0074467281017,0.00371644092602
3891,1.0101582299,0.010106981855,0.00504074352422
3892,1.01110681628,0.0110455885458,0.00550757168126
3893,1.00629925402,0.00627949664765,0.00313482446863
3894,1.00980612362,0.00975835561487,0.00486729395506
3895,1.01165610743,0.0115886983225,0.00577759429694
3896,1.00873191069,0.00869400804387,0.00433756947557
3897,1.00738690873,0.00735975914254,0.003673117112
3898,1.01027770727,0.0102252507529,0.005099578152
3899,1.01319970669,0.0131133496611,0.00653522673981
3900,1.00989377776,0.00984515478697,0.00491048136541
3901,1.00875741135,0.00871928763591,0.00435015436606
3902,1.01327449104,0.0131871570137,0.0065718885657
3903,1.00907468783,0.00903376026856,0.00450669437293
3904,1.00994829788,0.00989913932823,0.00493734072849
3905,1.01004701503,0.00999687930498,0.00498596824086
3906,1.0099111613,0.00986236787696,0.00491904561127
3907,1.00867965339,0.00864220175036,0.00431177835148
3908,1.00924580015,0.00920331938242,0.00459108827682
3909,1.00939386876,0.00935002076156,0.00466409952915
3910,1.00859668651,0.00855994541431,0.00427082667688
3911,1.01020651796,0.01015478318,0.00506452342545
3912,1.01216042598,0.0120870819943,0.00602531553719
3913,1.00877669686,0.00873840554391,0.00435967169165
3914,1.00666250261,0.00664040622714,0.00331469733434
3915,1.01092532384,0.0108660736477,0.00541830457163
3916,1.00946708385,0.00942255185036,0.00470019527293
3917,1.00921038184,0.00916822493018,0.00457362145832
3918,1.00926273394,0.00922009789767,0.00459943898359
3919,1.01140002466,0.0113355340498,0.00565173553524
3920,1.00946277136,0.00941827979538,0.00469806928291
3921,1.00914474841,0.00910318837237,0.00454125137941
3922,1.0100687646,0.0100184122967,0.00499668099764
3923,1.00761952191,0.00759063997336,0.00378812686273
3924,1.01020483349,0.01015311573,0.00506369392253
3925,1.01289563505,0.012813194339,0.00638611868166
3926,1.01181551451,0.0117462563361,0.00585591506554
3927,1.01133146767,0.0112677475043,0.00561803324719
3928,1.00714249459,0.0071171077865,0.00355222974418
3929,1.00827991857,0.00824582808968,0.00411442650321
3930,1.00811568322,0.00808292815887,0.00403330835421
3931,1.01254418839,0.0124661618995,0.0062136955984
3932,1.00730716234,0.00728059437131,0.0036336793366
3933,1.00875143335,0.00871336152237,0.00434720419468
3934,1.00718007874,0.0071544247039,0.00357082175029
3935,1.00805683662,0.00802455359066,0.00400423836718
3936,1.00985742202,0.00980915456777,0.0048925694838
3937,1.00926459843,0.00922194528237,0.00460035842705
3938,1.0085066956,0.00847071755556,0.00422640229489
3939,1.01045818677,0.0104038782479,0.00518843246903
3940,1.01079251329,0.0107346897825,0.00535296643186
3941,1.01134210823,0.011278268782,0.00562326431785
3942,1.01279667938,0.0127154937496,0.00633757916518
3943,1.00709481954,0.00706976972147,0.00352864451038
3944,1.00844233835,0.00840690112188,0.0041946284281
3945,1.0098165708,0.00976870129418,0.00487244160367
3946,1.01145789192,0.0113927474181,0.00568018013516
3947,1.01169106534,0.0116232528561,0.00579477159431
3948,1.00643765186,0.00641701868583,0.00320336757742
3949,1.00889032421,0.0088510379479,0.00441574079468
3950,1.00983668846,0.00978862318838,0.00488235396727
3951,1.01125543437,0.0111925632855,0.0055806516289
3952,1.0086107934,0.0085739319722,0.00427779006439
3953,1.00914432111,0.00910276494876,0.00454104062901
3954,1.00796693542,0.00793536695286,0.00395982262025
3955,1.01160518373,0.0115383600884,0.00575257028191
3956,1.0096962833,0.009649576026,0.00481316741979
3957,1.01085199463,0.0107935343004,0.00538223076394
3958,1.01192995691,0.0118593559317,0.00591213212299
3959,1.0094152274,0.00937118040555,0.0046746299501
3960,1.01010312966,0.0100524342112,0.00501360681261
3961,1.01262631487,0.0125472676401,0.00625399566839
3962,1.00674539174,0.0067227433804,0.00335572860499
3963,1.01499949147,0.0148881114758,0.00741641737801
3964,1.01101754723,0.0109572961963,0.00546366767561
3965,1.00849361076,0.00845774300688,0.00421994241743
3966,1.00906083435,0.00902003127668,0.00449986078972
3967,1.00954831232,0.00950301530237,0.00474023709648
3968,1.00789153937,0.00786056403113,0.00392256856586
3969,1.01098414752,0.0109242599165,0.00544723964969
3970,1.01122115684,0.0111586666963,0.00556379777397
3971,1.01368071333,0.0135879772139,0.0067709616442
3972,1.00666655971,0.00664443647354,0.00331670577598
3973,1.00856694417,0.00853045614989,0.00425614490819
3974,1.00792583621,0.00789459175654,0.00393951554635
3975,1.01377871663,0.0136846531821,0.00681897117331
3976,1.00767009107,0.00764082547651,0.00381312424615
3977,1.01101264309,0.0109524454859,0.00546125556883
3978,1.01210607122,0.0120333788279,0.0059986253849
3979,1.01014571024,0.0100945880094,0.00503457781942
3980,1.01197704934,0.0119058920925,0.00593526237031
3981,1.01187407025,0.0118041266081,0.00588468034368
3982,1.01111743742,0.0110560929526,0.00551279494403
3983,1.01219103753,0.0121173253155,0.00604034597135
3984,1.00984954947,0.00980135883923,0.00488869068254
3985,1.01161582826,0.0115488824458,0.00575780118156
3986,1.00469519354,0.00468420549514,0.00233936216492
3987,1.00939625396,0.00935238376444,0.00466527551926
3988,1.01169269487,0.0116248635507,0.00579557227448
3989,1.01089782894,0.0108388755235,0.00540477910146
3990,1.00882002458,0.00878135537685,0.00438105275495
3991,1.01054222873,0.010487046921,0.00522980018792
3992,1.0114732772,0.0114079582973,0.00568774234572
3993,1.01229078,0.0122158616058,0.00608931531356
3994,1.010770462,0.0107128737039,0.00534211672377
3995,1.00998565682,0.00993612958728,0.00495574437107
3996,1.01177894921,0.0117101173674,0.00583795123227
3997,1.01132357402,0.0112599422662,0.0056141525456
3998,1.00778794012,0.00775777065044,0.0038713721669
3999,1.00573853892,0.00572213622742,0.00285697915886
4000,1.01375725771,0.0136634856918,0.00680845954278
4001,1.01421027619,0.0141102566401,0.00703029932715
4002,1.01099518972,0.0109351820823,0.00545267096992
4003,1.00842081879,0.00838556148657,0.00418400330967
4004,1.00867873236,0.00864128865181,0.00431132377064
4005,1.00852410308,0.00848797805233,0.00423499603129
4006,1.00899640698,0.00895618039555,0.00446807850187
4007,1.01098780242,0.0109278751019,0.00544903739438
4008,1.01215481039,0.0120815338568,0.00602255817926
4009,1.00957499121,0.00952944150873,0.00475338747954
4010,1.00924386803,0.00920140496336,0.00459013546147
4011,1.00870646405,0.00866878135962,0.00432501076549
4012,1.00984672198,0.00979855892494,0.00488729756838
4013,1.01059103561,0.0105353434718,0.00525382188263
4014,1.01185793506,0.0117881806367,0.00587675424488
4015,1.0057498218,0.00573335466641,0.00286257233724
4016,1.00909649903,0.00905537508048,0.00451745301508
4017,1.01024504002,0.0101929153072,0.00508349274766
4018,1.01214586501,0.0120726958599,0.00601816578476
4019,1.01181449706,0.0117452507673,0.00585541522531
4020,1.00669302734,0.00667072847777,0.00332980809056
4021,1.00798509936,0.00795338715627,0.00396879700312
4022,1.01240011908,0.0123238673115,0.00614298787672
4023,1.01347090873,0.01338098273,0.00666815985833
4024,1.00868177772,0.00864430780648,0.00431282683857
4025,1.01084560336,0.0107872116233,0.00537908643549
4026,1.01152913804,0.0114631839706,0.00571519774861
4027,1.00833067489,0.00829616634123,0.00413949175702
4028,1.0132142596,0.0131277128755,0.00654236138796
4029,1.00935812241,0.00931460645608,0.0046464748083
4030,1.00875750729,0.00871938274786,0.00435020171516
4031,1.01337939987,0.0132906861105,0.00662331159231
4032,1.00925236551,0.00920982457958,0.00459432593717
4033,1.01102603443,0.0109656908774,0.00546784207454
4034,1.0108517456,0.0107932879395,0.00538210824648
4035,1.00971640143,0.00966950076299,0.00482308178836
4036,1.00657687829,0.00655534498975,0.00327230679033
4037,1.0098209654,0.00977305316094,0.00487460693259
4038,1.006920552,0.00689671489558,0.00344241869153
4039,1.01027612818,0.0102236877221,0.00509880062169
4040,1.0110439175,0.0109833787558,0.00547663761757
4041,1.0083200066,0.0082855861304,0.00413422353602
4042,1.00886282781,0.00882378347676,0.00440217364101
4043,1.01045963091,0.010405307442,0.00518914335819
4044,1.01038584987,0.0103322874747,0.00515282216706
4045,1.01025032817,0.010198149816,0.00508609669387
4046,1.00791565578,0.00788449133121,0.00393448521638
4047,1.01107899041,0.0110180679533,0.00549388707668
4048,1.00702237472,0.00699783267273,0.00349280226156
4049,1.01029776291,0.0102451021636,0.00510945319143
4050,1.0066342019,0.00661229242774,0.00330068693053
4051,1.01208712352,0.0120146575991,0.00598932087779
4052,1.00806599881,0.00803364251601,0.00400876462246
4053,1.00957713959,0.00953156950669,0.00475444642036
4054,1.0088384389,0.00879960852873,0.00439013930542
4055,1.01538406761,0.0152669326602,0.00760440541817
4056,1.01240653834,0.0123302079267,0.00614613870418
4057,1.00976783103,0.00972043416357,0.00484842533796
4058,1.01125733104,0.0111944388458,0.00558158417517
4059,1.0096641191,0.00961772020126,0.00479731604489
4060,1.00966922917,0.00962278133951,0.00479983447089
4061,1.00788462041,0.00785369921997,0.00391914961825
4062,1.00670260239,0.00668023981639,0.00333454791313
4063,1.01015336043,0.0101021613352,0.00503834541092
4064,1.00853899407,0.00850274307662,0.00424234725139
4065,1.00956010861,0.00951469995098,0.0047460517098
4066,1.00847164108,0.00843595811524,0.00420909587803
4067,1.01260656079,0.0125277596839,0.00624430264432
4068,1.01064292808,0.0105866907849,0.00527936032654
4069,1.01042853129,0.0103745292787,0.0051738340149
4070,1.01109194008,0.0110308756499,0.00550025572255
4071,1.01057617235,0.0105206358741,0.00524650669245
4072,1.00917845427,0.00913658824506,0.00455787533833
4073,1.00842955194,0.00839422167458,0.00418831527722
4074,1.00962847284,0.0095824145098,0.00477974773038
4075,1.00939923453,0.00935533657751,0.00466674503687
4076,1.01129377238,0.0112304738698,0.00559950095952
4077,1.01283453737,0.0127528727034,0.00635615002247
4078,1.00890921735,0.00886976443351,0.00442506264819
4079,1.01205629199,0.0119841938132,0.00597418009822
4080,1.00997844791,0.00992899191869,0.00495219321667
4081,1.00932432597,0.00928112279169,0.00462981062711
4082,1.01055800483,0.0105026583177,0.00523756503375
4083,1.00738670132,0.00735955325136,0.00367301454453
4084,1.01141865244,0.0113539516921,0.0056608922684
4085,1.01553063897,0.0154112729014,0.00767602414351
4086,1.01114708553,0.0110854146483,0.00552737486278
4087,1.00794953407,0.00791810299375,0.00395122478469
4088,1.00785419446,0.0078235108368,0.00390411446959
4089,1.00924437159,0.00920190391539,0.00459038379232
4090,1.0078472852,0.00781665539558,0.00390070012535
4091,1.01251720912,0.0124395165141,0.00620045560068
4092,1.01158519209,0.0115185975948,0.00574274582915
4093,1.00875212079,0.00871404298954,0.00434754344697
4094,1.01017088837,0.0101195129477,0.00504697746801
4095,1.00607989917,0.00606149115834,0.00302615750605
4096,1.01107009593,0.0110092708997,0.00548951270528
4097,1.01333107462,0.0132429977555,0.00659962505983
4098,1.00964436204,0.00959815205781,0.00478757886282
4099,1.00645506558,0.00643432087155,0.00321199092034
4100,1.00547316747,0.00545824411797,0.00272540139087
4101,1.00903497936,0.00899440812628,0.00448710678313
4102,1.008060918,0.00802860234589,0.00400625463667
4103,1.00803459513,0.00800248962942,0.00399325050063
4104,1.00981889962,0.00977100747344,0.00487358907428
4105,1.01264131979,0.0125620853559,0.00626135816404
4106,1.01052382474,0.0104688347646,0.00522074169145
4107,1.00891944988,0.00887990655365,0.0044301112557
4108,1.01105145024,0.0109908291848,0.00548034242356
4109,1.01115582269,0.0110940554472,0.00553167137245
4110,1.01087071485,0.010812053379,0.00539144042362
4111,1.00950486613,0.00945997909262,0.0047188207621
4112,1.00983561313,0.00978755833046,0.00488182413768
4113,1.01091220529,0.0108530967941,0.00541185128021
4114,1.01220522209,0.0121313389377,0.00604731043449
4115,1.00998677126,0.00993723300347,0.00495629334489
4116,1.01165457918,0.0115871876805,0.00577684333961
4117,1.00970444958,0.00965766384774,0.00481719185851
4118,1.00922488257,0.00918259321562,0.0045807727178
4119,1.01147070174,0.0114054120486,0.00568647646178
4120,1.00854712652,0.00851080664212,0.00424636192183
4121,1.0106592742,0.0106028646393,0.0052874045274
4122,1.00891284551,0.00887336054339,0.00442685274501
4123,1.01037661972,0.0103231521597,0.00514827803552
4124,1.01064404696,0.0105877978886,0.00527991095585
4125,1.00769291903,0.00766347941874,0.00382440796221
4126,1.01176635582,0.0116976705132,0.00583176411797
4127,1.01399997111,0.0139028766797,0.00692733298034
4128,1.01145130436,0.011386234464,0.00567694215021
4129,1.01048425334,0.0104296746996,0.00520126369057
4130,1.00619898381,0.00617984914206,0.00308515566722
4131,1.01101179932,0.0109516109113,0.00546084056036
4132,1.01148470866,0.0114192600251,0.00569336105308
4133,1.00983312037,0.00978508984841,0.00488059592124
4134,1.01037181167,0.0103183934745,0.00514591093961
4135,1.00982016655,0.009772262076,0.00487421331815
4136,1.00932735913,0.00928412792755,0.00463130623731
4137,1.00979877814,0.00975108144313,0.00486367456537
4138,1.01098480537,0.0109249106173,0.00544756322777
4139,1.01125676522,0.011193879325,0.00558130597624
4140,1.01201457176,0.0119429697304,0.00595369098571
4141,1.00925531822,0.00921275021278,0.00459578203204
4142,1.01277673162,0.0126957978346,0.00632779357169
4143,1.00635900226,0.00633886911614,0.00316441720249
4144,1.00777774378,0.0077476530506,0.00386633293873
4145,1.00846971457,0.00843404778716,0.00420814473392
4146,1.01165053382,0.0115831889161,0.00577485550554
4147,1.01096324457,0.0109035838625,0.00543695788323
4148,1.01140999031,0.0113453873165,0.00565663431252
4149,1.00877994797,0.00874162835609,0.00436127607125
4150,1.00897214098,0.00893213046366,0.00445610719243
4151,1.00827784786,0.00824377438107,0.00411340387329
4152,1.00958766291,0.00954199295102,0.00475963335015
4153,1.01083301547,0.0107747587149,0.00537289345462
4154,1.00852197388,0.0084858668524,0.00423394490123
4155,1.01187440801,0.0118044604029,0.00588484625895
4156,1.00990976814,0.00986098838297,0.00491835925693
4157,1.0088480914,0.00880917642377,0.00439490223935
4158,1.00509037219,0.00507746004872,0.00253551017465
4159,1.01070539234,0.0106484953377,0.00531009898372
4160,1.00978461345,0.00973705409688,0.00485669498
4161,1.00912537367,0.0090839890202,0.00453169525199
4162,1.00625026361,0.00623081172162,0.00311055801961
4163,1.00815925819,0.00812615140978,0.00405483258072
4164,1.01041119419,0.0103573709663,0.00516529920924
4165,1.01049799687,0.0104432755403,0.00520802871711
4166,1.00948302596,0.00943834432378,0.00470805436475
4167,1.00527315101,0.00525929663593,0.00262619382153
4168,1.01296930367,0.0128859224099,0.00642224983513
4169,1.01270488501,0.0126248550942,0.00629254603186
4170,1.00565662835,0.00564068970693,0.00281637141728
4171,1.01352981728,0.0134391065902,0.00669702757933
4172,1.00884260659,0.00880373969554,0.0043921958185
4173,1.01064026595,0.0105840566897,0.00527805023124
4174,1.0095155549,0.00947056717431,0.00472408980737
4175,1.00757523861,0.00754669056669,0.00376623516182
4176,1.01341944633,0.0133302030692,0.00664293901119
4177,1.01319286026,0.013106592401,0.00653187018416
4178,1.00812851143,0.00809565302372,0.00403964510482
4179,1.01141507005,0.0113504097429,0.00565913131755
4180,1.00835095914,0.00831628280258,0.00414950830136
4181,1.01235541963,0.0122797143769,0.0061210467827
4182,1.00727929802,0.00725293180167,0.00361989821493
4183,1.0121560228,0.0120827317139,0.00602315350054
4184,1.00943936585,0.00939509342106,0.00468653049446
4185,1.01067690957,0.0106203138591,0.00529608296892
4186,1.01152299334,0.0114571092911,0.00571217776326
4187,1.0099877611,0.00993821306161,0.00495678094511
4188,1.00988327827,0.00983475810511,0.00490530853739
4189,1.00880460997,0.00876607541195,0.00437344621462
4190,1.00996342105,0.00991411341234,0.00494479077658
4191,1.00767340612,0.00764411528692,0.00381476287778
4192,1.0062238553,0.00620456710068,0.00309747644102
4193,1.01150795548,0.0114422426309,0.00570478686618
4194,1.01482516468,0.0147163461073,0.00733116797493
4195,1.01200153882,0.0119300914335,0.00594729015333
4196,1.00912578599,0.00908439761401,0.00453189862307
4197,1.01079981792,0.0107419163948,0.00535656038963
4198,1.01187895609,0.0118089551057,0.00588708038252
4199,1.00791602791,0.00788486053212,0.00393466909051
4200,1.00902586961,0.00898537989994,0.00448261291512
4201,1.0098289029,0.00978091342921,0.00487851790118
4202,1.01191760846,0.0118471529831,0.00590606670292
4203,1.01228891134,0.0122140156359,0.00608839794853
4204,1.00920576778,0.00916365297139,0.00457134593153
4205,1.00664861719,0.00662661261301,0.00330782336439
4206,1.0126070284,0.0125282214703,0.00624453209575
4207,1.00939535089,0.00935148910036,0.00466483027405
4208,1.00776930584,0.00773928020539,0.0038621626935
4209,1.01098263932,0.0109227681017,0.00544649780516
4210,1.0075534619,0.0075250773471,0.00375546919409
4211,1.01328591971,0.013198435895,0.00657749092879
4212,1.00869335415,0.00865578452577,0.00431854043327
4213,1.00883610164,0.00879729174102,0.00438898599641
4214,1.00975705781,0.0097097650951,0.00484311665366
4215,1.00952198998,0.00947694157035,0.00472726194373
4216,1.01151884869,0.0114530118444,0.00571014074051
4217,1.01348829544,0.0133981381939,0.00667668035603
4218,1.01434023614,0.0142383874885,0.00709391231452
4219,1.00864914567,0.00861195609067,0.00429672061407
4220,1.01171728269,0.0116491669047,0.00580765345219
4221,1.0087281016,0.0086902319192,0.00433568960107
4222,1.00838961633,0.00835461910347,0.00416859673046
4223,1.01123643546,0.0111737756628,0.00557131019724
4224,1.01165526523,0.0115878658251,0.00577718045305
4225,1.0124666564,0.0123895875085,0.00617564557949
4226,1.01003451942,0.00998450791273,0.00497981336739
4227,1.00919660045,0.00915456921665,0.00456682480638
4228,1.01045130917,0.0103970718139,0.00518504690365
4229,1.01032270963,0.0102697943071,0.00512173610566
4230,1.01179292926,0.0117239345684,0.00584481947698
4231,1.00869158852,0.00865403411436,0.00431766900679
4232,1.00779737273,0.00776713032639,0.00387603387657
4233,1.00890937144,0.00886991716323,0.00442513867513
4234,1.0111772263,0.0111152226949,0.00554219639552
4235,1.01104966927,0.0109890676796,0.00547946649739
4236,1.01017306183,0.010121664526,0.00504804782712
4237,1.00920364682,0.00916155134983,0.00457029992381
4238,1.00953578901,0.00949061035841,0.00473406400655
4239,1.01509220403,0.0149794497769,0.00746174679199
4240,1.00949479862,0.00945000633053,0.00471385789853
4241,1.01011112502,0.0100603495711,0.00501754464252
4242,1.00945214237,0.00940775038799,0.00469282929936
4243,1.01293947461,0.0128564748213,0.006407620493
4244,1.01151998855,0.0114541387271,0.00571070096438
4245,1.00730332887,0.00727678870632,0.00363178341659
4246,1.01005896237,0.0100087077338,0.00499185294979
4247,1.00958569385,0.00954004258492,0.00475866280814
4248,1.0081094989,0.00807679360712,0.00403025344491
4249,1.01025376761,0.0102015543485,0.00508779030078
4250,1.01353615173,0.0134453564556,0.00670013157946
4251,1.00885206476,0.00881311492839,0.00439686283506
4252,1.01131284675,0.0112493350501,0.00560887869882
4253,1.01071524545,0.0106582440403,0.00531494743991
4254,1.01153466414,0.0114686470682,0.00571791368237
4255,1.00973486688,0.00968778834748,0.00483218143774
4256,1.01019811376,0.0101464638572,0.00506038482212
4257,1.01115975288,0.0110979422698,0.00553360403157
4258,1.00736251827,0.00733554723219,0.0036610555504
4259,1.00692622443,0.00690234832097,0.00344522570396
4260,1.0106323061,0.0105761806164,0.00527413297203
4261,1.01057079921,0.0105153189543,0.00524386217666
4262,1.00854851491,0.00851218326089,0.00424704730817
4263,1.00866520225,0.00862787486539,0.00430464577063
4264,1.01037093708,0.0103175278634,0.00514548036113
4265,1.00776659402,0.00773658928652,0.00386082242955
4266,1.00844414815,0.00840869576494,0.00419552198529
4267,1.00864733384,0.00861015980015,0.00429582632749
4268,1.01175060209,0.0116820998749,0.00582402417083
4269,1.00715908963,0.00713358500333,0.00356043905334
4270,1.01198740379,0.011916123941,0.00594034791724
4271,1.01011630324,0.0100654759465,0.00502009496603
4272,1.00888330075,0.00884407636226,0.00441227536611
4273,1.01056891159,0.0105134510692,0.00524293313115
4274,1.008266105,0.0082321278677,0.00410760455313
4275,1.00555270597,0.00553734652705,0.00276484402249
4276,1.00970800984,0.00966118989111,0.00481894638583
4277,1.00946412375,0.00941961950512,0.00469873599053
4278,1.00972050771,0.0096735675135,0.00482510535442
4279,1.01051960536,0.0104646593183,0.00521866486562
4280,1.00959940512,0.00955362357667,0.00476542096739
4281,1.00740908152,0.00738176909864,0.00368408160714
4282,1.00998549795,0.00993597228198,0.0049556661082
4283,1.01192815882,0.0118575790397,0.00591124892923
4284,1.00985592175,0.00980766894136,0.00489183030458
4285,1.007871719,0.00784089865246,0.00391277439777
4286,1.007138585,0.00711322591494,0.00355029570117
4287,1.01127076804,0.0112077261803,0.00558819073831
4288,1.01029146079,0.0102388642629,0.00510635017234
4289,1.01076275224,0.0107052460692,0.00533832327305
4290,1.00986541152,0.00981706605123,0.004896505864
4291,1.00713401282,0.00710868613548,0.00354803386765
4292,1.00695673912,0.00693265265451,0.0034603255537
4293,1.01158801245,0.0115213856564,0.00574413185345
4294,1.0120272013,0.0119554492569,0.00595989357999
4295,1.00796139281,0.0079298681277,0.00395708409109
4296,1.00925874777,0.0092161483067,0.00459747326912
4297,1.0086797619,0.00864230933008,0.00431183190941
4298,1.00875804002,0.00871991085516,0.00435046462009
4299,1.00907564573,0.00903470955051,0.00450716687473
4300,1.00601402665,0.00599601456903,0.00299351774835
4301,1.01037104994,0.0103176395615,0.00514553592281
4302,1.01158321601,0.011516644149,0.00574177471485
4303,1.01128340104,0.0112202182991,0.0055944018741
4304,1.01189327098,0.011823101841,0.00589411208379
4305,1.0107057014,0.0106488011243,0.00531025106517
4306,1.01292570712,0.012842883109,0.00640086815919
4307,1.00878392735,0.00874557310209,0.00436323984025
4308,1.00951367014,0.00946870017302,0.00472316071624
4309,1.0081263967,0.00809355533684,0.00403860049779
4310,1.01112104293,0.0110596588178,0.00551456804612
4311,1.01038030721,0.0103268017748,0.00515009344678
4312,1.01072065602,0.0106635972348,0.00531760980764
4313,1.00707989784,0.00705495302956,0.0035212622785
4314,1.00821487289,0.00818131448129,0.00408230189914
4315,1.00900016503,0.00895990493419,0.0044699324487
4316,1.00776603065,0.00773603025482,0.00386054399282
4317,1.01381551093,0.0137209467324,0.00683699404256
4318,1.01254688512,0.0124688252208,0.00621501898366
4319,1.01076219647,0.0107046962198,0.00533804981592
4320,1.00931601019,0.00927288380864,0.0046257101996
4321,1.01275189649,0.0126712757157,0.00631561002302
4322,1.01185836052,0.0117886011064,0.00587696324419
4323,1.0104533284,0.0103990701504,0.00518604089064
4324,1.01432641304,0.0142247597189,0.00708714674374
4325,1.00530346909,0.00528945522853,0.00264123340328
4326,1.01114253621,0.0110809154732,0.00552513770703
4327,1.01392416336,0.0138281127848,0.00689020929622
4328,1.00772539231,0.00769570426566,0.00384045863588
4329,1.01008629999,0.0100357727377,0.00500531780838
4330,1.00958457324,0.00953893261497,0.004758110464
4331,1.00546009116,0.00544523890182,0.00271891648393
4332,1.01158477761,0.0115181878636,0.00574254214
4333,1.01104431653,0.0109837734331,0.00547683387547
4334,1.00821380017,0.0081802505065,0.00408177208334
4335,1.0102868245,0.0102342751873,0.00510406734864
4336,1.00894814392,0.00890834651561,0.00444426813993
4337,1.01149391489,0.0114283616829,0.00569788596219
4338,1.01046084497,0.0104065089392,0.00518974098926
4339,1.01266453795,0.0125850134112,0.006272750346
4340,1.00883019921,0.00879144099763,0.00438607345987
4341,1.01066713754,0.010610645018,0.00529127414021
4342,1.00820222483,0.00816876939539,0.00407605494301
4343,1.00660444323,0.00658272945085,0.00328595412227
4344,1.00879375333,0.00875531347322,0.00436808876422
4345,1.0086921252,0.00865456616623,0.00431793388408
4346,1.00836067744,0.0083259205651,0.00415430717507
4347,1.01390662854,0.0138108186263,0.00688162176004
4348,1.00673506343,0.00671248421423,0.00335061622228
4349,1.01212538449,0.0120524609085,0.00600810914686
4350,1.0112371562,0.0111744883954,0.00557166457805
4351,1.00781190752,0.00778155255527,0.00388321701459
4352,1.01067655097,0.0106199590505,0.00529590650414
4353,1.00978070844,0.00973318692756,0.00485477078431
4354,1.00928454975,0.00924171326381,0.00461019689925
4355,1.00904442827,0.00900377238341,0.00449176789157
4356,1.01042778788,0.0103737935337,0.00517346804564
4357,1.00854111795,0.00850484897731,0.00424339573421
4358,1.00901315097,0.00897277495074,0.00447633867231
4359,1.00712988732,0.00710458984364,0.00354599298653
4360,1.01060764362,0.0105517772988,0.00526199559238
4361,1.00802089804,0.00798890162127,0.00398648360373
4362,1.00941995316,0.00937586207636,0.00467695984024
4363,1.01028448912,0.0102319635896,0.00510291744844
4364,1.01153846494,0.0114724045253,0.00571978166675
4365,1.00826201245,0.00822806885666,0.00410558338196
4366,1.00836479383,0.00833000281751,0.00415633981974
4367,1.00900895988,0.00896862129223,0.0044742711375
4368,1.01011267756,0.0100618865742,0.00501830928775
4369,1.01171084197,0.0116428007574,0.00580448885968
4370,1.01072322792,0.0106661418423,0.00531887534495
4371,1.0106066327,0.0105507769891,0.00526149806921
4372,1.00622568681,0.00620638728438,0.00309838371346
4373,1.01234474039,0.0122691654165,0.00611580457403
4374,1.00787527576,0.00784442762396,0.00391453197793
4375,1.01087427559,0.0108155758171,0.00539319214564
4376,1.00787973662,0.00784885362736,0.00391673631433
4377,1.00891258391,0.00887310125796,0.0044267236762
4378,1.01036974319,0.0103163462299,0.00514489258425
4379,1.00841617966,0.00838096108985,0.00418171273272
4380,1.00923733517,0.00919493191891,0.00458691379011
4381,1.01140606492,0.0113415062097,0.00565470473422
4382,1.00906746475,0.00902660211887,0.00450313142151
4383,1.01407107779,0.0139729991494,0.00696215072398
4384,1.00847994228,0.00844418954703,0.00421319426205
4385,1.01268070257,0.0126009757512,0.00628068142047
4386,1.00991045295,0.00986166647948,0.00491869663757
4387,1.00999108139,0.0099415005033,0.00495841651705
4388,1.01204048418,0.0119685741916,0.00596641691433
4389,1.00718876473,0.00716304873016,0.00357511835673
4390,1.00911510871,0.00907381683607,0.00452663219567
4391,1.00934966707,0.00930622947447,0.00464230577048
4392,1.009949172,0.00990000483847,0.00493777134686
4393,1.0088423509,0.00880348624932,0.00439206965198
4394,1.00870130286,0.00866366470558,0.0043224635
4395,1.00890703583,0.00886760217002,0.00442398629994
4396,1.01005411423,0.0100039078665,0.00498946499339
4397,1.00865232756,0.00861511069696,0.00429829113875
4398,1.00901192826,0.008971563168,0.00447573549293
4399,1.00880733554,0.00876877719548,0.00437479119742
4400,1.00874721609,0.00870918083651,0.00434512293672
4401,1.01205625242,0.0119841547115,0.00597416066414
4402,1.01091853432,0.0108593574883,0.00541496468146
4403,1.01047965598,0.010425125031,0.00519900068573
4404,1.0123786944,0.012302704824,0.0061324715778
4405,1.00947898044,0.00943433680281,0.00470606003608
4406,1.01100512989,0.0109450141045,0.0054575601636
4407,1.01115796672,0.0110961758285,0.00553272569796
4408,1.00806076861,0.00802845414708,0.00400618083412
4409,1.00716702981,0.00714146871542,0.00356436686691
4410,1.00989600791,0.00984736309096,0.00491158009487
4411,1.00987507138,0.00982663150256,0.00490126515964
4412,1.00814283834,0.008109864313,0.00404672202003
4413,1.00935786379,0.00931435023336,0.00464634729219
4414,1.01152032562,0.0114544719614,0.00571086663002
4415,1.00996987494,0.00992050361869,0.00494797007556
4416,1.01057589346,0.010520359898,0.00524636942835
4417,1.0065386957,0.00651741116165,0.00325340176255
4418,1.01007960281,0.0100291424142,0.00500201923459
4419,1.00941873542,0.00937465569888,0.00467635947241
4420,1.00903308846,0.00899253415549,0.00448617400165
4421,1.00721668958,0.00719077388031,0.00358893127572
4422,1.00957694746,0.00953137920309,0.00475435172095
4423,1.0105129584,0.0104580815324,0.0052153931309
4424,1.01333715329,0.0132489964366,0.00660260460139
4425,1.01120524253,0.0111429288601,0.00555597260617
4426,1.01314244269,0.0130568300756,0.00650715123448
4427,1.01159633454,0.0115296123746,0.00574822157646
4428,1.01137320754,0.0113090188488,0.00563855277583
4429,1.00976838764,0.0097209853914,0.00484869961554
4430,1.01360667833,0.0135149387264,0.00673468900852
4431,1.00525891721,0.00524513739158,0.00261913276682
4432,1.01055390563,0.0104986019424,0.00523554746679
4433,1.00923057252,0.00918823114279,0.0045835787644
4434,1.00740257442,0.00737530983428,0.00368086386799
4435,1.01091708422,0.0108579230421,0.00541425134184
4436,1.0062775253,0.00625790370838,0.00312406178593
4437,1.00996407617,0.00991476207419,0.0049451135037
4438,1.00936876419,0.00932514952188,0.00465172183332
4439,1.00908032882,0.00903935050739,0.00450947689171
4440,1.01133558826,0.0112718219093,0.00562005900254
4441,1.00943902064,0.00939475144261,0.00468636030657
4442,1.00966613058,0.00961971241964,0.00479830737494
4443,1.0101698566,0.0101184915636,0.0050464693533
4444,1.01047489919,0.0104204175613,0.00519665918515
4445,1.0136404413,0.0135482479076,0.00675123129784
4446,1.01066616217,0.0106096799379,0.00529079415333
4447,1.00900924959,0.00896890841669,0.00447441405738
4448,1.00788316688,0.00785225705646,0.00391843136227
4449,1.01268454873,0.0126047737376,0.0062825684849
4450,1.0101123968,0.0100616086179,0.00501817100708
4451,1.00703312767,0.00700851058241,0.00349812255428
4452,1.00705080977,0.00702606904015,0.00350687103393
4453,1.01007324916,0.0100228521471,0.00499888982813
4454,1.00972384738,0.00967687503057,0.00482675113203
4455,1.01300618601,0.0129223318669,0.00644033748365
4456,1.00998093338,0.00993145283009,0.00495341757816
4457,1.01087320291,0.0108145146709,0.00539266443386
4458,1.00932967899,0.00928642634883,0.00463245012494
4459,1.01032338778,0.0102704655232,0.0051220699948
4460,1.00962966959,0.00958359984237,0.00478033756369
4461,1.00977357028,0.00972611787562,0.00485125341144
4462,1.01250478349,0.0124272444188,0.0061943575806
4463,1.01258862107,0.0125100431517,0.00623549965296
4464,1.00907863164,0.00903766859785,0.00450863972885
4465,1.01301703095,0.0129330375129,0.00644565581847
4466,1.01229617253,0.0122211886514,0.00609196261378
4467,1.00681619665,0.00679307140734,0.0033907740014
4468,1.00921531764,0.0091731156671,0.00457605563961
4469,1.00590298664,0.00588563227183,0.00293849029693
4470,1.01068326795,0.0106266050461,0.00529921189817
4471,1.01027235345,0.0102199513857,0.00509694197719
4472,1.0085164753,0.00848041471727,0.00423123037199
4473,1.00961529494,0.00956936219449,0.00477325274491
4474,1.01210428065,0.0120316096768,0.0059977461152
4475,1.0129558338,0.0128726249106,0.00641564376344
4476,1.01016334646,0.0101120469454,0.00504326330033
4477,1.00979617815,0.00974850667225,0.00486239344053
4478,1.01576874364,0.0156457087254,0.00779233547099
4479,1.01219569331,0.0121219250045,0.00604263192136
4480,1.01143111307,0.011366271573,0.00566701731927
4481,1.00848399758,0.00844821074304,0.004215196387
4482,1.01066449663,0.0106080319722,0.00528997452965
4483,1.01176575894,0.0116970805715,0.00583147086727
4484,1.01182686083,0.0117574700951,0.00586148909603
4485,1.0105423672,0.0104871839458,0.00522986834204
4486,1.01006913238,0.0100187764162,0.00499686214769
4487,1.00868806713,0.00865054306147,0.00431593101543
4488,1.0108818507,0.0108230694061,0.00539691872599
4489,1.0060365598,0.00601841277116,0.00300468326219
4490,1.01095135227,0.010891820452,0.00543110813937
4491,1.01363182305,0.0135397455942,0.00674700883274
4492,1.0089892945,0.00894913130806,0.00446456969988
4493,1.0107255801,0.0106684690668,0.00532003276747
4494,1.0117383992,0.0116700386374,0.00581802865648
4495,1.00923204448,0.00918968963945,0.0045843046699
4496,1.01199989282,0.0119284649518,0.00594648174876
4497,1.01030508166,0.0102523462936,0.00511305674313
4498,1.01011827918,0.0100674320917,0.00502106812812
4499,1.00905823337,0.0090174536529,0.00449857777648
4500,1.01094655102,0.0108870712012,0.00542874640803
4501,1.00890538314,0.00886596407033,0.00442317087322
4502,1.00877995128,0.00874163164144,0.00436127770676
4503,1.0127675409,0.012686723016,0.00632328486397
4504,1.0078089016,0.00777856993209,0.00388173149298
4505,1.00882439976,0.00878569229444,0.00438321171128
4506,1.00750536344,0.00747733833534,0.0037316890456
4507,1.00892682921,0.0088872206153,0.00443375207882
4508,1.01029230839,0.0102397032333,0.00510676751544
4509,1.00966045566,0.00961409181689,0.00479551055432
4510,1.00569277138,0.00567662879705,0.00283429019243
4511,1.00608331506,0.00606488639887,0.00302784998762
4512,1.00867439288,0.00863698649962,0.00430918196623
4513,1.00804801067,0.00801579814788,0.00399987816569
4514,1.00686834165,0.0068448620391,0.00341658117797
4515,1.00942248554,0.00937837081604,0.00467820834266
4516,1.01015159596,0.0101004146024,0.00503747644448
4517,1.01147913555,0.0114137501787,0.00569062181089
4518,1.00926225449,0.00921962284746,0.00459920255094
4519,1.01132547165,0.0112618186479,0.00561508546886
4520,1.01111100231,0.0110497285797,0.00550963029533
4521,1.01039758048,0.0103438974386,0.0051585972202
4522,1.01111399627,0.0110526896336,0.00551110266402
4523,1.00958617112,0.00954051532297,0.00475889805234
4524,1.01153981516,0.0114737393389,0.00572044525589
4525,1.00984667399,0.00979851139702,0.00488727392056
4526,1.00709040026,0.00706538156283,0.00352645817079
4527,1.01310000871,0.0130149456759,0.00648634509085
4528,1.012038587,0.0119666995852,0.00596548520303
4529,1.01543046322,0.0153126242853,0.00762707724291
4530,1.00808309231,0.00805059909467,0.00401720888853
4531,1.00883194208,0.0087931686058,0.00438693347488
4532,1.00948641796,0.00944170445602,0.00470972651962
4533,1.00901542215,0.00897502584188,0.00447745907937
4534,1.01244146539,0.0123647063715,0.00616328176263
4535,1.01068903776,0.0106323138568,0.00530205117338
4536,1.00758686196,0.00755822646367,0.00377198137029
4537,1.00729499876,0.00726851895991,0.00362766355183
4538,1.00851560699,0.00847955374505,0.00423080170727
4539,1.01285168125,0.0127697991961,0.00636455943957
4540,1.0077473259,0.00771746947758,0.00385129938865
4541,1.0116626489,0.0115951643999,0.00578080865125
4542,1.0087113286,0.00867360390491,0.00432741160646
4543,1.00760710743,0.00757831929369,0.00378198984014
4544,1.00777042679,0.00774039250833,0.00386271669687
4545,1.01053279813,0.0104777146595,0.00522515844931
4546,1.0045639499,0.00455356665795,0.00227419342374
4547,1.00942907491,0.00938489866377,0.0046814569919
4548,1.00949674733,0.00945193670508,0.00471481853558
4549,1.00861957289,0.00858263647076,0.00428212368623
4550,1.00817257079,0.00813935617287,0.00406140816901
4551,1.00820788997,0.00817438843806,0.00407885300865
4552,1.01169584089,0.0116279732088,0.00579711809121
4553,1.01037354497,0.0103201089813,0.00514676427869
4554,1.00903609209,0.0089955108945,0.00448765569297
4555,1.0076927353,0.0076632970906,0.00382431714678
4556,1.0114307636,0.0113659260534,0.00566684553846
4557,1.01035127089,0.0102980633436,0.00513579813125
4558,1.0080068832,0.0079749981939,0.00397955957887
4559,1.00815427059,0.00812120416261,0.00405236898422
4560,1.01151571731,0.0114499161229,0.00570860171707
4561,1.00641135285,0.0063908875588,0.00319034378262
4562,1.00777516968,0.00774509881452,0.00386506075765
4563,1.00967286825,0.00962638556833,0.00480162793384
4564,1.00913653138,0.00909504577688,0.00453719856219
4565,1.00611723928,0.0060986049304,0.00304465806437
4566,1.01134586351,0.0112819819377,0.00562511045396
4567,1.01203461551,0.0119627753337,0.00596353478038
4568,1.00890812228,0.00886867902648,0.00442452234602
4569,1.00716858268,0.00714301052919,0.00356513502571
4570,1.0118905592,0.0118204219309,0.0058927800257
4571,1.01006854155,0.0100181914671,0.00499657113456
4572,1.00581506237,0.00579822015398,0.00289491171552
4573,1.00869909603,0.00866147690504,0.00432137432749
4574,1.01316340411,0.0130775193776,0.00651742851812
4575,1.01030393653,0.0102512128422,0.00511249291498
4576,1.01028261571,0.010230109247,0.00510199500795
4577,1.00915596334,0.00911430161565,0.00454678275166
4578,1.00799732882,0.00796551966664,0.00397483916424
4579,1.00723931201,0.00721323397768,0.0036001209577
4580,1.00908957373,0.00904851219019,0.00451403706546
4581,1.00449331227,0.00448324747857,0.00223911317705
4582,1.01001811177,0.00996826314189,0.00497173139711
4583,1.00975473663,0.00970746634445,0.00484197284423
4584,1.00815175249,0.00811870641982,0.00405112517294
4585,1.00836127169,0.0083265098916,0.00415460061416
4586,1.01232869844,0.0122533189625,0.00610792977277
4587,1.01026848817,0.0102161254011,0.00509503873344
4588,1.00879984679,0.00876135379188,0.00437109572668
4589,1.01199216982,0.0119208335052,0.00594268870833
4590,1.01259330145,0.0125146653344,0.00623779633082
4591,1.01375732186,0.013663548969,0.00680849096597
4592,1.01131997684,0.0112563853545,0.00561238407268
4593,1.00849982107,0.00846390099115,0.00422300841167
4594,1.00736357723,0.00733659845209,0.00366157923593
4595,1.00595352198,0.00593586979817,0.00296353493431
4596,1.00831436297,0.00827998905762,0.00413143656551
4597,1.01122406363,0.011161541229,0.00556522704267
4598,1.00912805167,0.00908664280497,0.00453301613043
4599,1.00792815194,0.00789688926982,0.00394065977679
4600,1.01149781713,0.0114322195722,0.00569980391408
4601,1.00601380071,0.00599578998098,0.00299340579047
4602,1.00965130337,0.00960502705659,0.00479099989903
4603,1.0119187479,0.0118482790009,0.00590662638648
4604,1.0085129846,0.00847695348907,0.00422950707903
4605,1.00982019048,0.00977228578027,0.00487422511252
4606,1.01056282027,0.0105074234383,0.00523993511242
4607,1.01070957102,0.0106526297453,0.00531215520838
4608,1.01161434558,0.0115474167908,0.00575707257327
4609,1.00922029966,0.00917805219076,0.00457851260351
4610,1.00814879884,0.00811577664723,0.00404966622001
4611,1.00855316083,0.00851678979332,0.00424934078966
4612,1.01074608848,0.010688759609,0.00533012401419
4613,1.00998107182,0.00993158990295,0.0049534857751
4614,1.01102847728,0.0109681070757,0.00546904356729
4615,1.00871225315,0.0086745204759,0.00432786790866
4616,1.01449017409,0.014386194769,0.00716728897738
4617,1.00869370079,0.0086561281788,0.00431871151773
4618,1.01069957511,0.0106427397107,0.00530723644761
4619,1.01283028678,0.0127486759676,0.00635406498996
4620,1.00993320058,0.00988419062314,0.00492990325158
4621,1.00849645204,0.00846056034958,0.00422134514328
4622,1.00694110294,0.00691712438205,0.00345258825387
4623,1.01276599399,0.0126851956147,0.00632252599213
4624,1.00874519431,0.00870717658086,0.00434412516276
4625,1.01231579091,0.012240568539,0.00610159348017
4626,1.00655346412,0.00653208353623,0.00326071405546
4627,1.00919456055,0.00915254791136,0.0045658187687
4628,1.01063326184,0.0105771262967,0.00527460331825
4629,1.01171131648,0.0116432697725,0.00580472200602
4630,1.01142389682,0.0113591368507,0.00566347016807
4631,1.01049224065,0.0104375791077,0.00520519533041
4632,1.0085556526,0.00851926043324,0.00425057085956
4633,1.00606604579,0.00604772140595,0.00301929344095
4634,1.01163483882,0.0115676745401,0.00576714308424
4635,1.00922329741,0.00918102255026,0.00457999098224
4636,1.01331186798,0.0132240436136,0.0065902104894
4637,1.01391849795,0.0138225251681,0.0068874347339
4638,1.00972946871,0.00968244221558,0.00482952128498
4639,1.01240219308,0.0123259159033,0.00614400587987
4640,1.01055444876,0.0104991393961,0.00523581478668
4641,1.010933917,0.0108745739013,0.005422531661
4642,1.01085366397,0.0107951857135,0.005383052026
4643,1.00810803354,0.00807534003231,0.00402952958638
4644,1.00962235252,0.00957635253333,0.00477673122493
4645,1.00873941219,0.00870144457787,0.00434127160745
4646,1.01150953058,0.0114437998037,0.00570556101062
4647,1.01564513154,0.0155240081614,0.00773195751779
4648,1.00835657856,0.0083218556669,0.00415228316733
4649,1.00912106971,0.00907972397063,0.0045295723889
4650,1.01127884654,0.0112157146105,0.00559216262502
4651,1.01132355566,0.0112599241127,0.00561414351982
4652,1.00862226131,0.00858530191119,0.00428345069869
4653,1.01060396196,0.0105481342761,0.00526018366412
4654,1.01227174779,0.0121970603035,0.006079971862
4655,1.00904801804,0.00900732997045,0.00449353869359
4656,1.01096001682,0.0109003911028,0.0054353701816
4657,1.00856548657,0.00852901092619,0.00425542537163
4658,1.00707497665,0.00705006642682,0.00351882757766
4659,1.01287700446,0.0127948007753,0.00637698058956
4660,1.01134566251,0.0112817832005,0.0056250116443
4661,1.00801820127,0.0079862262993,0.00398515127442
4662,1.00894486815,0.00890509978735,0.00444265198915
4663,1.01044671917,0.0103925292754,0.00518278740845
4664,1.0101324092,0.0100814204765,0.00502802717787
4665,1.00803105751,0.00799898019835,0.00399150279058
4666,1.01044017274,0.010386050505,0.00517956480709
4667,1.00941047749,0.00936647478755,0.00467228813685
4668,1.00967312732,0.00962664215285,0.00480175561007
4669,1.01205902194,0.0119868912426,0.00597552075456
4670,1.00879673576,0.00875826989685,0.00436956051798
4671,1.00653815674,0.00651687570459,0.00325313490501
4672,1.01186148605,0.0117916900063,0.00587849861628
4673,1.01233501775,0.012259561287,0.00611103186633
4674,1.01082467216,0.0107665047818,0.00536878865338
4675,1.01379879691,0.0137044603391,0.00682880717087
4676,1.00918122144,0.00913933023662,0.00455924008435
4677,1.01257598842,0.0124975674772,0.00622930069239
4678,1.00876761031,0.0087293980017,0.00435518754541
4679,1.00751777645,0.00748965879852,0.00373782627022
4680,1.01243343106,0.0123567707398,0.00615933839371
4681,1.00966771009,0.00962127681201,0.0047990858176
4682,1.01115072713,0.0110890160944,0.00552916563095
4683,1.01259371694,0.0125150756523,0.00623800021001
4684,1.01345100034,0.0133613387676,0.00665840332376
4685,1.0109440618,0.0108846089333,0.00542752195683
4686,1.01079163241,0.0107338183158,0.00535253303089
4687,1.01178856141,0.0117196176272,0.00584267361993
4688,1.00842547635,0.00839018014523,0.00418630297411
4689,1.01422524583,0.0141250164237,0.00703762730907
4690,1.0096080562,0.00956219237238,0.00476968493915
4691,1.01168781948,0.0116200445006,0.00579317671111
4692,1.00891517711,0.0088756715428,0.00442800312883
4693,1.00819941058,0.00816597804278,0.00407466495459
4694,1.01006024226,0.0100099748801,0.00499248336003
4695,1.01052624062,0.0104712254811,0.00522193080832
4696,1.01460771188,0.0145020470243,0.00722479826607
4697,1.01077959367,0.0107219080302,0.00534660974558
4698,1.01121892517,0.0111564597926,0.00556270046093
4699,1.00816436419,0.00813121607272,0.00405735464082
4700,1.00895039697,0.00891057958019,0.00444537970943
4701,1.00766915869,0.00763990019033,0.00381266336706
4702,1.0074873611,0.00745946994658,0.00372278815109
4703,1.00747876371,0.00745093641083,0.00371853725842
4704,1.00842843795,0.008393116994,0.00418776525015
4705,1.01020520232,0.0101534808355,0.00506387555084
4706,1.00788798168,0.00785703419002,0.00392081056677
4707,1.01107546466,0.0110145808315,0.00549215309317
4708,1.00700659599,0.00698216385775,0.00348499518752
4709,1.00780544622,0.00777514131367,0.00388002383679
4710,1.01033641808,0.0102833626003,0.00512848548275
4711,1.01208052056,0.0120081334741,0.00598607834754
4712,1.0090295997,0.00898907662425,0.00448445299009
4713,1.01025220476,0.0102000073633,0.00508702074327
4714,1.00587007345,0.00585291169182,0.00292217794804
4715,1.00796669957,0.00793513296114,0.00395970608766
4716,1.01044861328,0.0103944038006,0.00518371981299
4717,1.01157953114,0.0115130014632,0.00573996382805
4718,1.01130808123,0.0112446228249,0.00560653579862
4719,1.01043798306,0.0103838834499,0.00517848689114
4720,1.0097351717,0.00968809023736,0.00483233165327
4721,1.00859334727,0.0085566346336,0.00426917835504
4722,1.01011127867,0.0100605016875,0.00501762031907
4723,1.00995755713,0.00990830732581,0.00494190208407
4724,1.00955426399,0.00950891065505,0.00474317079581
4725,1.00852264646,0.00848653374573,0.00423427693605
4726,1.00785843056,0.00782771391081,0.00390620779976
4727,1.01008536534,0.0100348474174,0.0050048574639
4728,1.01148342466,0.0114179906036,0.00569272995575
4729,1.00629161181,0.00627190224291,0.00313103916263
4730,1.00863729023,0.00860020224515,0.00429086892561
4731,1.00547605069,0.00546111164063,0.0027268312436
4732,1.00715787425,0.00713237826084,0.00355983783019
4733,1.01423942974,0.0141390013035,0.00704457051448
4734,1.01095065876,0.0108911344542,0.0054307670033
4735,1.0137069045,0.0136138145706,0.00678379276775
4736,1.00774646388,0.00771661408275,0.00385087333834
4737,1.01089883698,0.0108398726985,0.00540527499407
4738,1.01102871453,0.0109683417416,0.00546916025852
4739,1.00943843661,0.00939417286823,0.00468607237504
4740,1.01155198837,0.011485773608,0.00572642795174
4741,1.01050872751,0.0104538946453,0.00521331060332
4742,1.01081677358,0.010758690752,0.00536490260679
4743,1.00722598955,0.00720000717901,0.00359353134561
4744,1.00716989384,0.00714431235326,0.00356578361694
4745,1.01340884648,0.0133197435218,0.00663774396497
4746,1.00958367935,0.00953804720824,0.00475766986697
4747,1.01024256167,0.0101904620853,0.00508227237145
4748,1.00998927566,0.00993971264178,0.00495752701838
4749,1.00760698617,0.00757819894894,0.00378192989533
4750,1.0113030921,0.0112396894727,0.00560408294901
4751,1.00593855886,0.00592099511941,0.00295611960818
4752,1.00757418219,0.00754564209061,0.00376571289805
4753,1.01268827033,0.0126084487142,0.00628439442739
4754,1.00998713941,0.00993759751113,0.0049564746954
4755,1.00636933035,0.00634913188887,0.00316953233788
4756,1.01000698711,0.00995724875729,0.00496625157
4757,1.00716173316,0.00713620974231,0.00356174674937
4758,1.01230545609,0.0122303594063,0.00609652004684
4759,1.01062095837,0.0105649521975,0.00526854835698
4760,1.00772586809,0.00769617640061,0.00384069379672
4761,1.00891061456,0.00887114930066,0.00442575201746
4762,1.01116160574,0.0110997746824,0.00553451516754
4763,1.00611569694,0.00609707196764,0.00304389391637
4764,1.01373882033,0.0136452983546,0.00679942774695
4765,1.01115461783,0.0110928638801,0.00553107888444
4766,1.01379001203,0.0136957949935,0.00682450407574
4767,1.01000923049,0.00995946991478,0.00496735663271
4768,1.01069270102,0.0106359383644,0.00530385381689
4769,1.01366034559,0.0135678841512,0.00676098308735
4770,1.01115051445,0.0110888057649,0.00552906104768
4771,1.01019051353,0.0101389403241,0.00505664208455
4772,1.01157566817,0.0115091827094,0.0057380654091
4773,1.01219188779,0.0121181653316,0.00604076344233
4774,1.00988729275,0.0098387332908,0.00490728637851
4775,1.0077008771,0.00767137670002,0.00382834149387
4776,1.01138957859,0.0113252056704,0.00564660051892
4777,1.01145879002,0.0113936353444,0.0056806215764
4778,1.00953671326,0.00949152587568,0.00473451959802
4779,1.0078880194,0.00785707161067,0.00392082920374
4780,1.01005138635,0.0100012071363,0.004988121365
4781,1.00957626978,0.00953070795181,0.00475401769093
4782,1.00975345382,0.00970619592307,0.00484134070901
4783,1.00749289263,0.00746496035501,0.00372552313174
4784,1.00966792733,0.00962149196667,0.00479919287865
4785,1.01056203928,0.0105066506088,0.00523955072237
4786,1.01077805806,0.0107203887965,0.00534585418978
4787,1.0092222924,0.00918002672522,0.00457949535004
4788,1.0091512857,0.00910966641057,0.00454447568408
4789,1.00961715905,0.00957120855229,0.00477417151683
4790,1.01242917879,0.0123525706793,0.00615725129607
4791,1.01273792919,0.0126574841826,0.0063087577838
4792,1.00889811283,0.0088587579032,0.00441958372025
4793,1.01277146303,0.0126905956935,0.0063252089568
4794,1.00938938331,0.00934557704154,0.00466188802966
4795,1.00560017399,0.0055845513171,0.00278838088281
4796,1.00704787275,0.00702315257186,0.00350541791257
4797,1.01178053137,0.0117116811082,0.00583872853785
4798,1.00723183989,0.00720581553467,0.00359642508299
4799,1.00750375538,0.00747574226029,0.00373089398578
4800,1.00730803449,0.00728146019646,0.00363411067602
4801,1.01080861192,0.0107506164032,0.00536088708335
4802,1.01179725044,0.0117282053833,0.00584694240109
4803,1.00874714459,0.00870910996092,0.0043450876529
4804,1.01044981929,0.0103955973427,0.00518431349039
4805,1.00895732658,0.00891744769233,0.00444879849395
4806,1.01144279515,0.0113778215559,0.00567275956716
4807,1.01116005479,0.0110982408534,0.00553375249724
4808,1.01012661029,0.0100756797217,0.00502517122873
4809,1.01300323376,0.0129194175238,0.00643888969572
4810,1.00905082606,0.00901011281113,0.00449492386056
4811,1.01008377874,0.0100332766614,0.00500407601627
4812,1.01103626255,0.0109758073985,0.0054728726646
4813,1.00636816789,0.00634797677919,0.00316895661345
4814,1.01230912172,0.0122339804674,0.00609831953781
4815,1.00631685867,0.00629699094475,0.00314354415827
4816,1.00858894844,0.00855227327164,0.00426700698141
4817,1.00928288266,0.00924006150175,0.00460937482535
4818,1.00944259344,0.00939829082231,0.00468812170145
4819,1.01021574539,0.0101639173354,0.00506906736269
4820,1.00697655949,0.00695233589396,0.00347013306996
4821,1.0107107018,0.0106537485462,0.00531271163705
4822,1.01024499184,0.0101928676128,0.00508346902168
4823,1.00824460944,0.00821080830905,0.00409698850338
4824,1.00971142411,0.00966457132902,0.00482062895588
4825,1.00883830429,0.00879947509568,0.00439007288179
4826,1.01228302129,0.0122081970754,0.00608550637691
4827,1.01193000095,0.0118593994478,0.00591215375241
4828,1.00641770894,0.00639720313222,0.00319349148994
4829,1.00880826445,0.00876969799245,0.00437524958165
4830,1.00776510157,0.00773510833247,0.0038600848111
4831,1.01084669935,0.0107882958464,0.00537962563081
4832,1.01099901356,0.0109389643295,0.00545455178004
4833,1.01402140577,0.0139240151725,0.00693782895458
4834,1.01051994778,0.010464998169,0.00521883340677
4835,1.00918372543,0.00914181144991,0.004560475034
4836,1.01065378551,0.0105974338248,0.00528470347393
4837,1.00985622793,0.00980797213909,0.00489198116184
4838,1.01373785197,0.013644343113,0.00679895337359
4839,1.00827721212,0.00824314385944,0.00411308990922
4840,1.00917017634,0.0091283855606,0.00455379268113
4841,1.00912185607,0.00908050322836,0.00452996025283
4842,1.00823412252,0.00820040708884,0.00409180918664
4843,1.00961926633,0.00957329575091,0.00477521013327
4844,1.00844519844,0.0084097372587,0.00419604054723
4845,1.00799649531,0.00796469277259,0.00397442736051
4846,1.01382609809,0.0137313895608,0.00684217974446
4847,1.01104838023,0.0109877927281,0.00547883251447
4848,1.00551761296,0.00550244669307,0.00274744219997
4849,1.01232052418,0.0122452442162,0.00610391705149
4850,1.00589826176,0.00588093511636,0.00293614861772
4851,1.00573587392,0.00571948642664,0.0028556580428
4852,1.0070806242,0.00705567428979,0.00352162163868
4853,1.00996392443,0.00991461183268,0.00494503875443
4854,1.01016291181,0.0101116166708,0.00504304924798
4855,1.00998307693,0.00993357519704,0.00495447350459
4856,1.00842857272,0.00839325064152,0.00418783179406
4857,1.01042453539,0.0103705746029,0.00517186690545
4858,1.01134016235,0.0112763447205,0.0056223076964
4859,1.01032349296,0.0102705696266,0.00512212177983
4860,1.00961769969,0.00957174403721,0.004774437981
4861,1.01184896578,0.0117793164249,0.00587234817562
4862,1.00790551282,0.00787442797792,0.00392947332418
4863,1.01225116751,0.0121767293069,0.00606986811829
4864,1.00964360922,0.00959740642225,0.00478720782986
4865,1.0093618383,0.00931828788639,0.00464830696892
4866,1.00986521345,0.00981686992117,0.00489640827914
4867,1.01190884036,0.0118384881151,0.0059017598472
4868,1.01251626004,0.0124385791679,0.00619998983347
4869,1.01206705338,0.0119948269492,0.00597946489003
4870,1.01322025335,0.0131336284307,0.00654529981032
4871,1.01009859025,0.0100479402023,0.00501137107126
4872,1.00968380483,0.00963721731462,0.00480701778737
4873,1.01138011208,0.0113158457212,0.00564194695939
4874,1.01198210982,0.0119108926664,0.0059377478143
4875,1.01178879866,0.0117198521114,0.00584279017703
4876,1.00967298813,0.00962650429839,0.00480168701381
4877,1.01040001264,0.0103463045626,0.00515979457279
4878,1.01239456308,0.0123183793497,0.00614026074834
4879,1.01312693906,0.0130415274455,0.00649954967865
4880,1.0115310629,0.0114650868935,0.00571614377184
4881,1.0118255588,0.0117561832778,0.00586084945848
4882,1.00992293952,0.00987403043598,0.00492484818953
4883,1.01050504475,0.0104502501788,0.00521149786829
4884,1.01021736174,0.0101655173408,0.0050698633098
4885,1.01373794358,0.0136444334858,0.00679899825279
4886,1.00905167066,0.00901094983425,0.00449534049086
4887,1.01145786749,0.0113927232605,0.00568016812495
4888,1.0120322155,0.0119604038524,0.00596235611024
4889,1.00928302375,0.00924020129407,0.00460944439934
4890,1.01010072153,0.010050050166,0.00501242076564
4891,1.01061399713,0.0105580641011,0.00526512244803
4892,1.00826034014,0.00822641025314,0.00410475748463
4893,1.01006872525,0.0100183733419,0.00499666161755
4894,1.00996400318,0.0099146898006,0.00494507754561
4895,1.01067149624,0.0106149577056,0.00529341907192
4896,1.00577015296,0.00575356938903,0.00287265071457
4897,1.00935405186,0.00931057363746,0.00464446776616
4898,1.00603358518,0.00601545598835,0.00300320931179
4899,1.0100482799,0.00999813159059,0.00498659126154
4900,1.00770370132,0.00767417933883,0.00382973744757
4901,1.01157439727,0.011507926351,0.00573744083423
4902,1.01298670741,0.012903103173,0.00643078501042
4903,1.01039098701,0.0103373717948,0.0051553512246
4904,1.0105107308,0.0104558771026,0.00521429666387
4905,1.01005181967,0.0100016361364,0.00498833479508
4906,1.00833938316,0.00830480262522,0.00414379201482
4907,1.00878048052,0.00874215627452,0.00436153887923
4908,1.00794529738,0.00791389970197,0.00394913144067
4909,1.01329490064,0.0132072990279,0.00658189333689
4910,1.00915720963,0.00911553659634,0.00454739743422
4911,1.00629091634,0.00627121112584,0.00313069468599
4912,1.01208749018,0.0120150198749,0.00598950093077
4913,1.01107046161,0.0110096325743,0.00548969254983
4914,1.00971564622,0.00966875281801,0.00482270961949
4915,1.00987179098,0.00982338317439,0.00489964895471
4916,1.01029283347,0.0102402229549,0.00510702604915
4917,1.00826815414,0.00823416020665,0.00410861654806
4918,1.0121560987,0.012082806699,0.00602319076728
4919,1.01021086503,0.0101590863231,0.00506666409801
4920,1.01248203774,0.0124047793338,0.00618319455382
4921,1.01051115432,0.0104562962123,0.00521450512604
4922,1.00845156061,0.00841604613701,0.00419918174528
4923,1.01172180119,0.0116536330619,0.00580987355934
4924,1.00703472835,0.00701010008409,0.00349891452467
4925,1.01019791623,0.0101462683207,0.00506028754863
4926,1.00901523077,0.0089748361718,0.00447736466895
4927,1.00885747143,0.00881847413702,0.00439953065395
4928,1.00992012385,0.00987124242768,0.00492346104967
4929,1.00869068737,0.00865314072368,0.00431722424004
4930,1.01149286273,0.0114273214732,0.00569736882068
4931,1.01225982069,0.0121852777283,0.00607411637602
4932,1.01090976275,0.010850680613,0.00541064972693
4933,1.00902972483,0.00898920062855,0.00448451471419
4934,1.00918290196,0.00914099546959,0.00456006890439
4935,1.01155645486,0.0114901890741,0.00572862303996
4936,1.01105241806,0.010991786431,0.0054808184235
4937,1.01152529555,0.0114593852734,0.00571330925337
4938,1.01002703955,0.00997710233037,0.00497612900859
4939,1.00853993487,0.00850367591028,0.00424281168941
4940,1.01180002328,0.0117309458877,0.00584830464058
4941,1.01257292648,0.0124945435614,0.00622779815178
4942,1.00800646329,0.00797458162741,0.00397935212448
4943,1.00831648501,0.00828209359038,0.00413248448396
4944,1.01118005624,0.0111180213494,0.00554358796642
4945,1.00764445529,0.00761538450603,0.0038004521851
4946,1.00630747933,0.00628767043928,0.00313889854442
4947,1.00998469092,0.009935173235,0.00495526856454
4948,1.01068395757,0.0106272873835,0.0052995512589
4949,1.0101596647,0.0101084022194,0.00504145012631
4950,1.00890657739,0.00886714777447,0.00442376010726
4951,1.00898479882,0.00894467567312,0.00446235182618
4952,1.01269580688,0.0126158908139,0.0062880920858
4953,1.00862603175,0.00858904010989,0.0042853117901
4954,1.00762268633,0.00759378045434,0.00378969115372
4955,1.00777490576,0.00774483693421,0.00386493032357
4956,1.01082558066,0.0107674035528,0.00536923562611
4957,1.01026564145,0.0102133076078,0.0050936370142
4958,1.0102054649,0.010153740761,0.00506400485549
4959,1.01083766806,0.0107793614253,0.00537518244227
4960,1.01326586101,0.0131786399989,0.00656765803572
4961,1.01079096035,0.010733153425,0.00535220236487
4962,1.01169349358,0.0116256530316,0.00579596472712
4963,1.0105539277,0.0104986237775,0.00523555832719
4964,1.0121690617,0.012095613932,0.00602955579315
4965,1.01042195921,0.0103680250072,0.00517059869992
4966,1.00693838029,0.00691442049012,0.00345124097471
4967,1.0073542186,0.00732730818614,0.00365695110073
4968,1.00893798848,0.00889828108896,0.00443925778072
4969,1.00925038427,0.00920786149518,0.00459334890401
4970,1.0096402658,0.00959409493638,0.00478556001195
4971,1.00999087139,0.00994129258685,0.00495831307429
4972,1.0063884805,0.0063681606548,0.00317901651959
4973,1.0090261007,0.00898560892164,0.00448272691266
4974,1.01080009833,0.0107421938089,0.00535669835369
4975,1.00620265652,0.00618349922274,0.00308697507537
4976,1.01247429039,0.0123971274727,0.00617939227243
4977,1.0099964642,0.00994683005025,0.00496106807394
4978,1.01152382826,0.0114579347032,0.00571258811177
4979,1.00914698567,0.00910540535564,0.00454235483649
4980,1.00911852135,0.00907719864189,0.00452831544306
4981,1.00757748723,0.00754892228772,0.00376734681913
4982,1.01016084385,0.0101095695089,0.0050420308285
4983,1.01175587482,0.0116873113488,0.00582661472856
4984,1.00880609251,0.00876754501492,0.00437417780222
4985,1.01123694847,0.0111742829738,0.00557156243954
4986,1.00700158475,0.00697718746594,0.00348251565989
4987,1.00587335411,0.00585617320321,0.00292380393706
4988,1.01063696935,0.0105807947962,0.0052764278914
4989,1.01458764592,0.0144822697745,0.00721498103595
4990,1.01151668026,0.011450868109,0.00570907499274
4991,1.00796402048,0.0079324750475,0.00395838239224
4992,1.01079707634,0.0107392041101,0.00535521151064
4993,1.01200824612,0.011936719171,0.00595058430811
4994,1.01004080041,0.00999072648003,0.00498290716258
4995,1.00929983883,0.00925686158183,0.00461773611134
4996,1.00881575669,0.00877712478991,0.00437894672647
4997,1.00850734572,0.00847136219579,0.0042267232527
4998,1.0127147359,0.0126345823543,0.00629737904554
4999,1.01136987015,0.0113057189795,0.00563691214307
