replicate,RZ_ratio,log_RZ_ratio,coupling_advantage
0,0.9970802319,-0.00292403893804,-0.00146308874052
1,0.999615168268,-0.000384905798923,-0.000192471419709
2,0.996698852232,-0.00330660857786,-0.00165467174997
3,0.998250193536,-0.00175133916319,-0.000876053092137
4,0.999246192714,-0.0007540915412,-0.000377116861291
5,0.9961655895,-0.00384178069811,-0.00192273644078
6,0.99550264955,-0.00450749395411,-0.00225628857379
7,0.996235869608,-0.00377123255865,-0.00188739517163
8,0.996561635656,-0.0034442891037,-0.0017236282944
9,0.997213954173,-0.00278993407613,-0.00139594045716
10,0.999033895289,-0.00096657169069,-0.000483402646765
11,0.995281072896,-0.00473009639248,-0.00236784712883
12,0.998481591951,-0.00151956199833,-0.00076006970586
13,0.997105992526,-0.00289820321066,-0.00145015206041
14,0.997290343155,-0.0027133346102,-0.0013575879945
15,0.997351733415,-0.00265177944619,-0.00132676910349
16,0.998281392314,-0.00172008618653,-0.000860413036375
17,0.998712403944,-0.00128842572016,-0.000644420409752
18,0.995336933391,-0.00467397262127,-0.00233971919163
19,0.998489557981,-0.00151158388668,-0.00075607762604
20,0.994851113825,-0.00516218736626,-0.00258442757317
21,0.99914101005,-0.000859359092867,-0.000429771871913
22,0.998187897955,-0.00181374588852,-0.000907284277864
23,0.995715438275,-0.00429376676186,-0.00214918958514
24,0.999504939577,-0.000495183005995,-0.000247622156304
25,0.996006783447,-0.00400121073054,-0.0020026079114
26,1.00027160057,0.00027156369782,0.000135772630972
27,0.999740189311,-0.000259844445688,-0.000129930663102
28,0.996367198618,-0.00363941602963,-0.00182136468818
29,0.995902730225,-0.00410568658371,-0.00205495181722
30,0.998987170399,-0.00101334285989,-0.000506799809594
31,0.997863319359,-0.00213896659984,-0.00107005540112
32,0.995431199858,-0.00457926900804,-0.00229225771879
33,0.999513813519,-0.000486304707813,-0.000243181917836
34,1.00068895091,0.000688713691405,0.000344297561689
35,0.996892995745,-0.00311184101386,-0.00155713157927
36,0.997935631001,-0.00206650274594,-0.00103378536107
37,1.00015289215,0.00015288045906,7.64373080502e-05
38,0.999251013152,-0.000749267478394,-0.00037470392318
39,0.998274626371,-0.00172686380026,-0.00086380476476
40,0.998918838904,-0.00108174597188,-0.000541019284109
41,0.998534592468,-0.00146648229197,-0.000733510032988
42,0.99680323018,-0.00320189040419,-0.00160222739901
43,1.00083900877,0.000838657002434,0.000419240595308
44,0.996372163289,-0.00363443326942,-0.00181886877347
45,0.996544875866,-0.00346110686007,-0.00173205170178
46,0.999937530566,-6.24713854659e-05,-3.12361805723e-05
47,0.99648817762,-0.00351800330375,-0.00176054960277
48,0.999622695924,-0.000377375273454,-0.000188705439359
49,0.997117563597,-0.00288659862248,-0.00144434136897
50,0.995199170159,-0.00481239084129,-0.00240909263213
51,0.998335806628,-0.00166557967975,-0.000833136705618
52,1.00222384854,0.00222137945277,0.00111007313885
53,0.998897382228,-0.00110322610267,-0.00055176521779
54,0.999425047465,-0.000575117883962,-0.000287600291017
55,0.998967044595,-0.00103348927142,-0.000516878171218
56,1.00049933957,0.000499214939214,0.000249576320254
57,0.999948580175,-5.14211467158e-05,-2.57109038775e-05
58,0.998624633671,-0.00137631301362,-0.00068839334082
59,0.998777264549,-0.00122348360221,-0.000611928953279
60,0.99765579895,-0.00234695299077,-0.00117416528833
61,0.99733242943,-0.00267113487675,-0.00133645970575
62,0.998791908361,-0.00120882197025,-0.000604593678249
63,0.997239845595,-0.00276397065548,-0.00138294070952
64,1.00013446066,0.000134451621226,6.72235510091e-05
65,0.99814456781,-0.00185715563626,-0.000929009079988
66,0.999152962208,-0.000847396731331,-0.000423788138497
67,1.00006699795,6.69957038045e-05,3.34972908554e-05
68,1.00051269239,0.000512561008404,0.000256247667159
69,1.00245309925,0.00245009531234,0.00122429759161
70,0.998835867136,-0.00116481099276,-0.000582575127393
71,0.99772137144,-0.00228122858495,-0.00114126504035
72,0.99927764332,-0.000722617704873,-0.000361374132342
73,0.997336765088,-0.00266678763146,-0.00133428318051
74,0.996067058601,-0.00394069575114,-0.00197229028648
75,0.999969092619,-3.09078587357e-05,-1.54540487804e-05
76,0.995999420554,-0.00400860317104,-0.00200631154057
77,0.999902721631,-9.72831006742e-05,-4.86427333566e-05
78,0.998454149556,-0.00154704650319,-0.000773822497857
79,0.996883650127,-0.00312121580325,-0.00156182628386
80,1.0001186753,0.000118668261712,5.93323706211e-05
81,0.998097237356,-0.00190457519666,-0.000952741168131
82,0.999749703822,-0.000250327507693,-0.000125171587156
83,1.00025382409,0.000253791884832,0.000126887891466
84,0.999985743579,-1.42565225655e-05,-7.12828668892e-06
85,0.995533682459,-0.00447632133524,-0.00224066721888
86,0.999512100008,-0.00048801905409,-0.000244039299791
87,0.998034218731,-0.00196771595259,-0.000984342123319
88,0.995279269863,-0.00473190797605,-0.0023687550658
89,0.995919287422,-0.00408906140617,-0.0020466221811
90,0.999462451139,-0.000537693392592,-0.000268882838808
91,0.997478342598,-0.00252484213497,-0.00126321825639
92,1.00020767402,0.000207652462669,0.000103820841578
93,1.00001745846,1.7458307533e-05,8.72911566752e-06
94,0.994412907333,-0.00560275884882,-0.00280530695439
95,0.996803156089,-0.00320196473289,-0.00160226462291
96,0.999505789013,-0.000494333149162,-0.000247197122755
97,0.997842792253,-0.00215953787141,-0.00108035209606
98,0.996470554586,-0.00353568860038,-0.00176940785816
99,0.998956851136,-0.00104369332261,-0.000521982846965
100,0.995813658024,-0.00419512923822,-0.00209976604672
101,1.0000422323,4.2231403402e-05,2.11154787662e-05
102,0.997268964027,-0.0027347720557,-0.00136832132638
103,0.995687424122,-0.00432190185569,-0.00216328746505
104,0.998330868605,-0.00167052594712,-0.00083561190282
105,0.998168670477,-0.0018330084573,-0.000916924346986
106,0.999099095606,-0.000901310452656,-0.00045075678665
107,1.00079807041,0.000797752119724,0.000398796519383
108,0.994968901966,-0.00504379661763,-0.00252508096924
109,0.997300180967,-0.00270347011766,-0.00135264906445
110,0.996563539801,-0.00344237839103,-0.00172267129184
111,0.999967431277,-3.25692529581e-05,-1.62847590743e-05
112,0.997273284345,-0.00273043991596,-0.00136615229498
113,0.998504785113,-0.00149633383662,-0.000748446864992
114,0.99766624437,-0.00233648308155,-0.00116892420074
115,0.996705976885,-0.00329946035278,-0.00165109172985
116,0.998955745751,-0.00104479986184,-0.000522536405528
117,0.997134462885,-0.00286965062648,-0.00143585516757
118,0.997206849859,-0.00279705826414,-0.00139950752999
119,1.00194250189,0.00194061767604,0.00096983824062
120,0.998215486567,-0.00178610757382,-0.000893452678181
121,0.996968790903,-0.00303581251601,-0.00151905886082
122,0.996530098395,-0.00347593567587,-0.00173947897935
123,0.997367494937,-0.0026359761976,-0.00131885702682
124,0.999816419285,-0.000183597567566,-9.18029974202e-05
125,0.993352012925,-0.00667018336953,-0.00334065929081
126,0.999553111777,-0.00044698810696,-0.000223519030137
127,0.997492648183,-0.00251050048837,-0.00125603840052
128,0.998368059377,-0.00163327368844,-0.000816970382874
129,0.997884657417,-0.00211758308018,-0.00105935225773
130,0.999738065219,-0.000261969091659,-0.00013099312468
131,0.996382306825,-0.00362425285198,-0.00181376931931
132,0.997293359201,-0.00271031037385,-0.00135607382463
133,0.996891118947,-0.00311372366307,-0.00155807437009
134,0.998250127208,-0.00175140560807,-0.000876086343684
135,0.996901329486,-0.00310348133419,-0.00155294523962
136,0.999438677926,-0.000561479674284,-0.000280779248258
137,0.997005101476,-0.002999392207,-0.00150082121007
138,0.998614178355,-0.00138678278416,-0.000693631843466
139,0.997184923265,-0.00281904651526,-0.00141051710243
140,0.992680279199,-0.00734664140518,-0.00368007561353
141,0.999371167099,-0.000629030699214,-0.000314564814745
142,0.996513422818,-0.00349266945704,-0.00174786045903
143,0.997104502681,-0.00289969738065,-0.00145090022907
144,1.00027084444,0.000270807768617,0.000135394717616
145,0.9955532626,-0.00445665354395,-0.00223081133721
146,0.996220213234,-0.00378694821195,-0.00189526786003
147,0.997434658877,-0.00256863724884,-0.00128514371477
148,0.999826780346,-0.000173234658212,-8.66210804951e-05
149,0.996844164673,-0.00316082547663,-0.00158166224869
150,0.996779743843,-0.00322545233993,-0.00161402731218
151,0.997667723832,-0.00233500016047,-0.00116818187376
152,0.999911513543,-8.84903722918e-05,-4.42461649786e-05
153,1.00181320648,0.00181156460643,0.000905372206252
154,0.997815778654,-0.00218661023704,-0.00109390299443
155,0.997900892166,-0.00210131404879,-0.00105120915784
156,1.00015776164,0.000157749197159,7.88714880601e-05
157,0.997756463875,-0.00224605662296,-0.0011236591439
158,0.999741169513,-0.000258863988981,-0.000129440371173
159,0.996195503121,-0.00381175238578,-0.00190769352928
160,0.997889375452,-0.00211285505528,-0.00105698574376
161,0.997728444734,-0.00227413916136,-0.00113771628939
162,0.998122391427,-0.00187937348989,-0.000940128388858
163,0.99554954358,-0.00446038918254,-0.002232683325
164,0.999649220581,-0.000350840956984,-0.000175435865564
165,0.998785213286,-0.00121552516549,-0.000607947307844
166,1.00016881168,0.000168797430077,8.4395153567e-05
167,0.997095280186,-0.00290894670018,-0.00145553160946
168,0.997678798654,-0.00232389951034,-0.00116262508032
169,0.999697405533,-0.000302640258243,-0.00015133157859
170,1.0023082682,0.00230560823878,0.00115213989599
171,0.993073272325,-0.0069508288127,-0.00348146066138
172,0.999256835398,-0.00074344088525,-0.00037178953923
173,1.00021788159,0.000217857859163,0.000108922997041
174,1.00042127523,0.000421186518211,0.000210571085902
175,0.997011176022,-0.00299329943186,-0.00149777025506
176,0.994990896726,-0.00502169088445,-0.00251400025451
177,0.997714364064,-0.00228825198858,-0.00114478075612
178,0.996615420529,-0.00339032011651,-0.00169659765427
179,0.996479249387,-0.00352696304108,-0.00176503736851
180,1.00029089545,0.000290853145886,0.000145415999012
181,0.996679020395,-0.00332650629746,-0.00166463712144
182,0.998443664012,-0.00155754833657,-0.000779077491624
183,0.995549857094,-0.00446007426717,-0.00223252551578
184,0.999027256855,-0.000973216566514,-0.000486726696274
185,0.999109230883,-0.000891166087766,-0.000445682330754
186,0.996352109564,-0.00365456021331,-0.00182895060028
187,0.995868334781,-0.00414022413097,-0.00207225622676
188,0.999537317773,-0.000462789297467,-0.00023142142254
189,1.00029324707,0.000293204077515,0.000146591293204
190,0.994316380316,-0.00569983291298,-0.00285398132899
191,0.997450724035,-0.00255253090202,-0.00127708022434
192,0.996927476944,-0.00307725294549,-0.00153981076577
193,0.998026415019,-0.00197553506621,-0.000988255536118
194,0.99640269667,-0.0036037891847,-0.00180351897992
195,0.996439449397,-0.00356690444972,-0.00178504352164
196,0.996271329821,-0.003735638998,-0.00186956496041
197,0.996440329663,-0.00356602103867,-0.00178460102775
198,0.997779822139,-0.00222264610974,-0.00111194080316
199,1.00057806322,0.000577896205196,0.000288906361116
200,0.997472118395,-0.00253108209287,-0.00126634218142
201,0.999329939389,-0.000670285202412,-0.000335198767762
202,0.9993749394,-0.000625256032217,-0.00031267688934
203,0.997221455284,-0.00278241203625,-0.00139217419414
204,0.99858563073,-0.0014153704342,-0.000707935685366
205,0.996520815736,-0.00348525070085,-0.00174414460435
206,0.997090658485,-0.00291358187559,-0.00145785257318
207,0.993152145908,-0.00687140823714,-0.00344161291499
208,0.997402741327,-0.00260063740129,-0.00130116448156
209,0.99729714211,-0.00270651720583,-0.00135417467052
210,0.995514185671,-0.00449590578456,-0.00225048143271
211,0.999310411946,-0.000689825929567,-0.0003449724541
212,0.996624082069,-0.00338162919922,-0.00169224483259
213,0.996708924835,-0.00329650266472,-0.0016496104452
214,0.994858395138,-0.00515486839539,-0.00258075863678
215,0.996634442482,-0.00337123374597,-0.00168703832367
216,0.997301675769,-0.00270197127033,-0.00135189862736
217,0.997370139902,-0.00263332425455,-0.0013175293074
218,0.997275723592,-0.00272799400201,-0.00136492766801
219,1.00094250341,0.000942059528409,0.000470918847101
220,0.993834846321,-0.00618423671308,-0.00309690388571
221,0.99857354867,-0.00142746968044,-0.000713989609542
222,1.0013672179,0.0013662841123,0.00068290876774
223,0.996703872394,-0.00330157180063,-0.00165214919743
224,0.999382924335,-0.000617266134203,-0.000308680699187
225,1.00222725597,0.0022247793131,0.00111177118053
226,0.997051317553,-0.00295303837595,-0.00147760977912
227,0.997563020759,-0.0024399535076,-0.00122072122816
228,1.00020032149,0.000200301424704,0.000100145697437
229,0.996465486035,-0.00354077511763,-0.00177195562009
230,0.99760204962,-0.00240083006778,-0.0012011358204
231,0.994444520817,-0.00557096825038,-0.00278936719067
232,0.996801321581,-0.00320380512595,-0.00160318629426
233,0.997307024632,-0.00269660794888,-0.0013492133449
234,0.997995889857,-0.00200612105879,-0.00100356376285
235,0.996445884002,-0.00356044687294,-0.00178180897494
236,0.999929517919,-7.04845654443e-05,-3.52429037387e-05
237,0.995878276755,-0.00413024095916,-0.0020672543095
238,0.998352262621,-0.00164909639107,-0.000824888228848
239,0.997996751401,-0.00200525778494,-0.00100313169285
240,0.995962778768,-0.00404539281075,-0.00202474343569
241,0.994709460751,-0.00530458370883,-0.00265581229218
242,0.997352218778,-0.00265129279488,-0.00132652545502
243,1.00008681492,8.68111559916e-05,4.34046359873e-05
244,0.996809612095,-0.00319548804281,-0.00159902109444
245,0.997677757787,-0.00232494279908,-0.00116314733131
246,0.99311056504,-0.00691327668447,-0.00346261940602
247,0.999756564906,-0.000243464729231,-0.0001217397743
248,0.996402082008,-0.00360440606637,-0.00180382797709
249,0.996978074497,-0.00302650073931,-0.00151439591075
250,0.996415078563,-0.00359136266617,-0.00179729453426
251,0.999070911207,-0.00092952066354,-0.000464868349586
252,1.00028800111,0.00028795964196,0.000143969456383
253,0.996202566207,-0.00380466235095,-0.00190414175535
254,0.997761355618,-0.00224115389268,-0.00112120502727
255,0.996012440963,-0.00399553054836,-0.00199976213676
256,0.996282320638,-0.00372460710693,-0.00186403871769
257,0.997748244936,-0.00225429407712,-0.00112778250752
258,1.00015771824,0.000157705800471,7.88497914275e-05
259,0.999540162354,-0.000459943404013,-0.000229998147526
260,0.996565087843,-0.00344082501217,-0.00172189326473
261,0.996087212992,-0.00392046198565,-0.00196215350158
262,1.0018355105,0.00183382800858,0.000916493767093
263,0.996931831559,-0.00307288492002,-0.00153762339246
264,0.994729515991,-0.00528442200471,-0.00264570471821
265,0.998561799883,-0.00143923531898,-0.000719876646397
266,0.998365306761,-0.00163603080752,-0.00081835006961
267,0.998767245703,-0.00123351476339,-0.000616947615637
268,0.998132475488,-0.00186927051052,-0.000935072162894
269,0.997391550052,-0.00261185788119,-0.00130678203712
270,0.997084304828,-0.00291995409191,-0.0014610433313
271,0.995798350601,-0.0042105011308,-0.0021074681613
272,0.99846270778,-0.00153847506655,-0.000769533472345
273,0.998401188866,-0.00160009059609,-0.000800365419649
274,0.998997817244,-0.00100268527644,-0.000501468331447
275,0.998680581118,-0.00132029008113,-0.000660362984256
276,1.00168662869,0.00168520792876,0.000842249073342
277,0.994666276395,-0.00534799869085,-0.00267757767044
278,0.996291652873,-0.00371524009286,-0.00185934649141
279,0.999247428001,-0.000752855323853,-0.000376498519709
280,0.998683061759,-0.00131780616636,-0.000659120207503
281,0.998479106113,-0.00152205162025,-0.000761315463741
282,0.997197301211,-0.00280663370359,-0.00140430196164
283,0.997874056075,-0.00212820695145,-0.0010646698347
284,0.997739444627,-0.00226311428496,-0.00113219759481
285,0.996836573961,-0.0031684402491,-0.00158547566418
286,0.998904930039,-0.00109566998792,-0.000547985082959
287,0.992362574648,-0.00766673983827,-0.00384072667899
288,0.999969790091,-3.02103648521e-05,-1.51052965098e-05
289,0.997036368051,-0.00296803220254,-0.00148511779807
290,0.997175281789,-0.00282871525653,-0.00141535830373
291,0.996728088824,-0.00327727558142,-0.00163998109124
292,0.996960599858,-0.00304402849971,-0.0015231731014
293,0.996953656499,-0.00305099305005,-0.00152666068675
294,0.997916404557,-0.00208576914795,-0.00104342856718
295,0.994783121782,-0.00523053363999,-0.00261868961345
296,1.00137247817,0.0013715371858,0.000685533507361
297,0.999447055655,-0.000553097275196,-0.000276586880698
298,0.998290919412,-0.00171054273266,-0.00085563721518
299,1.0004984677,0.000498343510419,0.000249140714506
300,1.00009911075,9.91058422718e-05,4.95516934101e-05
301,0.997526471753,-0.00247659247171,-0.0012390632412
302,0.994336952065,-0.00567914378744,-0.00284360729669
303,0.997340581488,-0.00266296104728,-0.00133236733738
304,0.997854108915,-0.0021481968085,-0.00107467545453
305,0.995193957894,-0.00481762826405,-0.00241171765567
306,1.00216758408,0.00216523825837,0.00108203330852
307,0.997690785181,-0.00231188516678,-0.00115661094252
308,0.997193248439,-0.0028106978746,-0.00140633690288
309,0.999905044385,-9.49601237182e-05,-4.7481189055e-05
310,0.997458906613,-0.00254432744437,-0.00127297326571
311,0.998854200117,-0.00114645681323,-0.000573392733413
312,0.998635552992,-0.00136537871298,-0.000682922441905
313,0.996397260159,-0.00360924533783,-0.00180625198035
314,0.999670970857,-0.000329083284959,-0.000164555180198
315,0.997824733569,-0.00217763575952,-0.00108941085714
316,0.999030968824,-0.000969500990325,-0.000484868005671
317,0.997249299115,-0.00275449101441,-0.00137819434534
318,0.995417735548,-0.00459279520827,-0.00229903634459
319,0.999355400298,-0.000644807545406,-0.000322455750385
320,0.998267538675,-0.0017339637716,-0.000867357823229
321,0.997100380787,-0.00290383125327,-0.00145297016643
322,0.998041388892,-0.00196053169487,-0.00098074646503
323,0.99921223071,-0.000788079743557,-0.000394117515687
324,0.996242932262,-0.00376414324495,-0.00188384383091
325,0.998352695715,-0.00164866258304,-0.000824671145935
326,0.994467549333,-0.0055478113532,-0.00277775651275
327,0.996476581642,-0.00352964021568,-0.00176637831937
328,0.996853630749,-0.00315132947814,-0.001576906751
329,0.999732077041,-0.000267958856501,-0.000133988403895
330,0.996540668052,-0.00346532927173,-0.00173416656656
331,0.997860274927,-0.00214201755581,-0.00107158251261
332,0.997252330685,-0.002751451087,-0.00137667228799
333,0.997381528599,-0.0026219055937,-0.00131181247109
334,0.996044088606,-0.00396375670828,-0.00198384357311
335,1.0002282227,0.00022819665893,0.000114091820498
336,0.997539033539,-0.00246399961654,-0.00123275903179
337,0.996326824429,-0.00367993824556,-0.00184166290464
338,0.998727555436,-0.00127325480936,-0.000636830094916
339,0.995486505389,-0.00452371118127,-0.00226441551569
340,1.00046963869,0.000469528443134,0.000234736666603
341,0.996353719569,-0.00365294431526,-0.00182814117388
342,0.999173654923,-0.000826686688011,-0.000413428782137
343,0.999625867364,-0.000374202640741,-0.000187118824914
344,0.995051768648,-0.00496051438551,-0.00248333557516
345,1.00000366867,3.66866547158e-06,1.83433105339e-06
346,0.997538293494,-0.00246474148683,-0.00123313042428
347,1.00085332726,0.000852963386188,0.000426390762704
348,0.998311111539,-0.00169031624046,-0.00084551536699
349,0.99702104136,-0.00298340456861,-0.00149281542558
350,0.999282059381,-0.00071819846179,-0.000359163714742
351,0.997483736125,-0.00251943498767,-0.00126051127119
352,0.995488844607,-0.00452136135936,-0.00226323794494
353,0.998528287046,-0.00147279698677,-0.000736669701325
354,0.999323080153,-0.000677149060432,-0.000338631853041
355,0.997567522917,-0.00243544036218,-0.00121846190335
356,0.995479018445,-0.00453123209901,-0.00226818449688
357,0.999544744294,-0.000455359366261,-0.000227705604117
358,0.998095053772,-0.00190676294564,-0.000953836085399
359,1.00043244757,0.000432354086933,0.000216153678893
360,0.999510978837,-0.000489140772744,-0.000244600296147
361,0.998310996698,-0.00169043127584,-0.000845572933315
362,0.998045838377,-0.00195607348831,-0.000978515178055
363,0.998556217316,-0.00144482594243,-0.000722673974314
364,0.996882884606,-0.00312198371796,-0.00156221084096
365,0.997375738491,-0.00262771091964,-0.00131471894603
366,0.999371721088,-0.000628476361407,-0.000314287558692
367,0.998880718385,-0.00111990847883,-0.000560111043055
368,0.995941867185,-0.00406638938122,-0.00203526303248
369,0.997434368406,-0.00256892846667,-0.00128528951082
370,1.00102585711,0.00102533128234,0.000512534250594
371,0.997475867242,-0.0025273237523,-0.00126446063323
372,0.998282173811,-0.00171930334393,-0.000860021278366
373,0.995758893494,-0.00425012550781,-0.00212732230003
374,0.996384157942,-0.00362239501576,-0.00181283871679
375,0.999062294568,-0.000938145352919,-0.000469182708251
376,0.99621174737,-0.00379544623207,-0.00189952493215
377,0.995531258584,-0.00447875608743,-0.00224188732345
378,0.997642674157,-0.0023601087097,-0.00118075089295
379,1.00000002753,2.75320642491e-08,1.3766031981e-08
380,1.00053393471,0.000533792215435,0.00026686049412
381,0.999610298887,-0.000389777066435,-0.000194907525222
382,0.997649082616,-0.0023536851293,-0.00117753531559
383,0.995873866796,-0.00413466918058,-0.00206947299979
384,0.996386256223,-0.00362028912297,-0.00181178386212
385,0.996111967176,-0.00389561087249,-0.0019497036415
386,0.99668618007,-0.00331932279155,-0.00166103939598
387,0.998621718284,-0.00137923241947,-0.000689854049662
388,1.00031483989,0.000314790339508,0.000157382783784
389,0.998111988484,-0.0018897960564,-0.000945344584982
390,0.999203379857,-0.00079693761301,-0.000398548205746
391,0.999595286845,-0.000404795073062,-0.000202418020295
392,0.997037436712,-0.00296696036486,-0.00148458108348
393,0.998089902307,-0.00191192425579,-0.000956419205326
394,0.996219130801,-0.00378803475188,-0.00189581215979
395,0.996545674673,-0.00346030528344,-0.00173165021935
396,0.995173205294,-0.00483848130037,-0.00242216937413
397,0.994119761128,-0.00589759555079,-0.00295314975621
398,0.996957109042,-0.0030475299635,-0.0015249265015
399,0.99645762946,-0.00354865959062,-0.00177590484984
400,0.995902257337,-0.00410616141698,-0.00205518972176
401,0.997477265898,-0.00252592155743,-0.00126375864954
402,0.996330318941,-0.00367643085635,-0.00183990598186
403,0.998523551472,-0.00147753955171,-0.000739042733458
404,0.998406187832,-0.00159508363772,-0.000797859939904
405,0.999441748314,-0.000558407566675,-0.000279242764342
406,0.999549926311,-0.000450175002224,-0.000225112835205
407,0.996948510571,-0.0030561547161,-0.00152924546316
408,0.999011544962,-0.000988943881466,-0.000494594212136
409,0.997892227962,-0.00210999651577,-0.00105555496431
410,0.996723165563,-0.0032822150161,-0.00164245486193
411,0.995731178911,-0.00427795851925,-0.00214126850769
412,0.998945027106,-0.00105552976937,-0.000527904177074
413,0.998776253347,-0.00122449604245,-0.0006124354833
414,0.99529108321,-0.00472003866693,-0.00236280637115
415,0.993701524763,-0.00631839431658,-0.00316419268086
416,0.997752298322,-0.00225023155142,-0.00112574895591
417,0.996459737515,-0.00354654404464,-0.00177484519891
418,0.999904138474,-9.58661214082e-05,-4.79342095117e-05
419,0.995326646614,-0.00468430764414,-0.00234489880697
420,1.00016670563,0.000166691731363,8.33423925113e-05
421,0.996039662862,-0.00396820003958,-0.00198606964866
422,0.994676836063,-0.00533738245478,-0.00267225535364
423,0.998707601361,-0.0012932345067,-0.000646826355353
424,0.998624741061,-0.00137620547555,-0.000688339534774
425,0.995438209843,-0.00457222687419,-0.00228872858688
426,0.994799196102,-0.00521437515373,-0.00261058924602
427,1.00013984746,0.000139837683359,6.99163974145e-05
428,0.99804594132,-0.00195597034366,-0.000978463555268
429,0.996562309957,-0.00344361247604,-0.0017232893975
430,0.998526070237,-0.00147501706554,-0.000737780559058
431,0.997427060225,-0.00257625547326,-0.00128895772951
432,0.996227036551,-0.00378009902914,-0.00189183678398
433,0.997137213897,-0.00286689171236,-0.00143447373076
434,0.999090677258,-0.00090973642673,-0.000454971681598
435,0.998495999375,-0.0015051327696,-0.000752849633933
436,0.998253726291,-0.00174780022279,-0.000874282073354
437,0.998835314013,-0.0011653647612,-0.000582852172953
438,1.00070712086,0.000706870965743,0.000353373031909
439,0.998695348837,-0.00130550296089,-0.000652964569057
440,0.996459446563,-0.00354683602991,-0.00177499145066
441,0.998813752632,-0.00118695151637,-0.000593651899766
442,0.997010161948,-0.00299431654623,-0.00149827957408
443,0.995456077739,-0.00455427725586,-0.00227973327718
444,0.997773751209,-0.00222873056716,-0.00111498641928
445,0.997707778127,-0.00229485303502,-0.00114808506317
446,0.994059589936,-0.00595812448882,-0.00298350406006
447,0.998180400794,-0.00182125668748,-0.000911043091615
448,0.997848837821,-0.00215347925179,-0.00107731951812
449,1.00111204456,0.00111142669806,0.000555558968966
450,0.997077262726,-0.00292701681142,-0.00146457985676
451,1.00039515233,0.000395074282657,0.000197517632152
452,0.999790862426,-0.000209159446461,-0.000104585191881
453,0.995197414279,-0.00481415519303,-0.00240997693363
454,0.996425700335,-0.00358070273655,-0.00179195500417
455,0.996008394132,-0.00399959359001,-0.00200179772221
456,0.99666589097,-0.00333967955638,-0.00167123473698
457,0.999122712601,-0.000877672440573,-0.000438932522987
458,0.998645058035,-0.00135586072916,-0.000678160211308
459,0.99684215188,-0.00316284464421,-0.00158267342981
460,0.995328385827,-0.00468256026643,-0.00234402306979
461,0.997997089154,-0.00200491935388,-0.00100296230758
462,0.996420108759,-0.0035863143861,-0.00179476586079
463,0.998670219217,-0.00133066572582,-0.000665554245914
464,1.00017543283,0.000175417443631,8.7704875518e-05
465,0.997675339872,-0.00232736634491,-0.00116436051443
466,0.997017448649,-0.00298700802049,-0.00149461984279
467,0.998883809815,-0.00111681358888,-0.00055856273254
468,0.99806863784,-0.00193322964434,-0.00096708214484
469,0.999390456827,-0.000609729020255,-0.000304910986035
470,0.996897231701,-0.00310759186454,-0.00155500369863
471,0.997510007184,-0.00249309800359,-0.00124732626693
472,0.99250583574,-0.00752238659931,-0.00376827546352
473,0.999820148809,-0.000179867366551,-8.99377274304e-05
474,1.00080339727,0.000803074718326,0.000401456753827
475,0.996509898042,-0.00349620657216,-0.00174963210935
476,0.9981060931,-0.00189570260905,-0.000948300657532
477,0.997460257238,-0.00254297337965,-0.00127229537173
478,0.998200091703,-0.00180153007826,-0.000901170849795
479,0.996023140736,-0.00398478799724,-0.00199438013438
480,0.99790609823,-0.00209609704697,-0.00104859791825
481,0.996233390808,-0.00377372072777,-0.00188864160504
482,0.997592675666,-0.00241022659845,-0.00120583974004
483,0.997451502701,-0.00255175024621,-0.00127668939804
484,0.997280872105,-0.00272283143834,-0.00136234286625
485,1.00208895506,0.00208677622984,0.00104284397481
486,0.999951690666,-4.83105004855e-05,-2.41555419831e-05
487,0.998657767761,-0.00134313383924,-0.00067179247117
488,0.997627232549,-0.00237558692434,-0.00118849916821
489,0.997179932829,-0.00282405105195,-0.0014130229034
490,0.996356798303,-0.00364985431867,-0.00182659335231
491,0.998913454833,-0.00108713588483,-0.000543715702239
492,0.998080937613,-0.00192090614634,-0.000960914455922
493,0.999766012152,-0.000234015227922,-0.000117014459619
494,1.00037635542,0.000376284614645,0.000188124609669
495,0.997668897566,-0.00233382368298,-0.00116759294802
496,0.996012448754,-0.00399552272674,-0.00199975821813
497,0.99699781024,-0.00300670537138,-0.00150448328683
498,0.998376008911,-0.00162531119152,-0.000812985889783
499,0.99730429722,-0.00269934272927,-0.00135058258093
500,0.99672885299,-0.00327650890764,-0.00163959712576
501,0.998593046159,-0.00140794453002,-0.000704220111641
502,0.998677585676,-0.00132328948501,-0.00066186367767
503,0.996024115915,-0.00398380892467,-0.00199388962189
504,0.99690697331,-0.00309781998308,-0.0015501101722
505,0.999306908682,-0.000693331617252,-0.000346725904162
506,0.99843026877,-0.00157096454922,-0.000785790846597
507,0.996694857883,-0.00331061616394,-0.00165667886064
508,0.996886384703,-0.00311847268276,-0.00156045258242
509,0.995565695284,-0.00444416540584,-0.00222455335835
510,0.997219999021,-0.00278387235809,-0.00139290537184
511,0.999213860767,-0.000786448402161,-0.000393301523851
512,0.998077252504,-0.0019245983481,-0.000962762332452
513,0.995502542126,-0.00450760186425,-0.00225634265059
514,0.996889786699,-0.00311506006627,-0.00155874361302
515,0.995773548526,-0.00423540816601,-0.002119948002
516,0.998009090774,-0.00199289371969,-0.000996943477955
517,0.996467545195,-0.00353870865541,-0.00177092055867
518,0.996840746073,-0.00316425490574,-0.00158337967681
519,0.997936574034,-0.00206555776255,-0.00103331238103
520,0.997985662294,-0.00201636921247,-0.00100869299517
521,1.0001457801,0.000145769470615,7.28820792797e-05
522,0.998895071398,-0.0011055394857,-0.0005529225482
523,0.996644862666,-0.00336077842861,-0.00168180185941
524,0.997226536543,-0.0027773166328,-0.00138962294882
525,0.999035948545,-0.000964516451802,-0.000482374531095
526,1.00183067552,0.00182900187287,0.00091408290789
527,0.997674221518,-0.00232848730536,-0.00116492164741
528,1.0004678569,0.00046774748877,0.000233846398053
529,0.997876295738,-0.00212596251948,-0.00106354642455
530,0.999930567613,-6.94347971205e-05,-3.47180012161e-05
531,0.995874028043,-0.0041345072652,-0.00206939187457
532,0.99537052226,-0.00464022696028,-0.00232280702613
533,0.997676013054,-0.00232669159487,-0.00116402274664
534,0.999266170381,-0.000734099003771,-0.000367116872797
535,0.997324560446,-0.00267902493866,-0.00134041001687
536,0.997697261026,-0.00230539435508,-0.00115336178827
537,1.00043628169,0.000436186549697,0.000218069494239
538,0.997752613059,-0.00224991610475,-0.00112559105503
539,0.997016693851,-0.00298776507751,-0.00149499893713
540,0.997315901175,-0.0026877074773,-0.00134475711471
541,0.998795358943,-0.00120536722026,-0.000602865260387
542,1.00255127998,0.00254803098803,0.00127320428081
543,0.99951256555,-0.000487553284618,-0.000243806358249
544,0.994578422361,-0.00543632772811,-0.00272186142088
545,0.997871137726,-0.0021311315221,-0.00106613367795
546,0.998471881094,-0.00152928767055,-0.000764936249898
547,0.999550412038,-0.000449689056537,-0.000224869807694
548,0.995734446714,-0.00427467671226,-0.00213962409193
549,0.994769728967,-0.00524399678145,-0.0026254388348
550,0.998687014238,-0.00131384848283,-0.000657140063403
551,1.0018386919,0.0018370035725,0.000918080092605
552,0.998576116557,-0.00142489812856,-0.000712702916394
553,0.996233059188,-0.0037740536015,-0.00188880835626
554,0.99841561638,-0.00158564008309,-0.000793134406425
555,0.997254703104,-0.00274907213459,-0.00137548117498
556,0.9952585772,-0.00475269900225,-0.00237917525749
557,0.997981078871,-0.00202096189741,-0.00101099165658
558,0.998671237515,-0.00132964607225,-0.000665044079941
559,0.994562889314,-0.00545194556906,-0.00272969162673
560,0.99916245446,-0.00083789647723,-0.000419036009685
561,0.999540456846,-0.00045964877652,-0.000229850799908
562,0.997901816906,-0.0021003873638,-0.00105074532838
563,0.99585668789,-0.0041519194115,-0.00207811600197
564,0.99746820646,-0.00253500394948,-0.00126830559486
565,0.996921669127,-0.00308307868002,-0.00154272812255
566,0.99788230015,-0.00211994534686,-0.001060534643
567,0.996633161828,-0.00337251872508,-0.00168768189734
568,1.00044982811,0.00044972697179,0.000224838205996
569,0.999674867959,-0.000325184908023,-0.000162605672881
570,0.998594075102,-0.00140691413743,-0.000703704552669
571,1.00041889533,0.000418807622643,0.000209381887874
572,0.997266214895,-0.00273752871978,-0.00136970154537
573,0.998436887746,-0.00156433518811,-0.000782473566897
574,0.997050003861,-0.00295435595358,-0.00147826954159
575,0.994557000482,-0.00545786661248,-0.00273266023414
576,1.00104992406,0.00104937327363,0.000524549012854
577,0.997956751396,-0.00204533888423,-0.00102319254682
578,0.999851196126,-0.000148814946607,-7.44102416084e-05
579,0.998464256287,-0.0015369241765,-0.000768757430888
580,0.998531643294,-0.00146943579775,-0.000734987870184
581,0.994786419001,-0.00522721913592,-0.00261702802297
582,0.998582011574,-0.00141899472287,-0.000709749114223
583,0.99745361417,-0.00254963338495,-0.00127562961668
584,0.998690877558,-0.00130998009148,-0.000655204598562
585,0.997358373977,-0.0026451212743,-0.00132343560616
586,0.996749643796,-0.00325565008642,-0.00162915066959
587,0.996671978701,-0.00333357147917,-0.00166817559903
588,1.00089264896,0.000892250783523,0.000446025892626
589,1.00001372017,1.37200739026e-05,6.86001342132e-06
590,0.995246473353,-0.00476486058698,-0.00238527053566
591,0.995959429026,-0.00404875613635,-0.00202642850484
592,1.00128687339,0.00128604607897,0.000642816344478
593,0.996328565909,-0.00367819034747,-0.00184078734646
594,1.00019541201,0.000195392917001,9.76916863569e-05
595,0.996495990256,-0.00351016316515,-0.00175662263968
596,0.995337120739,-0.00467378439558,-0.00233962485859
597,1.00036119077,0.000361125555394,0.00018054647722
598,0.999039453055,-0.000961008566186,-0.000480619743768
599,0.998825402684,-0.00117528769618,-0.000587816544565
600,0.999153313611,-0.000847045030427,-0.000423612213537
601,0.99945516601,-0.00054498246594,-0.000272528362078
602,0.997931807333,-0.00207033433041,-0.00103570313566
603,0.997631193243,-0.00237161681779,-0.00118651175767
604,0.999014128699,-0.000986357591713,-0.000493300428514
605,0.996927467626,-0.00307726229311,-0.00153981544678
606,0.996309090483,-0.00369773773049,-0.00185057907711
607,0.997532972421,-0.00247007570584,-0.00123580082624
608,0.997373491745,-0.00262996357948,-0.00131584675739
609,0.999542929897,-0.000457174591406,-0.000228613423769
610,0.999338215423,-0.000662003653167,-0.000331056613733
611,0.994945577433,-0.00506723936711,-0.00253683201027
612,0.995718677387,-0.00429051371791,-0.00214755956879
613,0.999014597465,-0.000985888363334,-0.000493065698616
614,0.996524029313,-0.00348202590902,-0.00174252939749
615,0.999933006392,-6.69958524118e-05,-3.34984872676e-05
616,0.995127376396,-0.00488453353868,-0.00244525153219
617,0.999579847717,-0.000420240571277,-0.000210142362452
618,0.995510963623,-0.00449914235603,-0.00225210336168
619,0.995731374585,-0.00427776200569,-0.00214117004052
620,0.996890465717,-0.00311437893032,-0.00155840251424
621,1.00043861684,0.00043852067233,0.000219236300374
622,1.00042147727,0.000421388473532,0.000210672042294
623,0.999766657339,-0.000233369889631,-0.000116691752768
624,0.999681574618,-0.000318476090248,-0.000159250724175
625,0.997873652889,-0.002128610997,-0.00106487207258
626,0.998223368669,-0.00177821141208,-0.000889501077687
627,0.993800644754,-0.00621865103764,-0.00311416448542
628,1.00224382247,0.00224130886368,0.00112002673316
629,0.997795575375,-0.00220685794525,-0.00110403797435
630,0.997355405992,-0.00264809712391,-0.00132492550125
631,0.998329575592,-0.00167182112276,-0.000836260031983
632,1.00002138589,2.13856623043e-05,1.0692773984e-05
633,0.998885764665,-0.00111485655682,-0.000557583670427
634,0.997691879533,-0.00231078828339,-0.00115606186664
635,0.998464469574,-0.00153671056153,-0.000768650541299
636,0.997721781019,-0.00228081807046,-0.00114105954888
637,0.995300497266,-0.0047105801156,-0.00235806593233
638,1.00006913331,6.91309181584e-05,3.45648617006e-05
639,0.999912323064,-8.76807803243e-05,-4.38413511661e-05
640,0.995457680466,-0.00455266721445,-0.00227892642157
641,0.999797434879,-0.000202585640397,-0.00010129795049
642,0.997865004589,-0.00213727776326,-0.00106921007961
643,0.997219846945,-0.00278402485874,-0.00139298172838
644,0.998487251317,-0.00151389404283,-0.000757233578111
645,0.996803589824,-0.00320152960731,-0.00160204671156
646,0.997690871552,-0.0023117985967,-0.00115656760742
647,0.998389387935,-0.00161191049475,-0.000806280116578
648,0.998639997098,-0.00136092854481,-0.000680695840741
649,0.99717873882,-0.00282524843846,-0.00141362244281
650,0.996781285149,-0.00322390605565,-0.00161325292247
651,1.00052629008,0.000526151633093,0.000263041215138
652,0.997834654387,-0.00216769336361,-0.00108443425588
653,0.999201575959,-0.000798742951478,-0.000399451235145
654,0.997930429543,-0.00207171497766,-0.00103639417449
655,0.995057429814,-0.00495482508315,-0.00248048386381
656,1.00033174538,0.000331690365419,0.000165831431158
657,0.998409581166,-0.00159168489274,-0.000796159212997
658,0.998693613855,-0.00130724021129,-0.000653833761812
659,0.997839809191,-0.0021625273865,-0.00108184846958
660,0.998969229106,-0.00103130250401,-0.000515784222968
661,0.998588870085,-0.00141212649634,-0.000706312569503
662,0.998985288406,-0.00101522676214,-0.000507742238546
663,0.999498552784,-0.000501572982356,-0.000250817940739
664,0.99922295008,-0.000777351979617,-0.000388751534108
665,0.995003588448,-0.00500893534934,-0.00250760647363
666,0.999219184128,-0.000781120867475,-0.000390636712394
667,0.997692286566,-0.00231038030876,-0.00115585764353
668,0.997035945008,-0.00296845650241,-0.0014853302631
669,0.997757486963,-0.00224503123485,-0.00112314587388
670,0.997373628348,-0.00262982661669,-0.00131577818589
671,0.997613859836,-0.00238899153357,-0.00119520946099
672,0.997538104383,-0.00246493106527,-0.00123322533039
673,0.99852160776,-0.00147948614036,-0.000740016747566
674,0.999393767927,-0.000606415905619,-0.000303253924987
675,0.999196487912,-0.000803835076768,-0.00040199831806
676,0.999905467806,-9.45366621702e-05,-4.72694482503e-05
677,0.997711259752,-0.0022913634171,-0.00114633825255
678,0.995499025857,-0.00451113402487,-0.00225811271735
679,0.996647946839,-0.00335768387805,-0.00168025198312
680,0.999012442671,-0.000988045285349,-0.000494144691958
681,0.99909158933,-0.000908823525311,-0.000454515023321
682,1.0013110477,0.00131018902279,0.000654879983834
683,0.994334985234,-0.00568112182205,-0.00284459912686
684,0.996859388702,-0.00314555336817,-0.001574014146
685,0.998970224377,-0.00103030620615,-0.000515285817225
686,0.995428681547,-0.00458179888107,-0.00229352555566
687,0.99715197336,-0.00285208998514,-0.00142706227824
688,0.997552324439,-0.0024506760158,-0.00122608904124
689,0.998510986382,-0.00149012330042,-0.000745339277585
690,0.998267759085,-0.00173374297888,-0.000867247331122
691,0.994179771566,-0.00583723197143,-0.00292287929199
692,0.993143255586,-0.0068803598977,-0.00344610415939
693,0.996505104543,-0.00350101687067,-0.00175204146963
694,1.00138309791,0.00138214231587,0.00069083242326
695,0.999104492259,-0.000895908947199,-0.000448054820188
696,0.997179794023,-0.00282419025074,-0.00141309260115
697,0.998737603876,-0.00126319361684,-0.000631796307681
698,0.995834775795,-0.0041739229146,-0.00208914067708
699,0.995546938178,-0.0044630062344,-0.00223399477332
700,0.997966686763,-0.00203538322449,-0.00101820963607
701,0.999352908348,-0.000647301106057,-0.000323702933519
702,0.996399833479,-0.00360666271687,-0.00180495833827
703,0.996118925811,-0.00388862510116,-0.00194620395185
704,0.996766205296,-0.00323903471741,-0.00162082948518
705,0.996243547664,-0.00376352552236,-0.00188353438781
706,0.999041856435,-0.00095860287761,-0.000479416322094
707,0.995005435642,-0.00500707888191,-0.0025066759127
708,0.998270205792,-0.00173129202964,-0.000866020794466
709,1.00136874298,0.00136780710526,0.0006836697439
710,0.997025089843,-0.00297934399761,-0.0014907821113
711,0.997461056308,-0.00254217227591,-0.00127189431032
712,0.995262799315,-0.00474845678266,-0.00237704910345
713,0.998214094666,-0.00178750196387,-0.000894150496358
714,0.998406346991,-0.00159492422424,-0.000797780169569
715,0.999508504331,-0.00049161649296,-0.000245838459802
716,0.996184119329,-0.00382317971803,-0.00191341811168
717,0.997158250471,-0.00284579496468,-0.00142391028128
718,0.998917946761,-0.00108263908099,-0.00054146608036
719,0.999129102975,-0.000871276476501,-0.000435733142368
720,0.996479075846,-0.00352713719588,-0.00176512459961
721,0.99688596221,-0.00311889649555,-0.0015606648195
722,0.994299299177,-0.00571701183719,-0.00286259534226
723,0.998442995423,-0.00155821796783,-0.000779412568157
724,0.997536119267,-0.00246692108228,-0.00123422156646
725,0.997677991255,-0.00232470878761,-0.00116303018949
726,0.999199626224,-0.000800694246561,-0.000400427272885
727,0.999676734633,-0.000323317628643,-0.000161671881812
728,0.997363550935,-0.00263993061737,-0.00132083684632
729,0.997288911977,-0.00271476967813,-0.00135830650284
730,0.997557948775,-0.00244503789517,-0.00122326652849
731,0.996231892671,-0.00377522453,-0.00188939492652
732,0.995715420634,-0.00429378447862,-0.00214919846256
733,0.996755586686,-0.00324968783494,-0.0016261646916
734,0.999353774587,-0.000646434306386,-0.000323269393485
735,0.997768327386,-0.00223416650606,-0.00111770742292
736,0.996255862223,-0.00375116460603,-0.00187734230767
737,1.00058181724,0.000581648052258,0.000290781740921
738,1.00014116071,0.000141150743549,7.05728813918e-05
739,0.997806483615,-0.00219592566541,-0.00109856581456
740,0.999142023412,-0.000858344860741,-0.000429264538034
741,1.00343697844,0.00343108552711,0.00171407206121
742,0.997080148234,-0.00292412284905,-0.00146313075741
743,0.999099586233,-0.000900819382839,-0.000450511141096
744,1.00014238982,0.000142379682706,7.11873074161e-05
745,0.997216666577,-0.00278721409786,-0.00139457857049
746,0.994549245705,-0.00546566385931,-0.00273656951879
747,0.995790631091,-0.00421825324261,-0.00211135239339
748,0.998737540057,-0.00126325751676,-0.00063182827783
749,0.996808178297,-0.0031969264313,-0.00159974143895
750,0.996162755882,-0.00384462522692,-0.00192416144084
751,0.998230460029,-0.00177110745617,-0.000885945946554
752,1.00171292801,0.00171146261854,0.000855365275649
753,0.997867806879,-0.0021344694815,-0.00106780443839
754,1.00227095448,0.00226837975766,0.00113354692859
755,0.996042317822,-0.00396553452746,-0.00198473424655
756,0.997225635037,-0.0027782206468,-0.00139007558404
757,0.997059045134,-0.00294528797198,-0.00147372885862
758,0.996837334485,-0.00316767731154,-0.00158509359067
759,1.00003109084,3.10903594781e-05,1.55450589133e-05
760,0.995148568344,-0.00486323805156,-0.00243457780905
761,0.99621160027,-0.00379559389141,-0.00189959890206
762,0.997537325207,-0.00246571216468,-0.00123361636181
763,0.99857433459,-0.00142668263805,-0.000713595807454
764,1.00115665724,0.00115598882331,0.000577827405065
765,1.00025354509,0.000253512950643,0.000126748442059
766,0.995906606685,-0.00410179418218,-0.00205300161901
767,0.997816378478,-0.00218600910031,-0.00109360209732
768,0.99761305176,-0.00238980154192,-0.00119561494932
769,0.995475865829,-0.00453439903711,-0.00226977155879
770,0.998982621852,-0.00101789602891,-0.00050907755047
771,0.999147557427,-0.000852806108422,-0.000426493976916
772,0.996873774524,-0.00313112232714,-0.00156678729423
773,1.00015679041,0.000156778119328,7.83859873221e-05
774,0.996281505279,-0.00372542550969,-0.00186444868192
775,0.99909666321,-0.000903745044294,-0.000451974631915
776,0.997446308664,-0.00255695756769,-0.00127929638624
777,0.999695937322,-0.000304108914743,-0.000152066018236
778,0.998313146713,-0.00168827762627,-0.000844495198575
779,0.998679538414,-0.00132133416343,-0.000660885370279
780,0.998382587024,-0.00161872240001,-0.000809688821163
781,0.996325586932,-0.00368118030589,-0.00184228507873
782,0.997496113666,-0.00250702629959,-0.00125429912578
783,0.998446673527,-0.00155453413548,-0.000777569218066
784,0.998110233612,-0.00189155424926,-0.000946224512847
785,0.997447489076,-0.00255577413424,-0.00127870391271
786,0.999958668452,-4.13324020999e-05,-2.06664145974e-05
787,0.99580504687,-0.00420377663074,-0.0021040988311
788,0.99824233452,-0.00175921198593,-0.000879992959767
789,0.999907868017,-9.21362273779e-05,-4.60691748407e-05
790,0.999532339401,-0.000467769986625,-0.00023391234654
791,0.996027850284,-0.00398005965593,-0.00199201125147
792,0.997689704407,-0.00231296844369,-0.00115715320759
793,0.997257354274,-0.00274641366999,-0.00137415011522
794,0.998001772273,-0.00200022684729,-0.00100061370384
795,0.996708619769,-0.00329680873804,-0.00164976373433
796,0.996639631539,-0.00336602717939,-0.00168443065193
797,0.999919656583,-8.0346644678e-05,-4.01741292977e-05
798,0.998914789707,-0.00108579955984,-0.000543047176677
799,0.997501499259,-0.00250162720264,-0.00125159619491
800,0.995889621786,-0.00411884903877,-0.00206154659056
801,0.99362370616,-0.00639670923124,-0.00320347480902
802,0.994822592262,-0.00519085695477,-0.00259879951768
803,0.997337739178,-0.00266581094017,-0.0013337941834
804,0.998941380073,-0.00105918066085,-0.000529730588141
805,0.999926375122,-7.36275881689e-05,-3.68144717204e-05
806,0.999875272311,-0.000124735468455,-6.23696791349e-05
807,0.997579970353,-0.00242296265153,-0.0012122154657
808,0.998633305353,-0.0013676294263,-0.00068404856773
809,0.998723201111,-0.00127761469139,-0.000639011426563
810,1.00162275992,0.00162144466521,0.000810393786045
811,1.000942833,0.000942388810592,0.000471083410646
812,0.997806285943,-0.00219612377205,-0.0010986649767
813,1.00137879536,0.0013778456917,0.000688685592994
814,0.997939017702,-0.00206310904441,-0.00103208675757
815,0.999804130691,-0.000195888493418,-9.79490434034e-05
816,0.997801850829,-0.0022005686475,-0.00110088985861
817,0.995863454278,-0.00414512489455,-0.00207471168938
818,0.998546593051,-0.00145446416892,-0.000727496581824
819,0.996127525363,-0.00387999208034,-0.00194187904997
820,0.998597624066,-0.00140336018297,-0.000701926326547
821,0.994486272197,-0.00552898450666,-0.00276831698571
822,0.997173250845,-0.00283075195594,-0.00141637809529
823,0.998103960256,-0.00189783950264,-0.000949370118112
824,0.995285899421,-0.0047252469949,-0.00236541669167
825,0.999288295145,-0.000711958237423,-0.000356042486797
826,1.00279765616,0.00279374999964,0.00139589982406
827,1.00007250712,7.25044903169e-05,3.62515880538e-05
828,0.995976713719,-0.00403140147074,-0.00201773362577
829,0.995944791895,-0.00406345275789,-0.00203379173349
830,0.997987445214,-0.00201458269596,-0.00100779883629
831,0.998053866887,-0.00194802929087,-0.000974489151747
832,0.998307382519,-0.00169405157653,-0.000847384615914
833,0.994936549883,-0.00507631281905,-0.00254138025547
834,0.998558029169,-0.00144301147153,-0.000721766083639
835,0.999565950755,-0.000434143471467,-0.000217095297508
836,0.999119137774,-0.000881250412806,-0.000440722295949
837,1.00104569419,0.00104514782855,0.000522437396306
838,0.999464888905,-0.000535254317722,-0.000267662974204
839,0.995683857811,-0.00432548361964,-0.00216508222282
840,0.999698369496,-0.000301676003616,-0.000150849378431
841,0.996607875377,-0.00339789092141,-0.0017003894862
842,0.996818387695,-0.00318668439424,-0.00159461224124
843,0.998576336167,-0.0014246782048,-0.000712592876151
844,0.999091308124,-0.000909104987136,-0.000454655818207
845,0.997419134881,-0.00258420129301,-0.0012929357682
846,1.00061916768,0.000618976075781,0.000309440151408
847,0.997033967899,-0.00297043949152,-0.00148632323084
848,0.999423354349,-0.000576811975012,-0.000288447580511
849,0.996450182044,-0.00355613350996,-0.00177964845299
850,0.998793978317,-0.00120674951245,-0.000603556823389
851,0.995437342476,-0.00457309821661,-0.00228916525532
852,1.00026134395,0.000261309804568,0.000130646367304
853,0.998095665071,-0.00190615047992,-0.00095352956049
854,0.999570602895,-0.000429489322114,-0.000214767720343
855,0.997283661676,-0.00272003426545,-0.00136094237543
856,0.995971516955,-0.00403661924166,-0.00202034777867
857,0.995175636761,-0.00483603804341,-0.00242094478741
858,0.997048142354,-0.00295622297042,-0.00147920443042
859,0.995491578402,-0.0045186151804,-0.00226186174878
860,0.996731827229,-0.00327352491215,-0.00163810268286
861,0.997631265495,-0.00237154439426,-0.00118647550294
862,0.996395643322,-0.00361086802252,-0.00180706478852
863,0.999157976431,-0.000842378269531,-0.000421277847363
864,0.99944474024,-0.000555413973487,-0.000277745550899
865,0.998630690786,-0.00137024757423,-0.000685358538024
866,0.996944705199,-0.00305997174244,-0.00153115689674
867,1.00186477924,0.00186304270167,0.000931087619509
868,0.999433309863,-0.000566850766281,-0.000283465551909
869,0.997733264905,-0.00226930802741,-0.00113529797711
870,0.999474571794,-0.000525566291655,-0.000262817676343
871,0.997188878004,-0.00281508062025,-0.00140853135991
872,0.999524176803,-0.000475936436514,-0.000237996534939
873,1.00080032565,0.000800005558768,0.000399922788938
874,0.99939296948,-0.000607214837419,-0.000303653512107
875,0.999127989059,-0.000872391363851,-0.000436290829096
876,0.997555058711,-0.00244793503868,-0.00122471687328
877,1.00341651104,0.00341068802989,0.00170389074207
878,0.999751300424,-0.000248730507155,-0.000124372987256
879,0.996547984824,-0.00345798712801,-0.0017304891352
880,0.997005834964,-0.00299865651632,-0.00150045281273
881,0.998219396463,-0.00178219069584,-0.000891492491333
882,0.997067797313,-0.00293651001548,-0.00146933342185
883,0.994825118757,-0.00518831731468,-0.00259752639843
884,0.99751565934,-0.00248743175502,-0.00124448961284
885,0.997882352779,-0.00211989260683,-0.00106050824502
886,0.99889581723,-0.00110479282903,-0.000552549013511
887,0.999385060982,-0.000615128170968,-0.000307611388167
888,0.997260968418,-0.00274278959266,-0.00137233558819
889,0.997133544138,-0.00287057201424,-0.00143631652305
890,0.997400052343,-0.00260333339102,-0.0013025142313
891,0.997074913731,-0.00292937269425,-0.00146575952407
892,0.998812831673,-0.00118787356935,-0.00059411320005
893,0.996859448443,-0.00314549343876,-0.00157398413413
894,0.994013373114,-0.00600461857855,-0.0030068207336
895,0.995323497324,-0.0046874717259,-0.00234648455883
896,0.996862222517,-0.00314271062855,-0.00157259053995
897,0.999700836869,-0.000299207888942,-0.000149615135699
898,0.998276237889,-0.00172524949892,-0.000862996917196
899,0.999824105637,-0.000175909834525,-8.79587854099e-05
900,0.996833582553,-0.0031714411545,-0.00158697849694
901,0.995551437856,-0.0044584864397,-0.00223172982993
902,0.999784303178,-0.000215720087802,-0.000107865861005
903,1.00015683394,0.000156821646738,7.84077493207e-05
904,0.998546404536,-0.0014546529587,-0.000727591045392
905,0.996801212394,-0.00320391466308,-0.00160324115064
906,0.998629847833,-0.00137109168393,-0.000685780882224
907,0.999076503179,-0.000923923506583,-0.000462068474055
908,0.996316460081,-0.00369034085836,-0.00184687380365
909,0.999983991327,-1.60088013419e-05,-8.00443270621e-06
910,0.998185802423,-0.00181584522665,-0.000908334899827
911,0.998908323563,-0.00109227274961,-0.00054628553443
912,0.995680229261,-0.00432912790605,-0.00216690831278
913,1.00224055954,0.00223805322572,0.00111840073606
914,1.00154784827,0.00154665159035,0.000773026855849
915,0.99639967832,-0.00360681843627,-0.00180503633851
916,0.995449923831,-0.00456045927333,-0.00228283133738
917,0.997694437987,-0.00230822391352,-0.00115477820025
918,0.998223219423,-0.00177836092339,-0.000889575899838
919,0.998952863991,-0.00104768463929,-0.000523979548993
920,0.996463967423,-0.00354229911693,-0.00177271897026
921,0.993757552117,-0.00626201342822,-0.00313591343529
922,0.997617490131,-0.0023853525614,-0.0011933878019
923,0.997193613374,-0.00281033191206,-0.00140615366429
924,1.00026080734,0.000260773335062,0.000130378167559
925,0.997203043687,-0.00280087510383,-0.00140141862251
926,0.997221656131,-0.00278221063061,-0.00139207335113
927,1.00025593772,0.000255904972472,0.000127944300666
928,0.998419400264,-0.00158185020143,-0.000791237964452
929,0.998203922475,-0.00179769240621,-0.000899250286413
930,0.998937514369,-0.00106305046895,-0.000531666519044
931,0.996023306455,-0.00398462161636,-0.00199429677803
932,0.99909749358,-0.000902913924353,-0.000451558884208
933,0.998181903662,-0.00181975108158,-0.000910289603113
934,0.99767177613,-0.00233093839756,-0.00116614862193
935,0.998498076471,-0.00150305254717,-0.000751808740212
936,0.999456556514,-0.00054359120531,-0.000271832542426
937,0.996631302445,-0.00337438439144,-0.00168861630527
938,0.999837213479,-0.000162799772328,-8.14031992249e-05
939,0.999796739963,-0.0002032806967,-0.000101645513905
940,0.996761320313,-0.00324393556122,-0.00162328388181
941,0.99834886243,-0.00165250220017,-0.000826592539555
942,1.00066918572,0.000668961912619,0.000334425023791
943,0.997496393867,-0.00250674539565,-0.00125415849765
944,0.995588279796,-0.0044214805589,-0.00221318576752
945,0.994449955252,-0.00556550347069,-0.00278662718292
946,0.999358059874,-0.00064214625827,-0.000321124678629
947,0.997070157672,-0.00293414271732,-0.0014681480343
948,0.996342271309,-0.00366443453726,-0.00183389680429
949,0.997782444742,-0.00222001767483,-0.00111062512523
950,0.997855160673,-0.00214714278908,-0.00107414787859
951,0.996612503633,-0.0033932469234,-0.0016980635416
952,0.996378710661,-0.00362786207988,-0.00181557720805
953,0.997779354758,-0.00222311453112,-0.0011121752743
954,0.994973918705,-0.00503875452413,-0.00252255355983
955,0.999477268743,-0.000522867928598,-0.000261468141136
956,0.998497199992,-0.00150393034404,-0.00075224796871
957,0.996974110848,-0.00303047641056,-0.00151638675873
958,0.998007523021,-0.00199446460167,-0.000997729702293
959,0.999654234117,-0.000345825674247,-0.00017292778741
960,0.997346684765,-0.00265684151528,-0.00132930349934
961,0.995382448436,-0.00462824538762,-0.00231680234235
962,0.999507444117,-0.00049267722836,-0.000246368958028
963,1.00006292198,6.29200039213e-05,3.14595070999e-05
964,1.00167312072,0.00167172261052,0.00083551207051
965,1.00018301934,0.000183002593863,9.14971108155e-05
966,0.996884121126,-0.00312074333201,-0.00156158967931
967,1.0001941396,0.000194120757248,9.7055668418e-05
968,0.999631114431,-0.000368953624302,-0.000184493829045
969,0.995698903995,-0.00431037232708,-0.00215751024655
970,1.00092838582,0.000927955132642,0.000463869945375
971,0.997994071688,-0.00200794288037,-0.00100447558821
972,0.997402000206,-0.00260138045182,-0.00130153649031
973,0.99990717289,-9.28314186407e-05,-4.64167865462e-05
974,0.998047443095,-0.00195446562962,-0.000977710462377
975,0.998405431966,-0.00159584071066,-0.000798238778462
976,0.997129402387,-0.00287472568069,-0.00143839634143
977,0.998618386597,-0.00138256871069,-0.00069152334744
978,0.996761772485,-0.00324348191962,-0.00162305669284
979,1.00011874557,0.000118738518127,5.93674967437e-05
980,0.997309382612,-0.00269424360485,-0.00134802957858
981,0.997635896882,-0.00236690202154,-0.00118415156525
982,0.998987571405,-0.00101294144669,-0.000506599001296
983,0.997634882621,-0.00236791868734,-0.00118466050022
984,0.997611884933,-0.0023909711623,-0.00119620045888
985,0.995682246211,-0.00432710220659,-0.00216589326881
986,0.999435542599,-0.000564616767326,-0.000282348236425
987,0.995324547458,-0.00468641665824,-0.0023459557873
988,0.996853072052,-0.00315188993827,-0.001577187423
989,0.999655818604,-0.000344240640286,-0.000172135133695
990,0.997879916675,-0.00212233388281,-0.00106173017826
991,0.998895616698,-0.00110499358265,-0.000552649445789
992,0.99951340167,-0.00048671675771,-0.000243387992908
993,0.997903044828,-0.00209915686063,-0.00105012943051
994,0.998531788735,-0.00146929014379,-0.000734914989682
995,0.994460722938,-0.0055546757482,-0.00278119824996
996,0.99732688847,-0.00267669067218,-0.00133924131988
997,0.997001002536,-0.00300350346823,-0.00150287992794
998,0.998288128135,-0.0017133387925,-0.000857036442284
999,0.996373187698,-0.00363340513143,-0.00181835376959
1000,0.998974710258,-0.00102581571065,-0.000513039415052
1001,0.996498093619,-0.00350805240794,-0.00175556540773
1002,0.995527919977,-0.00448210968674,-0.00224356788371
1003,0.998419479587,-0.00158177075297,-0.000791198208792
1004,0.995648110368,-0.004361386667,-0.00218307277451
1005,0.997257598471,-0.0027461688017,-0.00137402751284
1006,0.998433950153,-0.00156727738439,-0.000783945817213
1007,0.997784771638,-0.00221768561023,-0.00110945779859
1008,0.995904290024,-0.004104120368,-0.00205416710043
1009,0.996936484925,-0.00306821724293,-0.00153528596808
1010,0.996232750729,-0.00377436322649,-0.00188896346118
1011,0.996744441483,-0.00326086937715,-0.00163176456987
1012,0.996327755006,-0.0036790042384,-0.00184119504111
1013,0.998620361656,-0.00138059092141,-0.000690533769449
1014,1.00043741831,0.000437322671456,0.000218637431081
1015,0.998364567283,-0.001636771497,-0.000818720717487
1016,0.998405185637,-0.00159608743346,-0.000798362238345
1017,0.995674980816,-0.00433439913485,-0.00216954964179
1018,0.99792559319,-0.0020765613724,-0.00103881988619
1019,0.997305172563,-0.00269846502098,-0.00135014313417
1020,0.998826733864,-0.00117395495198,-0.00058714978098
1021,0.996918424008,-0.00308633382375,-0.00154435820664
1022,0.999832486048,-0.000167527984178,-8.376750039e-05
1023,0.996876928134,-0.00312795883284,-0.00156520307007
1024,0.997662353625,-0.00234038293611,-0.00117087640924
1025,1.00085234161,0.000851978575576,0.000425898567234
1026,0.997946139964,-0.00205597209883,-0.00102851460818
1027,0.996831519599,-0.00317351066325,-0.00158801489398
1028,0.996415424197,-0.00359101578966,-0.0017971207843
1029,0.995932158139,-0.00407613803584,-0.00204014729223
1030,1.00034848896,0.000348428253488,0.000174198952344
1031,1.00025158553,0.000251553885916,0.00012576903337
1032,0.996859286525,-0.00314565586632,-0.00157406547574
1033,0.998161626829,-0.00184006505258,-0.000920455886041
1034,0.997127463168,-0.00287667048384,-0.00143937014217
1035,0.996584902722,-0.00342094203365,-0.00171193470679
1036,0.99316570859,-0.00685775213202,-0.0034347613863
1037,0.997156320268,-0.00284773067121,-0.00142487951315
1038,0.998719426727,-0.00128139390726,-0.000640902243764
1039,1.00039854624,0.000398466837705,0.000199213573193
1040,0.99868619208,-0.00131467172184,-0.000657551953481
1041,0.999662923853,-0.000337132969822,-0.000168580693039
1042,0.998741903756,-0.00125888831139,-0.00062964229724
1043,0.99542009676,-0.00459042312925,-0.00229784757904
1044,0.995021557405,-0.00499087632497,-0.00249855435985
1045,0.998711600555,-0.00128923014524,-0.000644822881564
1046,0.996963015005,-0.00304160599251,-0.00152196000358
1047,0.998149299598,-0.00185241506352,-0.000926636594414
1048,0.997488675691,-0.00251448297315,-0.00125803214597
1049,1.00003183822,3.18377153854e-05,1.59187309884e-05
1050,0.99847315039,-0.00152801643254,-0.000764300144887
1051,0.997545865748,-0.0024571505756,-0.00122933029558
1052,0.996379686357,-0.00362688283834,-0.00181508669845
1053,0.997069132219,-0.00293517118487,-0.00146866302318
1054,0.996961716025,-0.00304290893003,-0.00152261246406
1055,0.995097058107,-0.00491500074504,-0.00246052250168
1056,0.997440235472,-0.00256304632644,-0.00128234466492
1057,1.00265435481,0.0026508382317,0.00132454113587
1058,0.998400664003,-0.00160061630053,-0.000800628482281
1059,0.996947222043,-0.00305744718854,-0.00152989268785
1060,0.999412960295,-0.000587212079945,-0.000293649146444
1061,0.998781372878,-0.0012193702516,-0.000609871021551
1062,0.996710632083,-0.00329478978104,-0.00164875259094
1063,0.998502336888,-0.00149878573081,-0.000749673730392
1064,0.996495933381,-0.00351022023955,-0.00175665122702
1065,0.996357320954,-0.00364932975745,-0.00182633059265
1066,0.995143331962,-0.00486849997543,-0.00243721517973
1067,0.99907280234,-0.000927627773192,-0.000463921464888
1068,0.998700537606,-0.00130030742742,-0.000650365109445
1069,0.99824359613,-0.00175794815572,-0.000879360488783
1070,0.99927854147,-0.000721718906846,-0.000360924571028
1071,0.995792940989,-0.00421593358317,-0.00211019011554
1072,0.998657605135,-0.0013432966844,-0.000671873948457
1073,0.996398366744,-0.00360813475245,-0.00180569568482
1074,0.994781874831,-0.00523178713124,-0.00261931800053
1075,0.995151139272,-0.0048606545932,-0.00243328293589
1076,0.999164451544,-0.000835897721174,-0.000418036213381
1077,0.995731209142,-0.00427792815829,-0.0021412532947
1078,0.997767684533,-0.00223481079718,-0.0011180299286
1079,0.999148088149,-0.000852274934608,-0.000426228276774
1080,0.995904354356,-0.00410405577128,-0.00205413473572
1081,0.996079529277,-0.00392817591313,-0.00196601804073
1082,0.99722583069,-0.00277802444916,-0.00138997734887
1083,0.998372156477,-0.0016291698996,-0.000814916814222
1084,0.996873500181,-0.00313139753064,-0.00156692511158
1085,0.995696217255,-0.00431307067681,-0.00215886233319
1086,0.997803834782,-0.00219858032509,-0.00109989460344
1087,0.997897934826,-0.00210427761386,-0.00105269249913
1088,1.00071420885,0.000713953925561,0.000356913254086
1089,0.998531057286,-0.00147002266758,-0.000735281520815
1090,0.998574774184,-0.00142624241597,-0.000713375539366
1091,0.997562893583,-0.00244008099466,-0.0012207850495
1092,0.997201718504,-0.00280220400502,-0.00140208400449
1093,1.00120550222,0.00120477618699,0.000602206694212
1094,0.997741022981,-0.0022615323564,-0.00113140573531
1095,0.999832756039,-0.000167257948185,-8.36324710929e-05
1096,0.995689224919,-0.004320093261,-0.00216238121185
1097,0.998483046333,-0.00151810540621,-0.000759340856511
1098,0.994951724067,-0.00506106152601,-0.00253373525843
1099,0.999702662671,-0.000297381542445,-0.000148701826243
1100,1.00207112996,0.00206898813192,0.00103395916144
1101,0.999209710727,-0.000790601715951,-0.000395378999656
1102,0.994921811564,-0.0050911262543,-0.00254880582388
1103,0.99661140841,-0.00339434586978,-0.00169861394797
1104,0.997443599805,-0.00255967336556,-0.00128065602325
1105,0.997807437417,-0.00219496976718,-0.0010980873405
1106,0.996416654321,-0.00358978124096,-0.00179650240083
1107,0.99585418581,-0.00415443190462,-0.00207937485995
1108,0.999243728988,-0.000756557128992,-0.000378350120855
1109,0.998371282408,-0.00163004539479,-0.000815354918642
1110,0.997542111132,-0.00246091443574,-0.00123121454094
1111,0.996252521811,-0.00375451757736,-0.00187902194209
1112,0.995977742277,-0.00403036875879,-0.00201721622806
1113,0.999928657719,-7.13448256372e-05,-3.56730490867e-05
1114,0.996566125103,-0.00343978417736,-0.00172137195136
1115,0.997070569116,-0.00293373006448,-0.00146794140499
1116,1.00039097922,0.000390902804231,0.000195432302735
1117,0.996489125295,-0.0035170522886,-0.00176007325815
1118,0.999976115021,-2.38852639093e-05,-1.19427032681e-05
1119,0.999155166842,-0.000845190230878,-0.000422684421335
1120,0.998149374861,-0.00185233966111,-0.000926598858274
1121,0.995211829368,-0.00479967064472,-0.00240271723206
1122,0.999485814572,-0.000514317666333,-0.000257191901334
1123,0.995854322594,-0.00415429455069,-0.00207930604018
1124,0.997941839197,-0.00206028172689,-0.00103067164079
1125,0.995844175854,-0.00416448358279,-0.00208441116229
1126,0.997651947646,-0.00235081335157,-0.00117609773695
1127,0.997702267455,-0.00230037638262,-0.00115084991142
1128,0.996182867069,-0.00382443677539,-0.0019140478432
1129,0.997163390645,-0.00284064015568,-0.00142132921011
1130,0.99788220803,-0.00212003766239,-0.00106058084972
1131,0.997430280304,-0.00257302709269,-0.0012873414599
1132,0.997784280268,-0.00221817807104,-0.00110970430221
1133,0.998476656081,-0.00152450538718,-0.000762543282004
1134,0.999079234181,-0.000921189984282,-0.000460701082302
1135,0.997007723402,-0.00299676240827,-0.00149950433814
1136,0.998841740464,-0.00115893083729,-0.000579633341164
1137,0.998803466234,-0.00119725018448,-0.000598804304
1138,0.99634965612,-0.00365702264356,-0.001830184068
1139,0.999240076381,-0.000760212507206,-0.000380178503139
1140,0.997987615391,-0.00201441217566,-0.00100771349022
1141,0.994013520252,-0.00600447055509,-0.00300674649933
1142,0.99755511208,-0.00244788153877,-0.00122469009056
1143,0.998848167983,-0.00115249588576,-0.000576414005624
1144,1.00078064299,0.000780338451151,0.000390093119461
1145,0.998532807526,-0.00146826985491,-0.000734404470456
1146,0.997148774858,-0.00285529762689,-0.00142866838915
1147,0.998967182875,-0.00103335084789,-0.000516808923682
1148,1.00054661307,0.000546463736471,0.000273194543808
1149,0.997300726703,-0.00270292290421,-0.00135237508767
1150,0.999221241053,-0.000779062337636,-0.000389607045935
1151,0.998526128845,-0.001474958371,-0.000737751190137
1152,0.99861570246,-0.00138525656487,-0.000692868204795
1153,0.995721837034,-0.00428734048937,-0.00214596954844
1154,0.99796579647,-0.00203627533181,-0.001018656144
1155,0.999837643817,-0.000162369363934,-8.11879775324e-05
1156,0.998795173,-0.00120555338729,-0.000602958400022
1157,0.99584125761,-0.00416741400985,-0.002085879431
1158,0.999820665994,-0.000179350088047,-8.96790649503e-05
1159,1.00123067699,0.00122992032417,0.000614771112839
1160,0.998550072203,-0.00145097995978,-0.000725753211397
1161,0.995590554647,-0.00441919562972,-0.0022120407751
1162,0.999722273344,-0.000277765229191,-0.000138892259232
1163,0.998132590213,-0.0018691555704,-0.000935014639099
1164,0.997077155488,-0.00292712436319,-0.00146463371141
1165,0.995044129784,-0.00496819126539,-0.00248718355462
1166,0.998088609846,-0.00191321919139,-0.00095706729259
1167,0.997068506098,-0.00293579914594,-0.0014689774649
1168,0.998562561578,-0.00143847252758,-0.000719494976213
1169,0.995268899396,-0.00474232768578,-0.00237397727514
1170,0.999720082646,-0.000279956538634,-0.000139988066732
1171,0.99645685795,-0.0035494338438,-0.00177629266401
1172,0.999173470444,-0.000826871319746,-0.000413521136175
1173,0.998357357291,-0.00164399332553,-0.000822334594609
1174,0.997606225263,-0.00239664439589,-0.00119904047287
1175,0.998603904639,-0.00139707081042,-0.000698779437885
1176,0.99801898561,-0.00198297919402,-0.000991981285309
1177,0.998812222226,-0.00118848374128,-0.000594418467317
1178,0.99781695678,-0.00218542953208,-0.00109331199634
1179,0.994789536553,-0.00522408524939,-0.0026154569802
1180,0.995246145943,-0.00476518956075,-0.0023854354149
1181,0.997182069503,-0.00282190833788,-0.00141195003309
1182,0.99531104382,-0.00469998382085,-0.00235275530564
1183,0.998638859191,-0.00136206800255,-0.000681265957582
1184,0.997174889904,-0.0028291082518,-0.0014155550795
1185,0.997906112147,-0.00209608310116,-0.00104859093804
1186,0.997575710691,-0.00242723265628,-0.00121435305844
1187,0.997280789299,-0.00272291447062,-0.00136238443895
1188,0.998610262589,-0.00139070399172,-0.000695593809104
1189,0.999863403567,-0.000136605763373,-6.83052143817e-05
1190,0.999359703481,-0.000640501596491,-0.000320302084007
1191,0.993958392443,-0.00605993191084,-0.00303456094198
1192,0.998370978232,-0.0016303500665,-0.000815507378719
1193,0.997623488537,-0.00237933984861,-0.00119037786228
1194,0.993942048449,-0.00607637538451,-0.00304280766207
1195,1.00015483574,0.000154823755376,7.74088814659e-05
1196,0.998406939217,-0.00159433105392,-0.000797483347844
1197,0.997025221575,-0.00297921187298,-0.00149071595051
1198,0.995554639401,-0.00445527059403,-0.00223011831994
1199,0.99698920513,-0.00301533643132,-0.00150880531877
1200,0.997150922407,-0.0028531439398,-0.00142759000773
1201,0.999528049804,-0.000472061599962,-0.000236058657442
1202,0.998332410043,-0.00166898193322,-0.00083483925107
1203,1.00041447189,0.000414386020753,0.000207171547387
1204,0.998427773473,-0.00157346377166,-0.000787041440532
1205,0.99625451063,-0.00375252127907,-0.0018780219179
1206,1.00049494792,0.000494825477133,0.000247382134559
1207,0.998682474457,-0.00131839424244,-0.000659414439391
1208,0.995569640676,-0.00444020244932,-0.00222256747416
1209,1.00079553957,0.000795223292604,0.000397532609267
1210,0.999857008346,-0.000143001877864,-7.1503495185e-05
1211,0.99782850256,-0.00217385855965,-0.00108752020153
1212,0.995903938838,-0.00410447299907,-0.00205434377816
1213,0.996139682583,-0.00386778767303,-0.00193576501523
1214,0.996327426758,-0.00367933369644,-0.00184136007344
1215,0.998872728088,-0.00112790776134,-0.000564112932559
1216,1.00018373649,0.000183719609089,9.1855585562e-05
1217,1.00128806492,0.00128723607886,0.000643410961767
1218,0.995830115585,-0.00417860262715,-0.00209148542439
1219,0.996046616914,-0.00396121836258,-0.00198257188322
1220,0.995646633157,-0.0043628703356,-0.00218381622856
1221,0.996010157626,-0.00399782303009,-0.00200091067049
1222,0.996797043557,-0.00320809688692,-0.0016053356173
1223,0.997947086929,-0.0020550231858,-0.00102803966379
1224,0.996925378159,-0.00307935820124,-0.00154086501505
1225,0.998695126323,-0.00130572576608,-0.0006530760444
1226,0.997991007064,-0.00201101366885,-0.0010060125259
1227,0.999430358371,-0.000569803936487,-0.000284942556664
1228,0.998825441585,-0.00117524874962,-0.000587797059838
1229,0.99744489711,-0.00255837273691,-0.00128000487631
1230,0.995133965945,-0.00487791174601,-0.00244193254538
1231,0.99835113796,-0.00165022290888,-0.000825451952542
1232,0.998328029291,-0.00167337001187,-0.000837035124472
1233,0.9990074461,-0.000993046808133,-0.000496646692216
1234,0.997572867283,-0.0024300829784,-0.00121577995117
1235,0.998620794563,-0.00138015741642,-0.000690316867302
1236,0.99629048386,-0.00371641345749,-0.00185993426474
1237,0.998079187784,-0.00192265934196,-0.000961791896453
1238,0.994610099278,-0.00540447864303,-0.00270589366108
1239,0.999014361206,-0.000986124855786,-0.000493184003152
1240,0.997616095551,-0.00238675047326,-0.0011940875922
1241,0.998636696829,-0.00136423331444,-0.000682349351693
1242,1.00058277306,0.000582603316509,0.000291259234046
1243,0.997519248611,-0.00248383355078,-0.00124268827337
1244,1.00062108324,0.000620890447377,0.000310397040556
1245,0.999899952697,-0.000100052307827,-5.00274052424e-05
1246,0.996754632854,-0.00325064477136,-0.001626643938
1247,1.00149143067,0.00149031958912,0.00074488223195
1248,0.997113493568,-0.0028906804258,-0.00144638522047
1249,0.999808544107,-0.000191474223338,-9.57416946124e-05
1250,0.998769420069,-0.00123133771612,-0.000615858421031
1251,1.00117809624,0.00117740282825,0.000588528163445
1252,0.998144316788,-0.00185740712518,-0.000929134941275
1253,0.999208826725,-0.000791486418171,-0.00039582152576
1254,0.999846725321,-0.000153286426715,-7.66461505235e-05
1255,0.996497980296,-0.0035081661294,-0.00175562236829
1256,0.995526810022,-0.00448322462844,-0.00224412660544
1257,1.00021701133,0.000216987787973,0.000108488008737
1258,0.996450988339,-0.00355532434354,-0.00177924314984
1259,0.999424793702,-0.000575371792597,-0.000287727281854
1260,0.997407290661,-0.00259607623068,-0.00129888093144
1261,1.00168091535,0.00167950419709,0.000839399605426
1262,0.999871156903,-0.00012885139844,-6.44277746e-05
1263,0.997319835826,-0.00268376224389,-0.00134278184726
1264,0.996420343203,-0.003586079099,-0.00179464800611
1265,0.994742486987,-0.00527138236817,-0.00263916767174
1266,0.997590148138,-0.0024127602281,-0.00120710808324
1267,0.998836284153,-0.00116439348957,-0.000582366254206
1268,0.997685134997,-0.00231754844533,-0.00115944586092
1269,0.99556712252,-0.00444273181408,-0.00222383496818
1270,1.00113671983,0.00113607425265,0.000567875823782
1271,0.998733555354,-0.00126724726474,-0.000633824414228
1272,0.998783389593,-0.00121735107817,-0.000608860819631
1273,0.99570065099,-0.00430861778666,-0.002156631084
1274,0.997481389041,-0.00252178799565,-0.00126168925887
1275,0.996696753769,-0.00330871399295,-0.00165572619996
1276,0.995561362181,-0.00444851781901,-0.0022267344084
1277,1.0021896684,0.00218727456824,0.00109303948081
1278,0.997399239259,-0.00260414859414,-0.00130292236385
1279,0.994159674032,-0.0058574473671,-0.00293301658464
1280,0.996574776782,-0.00343110272506,-0.00171702376264
1281,0.998571174534,-0.00142984721049,-0.000715179224039
1282,0.999004927872,-0.00099556754133,-0.000497907685566
1283,0.998126289637,-0.00187546795371,-0.000938173786827
1284,0.99831420435,-0.00168721820229,-0.000843965039388
1285,0.996034333211,-0.00397355089613,-0.00198875039411
1286,0.99759048408,-0.00241242347506,-0.00120693950349
1287,0.999561440417,-0.000438655778453,-0.000219351943346
1288,0.999006247261,-0.000994246838136,-0.000497247005393
1289,0.997072105214,-0.00293218945475,-0.00146716996965
1290,0.996719406085,-0.00328598686078,-0.00164434388359
1291,1.00008229892,8.22955348089e-05,4.11469208466e-05
1292,0.99791189246,-0.00209029067596,-0.00104569169269
1293,0.997459693431,-0.00254353862272,-0.00127257835288
1294,0.999145014755,-0.000855350953784,-0.000427766943088
1295,0.994442148999,-0.00557335332131,-0.00279056305326
1296,0.998520169672,-0.0014809263585,-0.000740737389786
1297,0.996303732673,-0.00370311540272,-0.00185327289275
1298,0.997186006938,-0.0028179597835,-0.00140997297027
1299,0.996047093665,-0.00396073971941,-0.00198233208719
1300,0.99677851798,-0.00322668216446,-0.00161464321712
1301,0.999298845752,-0.000701400171898,-0.000350761588413
1302,0.99558035708,-0.00442943841376,-0.00221717350899
1303,0.998410294743,-0.00159097017882,-0.000795801571587
1304,0.994756009976,-0.0052577879986,-0.00263235257121
1305,0.998239407053,-0.00176214461275,-0.000881460564598
1306,0.998434535324,-0.00156669129647,-0.000783652543567
1307,0.996697709077,-0.00330775551929,-0.00165524616976
1308,0.996312325371,-0.00369449086392,-0.00184895264085
1309,0.998850373688,-0.00115028763915,-0.000575309246493
1310,0.998291214656,-0.00171024698331,-0.000855489213988
1311,0.998884422486,-0.0011162002333,-0.000558255883494
1312,0.994674647341,-0.00533958289287,-0.00267335851335
1313,0.998493898729,-0.00150723658194,-0.00075390233258
1314,0.996047964719,-0.00395986520866,-0.00198189396513
1315,0.996802332302,-0.00320279116205,-0.00160267849966
1316,0.997596676674,-0.00240621594305,-0.00120383199625
1317,1.00063072226,0.000630523440601,0.000315212030546
1318,1.00030308728,0.000303041356066,0.000151509199355
1319,1.00003020992,3.02094589464e-05,1.51046153973e-05
1320,0.996023508243,-0.00398441902248,-0.00199419527908
1321,0.997718800027,-0.00228380587305,-0.00114255515592
1322,0.998735699226,-0.00126510067609,-0.000632750440199
1323,1.00012459219,0.000124584428349,6.22902740546e-05
1324,0.99974323614,-0.000256796829961,-0.00012840665841
1325,0.99863702571,-0.00136390398445,-0.000682184574353
1326,0.997304406996,-0.00269923265677,-0.00135052747035
1327,1.0004893944,0.000489274685165,0.000244607421308
1328,1.00019017003,0.000190151952961,9.50714569031e-05
1329,0.99786152365,-0.00214076615513,-0.00107095614198
1330,0.999690105306,-0.000309942721581,-0.000154983369472
1331,0.992680374039,-0.00734654586608,-0.00368002766819
1332,1.00078382927,0.00078352223793,0.000391684390598
1333,0.995377778443,-0.0046329370558,-0.00231915361403
1334,0.998149192207,-0.00185252265392,-0.000926690439464
1335,0.995537216485,-0.00447277146035,-0.00223888830597
1336,0.998041334773,-0.00196058592045,-0.000980773604411
1337,0.998339303366,-0.00166207711906,-0.00083138396775
1338,0.997501726359,-0.00250139953365,-0.00125148221795
1339,0.997929025409,-0.00207312202471,-0.00103709842739
1340,0.99747003583,-0.00253316993749,-0.00126738742624
1341,0.996058624364,-0.00394916332645,-0.00197653243337
1342,0.998178558012,-0.00182310283059,-0.000911967004554
1343,0.998869335172,-0.00113130451148,-0.000565812267145
1344,0.998869788659,-0.00113085051107,-0.000565585138528
1345,0.999496630012,-0.000503496721557,-0.000251780052057
1346,0.998756775708,-0.00124399773616,-0.000622192349489
1347,0.999106978147,-0.000893420834818,-0.000446810207366
1348,0.997334122244,-0.00266943753582,-0.00133560990143
1349,0.996885925749,-0.00311893306967,-0.00156068313511
1350,0.998894798985,-0.0011058121997,-0.000553058980604
1351,0.999780774741,-0.000219249292145,-0.000109630655074
1352,0.99490083184,-0.00511221328308,-0.00255937626736
1353,0.994120957045,-0.0058963925608,-0.00295254648509
1354,1.00024943721,0.000249406105118,0.000124695277456
1355,0.999079707506,-0.00092071622337,-0.000460464092743
1356,0.99670743098,-0.00329800145327,-0.00165036107597
1357,0.998724330208,-0.00127648415146,-0.000638445795541
1358,0.99861577911,-0.00138517980863,-0.000692829800082
1359,0.998469849329,-0.00153132254706,-0.000765954466946
1360,0.994599326281,-0.00541531007857,-0.00271132404792
1361,0.996417053149,-0.00358938097887,-0.00179630191027
1362,0.997312711985,-0.00269090525543,-0.00134635815517
1363,0.996984450541,-0.00302010538949,-0.00151119339842
1364,1.00051735417,0.000517220383792,0.000258576755162
1365,0.997921871546,-0.0020802907593,-0.00104068651846
1366,0.994203302348,-0.00581356371373,-0.00291101064364
1367,0.997125523893,-0.00287861534702,-0.00144034397392
1368,0.997206451138,-0.00279745810207,-0.00139970772876
1369,0.998591597147,-0.00140939558419,-0.000704946149917
1370,0.996976740786,-0.00302783849355,-0.00151506580104
1371,1.00002152874,2.15285053023e-05,1.07641947168e-05
1372,0.998332757757,-0.00166863363762,-0.000834664957902
1373,0.999607899488,-0.00039217740305,-0.000196107928171
1374,1.00091158917,0.000911173927794,0.000455483199914
1375,0.998465017887,-0.00153616140548,-0.000768375752261
1376,0.998513554824,-0.00148755103168,-0.000744052185438
1377,0.997937265197,-0.00206486517027,-0.00103296572712
1378,0.997352704639,-0.00265080564376,-0.00132628155638
1379,0.997571568502,-0.00243138492029,-0.00121643171376
1380,0.993662274737,-0.0063578939048,-0.00318400516277
1381,0.999730565609,-0.000269470694868,-0.000134744424649
1382,1.00055753536,0.000557379995509,0.000278651167304
1383,0.996364993962,-0.00364162872633,-0.0018224730522
1384,1.00002856174,2.85613306447e-05,1.42805633542e-05
1385,0.994604218559,-0.00541039124722,-0.002708857967
1386,0.997606065901,-0.00239680414021,-0.0011991204408
1387,0.998082936785,-0.00191890313279,-0.000959911987287
1388,0.999384474209,-0.000615715304369,-0.000307905045215
1389,0.997026165302,-0.00297826533045,-0.00149024197384
1390,0.998347305936,-0.00165406126965,-0.00082737271896
1391,0.994716695549,-0.00529731045743,-0.00265216601491
1392,0.997265717409,-0.00273802756946,-0.00136995131188
1393,0.99972697523,-0.000273062048437,-0.000136540345003
1394,0.995873426453,-0.00413511134799,-0.00206969454105
1395,0.99765313542,-0.0023496227834,-0.00117550175292
1396,0.995968394829,-0.00403975400081,-0.00202191832613
1397,0.999900236836,-9.97681406094e-05,-4.98853145356e-05
1398,0.995524861727,-0.00448518167956,-0.00224510732742
1399,1.00094868456,0.000948234839031,0.000474005043612
1400,0.994807655003,-0.00520587206524,-0.0026063266118
1401,1.00043245866,0.000432365178712,0.000216159223584
1402,0.997135744399,-0.00286836543097,-0.00143521164735
1403,0.999266847617,-0.000733421270219,-0.000366777881674
1404,0.998594085046,-0.00140690417976,-0.000703699570326
1405,0.998060350257,-0.00194153329925,-0.00097123799608
1406,0.999695693966,-0.000304352344163,-0.000152187751463
1407,0.998963148616,-0.00103738928592,-0.00051882918829
1408,1.00244664341,0.00244365525016,0.00122108149762
1409,0.999661864496,-0.000338192684414,-0.0001691106398
1410,0.994691052845,-0.00532308969162,-0.00266508990071
1411,0.998294023863,-0.00170743297188,-0.000854081005585
1412,0.994941133722,-0.00507170566178,-0.00253907082522
1413,0.997989809971,-0.00201221317254,-0.00100661288129
1414,0.996888766604,-0.00311608334495,-0.00155925605
1415,0.993507530345,-0.00651363740664,-0.00326212789948
1416,1.00096440231,0.00096393757427,0.000481852658837
1417,0.999709077766,-0.000290964560405,-0.000145492863262
1418,0.998097372759,-0.00190443953511,-0.000952673272731
1419,0.99665660609,-0.00334899554099,-0.00167590052474
1420,0.998743351438,-0.00125743880667,-0.000628917088805
1421,0.995947488565,-0.00406074511194,-0.00203243515804
1422,0.995812125726,-0.00419666797924,-0.00210053703303
1423,0.99872269341,-0.0012781230414,-0.000639265764017
1424,1.00180952851,0.00180789328226,0.000903538204444
1425,0.996375300402,-0.00363128473871,-0.00181729164598
1426,0.998222943633,-0.00177863720502,-0.000889714163552
1427,0.99720383029,-0.00280008629474,-0.00140102366531
1428,1.00022097121,0.000220946801776,0.000110467298926
1429,0.99834763177,-0.00165373489639,-0.000827209397327
1430,0.997301110051,-0.00270253851859,-0.00135218263496
1431,0.997734018623,-0.00226855259797,-0.00113491983364
1432,0.995123600415,-0.00488832801553,-0.00244715341165
1433,0.995418054863,-0.00459247442274,-0.00229887558309
1434,0.994790146618,-0.00522347198961,-0.00261514954838
1435,0.995824368278,-0.0041843740169,-0.00209437715883
1436,0.997524692561,-0.00247837607696,-0.00123995614922
1437,0.996734237655,-0.00327110658586,-0.00163689153971
1438,0.998538921531,-0.00146214688482,-0.000731340741731
1439,0.999673814216,-0.000326238994501,-0.000163132801959
1440,1.00078831986,0.000788009302638,0.000393927041679
1441,0.998824202474,-0.00117648931786,-0.000588417708751
1442,0.997456074366,-0.00254716691106,-0.00127439480735
1443,0.997404380806,-0.00259899365388,-0.0013003415388
1444,0.998225877604,-0.0017756980145,-0.000888243261853
1445,0.997554459662,-0.00244853555596,-0.0012250174997
1446,0.999448942379,-0.000551209509007,-0.000275642736983
1447,0.999797037145,-0.000202983454902,-0.000101496877911
1448,0.999190512698,-0.000809815113282,-0.000404989542771
1449,0.996693250426,-0.00331222895258,-0.00165748659122
1450,0.99747954471,-0.00252363698514,-0.00126261492047
1451,1.0024093913,0.0024064933679,0.00120252307292
1452,0.998032704482,-0.00196923318521,-0.000985101486652
1453,0.997703778279,-0.00229886208116,-0.00115009188962
1454,1.00070143183,0.000701185941661,0.000350531520296
1455,0.999473621399,-0.000526517186382,-0.000263293248775
1456,0.997823074799,-0.00217929814666,-0.00109024295657
1457,0.999606320488,-0.00039375702389,-0.000196897893791
1458,0.997149940779,-0.00285412837305,-0.00142808292717
1459,1.00162026897,0.00161895775041,0.000809151335564
1460,0.996464370123,-0.003541894988,-0.00177251654761
1461,0.998645588879,-0.00135532916463,-0.000677894248833
1462,0.998711922269,-0.00128890801632,-0.000644661713262
1463,0.996910980811,-0.00309380005717,-0.0015480970956
1464,0.998283848939,-0.00171762533481,-0.000859181552597
1465,0.998121511114,-0.00188025545864,-0.000940569787913
1466,0.998871009198,-0.00112962859234,-0.000564973833798
1467,0.997271704663,-0.00273202391791,-0.00136694537826
1468,0.999199409467,-0.000800911176767,-0.000400535781427
1469,0.998141225839,-0.00186050382557,-0.000930684731297
1470,0.999504216099,-0.000495906842184,-0.000247984164082
1471,0.996532497821,-0.00347352789834,-0.00173827299717
1472,0.997732279575,-0.00227029559726,-0.00113579232274
1473,0.997064025425,-0.00294029300273,-0.00147122769651
1474,0.998606803963,-0.00139416743653,-0.000697326737586
1475,0.998100474194,-0.00190133219291,-0.000951118122699
1476,0.997911194748,-0.00209098984797,-0.00104604164432
1477,0.997707179822,-0.002295452715,-0.00114838524745
1478,0.995691144507,-0.00431816536365,-0.00216141517922
1479,0.9998693504,-0.000130658135021,-6.53312015004e-05
1480,1.00026416016,0.000264125273932,0.00013205391708
1481,0.996650540027,-0.00335508197131,-0.00167894884467
1482,0.995125782505,-0.00488613523523,-0.00244605433907
1483,0.998436349466,-0.00156487431181,-0.000782743339706
1484,0.99774270131,-0.00225985022918,-0.00113056372048
1485,0.995717968283,-0.00429122587109,-0.00214791641014
1486,0.999132333321,-0.000868043319846,-0.000434115860952
1487,0.99727530815,-0.00272841057895,-0.0013651362408
1488,0.997044631643,-0.00295974408112,-0.00148096759155
1489,0.998465183065,-0.0015359959729,-0.000768292972417
1490,0.997188843419,-0.00281511530243,-0.00140854872543
1491,0.993789266639,-0.0062301001954,-0.00311990690802
1492,0.998877562924,-0.00112306747998,-0.000561691429573
1493,0.996062134475,-0.00394563933255,-0.00197476695533
1494,0.998105046324,-0.00189675137199,-0.000948825536415
1495,0.998665280191,-0.00133561134104,-0.000668028702371
1496,0.998279426619,-0.00172205526736,-0.000861398424386
1497,1.00059694565,0.000596767552008,0.000298339263993
1498,1.00064535818,0.000645150021478,0.000322522989014
1499,0.995725499204,-0.00428366259194,-0.00214412665508
1500,0.997222331335,-0.00278153354514,-0.00139173433718
1501,0.999374305558,-0.000625890270445,-0.00031299410766
1502,0.998267811783,-0.00173369018936,-0.000867220913473
1503,0.999455248733,-0.000544899698178,-0.00027248696692
1504,0.999364220927,-0.000635981265774,-0.000318041197268
1505,0.996457410301,-0.00354887952946,-0.00177601501456
1506,0.997552086913,-0.00245091412513,-0.00122620824188
1507,0.997261929442,-0.00274182592933,-0.0013718530954
1508,0.997398600606,-0.00260478891316,-0.00130324294055
1509,0.997801660152,-0.00220075974412,-0.00110098551211
1510,0.996677689208,-0.0033278419208,-0.001665306045
1511,0.998929543297,-0.00107103005113,-0.000535658439338
1512,0.996150087473,-0.00385734251588,-0.00193053234063
1513,1.00176144957,0.00175990003475,0.000879562974892
1514,0.999233442432,-0.000766851523372,-0.000383499278739
1515,0.998072477419,-0.00192938264337,-0.00096515678602
1516,0.996587255416,-0.00341858127974,-0.0017107523098
1517,0.997220618187,-0.00278325146644,-0.00139259449364
1518,0.998904662804,-0.00109593751576,-0.000548118920185
1519,0.997629088796,-0.0023737262647,-0.00118756773313
1520,1.00001998371,1.99835141859e-05,9.99170717553e-06
1521,0.996052696129,-0.0039551150374,-0.00197951417516
1522,0.995358971831,-0.00465183117792,-0.002328622629
1523,0.995358484584,-0.00465232069708,-0.00232886795856
1524,0.996800268701,-0.00320486138573,-0.00160371527098
1525,0.994264307466,-0.005752204788,-0.00288024234451
1526,0.999558973396,-0.00044112388469,-0.000220586267919
1527,0.998836679303,-0.00116399787953,-0.00058216833401
1528,0.998010823589,-0.00199115744948,-0.000996074477743
1529,1.00099823032,0.000997732417217,0.000498741795551
1530,0.998863445294,-0.0011372010746,-0.000568762221228
1531,0.996220433951,-0.00378672665753,-0.00189515687288
1532,0.997920352664,-0.00208181280548,-0.00104144833383
1533,0.995588103802,-0.00442165733261,-0.00221327435
1534,1.00036127505,0.000361209801091,0.000180588592462
1535,0.997316000489,-0.00268760789609,-0.00134470725715
1536,0.997748995986,-0.00225354133202,-0.00112740571057
1537,0.995348517496,-0.00466233431329,-0.00233388643942
1538,0.995898165338,-0.00411027026169,-0.00205724836846
1539,0.998607172846,-0.00139379803978,-0.00069714191043
1540,0.998010157634,-0.00199182473229,-0.00099640845154
1541,0.999446360284,-0.000553793031072,-0.000276934854915
1542,0.997672614512,-0.00233009805906,-0.00116572796279
1543,0.996953417495,-0.00305123278513,-0.00152678073729
1544,0.99893974844,-0.0010608140244,-0.000530547702872
1545,0.99696900352,-0.00303559925256,-0.00151895206712
1546,0.998396377779,-0.00160490939969,-0.000802776752756
1547,0.995379117622,-0.00463159165854,-0.00231847935553
1548,1.00199745739,0.00199546512616,0.000997234993442
1549,0.998616287969,-0.00138467024463,-0.000692574841593
1550,0.995483319824,-0.00452691119407,-0.00226601914645
1551,0.996793913969,-0.00321123653637,-0.00160690796335
1552,0.996818781432,-0.00318628940061,-0.00159441442952
1553,0.994695958863,-0.00531815750128,-0.00266261723622
1554,0.995794134653,-0.00421473487691,-0.00210958949784
1555,0.993982863539,-0.00603531237428,-0.00302221389495
1556,0.99827539757,-0.00172609126924,-0.000863418165669
1557,0.998888618536,-0.00111199950622,-0.000556154349622
1558,0.999789992028,-0.000210030026595,-0.000105020527567
1559,0.998047622037,-0.00195428633765,-0.000977620728748
1560,0.999100909619,-0.000899494804994,-0.000449848554024
1561,0.99797661725,-0.00202543255426,-0.00101322924741
1562,0.998212268527,-0.00178933137212,-0.000895066018783
1563,0.99848545954,-0.00151568853532,-0.000758131504181
1564,0.995941256859,-0.00406700219379,-0.00203557006243
1565,0.998369638244,-0.00163169224219,-0.000816179014066
1566,0.99895579487,-0.00104475069209,-0.000522511807807
1567,0.99771259221,-0.00229002790331,-0.0011456697304
1568,1.00036329148,0.000363225503127,0.000181596260966
1569,0.997889414351,-0.00211281607331,-0.00105696623217
1570,0.997671664826,-0.002331049961,-0.0011662044687
1571,0.995648546498,-0.00436094863128,-0.00218285327854
1572,0.998004390228,-0.00199760365385,-0.000999300795577
1573,0.999233679851,-0.00076661392229,-0.000383380432646
1574,0.997309115643,-0.00269451129466,-0.00134816360392
1575,0.996168013042,-0.00383934783075,-0.00192151766896
1576,0.996415216281,-0.00359122445351,-0.00179722530373
1577,0.998923314382,-0.00107726565997,-0.000538777918696
1578,1.00099676136,0.000996264923653,0.00049800841445
1579,0.99941136894,-0.000588804370892,-0.000294445526023
1580,0.995085426077,-0.0049266901552,-0.00246638160491
1581,0.997297631733,-0.00270602625609,-0.00135392886326
1582,0.997842745131,-0.00215958509563,-0.00108037573368
1583,0.999091492436,-0.000908920507032,-0.000454563536223
1584,1.0018213965,0.00181973977319,0.000909456080501
1585,0.99712583175,-0.0028783066032,-0.00144018937968
1586,0.99754332878,-0.00245969378792,-0.00123060346577
1587,0.997978336814,-0.00202370950518,-0.00101236685032
1588,0.999510302025,-0.000489817916101,-0.000244938950698
1589,0.998899163491,-0.00110144287501,-0.000550873112399
1590,0.995778050408,-0.00423088718579,-0.00211768272233
1591,0.997620876631,-0.00238195798031,-0.00119168848727
1592,0.998474809355,-0.00152635493225,-0.000763468760144
1593,0.99975462538,-0.000245404729066,-0.000122709892776
1594,0.995890523379,-0.0041179437247,-0.00206109300045
1595,0.997963280068,-0.00203879686677,-0.00101991819657
1596,0.998866953667,-0.001133688715,-0.000567005044121
1597,0.99738992905,-0.00261348312429,-0.00130759572091
1598,0.998267983254,-0.00173351842101,-0.000867134954821
1599,0.996651142708,-0.00335447726533,-0.00167864598409
1600,0.997685354058,-0.00231732887587,-0.0011593359489
1601,0.997759502831,-0.00224301083782,-0.00112213454128
1602,0.996100781832,-0.0039068399382,-0.00195532913682
1603,1.0026369916,0.00263352084231,0.00131589387254
1604,0.997603949812,-0.00239892531018,-0.00120018229812
1605,0.999228985859,-0.00077131152513,-0.000385730137309
1606,1.0009790378,0.000978558851016,0.000489159747849
1607,0.996993566005,-0.00301096239587,-0.00150661500366
1608,0.99601701995,-0.00399093324056,-0.00199745888875
1609,0.999408855976,-0.00059131881837,-0.000295703120736
1610,0.997142886374,-0.00286120296565,-0.00143162528129
1611,0.998392899292,-0.00160839347924,-0.000804520192519
1612,0.998882218745,-0.00111840643842,-0.000559359602481
1613,0.996311993902,-0.00369482355925,-0.0018491192961
1614,0.999409523256,-0.000590651144178,-0.000295369184979
1615,0.997874349761,-0.00212791264044,-0.00106452252253
1616,0.998631426929,-0.0013695104227,-0.00068498970972
1617,0.999140400184,-0.000859969483446,-0.000430077198413
1618,0.997379702669,-0.00262373631875,-0.00131272903482
1619,0.99761340059,-0.00238945187736,-0.00119543990802
1620,1.00096280501,0.00096234181056,0.000481055161125
1621,0.994332078496,-0.00568404512456,-0.002846064937
1622,0.998216823559,-0.0017847681928,-0.000892782389556
1623,0.997066430769,-0.00293788057878,-0.00147001971065
1624,1.00340825182,0.00340245689208,0.00169978217719
1625,0.998307889439,-0.00169354379749,-0.000847130511283
1626,0.99753993891,-0.00246309201193,-0.00123230467016
1627,0.998388324691,-0.00161297545502,-0.000806813026182
1628,1.00062408724,0.000623892578006,0.000311897638818
1629,0.997485150124,-0.00251801742305,-0.00125980159571
1630,0.997808404498,-0.00219400056182,-0.0010976022058
1631,1.00085186148,0.000851498847975,0.000425658805562
1632,0.998490343303,-0.00151079737717,-0.000755684074029
1633,0.997373970716,-0.00262948334753,-0.00131560632549
1634,0.998889582519,-0.00111103445108,-0.000555671553811
1635,0.996894882142,-0.00310994873961,-0.00155618396933
1636,0.996926844551,-0.00307788728856,-0.00154012842574
1637,0.998242738623,-0.00175880717219,-0.000879790374803
1638,0.999151557814,-0.000848802316551,-0.000424491229189
1639,0.998176142623,-0.00182552263017,-0.000913178008465
1640,0.998462398849,-0.00153878447328,-0.000769688294773
1641,0.99632282241,-0.00368395502746,-0.00184367499639
1642,0.997255344296,-0.00274842917765,-0.00137515925437
1643,0.996730517778,-0.00327483865745,-0.00163876063175
1644,1.00014236995,0.000142359812495,7.11773730182e-05
1645,0.996336093607,-0.00367063493825,-0.00183700269505
1646,0.998770741656,-0.00123001450187,-0.000615196406668
1647,0.996900711745,-0.00310410099592,-0.00155325555169
1648,0.993042838252,-0.00698147563415,-0.00349683753777
1649,0.996325933285,-0.00368083267564,-0.0018421109434
1650,0.999533127584,-0.000466981435112,-0.000233517978635
1651,0.995192293423,-0.00481930077371,-0.00241255592766
1652,1.00031071489,0.00031066662608,0.000155321249445
1653,0.999245473988,-0.000754810810094,-0.000377476631427
1654,0.999086402053,-0.00091401553146,-0.000457112209689
1655,0.997531745029,-0.00247130613436,-0.00123641680097
1656,0.999549712704,-0.000450388706015,-0.000225219711159
1657,0.997468310008,-0.00253490013802,-0.0012682536233
1658,0.998839691633,-0.00116098204628,-0.000580659540658
1659,0.996400158732,-0.00360633628908,-0.0018047948298
1660,0.997006461608,-0.00299802799053,-0.00150013807835
1661,1.00236420196,0.00236141163046,0.00118000905637
1662,0.998420832178,-0.00158041602157,-0.000790520307391
1663,0.998439343693,-0.00156187539912,-0.0007812427108
1664,0.995194747957,-0.00481683438514,-0.00241131975899
1665,0.99641791879,-0.00358851222481,-0.00179586675306
1666,0.997270394943,-0.00273333722206,-0.00136760292816
1667,1.00001498209,1.49819732652e-05,7.49095857533e-06
1668,0.99887518747,-0.0011254456066,-0.000562881161482
1669,0.997066617535,-0.00293769326308,-0.00146992591512
1670,0.995429855393,-0.00458061964464,-0.00229293458532
1671,0.996990556569,-0.00301398091132,-0.00150812653639
1672,0.999900764407,-9.92405175475e-05,-4.96214898791e-05
1673,0.998652577321,-0.00134833126894,-0.000674392935196
1674,0.993139761946,-0.00688387766518,-0.00344786910598
1675,0.998394308889,-0.00160698161412,-0.000803813692272
1676,0.995191172722,-0.00482042688991,-0.00241312034433
1677,0.996191193464,-0.0038160785104,-0.00190986072039
1678,0.997699439966,-0.00230321038758,-0.00115226854567
1679,0.998764076853,-0.00123668752951,-0.000618534978669
1680,0.996596417564,-0.00340938779928,-0.00170614771627
1681,0.999259883611,-0.000740390409849,-0.000370263735626
1682,0.997885032458,-0.00211720724458,-0.00105916414088
1683,0.997805792725,-0.00219661807509,-0.00109891239979
1684,0.998698404288,-0.00130244352387,-0.000651433852864
1685,0.997793260156,-0.00220917828248,-0.00110519942451
1686,0.996114050293,-0.00389351962631,-0.0019486559803
1687,0.996905755456,-0.00309904161625,-0.0015507219358
1688,0.998681807511,-0.00131906206889,-0.00065974857286
1689,0.998639490695,-0.00136143563833,-0.000680949560118
1690,1.00212698209,0.00212472326692,0.00106179752712
1691,0.996757633918,-0.00324763394084,-0.00162513607509
1692,0.99637407999,-0.0036325095918,-0.00181790518567
1693,1.00181896652,0.00181731420565,0.000908244398973
1694,0.997428899477,-0.00257441147824,-0.001288034544
1695,0.99788837166,-0.00211386097117,-0.00105748923344
1696,0.99601687399,-0.00399107978422,-0.00199753230693
1697,0.99540900845,-0.0046015625185,-0.00230343008752
1698,0.998882971366,-0.00111765297568,-0.000558982660451
1699,0.992889171111,-0.00713623132595,-0.00357448896564
1700,0.999745084001,-0.000254948495553,-0.000127482372964
1701,0.998537807818,-0.00146326222868,-0.000731898821669
1702,0.997330155948,-0.00267341444239,-0.00133760101249
1703,0.99843944278,-0.0015617761579,-0.000781193051423
1704,0.997985093551,-0.00201693910351,-0.00100897822815
1705,0.996660017993,-0.00334557219801,-0.00167418598613
1706,0.998880398137,-0.00112022908541,-0.000560271436144
1707,0.997613312345,-0.00238954033419,-0.00119548418931
1708,0.997469312507,-0.00253389509571,-0.00126775046495
1709,1.00165709542,0.0016557239538,0.000827519393716
1710,0.99680459877,-0.00320051742626,-0.00160153981038
1711,0.999066335919,-0.000934100217187,-0.000467159193478
1712,1.000470667,0.000470556276018,0.000235250462278
1713,1.00014633217,0.000146321467737,7.31580576874e-05
1714,0.997638519448,-0.00236427324469,-0.00118283562125
1715,0.9979993326,-0.00200267140817,-0.00100183720806
1716,0.997394902051,-0.00260849712137,-0.00130509946273
1717,1.00006048607,6.04842436179e-05,3.02416645206e-05
1718,0.997858722037,-0.00214357377706,-0.00107236145735
1719,0.999164765919,-0.000835583082933,-0.000417878828508
1720,0.999238703809,-0.000761586124437,-0.0003808655731
1721,0.999143071127,-0.000857296246174,-0.000428740005822
1722,0.997744749281,-0.00225779762661,-0.00112953625942
1723,1.00049043974,0.000490319511443,0.000245129706524
1724,0.99535716791,-0.00465364351193,-0.00232953090653
1725,0.994144149278,-0.00587306344517,-0.00294084755536
1726,0.995590330726,-0.00441942054284,-0.00221215348042
1727,0.998607812576,-0.00139315741724,-0.000696821375912
1728,1.0002049733,0.000204952291195,0.000102470895097
1729,0.994447287866,-0.00556818574666,-0.00278797205906
1730,0.998612660819,-0.00138830242674,-0.000694392192077
1731,0.999063390474,-0.000937048418325,-0.000468633983773
1732,0.995265863,-0.00474537851948,-0.00237550631446
1733,0.996582879781,-0.00342297190834,-0.00171295138216
1734,0.997499163164,-0.00250396915225,-0.00125276863599
1735,0.99932003959,-0.000680191687981,-0.000340153683139
1736,0.996322641862,-0.00368413624204,-0.00184376577073
1737,0.997200390412,-0.00280353582447,-0.0014027508481
1738,0.998311300843,-0.00169012661692,-0.000845420475062
1739,0.997305958662,-0.00269767679863,-0.00134974849097
1740,0.9951711481,-0.00484054847468,-0.00242320546534
1741,0.997501188275,-0.00250193896537,-0.00125175227139
1742,0.997399871717,-0.00260351448766,-0.00130260489756
1743,0.997599499065,-0.00240338675703,-0.00120241570131
1744,0.999492814502,-0.000507314160524,-0.00025368925394
1745,0.997637682882,-0.00236511179157,-0.00118325539071
1746,0.997059645882,-0.00294468545132,-0.00147342715436
1747,0.997914179893,-0.00208799845918,-0.00104454438648
1748,0.99860223241,-0.00139874537873,-0.000699617307466
1749,0.994687480227,-0.00532668138459,-0.0026668905349
1750,0.997458799084,-0.00254443524726,-0.00127302723577
1751,0.995369207898,-0.00464154743682,-0.00232346879822
1752,1.00096904551,0.000968576292398,0.000484170897623
1753,0.998260136553,-0.00174137876696,-0.000871068543517
1754,0.997806615682,-0.00219579330825,-0.00109849956328
1755,1.00021773845,0.000217714743683,0.000108851447093
1756,0.998011204134,-0.0019907761462,-0.00099588363622
1757,0.996711662687,-0.00329375577565,-0.00164823473596
1758,0.997350106348,-0.00265341083476,-0.00132758588034
1759,0.996597798083,-0.00340800256585,-0.00170545391809
1760,0.998264478585,-0.00173702917696,-0.000868891856486
1761,0.993268510958,-0.00675424770515,-0.00338283276008
1762,0.997405414833,-0.00259795693648,-0.00129982250619
1763,0.995188909073,-0.00482270147933,-0.00241426038411
1764,0.99922392535,-0.000776375951384,-0.000388263330395
1765,0.996390464663,-0.00361606542813,-0.00180966819073
1766,0.999723984982,-0.000276053116868,-0.000138036084538
1767,0.996530271992,-0.0034757614741,-0.00173939172696
1768,1.00002383592,2.38356405585e-05,1.19177492622e-05
1769,0.999694693358,-0.000305353257093,-0.000152688284216
1770,0.998484361403,-0.00151678833906,-0.0007586818231
1771,0.99617815834,-0.00382916355868,-0.00191641576128
1772,0.996193648163,-0.00381361442921,-0.00190862632753
1773,0.996298303403,-0.00370856483051,-0.00185600266
1774,0.998725039481,-0.00127577397254,-0.000638090479439
1775,0.9985467122,-0.00145434484696,-0.000727436877444
1776,0.997597171917,-0.00240571950712,-0.0012035834795
1777,0.996181663365,-0.00382564509247,-0.00191465315831
1778,0.996371562363,-0.00363503638398,-0.00181917087929
1779,1.00192051232,0.00191867049791,0.00095887523401
1780,1.00128648309,0.00128565627755,0.000642621569032
1781,0.995747992863,-0.00426107262657,-0.00213280751845
1782,0.9994638846,-0.000536259161502,-0.0002681655307
1783,0.997651774372,-0.00235098703357,-0.00117618468008
1784,0.999759383751,-0.000240645201457,-0.000120329839783
1785,1.00025424632,0.000254214007167,0.000127098925831
1786,0.999959749267,-4.0251543445e-05,-2.01259742472e-05
1787,0.99529901042,-0.00471207398396,-0.00235881462811
1788,0.99433922944,-0.00567685344477,-0.0028424588696
1789,0.995178975109,-0.00483268351755,-0.00241926346533
1790,0.998332852402,-0.00166853883505,-0.000834617517052
1791,0.995772410244,-0.00423655127994,-0.0021205207708
1792,0.995534819693,-0.00447517899945,-0.00224009477135
1793,0.997424433077,-0.00257888940124,-0.00129027639187
1794,0.998917400427,-0.0010831860069,-0.000541739691421
1795,0.997477287706,-0.0025258996941,-0.00126374770406
1796,0.996935099601,-0.00306960682567,-0.00153598182639
1797,0.994429671245,-0.00558590089103,-0.00279685436525
1798,0.997704966679,-0.00229767094629,-0.0011494956374
1799,0.997376113807,-0.00262733461593,-0.00131453054682
1800,0.998485224823,-0.00151592360836,-0.000758249129819
1801,1.00004435607,4.43550814626e-05,2.21772948115e-05
1802,0.998406047084,-0.00159522461023,-0.000797930482399
1803,0.997804287046,-0.00219812706601,-0.00109966772466
1804,0.997862925385,-0.00213936141752,-0.00107025302122
1805,0.998093618882,-0.00190820057533,-0.000954555586131
1806,0.997886009035,-0.00211622859779,-0.00105867429933
1807,0.999815648979,-0.000184368015428,-9.21882567901e-05
1808,0.999661991855,-0.000338065283122,-0.000169046928383
1809,0.996820667823,-0.00318439699122,-0.00159346671663
1810,1.00089130695,0.000890909972881,0.000445355786098
1811,0.997214483932,-0.00278940283761,-0.00139567446715
1812,0.99779329096,-0.00220914741015,-0.00110518397128
1813,0.998778832394,-0.00122191383888,-0.000611143591631
1814,0.998788807691,-0.00121192639528,-0.000606146830428
1815,0.996619885799,-0.00338583969205,-0.00169435364381
1816,0.995277157994,-0.00473402986365,-0.00236981852328
1817,0.997778439672,-0.00222403165363,-0.00111263434566
1818,1.00007833748,7.83344167077e-05,3.91664413287e-05
1819,0.998029956446,-0.00197198664265,-0.00098647957254
1820,1.00041452286,0.000414436968181,0.000207197015823
1821,0.996789882615,-0.00321528086468,-0.00160893337899
1822,0.999710493087,-0.000289548828439,-0.000144784894541
1823,0.996402952073,-0.00360353286,-0.00180339058644
1824,0.996733989359,-0.00327135569473,-0.00163701629803
1825,0.996057109075,-0.0039506846131,-0.00197729458042
1826,0.995670155377,-0.00433924554601,-0.00217197810758
1827,0.996196043869,-0.00381120957252,-0.00190742160492
1828,0.996912078201,-0.00309269926679,-0.0015475458485
1829,0.99947522337,-0.000524914372974,-0.000262491631388
1830,0.999588754268,-0.000411330317174,-0.000205686309116
1831,0.995234302719,-0.00477708942463,-0.00239139955776
1832,0.997981051143,-0.00202098968201,-0.00101100556293
1833,0.996340214913,-0.00366649848479,-0.00183493067112
1834,0.998029417458,-0.00197252669406,-0.000986749864656
1835,1.00013106314,0.000131054556057,6.55251311634e-05
1836,0.996950948015,-0.00305370981404,-0.00152802114346
1837,0.998839267771,-0.00116140640052,-0.000580871841004
1838,0.995834542527,-0.00417415715835,-0.00208925804365
1839,0.996505358148,-0.00350076237594,-0.00175191399932
1840,0.995021255226,-0.00499118001551,-0.00249870658452
1841,0.997511510386,-0.00249159105046,-0.00124657185082
1842,1.00019875834,0.000198738593633,9.93643598514e-05
1843,0.997910845867,-0.00209133945975,-0.00104621663308
1844,0.997887674485,-0.00211455962097,-0.00105783892781
1845,0.998656652455,-0.0013442506454,-0.000672351249537
1846,1.00135024245,0.00134933169179,0.000674438310069
1847,0.995806746877,-0.0042020694634,-0.00210324345177
1848,0.998991940864,-0.0010085675697,-0.000504410957292
1849,0.998821125822,-0.0011795695964,-0.000589958755451
1850,0.996582734866,-0.00342311732097,-0.00171302421302
1851,0.997327215206,-0.00267636306095,-0.0013390772949
1852,0.995627511927,-0.00438207535562,-0.00219343975489
1853,0.998919500141,-0.00108108401975,-0.000540688129033
1854,0.995662949547,-0.00434648273858,-0.00217560456994
1855,0.998530475988,-0.00147060482149,-0.000735572811835
1856,0.999698107285,-0.000301938293746,-0.000150980543288
1857,0.996144804308,-0.00386264611395,-0.00193318926257
1858,0.998593576896,-0.00140741304542,-0.000703954182233
1859,0.999027849413,-0.000972623432016,-0.000486429984722
1860,0.996963037926,-0.00304158300153,-0.0015219484906
1861,1.00064320901,0.000643002237314,0.00032144944271
1862,0.998714379802,-0.00128644731671,-0.000643430571053
1863,0.998594693923,-0.00140629444533,-0.000703394488627
1864,0.995943161832,-0.00406508945965,-0.00203461174906
1865,1.00176494222,0.00176338653656,0.000881304690979
1866,0.995305856572,-0.00470519551921,-0.00235536728915
1867,0.9977857562,-0.00221669886225,-0.00110896387734
1868,0.998768966013,-0.00123179233175,-0.000616085868862
1869,1.00018189565,0.000181879104948,9.09354175983e-05
1870,0.999056210113,-0.000944235537453,-0.000472229233861
1871,0.998856121395,-0.00114453333344,-0.000572430442529
1872,0.999441675699,-0.000558480221711,-0.000279279102005
1873,1.00090032243,0.000899917383047,0.000449857475293
1874,0.996825829332,-0.00317921903371,-0.00159087361578
1875,0.996946680183,-0.00305799070789,-0.00153016486332
1876,0.999831062856,-0.000168951415966,-8.44792761558e-05
1877,0.996818671605,-0.00318639957862,-0.00159446960636
1878,0.994525366178,-0.00548967455034,-0.00274860779003
1879,0.998386283512,-0.0016150199305,-0.000807836089199
1880,0.998885046361,-0.00111557566257,-0.000557943423845
1881,0.998259519674,-0.00174199672212,-0.000871377790286
1882,0.999811070309,-0.000188947540527,-9.44782330508e-05
1883,0.997497518642,-0.00250561779777,-0.00125359399177
1884,0.999947596099,-5.24052745276e-05,-2.62029805558e-05
1885,0.997146536827,-0.00285754206027,-0.00142979220975
1886,1.00025750033,0.000257467177979,0.000128725303176
1887,0.998867054326,-0.00113358794256,-0.000566954629335
1888,0.99647731454,-0.0035289047265,-0.00176600992527
1889,0.994966102449,-0.00504661029393,-0.00252649136076
1890,0.999404943173,-0.000595233943303,-0.000297661263976
1891,0.996771148863,-0.00323407512509,-0.00161834567278
1892,0.998673568898,-0.00132731159026,-0.000663876063363
1893,1.001681913,0.00168050017295,0.000839897175225
1894,0.996830517694,-0.00317451575333,-0.0015885182372
1895,0.999174805739,-0.000825534921428,-0.000412852660924
1896,0.997956253598,-0.00204583770169,-0.00102344221077
1897,1.00097289785,0.000972424888876,0.000486094262322
1898,0.996137094491,-0.00387038579844,-0.00193706659346
1899,0.998795027057,-0.00120569950706,-0.000603031503964
1900,0.996495017438,-0.00351113940418,-0.00175711161676
1901,0.997348367324,-0.00265515448049,-0.00132845886101
1902,1.00076616734,0.000765873979196,0.000382863678587
1903,0.999606840147,-0.000393237161005,-0.000196637911202
1904,0.996842854833,-0.0031621394642,-0.00158232028183
1905,0.99587557986,-0.00413294902018,-0.00206861114005
1906,0.999483389325,-0.000516744164718,-0.0002584054633
1907,0.995657165816,-0.00435229168002,-0.00217851536387
1908,1.00117680211,0.00117611022522,0.000587882242088
1909,0.998117194255,-0.00188458045192,-0.000942734320871
1910,0.999405944943,-0.000594231577527,-0.000297159932031
1911,0.998146172227,-0.00185554823794,-0.000928204634508
1912,1.00128051453,0.00127969537333,0.000639643027785
1913,0.996684751279,-0.00332075633409,-0.0016617573581
1914,0.996244175896,-0.00376289492154,-0.00188321849357
1915,0.994770329028,-0.00524339356491,-0.00262513643471
1916,0.993550394971,-0.00647049359484,-0.0032404858567
1917,0.997568112512,-0.00243484932975,-0.0012181660271
1918,0.996770310591,-0.00323491611214,-0.0016187668469
1919,0.998597673958,-0.00140331022105,-0.000701901328056
1920,0.997213210239,-0.00279068008908,-0.0013963139844
1921,0.999856219891,-0.000143790446183,-7.18978076149e-05
1922,0.996038436588,-0.00396943119059,-0.00198668644694
1923,0.995572783585,-0.00443704555838,-0.00222098552173
1924,0.99653757532,-0.00346843274433,-0.00173572099503
1925,0.997764629655,-0.00223787251475,-0.0011195625001
1926,1.00130860203,0.00130774655975,0.000653659551328
1927,0.997637035923,-0.00236576028254,-0.00118358001991
1928,0.995174103621,-0.00483757861643,-0.00242171693904
1929,1.00136355602,0.0013626272252,0.000681081571182
1930,0.997334368468,-0.00266919065424,-0.00133548629578
1931,0.997757526514,-0.00224499159455,-0.00112312603147
1932,1.00039702396,0.000396945167401,0.00019845288932
1933,0.999172748574,-0.000827593786852,-0.000413882519171
1934,0.997529207901,-0.0024738495433,-0.00123769007861
1935,0.99469688252,-0.00531722891926,-0.00266215170908
1936,0.996514854049,-0.00349123321997,-0.00174714108558
1937,0.998922498791,-0.00107808213045,-0.000539186373967
1938,0.995412354715,-0.00459820082521,-0.00230174537058
1939,1.00108329942,0.00108271307944,0.000541210032706
1940,0.998906608441,-0.00109398974715,-0.000547144502552
1941,0.994783964095,-0.00522968691058,-0.00261826514018
1942,0.998777190631,-0.00122355761081,-0.000611965980226
1943,1.00126675773,0.00126595607257,0.000632777747951
1944,0.998050681911,-0.00195122048245,-0.000976086303699
1945,0.9991923701,-0.00080795620898,-0.000404059714634
1946,1.00060247514,0.000602293729426,0.000301101524548
1947,0.998338106502,-0.00166327597527,-0.000831983894388
1948,1.00019811305,0.000198093430691,9.90418103817e-05
1949,0.997616108902,-0.0023867370899,-0.00119408089253
1950,0.998524007177,-0.00147708317317,-0.000738814375574
1951,0.996093488728,-0.00391416161811,-0.00195899714164
1952,0.995998922147,-0.00400910358001,-0.00200656224707
1953,0.997782544515,-0.0022199176799,-0.00111057507224
1954,0.999442606947,-0.000557548453836,-0.000278813088064
1955,0.997138597454,-0.00286550418436,-0.00143377897182
1956,1.00279782405,0.00279391742676,0.00139598342076
1957,1.00004344591,4.34449671635e-05,2.17222476504e-05
1958,1.00384390669,0.00383653775946,0.00191643017788
1959,0.998587864337,-0.00141313366589,-0.000706816510091
1960,0.997596703483,-0.00240618906905,-0.00120381854308
1961,0.996395952187,-0.00361055804012,-0.00180690951725
1962,1.00003581488,3.58142404769e-05,1.7906959907e-05
1963,0.999707553336,-0.000292489435354,-0.000146255411957
1964,1.00085949223,0.000859123076888,0.000429469290096
1965,0.996332246883,-0.0036744958152,-0.00183893668161
1966,0.995976654627,-0.00403146080134,-0.00201776335093
1967,0.998843756492,-0.00115691247327,-0.000578623574709
1968,0.998757702733,-0.00124306955786,-0.000621727971693
1969,0.995755871924,-0.00425315995141,-0.00212884275061
1970,0.997466696148,-0.00253651809616,-0.00126906362869
1971,0.998899564612,-0.00110104131153,-0.000550672220071
1972,0.998637798903,-0.00136312973635,-0.000681797186284
1973,0.998359931529,-0.00164141485606,-0.000821044300523
1974,1.00313124696,0.00312635481329,0.0015619562812
1975,0.999596607487,-0.000403473897664,-0.000201757299099
1976,1.00093269223,0.000932257542354,0.000466020150039
1977,0.996955185106,-0.00304945977382,-0.00152589287853
1978,0.996646587618,-0.00335904767084,-0.00168093502551
1979,0.998368882978,-0.00163244874156,-0.000816557572541
1980,0.996429920448,-0.00357646749376,-0.00178983359034
1981,0.99725302618,-0.00275075367592,-0.00137632310246
1982,0.999879714732,-0.00012029250269,-6.01480601674e-05
1983,0.996217465075,-0.00378970680138,-0.00189664976983
1984,0.997300359107,-0.00270329149564,-0.00135255963264
1985,0.998274103175,-0.00172738790112,-0.000864067041583
1986,0.995553672848,-0.00445624146414,-0.00223060483769
1987,0.99747447271,-0.00252872181394,-0.0012651605482
1988,1.00010755106,0.000107545278218,5.37711933868e-05
1989,0.996097432866,-0.0039102020198,-0.00195701346602
1990,0.9976624388,-0.00234029756123,-0.00117083367181
1991,0.99752366336,-0.00247940783287,-0.00124047266698
1992,0.998362836615,-0.00163850500117,-0.000819588179575
1993,0.996744024277,-0.00326128794621,-0.00163197419593
1994,0.998615357593,-0.00138560191037,-0.000693040997197
1995,0.997042627379,-0.0029617542887,-0.00148197418437
1996,0.996846400872,-0.0031585822007,-0.0015805388373
1997,0.997007817563,-0.00299666796457,-0.00149945704548
1998,0.999267625213,-0.000732643104089,-0.000366388655978
1999,0.997072610085,-0.00293168310161,-0.00146691642166
2000,0.996052876882,-0.00395493356797,-0.00197942326084
2001,0.999392769675,-0.00060741476443,-0.000303753505972
2002,0.999419568198,-0.000580600317698,-0.000290342300018
2003,0.998763231903,-0.00123753352557,-0.000618958238428
2004,0.995942178372,-0.00406607692569,-0.00203510648676
2005,0.998713661617,-0.00128716642689,-0.000643790357557
2006,0.997856737456,-0.00214556261785,-0.00107335694462
2007,0.996802479884,-0.00320264310689,-0.00160260435344
2008,0.99844969314,-0.00155150982911,-0.000776055890221
2009,0.999308648716,-0.000691590377883,-0.00034585498299
2010,0.997865235662,-0.00213704619533,-0.00106909417185
2011,0.997703487415,-0.00229915361464,-0.00115023782401
2012,0.997154496075,-0.00284956006739,-0.00142579551499
2013,0.999723628467,-0.000276409730667,-0.000138214416066
2014,0.998376312515,-0.0016250070942,-0.00081283371752
2015,0.996738786843,-0.00326654250281,-0.00163460576534
2016,0.999729593886,-0.000270442680621,-0.000135230483128
2017,0.994791861848,-0.00522174777817,-0.0026142851885
2018,0.996609099216,-0.00339666291717,-0.00169977444023
2019,0.998892715637,-0.00110789785555,-0.000554102385816
2020,0.996211247088,-0.00379594841689,-0.00189977650155
2021,0.998241921761,-0.00175962547232,-0.000880199884917
2022,0.99686681316,-0.00313810554628,-0.00157028438051
2023,0.99823775153,-0.00176380305671,-0.000882290517852
2024,0.99620140374,-0.00380582924915,-0.00190472631559
2025,0.996537797118,-0.00346821017645,-0.00173560951794
2026,0.997516334641,-0.00248675477213,-0.0012441507002
2027,0.996223629163,-0.00378351932756,-0.00189355016998
2028,0.995799915666,-0.0042089294637,-0.00210668067194
2029,0.996133621677,-0.00387387208606,-0.00193881311537
2030,1.00116651689,0.00116583703458,0.000582748653296
2031,0.996691246938,-0.00331423909051,-0.00165849332659
2032,0.999081202695,-0.000919219658097,-0.000459715465829
2033,0.996906349074,-0.00309844615631,-0.00155042374418
2034,0.997512966773,-0.00249013103101,-0.00124584093135
2035,0.999352866138,-0.000647343343689,-0.000323724059172
2036,0.996816118268,-0.00318896106762,-0.00159575239379
2037,1.00020206548,0.000202045065689,0.00010101743024
2038,0.997461450841,-0.00254177673867,-0.00127169629018
2039,1.00043765067,0.00043755493282,0.000218753536365
2040,0.998155283507,-0.00184642007784,-0.000923636328481
2041,0.997854162577,-0.00214814303053,-0.00107464853664
2042,0.99849880056,-0.00150232736894,-0.000751445878562
2043,0.999521220961,-0.000478893689815,-0.000239475514591
2044,0.995252641927,-0.00475866256936,-0.00238216413968
2045,0.997906597973,-0.00209559625544,-0.00104834725995
2046,0.997821319515,-0.00218105726259,-0.00109112347386
2047,0.998404667418,-0.00159660647971,-0.000798621968694
2048,0.999207714817,-0.000792599206474,-0.000396378140299
2049,0.998983459283,-0.00101705774502,-0.000508658195238
2050,0.995521536699,-0.00448852166011,-0.00224678106839
2051,0.996990952949,-0.00301358333534,-0.00150792744862
2052,0.997480826932,-0.00252235152325,-0.00126197137821
2053,0.996700260459,-0.00330519568693,-0.00165396413582
2054,0.9952587354,-0.00475254004891,-0.00237909559173
2055,0.997526444715,-0.00247661957703,-0.00123907681065
2056,0.998167942306,-0.00183373796407,-0.000917289434888
2057,0.995199655888,-0.00481190276907,-0.00240884800815
2058,0.995564121366,-0.00444574633564,-0.002225345582
2059,0.997322190046,-0.00268140170015,-0.00134159999124
2060,0.999891237577,-0.000108768338217,-5.43856479542e-05
2061,1.00062090188,0.000620709202765,0.000310306446375
2062,0.998060024426,-0.00194185976367,-0.00097140138684
2063,0.997361613282,-0.00264187339457,-0.00132180951844
2064,0.994797385227,-0.00521619549681,-0.00261150179406
2065,0.998418767796,-0.00158248367071,-0.000791554949754
2066,0.996863362606,-0.00314156695173,-0.00157201780243
2067,0.999995936526,-4.06348214863e-06,-2.0317431384e-06
2068,0.997021274506,-0.00298317072655,-0.00149269833001
2069,0.996203984342,-0.00380323881037,-0.00190342863
2070,0.998943319082,-0.00105723959921,-0.000528759543672
2071,0.999961234128,-3.87666232353e-05,-1.93834994753e-05
2072,0.995499637491,-0.00451051962572,-0.00225780482413
2073,0.996508407719,-0.00349770211514,-0.00175038118944
2074,0.999282340849,-0.000717916791225,-0.000359022828887
2075,1.00069356333,0.000693322928046,0.00034660138388
2076,0.995870729479,-0.00413781950072,-0.00207105142085
2077,0.999659382585,-0.000340675438567,-0.000170352227577
2078,0.996601157331,-0.0034046318558,-0.00170376569019
2079,0.999334745351,-0.00066547602935,-0.000332793378108
2080,0.995168796415,-0.00484291157321,-0.00242438987845
2081,0.998935483876,-0.00106508312387,-0.000532683387366
2082,0.998593695841,-0.00140729393226,-0.000703894583732
2083,0.999968415506,-3.15849928233e-05,-1.57926211137e-05
2084,0.99848861363,-0.00151252966624,-0.00075655087347
2085,0.997567652249,-0.00243531071475,-0.00121839700065
2086,0.999104878002,-0.000895522859018,-0.000447861689621
2087,0.99390647932,-0.00611216194255,-0.00306075554747
2088,0.996922980615,-0.00308176314269,-0.00154206933934
2089,0.99848562607,-0.00151552175335,-0.000758048049982
2090,0.994694358863,-0.00531976603464,-0.00266342364467
2091,0.998315125545,-0.00168629545254,-0.000843503275235
2092,0.993755915141,-0.00626366068816,-0.00313673964843
2093,0.99666362726,-0.00334195084208,-0.0016723722784
2094,0.996589109908,-0.00341672043879,-0.00170982029804
2095,0.995184750245,-0.0048268804213,-0.00241635490182
2096,0.998055761792,-0.001946130692,-0.00097353892768
2097,0.994237933654,-0.00577873109677,-0.00289354378821
2098,1.00158585358,0.00158459744264,0.000791984935564
2099,0.994127537981,-0.00588977272798,-0.00294922680149
2100,0.995936921939,-0.00407135478965,-0.00203775079274
2101,0.996875273964,-0.00312961818664,-0.00156603404592
2102,0.998407141355,-0.00159412859317,-0.000797382036745
2103,1.00017050166,0.000170487127866,8.52399308038e-05
2104,1.0010895794,0.00108898623942,0.000544344910231
2105,1.00017851833,0.000178502398181,8.92472163209e-05
2106,0.999237706873,-0.000762583820223,-0.000381364611112
2107,0.994487899494,-0.00552734818879,-0.00276749656218
2108,0.998036996007,-0.00196493321038,-0.000982949383595
2109,0.999063220978,-0.000937218073357,-0.000468718851046
2110,0.996361550314,-0.003645084944,-0.00182420431197
2111,0.997217036178,-0.00278684346504,-0.00139439299565
2112,0.99821347984,-0.00178811789081,-0.000894458735241
2113,0.998502498101,-0.00149862427574,-0.000749592942344
2114,0.998935423477,-0.00106514358691,-0.000532713634991
2115,0.997229617666,-0.00277422694519,-0.00138807595946
2116,0.998226161192,-0.00177541392306,-0.000888101089968
2117,0.998229024997,-0.00177254503276,-0.000886665371916
2118,0.99917733689,-0.000823001683315,-0.000411585519744
2119,0.998402443005,-0.00159883444956,-0.000799736843892
2120,0.998150820684,-0.00185089115903,-0.000925873936407
2121,0.998698617471,-0.00130223006287,-0.000651327052844
2122,0.999400917625,-0.000599261897022,-0.000299675842347
2123,0.996552019147,-0.00345393883802,-0.00172846148949
2124,0.997274678241,-0.00272904220976,-0.00136545248738
2125,1.00049245311,0.000492331893524,0.000246135650411
2126,1.00028537752,0.000285336803378,0.000142658225037
2127,0.995606830989,-0.00440284733383,-0.00220384857909
2128,0.99807479277,-0.00192706282307,-0.00096399575705
2129,0.995865921328,-0.0041426476003,-0.00207347047319
2130,0.995977671671,-0.00403043964986,-0.0020172517451
2131,0.999191697665,-0.000808629187821,-0.000404396340072
2132,0.996056453642,-0.00395134264077,-0.00197762424487
2133,1.00037267613,0.000372606704395,0.000186285998806
2134,0.996696394675,-0.00330907427717,-0.00165590664035
2135,0.99925937021,-0.000740904191795,-0.000370520721749
2136,0.996531484851,-0.00347454439319,-0.0017387821282
2137,0.99967988816,-0.000320163086896,-0.000160094357182
2138,0.995104988956,-0.00490703085099,-0.00245652775756
2139,0.997938434403,-0.00206369354857,-0.00103237931132
2140,0.997790485374,-0.00221195920525,-0.0011065914236
2141,0.996270400173,-0.00373657212617,-0.00187003239687
2142,0.998675555048,-0.00132532280437,-0.000662881010756
2143,0.997037682167,-0.00296671418106,-0.00148445780885
2144,0.999770226632,-0.000229799770313,-0.000114906486401
2145,0.997230082119,-0.00277376120266,-0.00138784276498
2146,0.994776832762,-0.00523685566144,-0.0026218589069
2147,0.99824364824,-0.0017578959538,-0.000879334364869
2148,0.997992677974,-0.00200933939701,-0.00100517454816
2149,0.995756256528,-0.0042527737081,-0.00212864921784
2150,0.996565175713,-0.00344073683884,-0.00172184910216
2151,0.997362028245,-0.00264145733423,-0.00132160121331
2152,0.996338350035,-0.00366837021469,-0.00183586825376
2153,0.996405503798,-0.00360097192576,-0.00180210781096
2154,0.996305428698,-0.00370141308737,-0.00185242015801
2155,0.997954275328,-0.00204782002513,-0.00102443438738
2156,0.997123519571,-0.00288062544939,-0.00144135047324
2157,0.99675158165,-0.00325370591468,-0.00162817700053
2158,0.999584333224,-0.000415753189804,-0.000207898202738
2159,1.00011118698,0.000111180794459,5.55888521121e-05
2160,0.997468297774,-0.00253491240344,-0.00126825976379
2161,1.00006147687,6.14749834472e-05,3.07370193317e-05
2162,0.998733168379,-0.00126763473028,-0.000634018269809
2163,0.995585011666,-0.00442476317614,-0.00221483071001
2164,0.999163900272,-0.000836449453978,-0.000418312195144
2165,0.997291209582,-0.00271246582918,-0.00135715301436
2166,0.994720514361,-0.00529347136961,-0.0026502413819
2167,0.99770373615,-0.00229890430693,-0.00115011302678
2168,0.99770359937,-0.00229904140198,-0.00115018165315
2169,0.996370724381,-0.00363587741765,-0.00181959216121
2170,0.999095372122,-0.000905037300989,-0.000452621052505
2171,0.995276326691,-0.00473486511211,-0.00237023713729
2172,0.997716501164,-0.00228610999497,-0.00114370853384
2173,0.995055137177,-0.00495712911047,-0.00248163873569
2174,0.996610149967,-0.00339560859219,-0.00169924638182
2175,0.997581182578,-0.00242174748625,-0.00121160714672
2176,0.995778542064,-0.00423039344554,-0.00211743532945
2177,0.999546807949,-0.000453294773111,-0.000226673073015
2178,0.996915283068,-0.00308948447844,-0.0015459359681
2179,0.998830913812,-0.00116977010195,-0.00058505612959
2180,0.997564286132,-0.00243868504441,-0.00122008622254
2181,0.996047552352,-0.00396027921168,-0.00198210137692
2182,0.996982110276,-0.00302245273581,-0.00151236884592
2183,0.997842126034,-0.00216020553096,-0.00108068628654
2184,1.00029937841,0.000299333608708,0.000149655604837
2185,0.997954725248,-0.00204736918311,-0.00102420873546
2186,0.994966837214,-0.00504587181247,-0.00252612118722
2187,0.998280755785,-0.00172072381183,-0.000860732123384
2188,0.995899234856,-0.00410919633901,-0.0020567103026
2189,0.998190693246,-0.00181094552678,-0.000905882827612
2190,0.997866078571,-0.00213620148365,-0.00106867136456
2191,0.997178745667,-0.00282524157225,-0.00141361900485
2192,0.997734253687,-0.00226831699995,-0.00113480190094
2193,0.99957629636,-0.000423793428079,-0.000211919165734
2194,0.996488818605,-0.0035173600591,-0.00176022741426
2195,0.994568148777,-0.00544665736725,-0.00272704031175
2196,0.991365084883,-0.00867241200776,-0.0043456209486
2197,0.997660938437,-0.00234180144065,-0.0011715864922
2198,0.997760897854,-0.00224161268329,-0.0011214346798
2199,0.998749439201,-0.00125134340309,-0.000625867474911
2200,1.00101165251,0.00101114113581,0.000505442788639
2201,1.00033448158,0.00033442565797,0.000167198849699
2202,0.996552953801,-0.00345300095136,-0.00172799173572
2203,0.997405478067,-0.00259789353843,-0.00129979076597
2204,0.997095451233,-0.0029087751547,-0.00145544571188
2205,0.995382311763,-0.00462838269406,-0.00231687115462
2206,0.997048469375,-0.00295589498112,-0.00147904019321
2207,0.998729212307,-0.00127159582824,-0.000636000076456
2208,0.999387745969,-0.000612441534909,-0.00030626765782
2209,0.998640224123,-0.00136070121147,-0.000680582096702
2210,0.997778173297,-0.00222429862211,-0.00111276797843
2211,0.995468298597,-0.00454200068873,-0.00227358101885
2212,0.997430951465,-0.00257235420258,-0.00128700458178
2213,0.99771493514,-0.00228767960486,-0.00114449423667
2214,0.996072564364,-0.00393516826454,-0.0019695210961
2215,0.998163214685,-0.00183847427372,-0.000919659764804
2216,0.999876480119,-0.00012352751042,-6.17656626301e-05
2217,0.995926398161,-0.00408192155676,-0.0020430449565
2218,0.998313564275,-0.0016878593581,-0.000844285887898
2219,1.00057075068,0.000570587867697,0.000285253241404
2220,0.997227821676,-0.00277602792671,-0.00138897770058
2221,1.00114769854,0.0011470404408,0.000573355789116
2222,0.999133355904,-0.000867019849014,-0.000433603903514
2223,0.996377337941,-0.00362923978979,-0.00181626731391
2224,0.998432281429,-0.00156894872781,-0.000784782144398
2225,0.995985752288,-0.00402232643191,-0.00201318696116
2226,0.997212514148,-0.00279137812591,-0.00139666349021
2227,0.998606128607,-0.00139484373581,-0.000697665123085
2228,0.997507477599,-0.00249563390676,-0.00124859580087
2229,0.997223176352,-0.00278068617493,-0.00139131006251
2230,0.994854271106,-0.00515901375013,-0.00258283666538
2231,0.996581838631,-0.00342401662889,-0.00171347463734
2232,0.997849701209,-0.00215261400309,-0.00107688642779
2233,0.9983387112,-0.0016626702708,-0.000831680790233
2234,0.997412071744,-0.00259128273059,-0.00129648107118
2235,0.997454518987,-0.002548726258,-0.00127517547473
2236,1.00300570225,0.00300119416017,0.00149947174725
2237,0.994257652463,-0.00575889820441,-0.00288359869767
2238,0.99727543286,-0.00272828552833,-0.00136507363013
2239,1.00089066757,0.000890271156574,0.000445036520144
2240,0.997491946698,-0.0025112037364,-0.00125639046624
2241,0.99752228886,-0.00248078574558,-0.0012411624782
2242,0.99871912722,-0.00128169379822,-0.000641052285356
2243,0.996639350232,-0.00336630943508,-0.00168457201751
2244,0.997506666561,-0.00249644697081,-0.00124900284057
2245,0.999044941722,-0.000955514636621,-0.000477871462515
2246,0.998180210463,-0.00182144736509,-0.000911138517281
2247,0.994717605305,-0.00529639586984,-0.0026517075084
2248,0.996631297659,-0.00337438919343,-0.00168861871032
2249,0.998748282407,-0.00125250164603,-0.000626446959005
2250,0.996279285119,-0.00372765395827,-0.00186556498425
2251,1.0002463448,0.000246314466101,0.00012314964951
2252,0.997753763368,-0.0022487632053,-0.00112501395662
2253,0.996848807922,-0.00315616753921,-0.00157932959905
2254,0.997925287641,-0.00207686755612,-0.00103897313709
2255,0.999905547159,-9.44573022382e-05,-4.72297664094e-05
2256,1.00006375479,6.37527603095e-05,3.18758721083e-05
2257,0.99975585158,-0.000244178229167,-0.000122096567763
2258,1.00049621275,0.000496089675276,0.000248014077061
2259,0.995980089225,-0.00402801233579,-0.00201603564055
2260,0.996705236795,-0.00330020288844,-0.00165146361074
2261,0.997487073065,-0.00251608963579,-0.00125883648823
2262,0.99449196265,-0.0055232625209,-0.00276544807679
2263,0.999280276652,-0.00071998247357,-0.000360056041407
2264,0.99343082166,-0.00659085035615,-0.00330086106117
2265,1.00223735887,0.00223485970763,0.00111680576156
2266,0.998086557011,-0.00191527595987,-0.000958096661591
2267,0.998286331545,-0.0017151384643,-0.000857937049777
2268,0.999945058892,-5.49426173068e-05,-2.74716859934e-05
2269,0.998816386135,-0.0011843148893,-0.000592332804481
2270,0.998017797984,-0.00198416917858,-0.000992576867988
2271,1.00030760905,0.000307561750753,0.000153769051704
2272,0.999724640226,-0.000275397692792,-0.000137708327318
2273,0.99950671746,-0.000493404243734,-0.000246732555338
2274,0.997809481914,-0.00219292078042,-0.00109706172266
2275,0.999693404945,-0.000306642064691,-0.000153332786616
2276,0.996906975155,-0.00309781813302,-0.00155010924574
2277,0.999120725486,-0.000879661302616,-0.000439927390991
2278,0.998695628457,-0.00130522297618,-0.0006528244853
2279,0.999719197045,-0.00028084238803,-0.000140431053532
2280,0.999431046739,-0.000569115176717,-0.000284598078709
2281,1.00138049481,0.00137954280419,0.00068953356449
2282,1.00028012859,0.000280089361614,0.000140034875008
2283,0.999325296762,-0.000674930952383,-0.000337522424071
2284,0.997751559407,-0.00225097213108,-0.00112611966266
2285,1.00070057139,0.000700326103664,0.000350101751906
2286,1.0000455666,4.55655620569e-05,2.27825215028e-05
2287,0.998343006317,-0.00165836801492,-0.000829527875555
2288,0.994649692816,-0.0053646713355,-0.00268593634876
2289,0.995300678228,-0.00471039829958,-0.00235797480996
2290,0.996075776078,-0.00393194389148,-0.00196790573564
2291,0.997547523571,-0.00245548867519,-0.00122849832421
2292,0.999590083587,-0.000410000452158,-0.000205021240061
2293,0.998006455953,-0.0019955338006,-0.000998264835288
2294,0.996020993249,-0.00398694406041,-0.00199546031655
2295,0.99965126562,-0.000348795202291,-0.000174412809291
2296,0.998544281443,-0.00145677914461,-0.000728654912411
2297,0.99579741417,-0.00421144151397,-0.00210793934391
2298,0.998097254298,-0.00190455822198,-0.000952732672703
2299,0.996754813528,-0.0032504635095,-0.00162655315964
2300,0.999417392519,-0.000582777263136,-0.000291431089359
2301,0.996986777861,-0.00301777103286,-0.00151002445695
2302,0.998116526028,-0.00188524993963,-0.000943069380359
2303,0.99964425665,-0.000355806642162,-0.000177919146815
2304,0.997894038579,-0.00210818207616,-0.00105464678729
2305,0.998770991146,-0.00122976470515,-0.000615071431479
2306,0.998777765625,-0.00122298191278,-0.000611677955097
2307,0.997217380193,-0.0027864984909,-0.00139422026809
2308,0.997505771839,-0.00249734393012,-0.00124945188048
2309,0.997968891937,-0.00203317356048,-0.00101710367973
2310,0.998391358431,-0.00160993682252,-0.000805292485283
2311,0.998109749443,-0.00189203933469,-0.000946467285089
2312,0.999526183955,-0.000473928331069,-0.00023699224376
2313,0.997369217889,-0.00263424869942,-0.00131799213894
2314,0.999255289899,-0.000744987535477,-0.000372563152157
2315,0.996001171785,-0.00400684490765,-0.00200543064545
2316,0.996252412099,-0.00375462770236,-0.00187907710805
2317,0.998468688861,-0.00153248479471,-0.000766536036054
2318,0.994766375054,-0.00524736833345,-0.00262712903812
2319,1.00070208798,0.000701841634669,0.000350859251826
2320,0.998984326797,-0.00101618934876,-0.000508223776343
2321,0.999408523273,-0.000591651718221,-0.000295869619895
2322,1.00009008656,9.00825060328e-05,4.50402386744e-05
2323,0.998596604427,-0.00140438125454,-0.000702437220822
2324,1.00008313004,8.31265876963e-05,4.15624301064e-05
2325,0.995089401984,-0.0049226946199,-0.002464378912
2326,0.998605641694,-0.00139533132769,-0.000697909089141
2327,0.997965991164,-0.00203608024088,-0.00101855849918
2328,0.995782113681,-0.00422680669406,-0.00211563815796
2329,0.996041361365,-0.00396649478482,-0.00198521532827
2330,0.997893047945,-0.00210917480118,-0.00105514367341
2331,1.00208012208,0.00207796161852,0.00103844125558
2332,0.999784064298,-0.000215959019139,-0.000107985339566
2333,0.99461780092,-0.00539673529478,-0.00270201151813
2334,0.997783503398,-0.00221895666613,-0.00111009403183
2335,0.997029508845,-0.00297491182019,-0.00148856272134
2336,0.995704837208,-0.00430441350238,-0.00215452441053
2337,0.995974353819,-0.00403377090694,-0.00201892073502
2338,0.996683172861,-0.0033223400033,-0.00166255050885
2339,0.996864565111,-0.00314036066376,-0.00157141371047
2340,0.995874586409,-0.00413394658614,-0.00206911095494
2341,0.997011014009,-0.00299346193072,-0.00149785162619
2342,0.998899919985,-0.00110068554741,-0.000550494240073
2343,0.995009464874,-0.00500302943227,-0.00250464611461
2344,0.999623013908,-0.000377057169465,-0.000188546357363
2345,0.996962608589,-0.00304201364601,-0.00152216414057
2346,0.99779330498,-0.00220913335892,-0.0011051769379
2347,0.998590505014,-0.00141048925871,-0.000705493372819
2348,0.998892111769,-0.00110850239238,-0.000554404821767
2349,0.999172125552,-0.000828217325679,-0.000414194417669
2350,0.996559800562,-0.00344613053061,-0.00172455059525
2351,0.997460640346,-0.00254258929664,-0.00127210308591
2352,0.999639067478,-0.000360997674257,-0.000180515128024
2353,0.997672160763,-0.00233055286686,-0.0011659556318
2354,0.997011124829,-0.00299335077852,-0.00149779596685
2355,0.993575232888,-0.00644549475615,-0.00322794601153
2356,0.999588581506,-0.000411503149583,-0.000205772743098
2357,1.00081657997,0.000816246745634,0.000408040101802
2358,0.998588145373,-0.00141285223315,-0.000706675694272
2359,0.996652366881,-0.00335324897995,-0.00167803081066
2360,0.999019397803,-0.000981083302182,-0.000490661986322
2361,0.997288003205,-0.00271568092035,-0.00135876274292
2362,0.993298880404,-0.00672367290904,-0.00336749376457
2363,0.997058332155,-0.0029460030542,-0.00147408692672
2364,0.999555287448,-0.000444811466421,-0.000222430467199
2365,0.994769268268,-0.00524445990209,-0.00262567100309
2366,0.996780849525,-0.00322434308658,-0.00161347179048
2367,0.995568834592,-0.00444101212066,-0.00222297320968
2368,1.00014570705,0.000145696431493,7.28455623796e-05
2369,0.997838133425,-0.00216420678179,-0.00108268907601
2370,0.994984526467,-0.00502809323415,-0.00251720948225
2371,0.997416440303,-0.00258690284708,-0.00129428829261
2372,0.995115513572,-0.00489645451926,-0.00245122661519
2373,0.996972958478,-0.00303163227894,-0.00151696556946
2374,1.00198099269,0.00197903310858,0.000989027144226
2375,0.999381949132,-0.000618241940244,-0.000309168752933
2376,0.997640206847,-0.00236258185324,-0.00118198892557
2377,0.999846392585,-0.000153619214157,-7.68125570119e-05
2378,0.996319451082,-0.00368733880314,-0.00184537000496
2379,0.995713608594,-0.00429560431828,-0.0021501103384
2380,0.99691974467,-0.00308500908129,-0.00154369481269
2381,0.996951668806,-0.00305298681907,-0.00152765909366
2382,1.00110586487,0.00110525385127,0.000552474255502
2383,0.999364142741,-0.000636059502104,-0.000318080327875
2384,0.999337565691,-0.000662653815653,-0.000331381802649
2385,0.994145054557,-0.00587215283463,-0.00294039091121
2386,1.00155002417,0.00154882412713,0.000774112283931
2387,0.999860948671,-0.000139060997278,-6.95329159401e-05
2388,0.997204278437,-0.00279963689184,-0.00140079864908
2389,0.997605204327,-0.0023976677825,-0.00119955277985
2390,0.997238773612,-0.00276504560577,-0.00138347892811
2391,0.999340621016,-0.000659596470334,-0.000329852624584
2392,0.999617484703,-0.000382588474799,-0.000191312535309
2393,0.998183070131,-0.00181858248861,-0.000909704774919
2394,0.997992861863,-0.0020091551382,-0.00100508232615
2395,0.998512834575,-0.00148827235332,-0.000744413114672
2396,0.997939033104,-0.00206309361053,-0.00103207903266
2397,0.998714656063,-0.00128617069997,-0.000643292173701
2398,0.996942778996,-0.00306190385056,-0.00153212443045
2399,0.998524407361,-0.00147668239812,-0.000738613840019
2400,0.995392718053,-0.00461792818337,-0.0023116318021
2401,0.996547920076,-0.00345805209981,-0.00173052167731
2402,0.9967166666,-0.00328873536714,-0.00164572039746
2403,0.996492056148,-0.00351411111373,-0.00175860008346
2404,1.00314798488,0.00314304035116,0.00157028598435
2405,0.99721130524,-0.00279259041307,-0.00139727048056
2406,0.998363059715,-0.00163828153576,-0.000819476355306
2407,0.996366093154,-0.00364052552509,-0.00182192044646
2408,0.999142923181,-0.000857444319514,-0.000428814074237
2409,0.999441515045,-0.000558640965964,-0.000279359496581
2410,0.995173117703,-0.00483856931616,-0.00242221348862
2411,0.999178492361,-0.000821845261303,-0.000411007070921
2412,0.996025783588,-0.00398213459578,-0.00199305078859
2413,0.994868028398,-0.00514518539644,-0.00257590465431
2414,0.996843740249,-0.00316125124422,-0.00158187546921
2415,0.997954624135,-0.00204747050312,-0.00102425944736
2416,0.997676098652,-0.00232660579791,-0.00116397979823
2417,0.996450705461,-0.00355560822912,-0.00177938534519
2418,0.996508946149,-0.003497161799,-0.00175011055853
2419,0.999358221279,-0.000641984748668,-0.000321043897899
2420,1.00014609993,0.000146089258799,7.30419617057e-05
2421,0.998800911586,-0.00119980789595,-0.000600083926339
2422,0.990795732841,-0.00924688815746,-0.00463414868733
2423,0.998176109457,-0.00182555585614,-0.000913194636623
2424,0.998223440272,-0.00177813968154,-0.000889465180516
2425,0.996861984801,-0.00314294909365,-0.00157270996001
2426,0.994077236946,-0.00594037217915,-0.00297460146269
2427,0.99923022494,-0.000770071488948,-0.000385109880251
2428,0.997355157286,-0.00264834648978,-0.00132505034938
2429,0.999419547085,-0.000580621442777,-0.000290352865624
2430,0.997045500935,-0.00295887221275,-0.00148053101185
2431,0.997535210885,-0.00246783170852,-0.00123467744164
2432,0.993174491331,-0.00684890899376,-0.00343032463995
2433,0.994475664406,-0.00553965116728,-0.00277366509463
2434,0.99932462399,-0.000675604179261,-0.000337859151181
2435,0.999528012574,-0.000472098847158,-0.000236077285437
2436,0.995543400218,-0.00446656002603,-0.00223577564029
2437,0.996840655735,-0.00316434553009,-0.00158342506073
2438,1.00059113481,0.000590960162688,0.000295436431404
2439,0.997494918125,-0.00250822484233,-0.00125489914899
2440,0.997725017052,-0.00227757465301,-0.001139435991
2441,0.998746150645,-0.00125463608141,-0.000627514845818
2442,0.998388496341,-0.00161280352782,-0.000806726993229
2443,0.998458616627,-0.0015425725269,-0.000771583781183
2444,0.996389116311,-0.00361741866547,-0.00181034603409
2445,0.997608048972,-0.00239481631301,-0.00119812533588
2446,1.0013822566,0.00138130216015,0.000690412635515
2447,0.995348650022,-0.00466220116752,-0.00233381971117
2448,0.99855775489,-0.00144328614645,-0.000721903520235
2449,0.996304792957,-0.00370205118621,-0.00185273979849
2450,0.994552289395,-0.00546260349314,-0.00273503514943
2451,1.00113051707,0.00112987851986,0.000564779711792
2452,0.995053796461,-0.00495847648995,-0.00248231409751
2453,0.998281920148,-0.00171955744364,-0.000860148437495
2454,0.993403246365,-0.00661860838051,-0.00331478598267
2455,0.997738353546,-0.00226420783875,-0.00113274499091
2456,0.997255772406,-0.00274799988929,-0.00137494431504
2457,1.00089095107,0.000890554413118,0.000445178085376
2458,0.995493314689,-0.00451687103113,-0.00226098770201
2459,0.998509095965,-0.00149201653862,-0.000746286602688
2460,0.998501274975,-0.00149984923703,-0.000750205882285
2461,1.00002432365,2.43233539065e-05,1.21616030003e-05
2462,0.99707444854,-0.00292983925066,-0.00146599314423
2463,0.996897479659,-0.00310734313525,-0.0015548791406
2464,0.999484066737,-0.000516066402795,-0.000258066494828
2465,0.997382645912,-0.00262078534818,-0.00131125161371
2466,0.994824576015,-0.00518886287942,-0.0025977998894
2467,0.99627576236,-0.00373118987986,-0.00186733624486
2468,0.998030933848,-0.00197100731153,-0.000985989424056
2469,0.997480273569,-0.00252290628453,-0.00126224910894
2470,0.997879374732,-0.00212287697799,-0.00106200201419
2471,0.997169793628,-0.00283421897932,-0.00141811406379
2472,0.997479208807,-0.00252397373649,-0.00126278350875
2473,0.999633033277,-0.000367034072234,-0.000183533876398
2474,0.997943285474,-0.00205883246824,-0.00102994626487
2475,0.996503875529,-0.00350225019554,-0.00175265921267
2476,1.00062030631,0.000620114000597,0.000310008937594
2477,0.996190750259,-0.00381652340989,-0.00191008359501
2478,0.995866337832,-0.00414222936673,-0.00207326092283
2479,0.997821587969,-0.00218078822235,-0.00109098880697
2480,0.99687967273,-0.00312520564163,-0.00156382432076
2481,0.997866353101,-0.00213592636638,-0.00106853365893
2482,0.995263021386,-0.00474823365483,-0.00237693727435
2483,0.997797890782,-0.00220453742601,-0.00110287643443
2484,0.997976069157,-0.00202598175881,-0.00101350412796
2485,0.994874217656,-0.00513896423048,-0.00257278606362
2486,0.997752844856,-0.00224968378644,-0.00112547476513
2487,0.993080501115,-0.00694354962722,-0.00347780840419
2488,0.99652418465,-0.00348187003012,-0.00174245132223
2489,0.997080487242,-0.00292378284894,-0.00146296050864
2490,0.996790677865,-0.00321448305459,-0.00160853383221
2491,0.996736986419,-0.00326834881896,-0.00163551040013
2492,0.999063171146,-0.000937267952482,-0.000468743802298
2493,0.997825041531,-0.00217732712612,-0.00108925637234
2494,0.996649168532,-0.00335645807605,-0.00167963805248
2495,0.997682826517,-0.00231986228365,-0.00116060412213
2496,0.996237392534,-0.00376970387927,-0.00188662938962
2497,0.994842164888,-0.00517118265938,-0.00258893685372
2498,0.99647114007,-0.00353510104362,-0.00176911356001
2499,0.998373719249,-0.0016276045806,-0.000814133517227
2500,0.998876249825,-0.00112438205609,-0.000562349087037
2501,0.997770710306,-0.00223177825935,-0.0011165119656
2502,0.999398464571,-0.000601716423865,-0.000300903474304
2503,0.998705490566,-0.00129534803467,-0.00064788380344
2504,0.998428383184,-0.00157285310128,-0.000786735865081
2505,0.997552158722,-0.00245084213999,-0.00122617220518
2506,0.997585529271,-0.0024173902641,-0.0012094258984
2507,0.997690376263,-0.0023122950317,-0.00115681611203
2508,0.994620643018,-0.00539387782159,-0.0027005789221
2509,1.00009819594,9.81911145081e-05,4.90943520869e-05
2510,0.998996051115,-0.00100445317888,-0.000502352726329
2511,0.999817132932,-0.000182883789844,-9.14460758594e-05
2512,0.99791030497,-0.00209188148957,-0.00104648793156
2513,0.99816890399,-0.00183277451518,-0.000916807268678
2514,0.998473190786,-0.00152797597516,-0.000764279900736
2515,0.994060094577,-0.00595761683245,-0.00298324947461
2516,1.00023386392,0.00023383658139,0.000116911456018
2517,0.999473422876,-0.000526715814492,-0.000263392588984
2518,0.995883429665,-0.00412506673593,-0.00206466185302
2519,0.998858068158,-0.00114258434331,-0.000571455390109
2520,0.996092330603,-0.00391532428492,-0.00195957961404
2521,0.994761965842,-0.0052518007535,-0.00262935107288
2522,0.993800029617,-0.00621927001243,-0.00311447493666
2523,0.996908408689,-0.00309638015179,-0.00154938914086
2524,0.997527900206,-0.00247516047844,-0.00123834635766
2525,0.995967694884,-0.00404045677942,-0.00202227042598
2526,0.997748481018,-0.00225405746217,-0.00112766406662
2527,1.00030440587,0.000304359546994,0.000152168194743
2528,0.997221339922,-0.00278252771995,-0.00139223211652
2529,0.995079348671,-0.00493279759504,-0.00246944286115
2530,0.998165048105,-0.00183663748139,-0.000918740524452
2531,0.998949771932,-0.00105077994415,-0.000525528013562
2532,0.997161016168,-0.00284302139059,-0.00142252152053
2533,1.00200863746,0.00200662284103,0.0010028082719
2534,0.997266205963,-0.00273753767608,-0.00136970602966
2535,0.996296990552,-0.00370988255991,-0.00185666274777
2536,1.00125318766,0.00125240307783,0.000626005515648
2537,0.994743512055,-0.00527035188265,-0.0026386510693
2538,0.999075258609,-0.000925169228402,-0.000462691622963
2539,0.99873742766,-0.0012633700557,-0.000631884582855
2540,0.998504073631,-0.00149704638414,-0.000748803405463
2541,0.998050208651,-0.00195169466627,-0.00097632362706
2542,0.995749415735,-0.00425964367973,-0.00213209152145
2543,0.997067048149,-0.00293726138282,-0.0014697096576
2544,0.997199562818,-0.00280436574198,-0.00140316638903
2545,1.00286778264,0.00286367840105,0.00143081460785
2546,0.995164447301,-0.00484728181004,-0.00242658029683
2547,0.996140590952,-0.00386687578521,-0.00193530818882
2548,0.998661340228,-0.00133955657763,-0.000670002640377
2549,0.999869799442,-0.000130209035182,-6.51066369362e-05
2550,1.00059043498,0.000590260739791,0.000295086823212
2551,0.996353930037,-0.00365273307715,-0.00182803536175
2552,0.998860613645,-0.0011400359489,-0.000570180465568
2553,0.996324039835,-0.00368273310949,-0.00184306291118
2554,0.998994753434,-0.00100575216538,-0.000503002546066
2555,1.00075401973,0.00075373559809,0.000376796793296
2556,0.995110088394,-0.00490190634169,-0.00245395921195
2557,0.996086367446,-0.00392131085413,-0.00196257876872
2558,0.999470851484,-0.000529288564641,-0.000264679303708
2559,0.998744961728,-0.00125582649188,-0.00062811042473
2560,0.996557245021,-0.00344869489684,-0.00172583499037
2561,0.996065032587,-0.00394272976716,-0.00197330930084
2562,1.00356169191,0.00355536410749,0.00177610291288
2563,0.999836646798,-0.000163366545733,-8.16866090358e-05
2564,0.999201003681,-0.000799315686239,-0.000399737716956
2565,0.996756994192,-0.00324827574793,-0.0016254575002
2566,0.998798904094,-0.00120181779973,-0.000601089481788
2567,0.99614187362,-0.00386558814831,-0.00193466312459
2568,1.00074419,0.00074391322485,0.00037188744514
2569,0.998005700485,-0.00199629077857,-0.000998643702179
2570,0.997716266378,-0.00228634531873,-0.00114382633029
2571,0.998531975132,-0.00146910347237,-0.00073482158538
2572,0.99781928159,-0.00218309963887,-0.00109214577676
2573,0.996186726959,-0.0038205621026,-0.00191210680053
2574,0.995849487809,-0.00415914947415,-0.0020817385523
2575,0.998926753852,-0.00107382248923,-0.000537055407257
2576,0.997879691472,-0.00212255956509,-0.00106184313921
2577,0.99535848559,-0.00465231968628,-0.00232886745199
2578,0.997479806746,-0.00252337428673,-0.00126248340543
2579,0.995660978021,-0.00434846285443,-0.00217659678233
2580,0.996670237426,-0.00333531857052,-0.00166905060231
2581,0.997137468694,-0.00286663618391,-0.00143434578327
2582,0.998279233882,-0.00172224833663,-0.00086149504218
2583,0.999713468529,-0.000286572528591,-0.000143296530263
2584,0.999906440896,-9.35634804784e-05,-4.67828345219e-05
2585,0.999170371279,-0.000829973053562,-0.000415072645602
2586,0.995581097824,-0.00442869438212,-0.00221680066842
2587,0.998063273868,-0.00193860401101,-0.000969771930514
2588,0.995254821534,-0.00475647256803,-0.00238106653115
2589,0.995293885254,-0.00471722336953,-0.00236139539744
2590,0.996568079402,-0.00343782314584,-0.00172038974825
2591,0.999279400199,-0.000720859558153,-0.000360494741694
2592,0.999222210577,-0.000778092057741,-0.000389121717092
2593,1.00033973746,0.000339679767081,0.000169825461564
2594,0.996741198881,-0.00326412257551,-0.00163339382461
2595,0.997178786355,-0.00282520076925,-0.00141359857451
2596,0.997616746859,-0.00238609760903,-0.00119376077035
2597,1.00009280388,9.27995692518e-05,4.63987081725e-05
2598,0.997522565832,-0.00248050808617,-0.00124102347619
2599,0.998692363451,-0.00130849225179,-0.000654460191574
2600,0.997652094198,-0.0023506664547,-0.00117602420213
2601,0.998180149513,-0.00182150842666,-0.000911169075887
2602,0.998735734146,-0.00126506571238,-0.000632732947281
2603,1.00064295939,0.000642752783885,0.000321324756082
2604,1.00003380303,3.38024594365e-05,1.69010868932e-05
2605,0.997397874429,-0.00260551698473,-0.00130360745083
2606,0.99981770568,-0.000182310937469,-9.11596235207e-05
2607,0.997314043406,-0.0026895702472,-0.00134568975258
2608,0.996927050612,-0.0030776805922,-0.0015400249184
2609,0.997045276713,-0.00295909709951,-0.00148064362172
2610,0.997593244539,-0.00240965635238,-0.00120555427324
2611,0.999668135601,-0.000331919478597,-0.000165973511378
2612,0.999131883376,-0.000868493655003,-0.000434341126305
2613,0.996547762403,-0.00345821031945,-0.00173060092404
2614,0.99801864661,-0.00198331886742,-0.000992151290499
2615,0.99681125581,-0.00319383906863,-0.00159819528932
2616,0.998992163133,-0.00100834507611,-0.000504299654389
2617,0.997232859065,-0.00277097654651,-0.00138644850554
2618,1.00053603415,0.000535890536948,0.000267909374346
2619,1.0001489753,0.00014896420072,7.44793266375e-05
2620,1.00094262358,0.000942179586976,0.000470978848114
2621,0.999116152308,-0.00088423851581,-0.000442217007029
2622,0.995893891545,-0.00411456166592,-0.00205939848713
2623,0.996003988927,-0.00400401645844,-0.00200401358572
2624,0.998040912817,-0.00196100870408,-0.000980985203576
2625,0.998221491361,-0.00178009206324,-0.000890442240126
2626,0.99641024067,-0.00359621797709,-0.00179972655589
2627,0.99856223402,-0.00143880055687,-0.00071965910888
2628,0.996343527548,-0.00366317368803,-0.00183326522374
2629,0.998739523316,-0.0012612717534,-0.000630834769313
2630,0.998043782182,-0.00195813371153,-0.000979546298173
2631,1.00039581059,0.000395732277163,0.000197846564368
2632,0.997414975112,-0.00258837183372,-0.00129502373685
2633,0.998612244344,-0.00138871948087,-0.000694600863964
2634,0.996491195739,-0.00351497455293,-0.00175903256237
2635,0.992837752519,-0.00718801950652,-0.00360047595052
2636,0.998177316726,-0.00182434638274,-0.000912589347863
2637,0.995758375205,-0.00425064600384,-0.00212758310171
2638,0.995614407706,-0.00439523721315,-0.00220003514023
2639,0.99373093832,-0.00628879476223,-0.0031493461842
2640,1.00084166891,0.000841314905658,0.000420568988888
2641,0.99672898293,-0.00327637854084,-0.00163953183549
2642,0.996505796971,-0.0035003220141,-0.00175169343269
2643,0.998788252394,-0.00121248236538,-0.000606424984017
2644,0.998101766227,-0.00190003770158,-0.000950470261638
2645,0.999259206164,-0.000741068359627,-0.000370602836082
2646,0.996732230539,-0.00327312027951,-0.00163790003514
2647,0.996511726706,-0.00349437150502,-0.00174871297085
2648,0.998884459975,-0.00111616270317,-0.000558237107957
2649,0.994769372309,-0.00524435531395,-0.00262561857171
2650,0.996191987408,-0.00381528153114,-0.00190946146978
2651,0.995652557451,-0.00435692015607,-0.00218083464618
2652,0.997383461454,-0.00261996766556,-0.00131084223639
2653,0.997624578761,-0.00237824702744,-0.00118983080141
2654,0.997564276116,-0.00243869508555,-0.00122009124924
2655,1.00072346357,0.000723201999048,0.000361535629762
2656,0.997991595284,-0.00201042426491,-0.0010057175275
2657,1.00159700632,0.00159573246393,0.00079754802134
2658,0.997535519923,-0.00246752190684,-0.00123452234956
2659,0.997403251217,-0.0026001261833,-0.00130090854001
2660,0.997527131604,-0.00247593098489,-0.00123873208803
2661,1.0002105257,0.000210503541202,0.000105246231828
2662,0.999034827228,-0.000965638851128,-0.000482936001624
2663,0.997017021342,-0.00298743660675,-0.00149483445623
2664,0.999852783036,-0.000147227801487,-7.36166103132e-05
2665,0.995610038859,-0.00439962531442,-0.00220223402026
2666,0.998644046268,-0.00135687386957,-0.000678667125178
2667,0.996828817209,-0.00317622164693,-0.00158937253929
2668,0.997848665983,-0.0021536514608,-0.00107740571539
2669,0.997346060321,-0.00265746762004,-0.0013296169679
2670,0.998108429978,-0.00189336129995,-0.000947128893539
2671,1.00018567059,0.000185653357959,9.28223707167e-05
2672,0.99547562457,-0.00453464139252,-0.00226989301155
2673,0.999703933774,-0.000296110061859,-0.000148065991617
2674,0.99750149704,-0.00250162942698,-0.00125159730847
2675,0.997218563236,-0.00278531214731,-0.00139362626946
2676,1.00214912016,0.00214681410455,0.001072831157
2677,0.997216323949,-0.00278755768205,-0.00139475060217
2678,0.995475408566,-0.00453485837832,-0.00227000175072
2679,0.998357301049,-0.00164404966063,-0.00082236278532
2680,0.998042344189,-0.00195957452335,-0.000980267410016
2681,0.998847057034,-0.00115360811594,-0.000576970441417
2682,0.996296158031,-0.00371071817572,-0.00185708133149
2683,0.999004502839,-0.000995992997569,-0.000498120519627
2684,1.00065231397,0.000652101304855,0.00032599750369
2685,0.995593661041,-0.00441607548256,-0.0022104772518
2686,0.997194549939,-0.00280939271146,-0.00140568340377
2687,0.998560134679,-0.00144090292354,-0.000720711049263
2688,0.997324699419,-0.00267888559343,-0.00134034025087
2689,0.998970591465,-0.00102993874036,-0.000515101989671
2690,0.997342055387,-0.00266148321969,-0.00133162743935
2691,0.995704583136,-0.00430466867031,-0.00215465226939
2692,0.995569388726,-0.00444045551992,-0.0022226942907
2693,0.995942986747,-0.00406526525828,-0.00203469982722
2694,0.999712913071,-0.000287128146604,-0.000143574379117
2695,0.998116425863,-0.00188535029305,-0.000943119604389
2696,1.00050271964,0.000502593323443,0.00025126508936
2697,0.996437369987,-0.00356899129246,-0.00178608880611
2698,0.998626567893,-0.00137437612909,-0.000687424232356
2699,0.998026918563,-0.00197503052615,-0.000988003016815
2700,0.99684114875,-0.00316385095256,-0.00158317738044
2701,1.00080880175,0.000808474846508,0.000404155730315
2702,0.998874115903,-0.00112651838038,-0.000563417850434
2703,0.998750003733,-0.00125077816412,-0.000625584678585
2704,0.99812956959,-0.00187218184915,-0.000936529194426
2705,1.00004528956,4.52885329708e-05,2.26440101059e-05
2706,0.999067838206,-0.000932596526987,-0.000466406997429
2707,0.998085257824,-0.00191657763772,-0.000958748124293
2708,0.99568799005,-0.00432133347665,-0.00216300266078
2709,1.00088718016,0.000886786851354,0.000443295141339
2710,1.00203792926,0.00203585549795,0.00101740983627
2711,0.997293282357,-0.00271038742635,-0.00135611240313
2712,1.00015937117,0.000159358467049,7.96760592187e-05
2713,0.996218796873,-0.00378836994711,-0.00189598007515
2714,0.998924220522,-0.00107635854397,-0.000538324116433
2715,0.998389243291,-0.00161205537238,-0.000806352613799
2716,0.997652528854,-0.00235023077627,-0.00117580610676
2717,0.997520425498,-0.00248265373832,-0.00124209763425
2718,0.999707390944,-0.000292651873893,-0.000146336643108
2719,0.995789353813,-0.00421953592052,-0.00211199508665
2720,0.996808840919,-0.0031962616871,-0.0015994085352
2721,0.996167034284,-0.00384033035383,-0.00192200987459
2722,0.999311085935,-0.000689151475798,-0.000344635110938
2723,0.996261984259,-0.00374501958111,-0.00187426403178
2724,0.99804251916,-0.00195939920986,-0.000980179667349
2725,0.9988439012,-0.00115676759761,-0.000578551094965
2726,0.995458985352,-0.00455135637494,-0.00227826950837
2727,1.00008762061,8.76167747588e-05,4.3807427806e-05
2728,1.00027622151,0.000276183371073,0.000138082151319
2729,0.995933108513,-0.00407518378085,-0.00203966919144
2730,1.0002021726,0.000202152166639,0.000101070975304
2731,0.994735830065,-0.00527807449661,-0.0026425225724
2732,0.998906514725,-0.00109408356661,-0.000547191437949
2733,0.996946417544,-0.00305825415201,-0.00153029678695
2734,0.998067745545,-0.00193412366647,-0.000967529588298
2735,0.995742629746,-0.00426645865947,-0.00213550628222
2736,1.00012447465,0.000124466905576,6.22315163269e-05
2737,0.995214770184,-0.00479671568422,-0.00240123620293
2738,0.997694490932,-0.00230817084608,-0.00115475163589
2739,0.99798398999,-0.00201804489382,-0.00100953168132
2740,0.997125967116,-0.00287817084668,-0.00144012140366
2741,1.00019850919,0.000198489487433,9.923981912e-05
2742,0.998273915898,-0.00172757550147,-0.000864160922812
2743,0.997360161265,-0.00264332925326,-0.00132253841023
2744,0.996695809332,-0.00330966156032,-0.00165620076821
2745,1.00202751999,0.00202546734934,0.00101222103299
2746,0.997314894512,-0.00268871684982,-0.00134526247978
2747,0.999377548996,-0.000622644807207,-0.000311370869453
2748,0.99487237976,-0.00514081159774,-0.00257371212412
2749,0.998517345671,-0.0014837545487,-0.000742152533362
2750,0.997169258169,-0.00283475595805,-0.00141838293394
2751,0.997089255074,-0.0029149893822,-0.0014585573527
2752,0.997697693807,-0.00230496057435,-0.00115314464778
2753,0.997600116673,-0.00240276766246,-0.00120210578187
2754,0.997847561575,-0.00215475824968,-0.00107795970621
2755,0.997440096479,-0.00256318567697,-0.00128241442953
2756,0.995629973462,-0.00437960301347,-0.00219220087311
2757,0.99650762644,-0.00349848613217,-0.0017507738842
2758,0.995452107232,-0.00455826589508,-0.0022817321453
2759,0.9973528899,-0.00265061989133,-0.00132618855699
2760,0.992500659581,-0.00752760185592,-0.0037708929215
2761,0.998013982513,-0.00198799223486,-0.000994490295292
2762,0.996928638866,-0.00307608744366,-0.0015392271177
2763,0.997036333264,-0.00296806709253,-0.00148513526898
2764,1.00160023216,0.0015989531572,0.00079915708235
2765,0.996249926625,-0.00375712252929,-0.00188032686628
2766,1.00055366788,0.000553514666101,0.000276719039273
2767,0.993970186211,-0.00604806652686,-0.00302861026453
2768,0.999098433804,-0.000901972851088,-0.000451088135211
2769,0.999224402625,-0.000775898306016,-0.000388024415013
2770,0.99988730622,-0.000112700130845,-5.63516531171e-05
2771,0.997737362112,-0.00226520152138,-0.00113324239515
2772,1.0006880482,0.000687811607675,0.000343846675015
2773,0.994900066352,-0.00511298269444,-0.00255976195773
2774,0.997575086157,-0.00242785870808,-0.00121466646452
2775,0.998571048574,-0.00142997335089,-0.000715242339349
2776,0.998434538885,-0.00156668772985,-0.00078365075886
2777,0.999841001378,-0.000159011263923,-7.9508792618e-05
2778,0.999376871161,-0.00062332306455,-0.000311710103776
2779,1.00092542105,0.000924993115857,0.000462389622882
2780,0.996836669404,-0.00316834450286,-0.00158542771516
2781,0.997861090017,-0.00214120071796,-0.00107117365612
2782,0.996284388062,-0.00372253197065,-0.00186299921603
2783,0.997162209039,-0.0028418251238,-0.00142192253646
2784,0.999750926996,-0.000249104028201,-0.000124559771025
2785,0.996955937906,-0.00304870467466,-0.00152551475292
2786,1.00053750925,0.00053736484254,0.000268646329381
2787,1.00007146296,7.14604105026e-05,3.57295669351e-05
2788,0.995860578913,-0.00414801220642,-0.00207615834153
2789,0.998936268184,-0.00106429798055,-0.000532290606666
2790,0.998037405895,-0.00196452251675,-0.000982743834955
2791,0.997616330536,-0.00238651492658,-0.00119396967824
2792,0.995250669132,-0.00476064477635,-0.00238315760464
2793,0.995353048894,-0.00465778174948,-0.00233160484753
2794,0.997136242165,-0.00286786623503,-0.00143496169118
2795,0.999663869381,-0.000336187124016,-0.000168107690522
2796,0.996636463056,-0.0033692063504,-0.00168602291625
2797,0.996429514066,-0.00357687533243,-0.00179003787467
2798,0.994655628516,-0.00535870372471,-0.00268294453352
2799,0.99528407508,-0.0047270799784,-0.00236633535172
2800,0.997259876648,-0.00274388436199,-0.0013728837242
2801,0.998770749954,-0.00123000619387,-0.000615192250112
2802,0.998182066234,-0.00181958821275,-0.000910208094574
2803,0.996769125169,-0.00323610537639,-0.00161936244177
2804,0.995512447374,-0.00449765191601,-0.00225135646363
2805,0.997907597815,-0.00209459431728,-0.00104784576581
2806,0.998429919719,-0.001571314149,-0.000785965783859
2807,0.997954536382,-0.00204755843586,-0.00102430345876
2808,0.998629124268,-0.00137181624225,-0.000686143409891
2809,0.998600455841,-0.00140052443589,-0.000700507458775
2810,0.999037803996,-0.000962659211748,-0.000481445463556
2811,0.997702929897,-0.00229971241592,-0.00115051754607
2812,0.997972466406,-0.00202959182234,-0.00101531099076
2813,0.997972288125,-0.00202977046554,-0.00101540040305
2814,0.999453887867,-0.000546261306138,-0.000273167956642
2815,0.9973454102,-0.00265811947124,-0.00132994332692
2816,1.00180770635,0.00180607441609,0.000902629592653
2817,0.997109539533,-0.00289464591457,-0.00144837083464
2818,0.998947745605,-0.00105280840353,-0.000526542776771
2819,0.999207297555,-0.000793016799802,-0.000396587019747
2820,0.998542315354,-0.00145874810156,-0.000729640108714
2821,0.99502085408,-0.00499158316863,-0.00249890866479
2822,0.994620088315,-0.0053944355249,-0.00270085852685
2823,0.997877905702,-0.00212434913091,-0.00106273887264
2824,0.997609095313,-0.00239376746323,-0.0011976002828
2825,0.996537836659,-0.00346817049723,-0.0017355896439
2826,0.995490001717,-0.00452019900661,-0.00226265545339
2827,0.99856794035,-0.0014330860277,-0.000716799792122
2828,0.997583670995,-0.00241925303951,-0.00121035841299
2829,0.997953426535,-0.00204867055851,-0.00102486008982
2830,1.00035507357,0.000355010546828,0.000177489520285
2831,0.998159221531,-0.00184247478378,-0.000921661861392
2832,0.996017793628,-0.00399015646909,-0.0019970697273
2833,0.997779839739,-0.00222262847046,-0.00111193197371
2834,0.99749505284,-0.00250808978928,-0.00125483153774
2835,0.999123456143,-0.000876928246218,-0.000438560262553
2836,0.999211038417,-0.000789272977283,-0.000394714367865
2837,0.997120237081,-0.00288391741434,-0.0014429988295
2838,1.00080096828,0.000800647672388,0.000400243717299
2839,0.996911468182,-0.00309331117603,-0.00154785227665
2840,0.998648628347,-0.00135228557947,-0.0006763714258
2841,0.999770459816,-0.000229566532733,-0.000114789854218
2842,0.996793568684,-0.00321158293166,-0.00160708143933
2843,1.00110618917,0.00110557778905,0.000552636134893
2844,0.999128611697,-0.000871768182553,-0.000435979102551
2845,0.998897191958,-0.00110341658223,-0.000551860510125
2846,0.999326692069,-0.000673534704576,-0.000336824064779
2847,0.996225141637,-0.00378200112136,-0.00189278962977
2848,0.998533661433,-0.00146741469323,-0.000733976575694
2849,0.997034092687,-0.00297031433208,-0.00148626055811
2850,0.996476888434,-0.00352933233887,-0.00176622410906
2851,0.995442273514,-0.00456814458896,-0.00228668277473
2852,0.995640147637,-0.0043693842349,-0.0021870802961
2853,0.999225617551,-0.000774682438412,-0.000387416245502
2854,1.00178849993,0.00178690247004,0.000893052226306
2855,0.997414456901,-0.00258889138797,-0.00129528385042
2856,0.998571624339,-0.00142939676154,-0.000714953838512
2857,0.997006549207,-0.00299794012788,-0.00150009408112
2858,0.997002788856,-0.00300171177641,-0.00150198273608
2859,0.99559272878,-0.00441701186967,-0.00221094648039
2860,1.00020542974,0.000205408642514,0.000102699047349
2861,0.999928064387,-7.19382002388e-05,-3.59697470151e-05
2862,0.997555907901,-0.00244708376756,-0.00122429071653
2863,0.998508558147,-0.00149255515903,-0.000746556113914
2864,0.998590711612,-0.00141028236839,-0.000705389854688
2865,0.999049113629,-0.000951338750449,-0.000475782523842
2866,0.995381882085,-0.0046288143662,-0.00231708749078
2867,1.0002693912,0.000269354922273,0.000134668392534
2868,0.995820560837,-0.00418819743063,-0.00209629287135
2869,0.995456630458,-0.00455372201398,-0.00227945502338
2870,0.995492116335,-0.00451807481158,-0.00226159095328
2871,0.996677702665,-0.0033278284191,-0.00166529928291
2872,0.996357170125,-0.00364948113774,-0.00182640642104
2873,0.999123147744,-0.000877236916065,-0.000438714665174
2874,0.99729966645,-0.0027039860271,-0.00135290736813
2875,0.996828766458,-0.00317627255951,-0.00158939803604
2876,0.998239211739,-0.00176234027077,-0.000881558479846
2877,1.00118107705,0.00118038012334,0.000590015933772
2878,0.998620023678,-0.00138092936577,-0.000690703108498
2879,0.99739428297,-0.00260911781933,-0.00130541021679
2880,0.996679114022,-0.0033264123581,-0.00166459007357
2881,0.998204391952,-0.001797222085,-0.00089901491437
2882,0.997802841061,-0.0021995762343,-0.00110039310587
2883,0.995440048554,-0.00457037973836,-0.0022878029056
2884,0.998721355771,-0.00127946239183,-0.000639935867561
2885,0.993956672064,-0.00606166274832,-0.00303542898726
2886,0.997709581084,-0.00229304593788,-0.00114718047766
2887,0.998427899641,-0.00157333740587,-0.000786978207915
2888,1.0012933974,0.00129256167832,0.000646072044683
2889,0.999299736037,-0.000700509262046,-0.000350315977338
2890,0.999644475153,-0.000355588061215,-0.000177809836903
2891,1.00018883929,0.000188821466073,9.44062764834e-05
2892,1.00112635307,0.0011257192151,0.000562701231795
2893,1.00003301879,3.30182429507e-05,1.65089852006e-05
2894,0.997395504927,-0.00260789267123,-0.00130479684327
2895,1.0016928522,0.00169142094038,0.000845352957883
2896,0.998276106667,-0.00172538094718,-0.000863062698047
2897,1.00017311231,0.000173097325681,8.65449176131e-05
2898,0.997478414642,-0.00252476990842,-0.0012631820975
2899,0.997742307575,-0.002260244855,-0.00113076125648
2900,0.996943456234,-0.00306122453586,-0.00153178425276
2901,0.998209858245,-0.00179174597321,-0.000896274400671
2902,1.00031341751,0.000313368403223,0.000156671927283
2903,0.995809765729,-0.00419903790407,-0.0021017244852
2904,0.998376810819,-0.0016245079798,-0.000812583957508
2905,0.994994893227,-0.0050176742718,-0.00251198690132
2906,0.998187661255,-0.00181398301747,-0.000907402949913
2907,0.999539361983,-0.000460744143733,-0.00023039860955
2908,0.998375514376,-0.00162580653188,-0.000813233761349
2909,0.999144210254,-0.000856156143082,-0.000428169710034
2910,0.998306310228,-0.00169512568607,-0.000847922125921
2911,0.994204644227,-0.0058122140118,-0.00291033382841
2912,0.996264381154,-0.00374261369517,-0.00187305883491
2913,0.998695803944,-0.00130504726005,-0.000652736569881
2914,0.99907641628,-0.000924010485894,-0.000462111983807
2915,0.998652998706,-0.00134790931551,-0.000674181816223
2916,0.996425443214,-0.0035809607801,-0.00179208425715
2917,0.996952464023,-0.00305218917134,-0.00152725966061
2918,0.99687151423,-0.00313338971242,-0.00156792276376
2919,0.998431061857,-0.00157017021495,-0.000785393367453
2920,0.999045200479,-0.00095525563235,-0.000477741898502
2921,0.993803891186,-0.00621538436018,-0.00311252606154
2922,0.999298471898,-0.000701774288372,-0.000350948712281
2923,0.993692376649,-0.00632760045682,-0.00316881032661
2924,0.998720305396,-0.00128051411238,-0.000640462064491
2925,0.999398165231,-0.000602015944166,-0.000301053279529
2926,0.998253230918,-0.00174829646211,-0.000874530409972
2927,0.999157339755,-0.000843015483158,-0.00042159658845
2928,0.997942356076,-0.00205976378191,-0.00103041240142
2929,0.995588297065,-0.00442146321367,-0.00221317707571
2930,0.996254237519,-0.00375279541769,-0.00187815924463
2931,0.99699083834,-0.00301369829019,-0.00150798501272
2932,0.997221573983,-0.00278229300695,-0.00139211459664
2933,0.996050014258,-0.00395780753968,-0.00198086309213
2934,0.996149761533,-0.00385766971598,-0.00193069625653
2935,0.996047962356,-0.00395986758129,-0.0019818951538
2936,1.00033327291,0.000333217383292,0.000166594813189
2937,0.999929625272,-7.03772040503e-05,-3.51892211512e-05
2938,0.996821753552,-0.00318330780071,-0.00159292125373
2939,0.998613135375,-0.00138782721144,-0.000694154419464
2940,0.998116770079,-0.00188500542756,-0.000942947009033
2941,0.99425571415,-0.00576084771457,-0.00288457626402
2942,0.997045426784,-0.00295894658432,-0.00148056825269
2943,0.996070846056,-0.0039368933493,-0.00197038533765
2944,0.997502542554,-0.00250058129477,-0.00125107258659
2945,0.997267243591,-0.0027364972041,-0.00136918508123
2946,1.00007819661,7.81935536947e-05,3.90960125783e-05
2947,0.998075158882,-0.00192669600544,-0.000963812171445
2948,0.997997906754,-0.00200410011392,-0.00100255227685
2949,0.999641647112,-0.000358417112166,-0.000179224614895
2950,0.997860820435,-0.00214147087761,-0.00107130888065
2951,0.996616430767,-0.00338930644875,-0.00169608996062
2952,1.00234598872,0.00234324118721,0.00117093451416
2953,0.99964578426,-0.00035427848968,-0.000177154934923
2954,0.999277194727,-0.000723066622266,-0.000361598672177
2955,0.998827263909,-0.00117342428443,-0.000586884291449
2956,0.996599594105,-0.00340620041509,-0.00170455130638
2957,0.996732801373,-0.00327254757472,-0.00163761321377
2958,0.99749728674,-0.00250585028242,-0.00125371037983
2959,0.993772367669,-0.00624710492064,-0.00312843583348
2960,0.998013268117,-0.00198870805226,-0.000994848559993
2961,0.997888207789,-0.00211402518813,-0.00105757142876
2962,0.996096368019,-0.00391127103878,-0.0019575490217
2963,0.995188742733,-0.00482286862409,-0.00241434415826
2964,0.997537507387,-0.00246552953418,-0.00123352493391
2965,0.994309284081,-0.00570696973625,-0.00285755993119
2966,0.999412386453,-0.000587786259708,-0.000293936320671
2967,0.999097307385,-0.00090310028707,-0.000451652107648
2968,0.998812053848,-0.00118865231923,-0.000594502806401
2969,0.999976051259,-2.39490278122e-05,-1.19745856009e-05
2970,0.998470150368,-0.00153102104702,-0.000765803601473
2971,0.996099269919,-0.00390835777117,-0.00195608953753
2972,0.99883639685,-0.00116428066191,-0.000582309807523
2973,0.998637639055,-0.00136328980202,-0.000681877273691
2974,1.00050432449,0.000504197364529,0.000252066908062
2975,0.997177076589,-0.00282691537358,-0.00141445708892
2976,0.997090341032,-0.0029139002546,-0.00145801199477
2977,0.997223636576,-0.00278022466961,-0.00139107898882
2978,0.995324226983,-0.004686738639,-0.00234611715536
2979,0.995297973641,-0.00471311566039,-0.00235933669502
2980,0.997616172844,-0.00238667299529,-0.00119404880696
2981,0.995826469139,-0.00418226434897,-0.00209332011619
2982,0.998858415917,-0.0011422361865,-0.000571281212241
2983,0.998062065985,-0.00193981423903,-0.000970377631532
2984,0.996002914363,-0.00400509533444,-0.0020045541049
2985,0.997058094138,-0.00294624177278,-0.00147420646196
2986,0.997032141871,-0.00297227095336,-0.00148724032326
2987,0.996674886344,-0.00333065413195,-0.00166671449316
2988,0.998370899105,-0.00163042932234,-0.000815547038957
2989,0.99963836987,-0.000361695534145,-0.000180864121016
2990,0.995777812146,-0.00423112645838,-0.00211780261199
2991,0.995804696865,-0.00420412810984,-0.00210427494044
2992,0.995688334822,-0.00432098721127,-0.00216282915362
2993,0.999552438989,-0.000447661196137,-0.000223855650006
2994,0.997447375471,-0.00255588802979,-0.0012787609333
2995,0.999290353075,-0.000709898843679,-0.00035501242384
2996,0.99760708525,-0.00239578234573,-0.00119860893107
2997,0.998436938114,-0.00156428474166,-0.000782448323933
2998,0.995852544061,-0.00415608048902,-0.0020802008665
2999,1.00080654064,0.000806215565738,0.000403026545843
3000,0.998243988768,-0.00175755482667,-0.000879163651338
3001,0.997651579035,-0.00235118283081,-0.00117628269386
3002,0.996881758454,-0.00312311339199,-0.00156277656053
3003,0.996813614137,-0.00319147319975,-0.00159701046502
3004,0.995826512384,-0.00418222092323,-0.00209329835788
3005,0.998564526125,-0.00143650515433,-0.000718510582313
3006,0.999326343315,-0.000673883694021,-0.000336998618291
3007,0.998295616973,-0.00170583714031,-0.000853282408634
3008,0.997712460324,-0.00229016009167,-0.0011457359003
3009,0.996278186187,-0.00372875699474,-0.00186611753153
3010,1.00129055455,0.00128972249839,0.000644653370866
3011,0.998129180327,-0.001872571842,-0.000936724373491
3012,0.997769368513,-0.00223312305117,-0.00111718511247
3013,0.996578505718,-0.00342736097932,-0.00171514967919
3014,1.00068126319,0.000681031236599,0.000340457649436
3015,0.99717246781,-0.00283153721052,-0.00141677127876
3016,0.996085556517,-0.00392212496947,-0.00196298662535
3017,0.997496262799,-0.0025068767927,-0.00125422427857
3018,0.999404154973,-0.000596022612895,-0.000298055716228
3019,0.997641545521,-0.00236124001313,-0.00118131721272
3020,0.99840587596,-0.00159539600808,-0.000798016249709
3021,0.998699363221,-0.00130148334124,-0.000650953448917
3022,0.995391944915,-0.00461870490003,-0.00231202105824
3023,0.999584981986,-0.000415104158166,-0.000207573619506
3024,0.999487782411,-0.000512348817459,-0.000256207224196
3025,0.996797736101,-0.00320740211802,-0.00160498767524
3026,0.998255056545,-0.00174646764188,-0.000873615200594
3027,0.998460970728,-0.00154021479434,-0.000770404006005
3028,0.997286548332,-0.0027171397509,-0.00135949314957
3029,1.00094078039,0.000940338129994,0.000470058552843
3030,0.994705099266,-0.0053089684008,-0.00265801046303
3031,0.997608174522,-0.00239469046167,-0.00119806233481
3032,1.0012512615,0.00125047932669,0.000625044241759
3033,0.994227995215,-0.00578872718392,-0.00289855630637
3034,0.996419934582,-0.00358648918802,-0.00179485341862
3035,0.996857578331,-0.00314736944384,-0.00157492361351
3036,0.997274840208,-0.00272887980026,-0.00136537117176
3037,0.997910019976,-0.00209216708012,-0.00104663087628
3038,0.997931179058,-0.00207096390821,-0.00103601825064
3039,0.994221265146,-0.00579549634695,-0.00290195070402
3040,0.997972804548,-0.00202925299379,-0.00101514140449
3041,0.99632974952,-0.00367700237467,-0.00184019226683
3042,0.99510644041,-0.0049055722586,-0.0024557966701
3043,0.995023201598,-0.00498922390604,-0.0024977260864
3044,0.998904404334,-0.00109619626921,-0.000548248367832
3045,0.997598681105,-0.00240420668498,-0.00120282615832
3046,0.998617475311,-0.00138348125757,-0.00069197993651
3047,0.997348401137,-0.00265512057763,-0.00132844188706
3048,0.998173520873,-0.00182814917359,-0.000914492480287
3049,0.999220053694,-0.000780250622575,-0.000390201420064
3050,0.998487576541,-0.00151356832553,-0.000757070596152
3051,0.994785041497,-0.00522860386006,-0.00261772219721
3052,0.997075791856,-0.00292849199396,-0.00146531852857
3053,0.99708746126,-0.00291678843421,-0.00145945819112
3054,1.00243629249,0.00243332953686,0.00121592493193
3055,0.997392431167,-0.00261097446217,-0.00130633975048
3056,0.999508460548,-0.000491660297111,-0.000245860367263
3057,0.997862420735,-0.00213986714829,-0.00107050615726
3058,0.993820479649,-0.00619869261084,-0.00310415424505
3059,1.00078304429,0.000782737871251,0.000391292360793
3060,0.997930053161,-0.00207209214002,-0.00103658295113
3061,0.996055051576,-0.00395275025871,-0.00197832944596
3062,0.998213910392,-0.00178768656752,-0.000894242880716
3063,0.998330180881,-0.0016712148211,-0.000835956627685
3064,0.99785004904,-0.00215226542264,-0.00107671194989
3065,0.995369700713,-0.00464105232884,-0.00232322066908
3066,1.00009946542,9.94604714364e-05,4.97289991904e-05
3067,0.995817352174,-0.0041914195652,-0.00209790731721
3068,1.00034874867,0.000348687873151,0.000174328739554
3069,0.997510753054,-0.00249235027202,-0.00124695193489
3070,1.00461908187,0.0046084466532,0.00230157064188
3071,0.998570043237,-0.00143098012678,-0.000715746087461
3072,0.995430656744,-0.00457981461565,-0.00229253114796
3073,0.99482213017,-0.00519132145196,-0.00259903236987
3074,0.996645812933,-0.00335982496299,-0.00168132432495
3075,0.996905662844,-0.00309913451637,-0.0015507684579
3076,0.997796485232,-0.00220594607896,-0.00110358153794
3077,0.99744801535,-0.00255524651381,-0.00127843976519
3078,0.997418526552,-0.00258481119619,-0.00129324111411
3079,0.999147206972,-0.000853156863132,-0.000426669429084
3080,0.997401999516,-0.00260138114357,-0.00130153683664
3081,0.997974816416,-0.00202723704113,-0.00101413240543
3082,0.998739140276,-0.00126165527677,-0.000631026651985
3083,0.999390937078,-0.000609248475833,-0.000304670640591
3084,0.997643230399,-0.00235955115383,-0.00118047178588
3085,0.998599385286,-0.00140159649137,-0.00070104386215
3086,0.996004820248,-0.00400318180233,-0.00200359542142
3087,0.996908586209,-0.00309620208113,-0.00154929996759
3088,0.997766446449,-0.00223605165175,-0.00111865104973
3089,0.997790319254,-0.00221212569267,-0.00110667475943
3090,0.995696628316,-0.00431265783861,-0.00215865546848
3091,0.997080288694,-0.00292398197833,-0.001463060219
3092,0.996177569216,-0.00382975494277,-0.00191671202004
3093,0.994780814011,-0.00523285351621,-0.00261985258976
3094,0.995361630242,-0.00464916037549,-0.00232728411903
3095,0.998646833329,-0.00135408302769,-0.000677270758184
3096,0.998210685509,-0.0017909172268,-0.000895859656162
3097,0.99943271199,-0.0005674489787,-0.00028376474295
3098,0.998454208046,-0.00154698792276,-0.000773793184977
3099,0.99540539117,-0.0046051964883,-0.00230525125937
3100,0.997238107324,-0.00276571373889,-0.0013838134569
3101,0.996576179259,-0.00342969542804,-0.0017163189062
3102,0.996284291471,-0.00372262892214,-0.00186304778208
3103,0.997569120524,-0.00243383886061,-0.0012176601772
3104,0.999326419564,-0.000673807393362,-0.000336960455105
3105,1.00011503992,0.000115033305726,5.75149988122e-05
3106,0.999650690923,-0.000349370099791,-0.000174700308218
3107,1.00159834081,0.00159706482654,0.00079821367111
3108,0.997360930189,-0.00264255829501,-0.00132215242137
3109,1.00041085357,0.000410769191704,0.00020536350588
3110,0.998239611807,-0.00176193949758,-0.000881357916617
3111,0.997310898322,-0.00269272380665,-0.0013472686554
3112,1.00062590183,0.000625706031888,0.000312804082542
3113,0.996568190363,-0.00343771180343,-0.00172033398127
3114,0.998244298132,-0.00175724491883,-0.0008790085612
3115,0.996808411599,-0.00319669238162,-0.0015996242269
3116,0.99773306418,-0.00226950920858,-0.0011353986819
3117,0.997730355358,-0.00227222418956,-0.0011367577146
3118,1.00157969736,0.00157845095225,0.000788914119616
3119,0.999674572943,-0.000325480020051,-0.000162753252899
3120,0.997830759152,-0.00217159705933,-0.0010863882223
3121,0.995133732881,-0.00487814594923,-0.00244204993295
3122,1.00078081039,0.00078050571281,0.000390176717664
3123,0.996332633841,-0.00367410743288,-0.00183874213336
3124,0.998254410064,-0.00174711525384,-0.000873939289509
3125,0.996169630437,-0.00383772421518,-0.0019207043016
3126,0.998812697072,-0.00118800833017,-0.000594180620497
3127,1.00210139224,0.00209918740518,0.00104904307178
3128,0.995761011996,-0.00424799798516,-0.00212625627631
3129,0.994674820809,-0.00533940849592,-0.00267327108177
3130,0.996559365096,-0.00344656749982,-0.00172476945666
3131,0.997695685477,-0.00230697354082,-0.00115415229214
3132,0.998305437055,-0.00169600034135,-0.000848359824474
3133,0.996795179987,-0.00320996644763,-0.00160627189873
3134,0.997163442141,-0.00284058851299,-0.00142130335206
3135,0.997795785725,-0.00220664713137,-0.00110393245104
3136,1.00073043295,0.000730166317492,0.000365016523999
3137,0.998799459042,-0.00120126218425,-0.000600811507099
3138,0.997872486048,-0.00212978032454,-0.00106545735912
3139,0.996411457839,-0.00359499642351,-0.00179911468005
3140,1.00166641081,0.00166502388743,0.000832165501791
3141,1.00148792401,0.00148681814391,0.000743132811895
3142,1.00052756229,0.000527423180016,0.000263676821163
3143,0.995645260616,-0.0043642488788,-0.00218450700564
3144,0.997985695252,-0.00201633618832,-0.00100867646644
3145,0.996211593455,-0.00379560073212,-0.00189960232892
3146,0.998658078851,-0.00134282233133,-0.000671636612596
3147,0.998243127468,-0.00175841764251,-0.000879595438628
3148,0.994218235319,-0.00579854378848,-0.00290347884772
3149,0.996103996177,-0.00390361301622,-0.00195371252229
3150,0.996391571635,-0.00361495444616,-0.00180911169465
3151,0.99718688767,-0.00281707656699,-0.00140953073946
3152,0.997913113038,-0.00208906754516,-0.00104507948797
3153,0.998036762216,-0.00196516746176,-0.000983066624422
3154,0.997168433735,-0.00283558273233,-0.0014187969075
3155,0.997068263285,-0.00293604267285,-0.00146909940722
3156,0.997398179146,-0.00260521147189,-0.00130345449529
3157,0.997002433359,-0.00300206834229,-0.00150216128681
3158,0.997631404235,-0.00237140532544,-0.00118640588603
3159,1.00375937399,0.00375232520721,0.00187440371071
3160,0.999946819552,-5.31818619864e-05,-2.65912845352e-05
3161,0.998242389502,-0.00175915690776,-0.000879965396447
3162,0.996932243475,-0.0030724717364,-0.00153741648301
3163,0.993577602616,-0.00644310970774,-0.00322674963864
3164,0.999803618208,-0.000196401077095,-9.82053603782e-05
3165,0.995623071942,-0.0043865348499,-0.00219567439534
3166,0.997580595678,-0.0024223358095,-0.0012119016648
3167,1.00081416327,0.000813832023749,0.000406833232783
3168,0.998351194905,-0.00165016587019,-0.000825423409653
3169,0.999187570419,-0.000812759781081,-0.000406462474035
3170,0.997793804225,-0.00220863301068,-0.00110492648733
3171,0.996810408798,-0.00319468879008,-0.00159862082914
3172,0.994407701001,-0.0056079944463,-0.0028079321003
3173,1.0015193973,0.00151824418458,0.000758834032009
3174,1.00086412321,0.000863750074307,0.000431781792554
3175,0.997265371446,-0.00273837448135,-0.00137012500547
3176,0.996175024622,-0.00383230930343,-0.00191799164917
3177,0.998567563958,-0.00143346295957,-0.000716988393168
3178,0.995769789358,-0.00423918329613,-0.00212183957039
3179,0.997550900657,-0.00245210329255,-0.00122680355486
3180,0.995163117633,-0.00484861793996,-0.00242724998313
3181,0.998425531819,-0.00157570895817,-0.000788164917948
3182,0.996760504011,-0.00324475451607,-0.00162369402402
3183,0.999622760253,-0.00037731091942,-0.000188673256271
3184,0.996634648459,-0.00337102707307,-0.00168693481289
3185,0.997163939553,-0.00284008968593,-0.00142105358407
3186,0.996970052285,-0.00303454729958,-0.00151842529183
3187,0.998888594258,-0.00111202381176,-0.000556166509152
3188,0.999784427741,-0.000215595497865,-0.000107803559318
3189,0.996400128572,-0.00360636655807,-0.00180480999161
3190,1.00016577053,0.000165756789427,8.28749603942e-05
3191,0.995820143792,-0.00418861622569,-0.00209650270787
3192,0.999621199147,-0.000378872616107,-0.000189454252244
3193,0.998214678816,-0.00178691676929,-0.000893857637484
3194,0.996421230461,-0.00358518865463,-0.00179420198501
3195,0.999906526903,-9.34774657846e-05,-4.6739825164e-05
3196,1.00020033373,0.000200313669849,0.000100151819396
3197,0.998326735159,-0.00167466631187,-0.000837683817207
3198,0.996691439131,-0.00331404625867,-0.00165839675076
3199,0.998550633544,-0.00145041780319,-0.00072547192915
3200,0.998889262571,-0.00111135475513,-0.000555831794838
3201,0.999971202105,-2.87983094675e-05,-1.43992584021e-05
3202,0.99339367107,-0.0066282473072,-0.00331962143316
3203,0.998212964385,-0.00178863426812,-0.000894717154868
3204,0.999145713448,-0.000854651662257,-0.000427417147818
3205,0.993500747862,-0.00652046423596,-0.00326555245499
3206,0.993420652999,-0.00660108631018,-0.00330599594506
3207,0.998490278412,-0.00151086236594,-0.000755716592972
3208,0.997983831108,-0.00201820409692,-0.00100961136324
3209,0.996970869043,-0.0030337280597,-0.00151801505
3210,0.997135793086,-0.00286831660377,-0.00143518719871
3211,0.995835920489,-0.00417277343338,-0.00208856473592
3212,0.99838031365,-0.00162099946,-0.000810828273659
3213,1.00026158726,0.000261553056751,0.000130767977498
3214,0.995614595443,-0.00439504864972,-0.00219994065109
3215,0.999076490259,-0.000923936438513,-0.000462074943008
3216,0.996229959993,-0.00377716451978,-0.00189036675458
3217,0.998389981373,-0.00161131610011,-0.000805982679678
3218,0.996701156291,-0.00330429689029,-0.00165351399431
3219,0.998874169863,-0.00112646435979,-0.000563390824921
3220,0.996998336558,-0.00300617746888,-0.00150421893851
3221,0.994682471138,-0.005331717239,-0.00266941518032
3222,0.997928264387,-0.00207388462617,-0.00103748012364
3223,0.998797858886,-0.00120286426545,-0.000601613029292
3224,1.0013409226,0.00134002436949,0.000669787776701
3225,1.00078402799,0.000783720799751,0.000391783632617
3226,0.999066941394,-0.000933494176337,-0.00046685603154
3227,0.994993410275,-0.00501916468504,-0.00251273398017
3228,1.00064257955,0.000642373184876,0.000321135017546
3229,0.998800591731,-0.00120012813442,-0.000600244141671
3230,0.995695046633,-0.00431424635906,-0.00215945144355
3231,0.996866951541,-0.00313796673126,-0.00157021486401
3232,0.999002206006,-0.000998292121821,-0.000499270655035
3233,0.999013415815,-0.000987071179814,-0.000493657398635
3234,0.999625831724,-0.00037423829481,-0.000187136655284
3235,0.997671148666,-0.00233156732552,-0.00116646345267
3236,0.996563029267,-0.00344289068561,-0.00172292788042
3237,0.997791486601,-0.00221095576144,-0.00110608914662
3238,0.996112876611,-0.00389469788774,-0.0019492462592
3239,0.998717933563,-0.00128288898743,-0.000641650263229
3240,0.994499610294,-0.00551557254979,-0.00276159246554
3241,0.996547687577,-0.00345828540434,-0.00173063853146
3242,0.993673363156,-0.0063467348239,-0.00317840787265
3243,0.997642185458,-0.00236059856409,-0.00118099610937
3244,0.993657353262,-0.00636284678189,-0.00318648948939
3245,0.997867743364,-0.00213453313178,-0.00106783629752
3246,0.996673741183,-0.003331803114,-0.00166728994186
3247,0.994560052016,-0.00545479838272,-0.00273112192823
3248,0.995884278512,-0.00412421438011,-0.00206423479529
3249,0.996480123879,-0.00352608546037,-0.00176459780377
3250,0.997820244449,-0.00218213467603,-0.00109166276851
3251,0.996645985406,-0.00335965190974,-0.00168123765285
3252,0.995137940674,-0.00487391758865,-0.00243993059196
3253,0.995164985003,-0.00484674149534,-0.00242630948396
3254,0.997701385002,-0.00230126086866,-0.0011512926635
3255,0.997710741998,-0.00229188235912,-0.00114659802103
3256,0.996509222314,-0.00349688466701,-0.00174997175004
3257,0.998941088183,-0.00105947286054,-0.000529876765391
3258,0.997889832475,-0.00211239706588,-0.00105675650704
3259,1.0012335831,0.00123282286484,0.000616221489921
3260,0.996975422562,-0.00302916071594,-0.00151572791408
3261,0.996449753816,-0.00355656326419,-0.00177986371253
3262,0.996327580952,-0.00367917893417,-0.00184128254982
3263,1.00048856153,0.0004884422265,0.000244191293701
3264,0.997406747323,-0.00259662098114,-0.00129915366049
3265,0.998101188391,-0.00190061663687,-0.000950760004456
3266,0.99691841405,-0.00308634381345,-0.00154436320921
3267,0.993835132874,-0.00618394838183,-0.00309675927363
3268,0.994857460435,-0.00515580792967,-0.00258122961638
3269,0.997031220259,-0.00297319530849,-0.0014877031883
3270,0.997019607468,-0.00298484274588,-0.00149353558794
3271,0.995424926725,-0.00458557095346,-0.00229541591931
3272,0.995833821829,-0.00417488087133,-0.00208962065621
3273,0.999534690185,-0.000465418105493,-0.000232736131598
3274,0.997134177007,-0.0028699373262,-0.00143599872327
3275,0.997402521674,-0.0026008576261,-0.00130127473725
3276,1.00032577914,0.000325726090009,0.000162849783539
3277,0.998675011325,-0.00132586724838,-0.00066315341325
3278,0.996283349737,-0.00372357416901,-0.00186352128615
3279,1.00276078216,0.00275697820373,0.00137753942219
3280,0.996465951488,-0.00354030801306,-0.00177172165399
3281,0.99733875092,-0.00266479649883,-0.00133328628633
3282,0.996672884904,-0.00333266225114,-0.00166772022674
3283,0.994820430768,-0.00519302970085,-0.00259988871457
3284,0.99838826012,-0.00161304013018,-0.000806845389854
3285,1.00098883854,0.000988349964874,0.000494052898092
3286,0.998923158295,-0.00107742191577,-0.000538856088694
3287,1.00080505389,0.000804730009301,0.000402284066708
3288,0.997966885407,-0.00203518417563,-0.0010181100103
3289,0.998617392745,-0.00138356393791,-0.000692021305288
3290,1.00079669079,0.00079637359979,0.000398107534053
3291,0.998307935416,-0.00169349774209,-0.000847107464076
3292,0.999754901684,-0.000245128357912,-0.000122571690252
3293,0.997203562412,-0.00280035492388,-0.00140115816807
3294,0.997636278626,-0.00236651937298,-0.00118396001443
3295,0.997464182409,-0.00253903822215,-0.00127032529158
3296,0.994664802376,-0.00534948061557,-0.00267832061706
3297,0.995879711871,-0.00412879990452,-0.00206653229292
3298,1.00009193501,9.19307833196e-05,4.59643352674e-05
3299,0.996497621923,-0.00350852576172,-0.00175580250015
3300,0.99977984557,-0.00022017866763,-0.000110095393868
3301,0.999305452526,-0.00069478878391,-0.000347454740375
3302,0.997344327168,-0.00265920538643,-0.00133048700676
3303,0.999090104044,-0.00091031016212,-0.000455258679851
3304,0.996802909009,-0.00320221260551,-0.00160238875781
3305,1.00043366692,0.000433572917022,0.000216762962024
3306,1.00013441239,0.000134403357807,6.71994209211e-05
3307,0.997951567734,-0.00205053317251,-0.00102579235171
3308,0.997969872926,-0.00203219057508,-0.00101661168724
3309,0.999858255848,-0.000141754198735,-7.08796112081e-05
3310,0.997873893596,-0.00212836977714,-0.00106475133423
3311,0.997413774719,-0.00258957533872,-0.00129562626881
3312,0.997658945838,-0.00234379871348,-0.00117258629911
3313,0.996501310283,-0.00350482444494,-0.00175394859409
3314,0.997257067539,-0.00274670119326,-0.00137429407442
3315,0.999736038321,-0.000263996522815,-0.000132006973561
3316,0.997097840362,-0.00290637906928,-0.0014542459262
3317,0.997875183738,-0.00212707688712,-0.00106410420112
3318,0.999352441492,-0.000647768264219,-0.000323936588238
3319,0.996774086972,-0.00323112750305,-0.00161686947771
3320,0.997402057347,-0.0026013231626,-0.00130150780842
3321,0.995933062952,-0.00407522952714,-0.00203969211124
3322,0.996945094464,-0.00305958128463,-0.00153096136893
3323,0.99780554879,-0.00219686254653,-0.00109903476984
3324,1.00073951638,0.000739243073306,0.000369553235028
3325,0.99619824921,-0.0038089958132,-0.00190631261459
3326,0.997854934736,-0.00214736921147,-0.00107426121139
3327,0.997603932091,-0.00239894307343,-0.0012001911904
3328,0.995738803074,-0.00427030169982,-0.00213743190766
3329,0.99907055849,-0.00092987370815,-0.000465044953966
3330,1.00099272986,0.000992237425967,0.000495995666444
3331,0.995989851645,-0.00401821056042,-0.00201112488453
3332,0.997830250774,-0.00217210654196,-0.0010866432404
3333,0.99908881258,-0.000911602803521,-0.000455905295004
3334,0.998318492806,-0.00168292251448,-0.000841815385087
3335,0.997976104807,-0.00202594603647,-0.00101348624868
3336,0.999909101605,-9.0902526936e-05,-4.54522963922e-05
3337,0.994960857238,-0.00505188205648,-0.00252913390505
3338,0.994893493748,-0.00511958901229,-0.00256307357742
3339,0.997659840758,-0.00234290169364,-0.00117213726337
3340,0.996221620696,-0.00378553541003,-0.00189456012051
3341,0.99651612435,-0.00348995847725,-0.00174650260085
3342,0.9972164092,-0.00278747219367,-0.00139470779837
3343,0.996492511612,-0.00351365404737,-0.0017583711484
3344,0.997450291763,-0.00255296427936,-0.00127729718977
3345,0.997080697404,-0.00292357207143,-0.00146285496571
3346,0.99706462228,-0.00293969439036,-0.00147092795002
3347,0.999710367008,-0.000289674944063,-0.000144847961485
3348,0.995557610319,-0.00445228641453,-0.00222862290376
3349,1.00020484626,0.000204825280204,0.000102407396107
3350,0.995217463042,-0.00479400988258,-0.0023998800544
3351,0.996104363521,-0.00390324423559,-0.00195352777174
3352,0.998543018686,-0.00145804374335,-0.000729287672708
3353,0.995571388211,-0.00443844713931,-0.00222168786889
3354,1.00236936629,0.00236656376622,0.00118258208115
3355,1.0004882641,0.000488144939841,0.000244042686659
3356,0.998656655903,-0.00134424719304,-0.000672349522197
3357,0.999582538223,-0.000417548938535,-0.000208796264174
3358,0.996925256839,-0.00307947989619,-0.00154092595628
3359,0.999176342415,-0.000823996977343,-0.000412083371706
3360,0.998975282042,-0.00102524334061,-0.000512753083246
3361,0.996120322994,-0.00388722247492,-0.00194550127408
3362,0.996881313896,-0.00312355934069,-0.00156299988336
3363,1.00084124364,0.000840889997509,0.000420356624142
3364,1.00281768728,0.00281372504334,0.00140587335452
3365,0.996180563898,-0.00382674877382,-0.00191520605572
3366,0.994831263216,-0.0051821409125,-0.00259443018044
3367,0.997094577739,-0.00290965119347,-0.00145588436888
3368,0.99910473397,-0.000895667019895,-0.000447933802345
3369,0.997070141856,-0.00293415857993,-0.00146815597725
3370,0.998424242819,-0.00157699999172,-0.000788810943703
3371,0.996563017704,-0.00344290228835,-0.00172293369179
3372,0.994820001258,-0.0051934614463,-0.00260010514857
3373,0.996760768648,-0.0032444890187,-0.0016235610598
3374,0.999548238533,-0.000451863541902,-0.000225957295456
3375,0.998303511149,-0.00169792951788,-0.000849325231521
3376,0.996882831018,-0.00312203747276,-0.00156223776035
3377,0.99572202629,-0.00428715042048,-0.00214587431005
3378,0.996443837751,-0.00356250042512,-0.00178283758108
3379,0.994559506308,-0.00545534707584,-0.0027313970241
3380,0.998611285287,-0.00138967987057,-0.000695081392472
3381,0.996732263316,-0.0032730873951,-0.001637883566
3382,0.995387123823,-0.0046235483227,-0.00231444837156
3383,0.99817028954,-0.00183138642454,-0.000916112587294
3384,0.996384709198,-0.0036218417596,-0.00181256158726
3385,0.998165667888,-0.00183601655944,-0.000918429778293
3386,0.999925084847,-7.49179596386e-05,-3.74596814157e-05
3387,0.998852420032,-0.0011482389424,-0.000574284309329
3388,0.998112472299,-0.00188931132569,-0.000945101990538
3389,0.996352159785,-0.00365450980897,-0.00182892535202
3390,0.999527429663,-0.000472682033131,-0.000236368947304
3391,0.99904991526,-0.000950536356519,-0.000475381136074
3392,0.997082737456,-0.00292152604831,-0.00146183045815
3393,0.999329174015,-0.000671051089552,-0.000335581839767
3394,0.999737975377,-0.000262058957637,-0.000131038063556
3395,0.998517969722,-0.00148312957129,-0.000741839812789
3396,0.996823737044,-0.00318131798643,-0.00159192476228
3397,0.99897075314,-0.00102977689802,-0.000515021026823
3398,0.996669539197,-0.00333601913196,-0.00166940146773
3399,0.99790518319,-0.00209701400813,-0.0010490568797
3400,0.995417113052,-0.00459342056959,-0.00229934974417
3401,0.998886856895,-0.00111376310891,-0.000557036641773
3402,1.00202533836,0.00202329012279,0.00101113352104
3403,0.99716241352,-0.00284162006032,-0.00142181985894
3404,0.999729404511,-0.000270632106126,-0.000135325208693
3405,0.999578422018,-0.000421666870949,-0.000210855662405
3406,0.997997861176,-0.00200414578313,-0.00100257513435
3407,1.00037773372,0.00037766239729,0.000188813371157
3408,0.99779230747,-0.00221013307571,-0.00110567734886
3409,0.99610924234,-0.00389834634805,-0.0019510740469
3410,0.998015317897,-0.00198665419392,-0.000993820609716
3411,0.999141211577,-0.000859157392839,-0.000429670978561
3412,0.996035567842,-0.00397231135022,-0.00198812938878
3413,0.995493111065,-0.00451707557692,-0.00226109020614
3414,0.997804042436,-0.00219837221413,-0.00109979043352
3415,0.995126429407,-0.00488548516464,-0.00244572850877
3416,0.995464554867,-0.00454576146916,-0.00227546568606
3417,0.992474418931,-0.00755404112937,-0.00378416249577
3418,0.997714371663,-0.00228824437201,-0.00114477694348
3419,0.994618172112,-0.0053963620938,-0.00270182441346
3420,0.997063733797,-0.00294058548974,-0.00147137415518
3421,0.998650529435,-0.00135038192,-0.000675418952726
3422,0.999023493601,-0.000976983491782,-0.000488611077414
3423,0.998459690041,-0.00154149745587,-0.000771045831061
3424,0.996858331348,-0.00314661405358,-0.00157454532361
3425,1.00065528987,0.000655075257653,0.000327483994233
3426,0.998462815381,-0.00153836729967,-0.000769479547441
3427,0.997020071062,-0.00298437776661,-0.0014933027511
3428,0.997338465268,-0.00266508291252,-0.00133342968412
3429,1.00060563924,0.000605455917671,0.00030268214135
3430,0.999599686971,-0.000400393175572,-0.00020021662846
3431,0.996881804698,-0.00312306700307,-0.00156275332983
3432,0.996118303973,-0.00388924936172,-0.00194651668965
3433,0.999181764305,-0.000818570632575,-0.00040936908495
3434,0.998599158039,-0.00140182405721,-0.000701157724841
3435,0.997819354705,-0.00218302636421,-0.00109210909941
3436,0.996551796613,-0.00345416214244,-0.0017285733347
3437,0.998110713814,-0.00189107313853,-0.000945983729892
3438,0.999883696325,-0.00011631043922,-5.81569106577e-05
3439,0.997769533202,-0.00223295799414,-0.00111710249177
3440,0.998829929321,-0.00117075574661,-0.000585549240367
3441,0.998211326493,-0.0017902750933,-0.00089553830183
3442,1.00100097987,0.00100047922864,0.000500114515345
3443,0.996455876169,-0.00355041911671,-0.00177678617565
3444,0.997128322949,-0.00287580822655,-0.00143893839307
3445,0.999082519142,-0.000917902001576,-0.000459056334912
3446,0.997488108154,-0.00251505193959,-0.00125831698712
3447,0.99809304454,-0.00190877601482,-0.000954843580564
3448,0.99581000976,-0.00419879284581,-0.00210160169855
3449,0.998293839283,-0.00170761786733,-0.000854173532273
3450,0.996228677567,-0.00377845179985,-0.00189101161153
3451,1.00159725819,0.00159598392906,0.000797673653615
3452,1.00072728617,0.000727021825576,0.000363444850701
3453,0.998416519759,-0.00158473527083,-0.000792681641581
3454,0.997761656146,-0.00224085268977,-0.00112105425697
3455,0.998106838456,-0.00189495583944,-0.000947926918717
3456,1.00091200062,0.00091158500203,0.000455688643393
3457,0.998914673513,-0.00108591588076,-0.000543105368723
3458,0.9997200308,-0.000280008398813,-0.000140014000452
3459,0.999811949596,-0.000188068088146,-9.40384654124e-05
3460,0.996810354625,-0.00319474313704,-0.00159864804606
3461,0.998927534467,-0.00107304103593,-0.000536664470842
3462,0.998178600383,-0.00182306038177,-0.000911945760788
3463,0.99494195554,-0.00507087966564,-0.00253865677861
3464,0.998425101647,-0.0015761398092,-0.000788380513275
3465,0.997719503886,-0.00228310040576,-0.00114220201931
3466,0.998255378644,-0.00174614498035,-0.000873453728905
3467,0.998083676935,-0.00191816156104,-0.000959540845561
3468,0.997218405773,-0.00278547004892,-0.00139370533029
3469,0.996794009514,-0.00321114068386,-0.00160685996009
3470,0.999693231153,-0.00030681590991,-0.000153419722557
3471,0.998715630539,-0.00128519497044,-0.000642803995215
3472,0.999793868303,-0.000206152945247,-0.000103081785186
3473,0.998181658335,-0.00181999685536,-0.00091041260187
3474,0.997026696252,-0.00297773279681,-0.00148997531025
3475,1.00024559446,0.000245564302865,0.000122774614013
3476,0.998837331903,-0.00116334451946,-0.000581841463846
3477,0.997196082296,-0.00280785604475,-0.00140491399068
3478,0.999678059712,-0.000321992121815,-0.000161009021469
3479,0.999536679667,-0.00046342769918,-0.000231740697317
3480,0.995627809473,-0.00438177650341,-0.00219329000104
3481,0.997914965314,-0.00208721139716,-0.00104415044449
3482,0.998704105135,-0.001296735263,-0.000648577867226
3483,0.997118007063,-0.00288615387556,-0.00144411867435
3484,0.998484047275,-0.00151710294367,-0.000758839244764
3485,0.998505813022,-0.00149530438839,-0.000747931755765
3486,0.999272691912,-0.000727572704925,-0.000363852530743
3487,0.99870441116,-0.00129642884066,-0.0006484245567
3488,0.997799979121,-0.00220244447998,-0.00110182880784
3489,0.999997554453,-2.44555042936e-06,-1.22277596226e-06
3490,0.997152005472,-0.00285205778132,-0.00142704615335
3491,0.995688589802,-0.00432073112707,-0.0021627008346
3492,0.997140619374,-0.00286347646444,-0.00143276365872
3493,0.999138238974,-0.000862132555889,-0.000431159200364
3494,0.999069251555,-0.000931181860753,-0.000465699334657
3495,0.996371798361,-0.00363479952677,-0.00181905223525
3496,0.998906438112,-0.0010941602626,-0.00054722980693
3497,0.999761133236,-0.000238895297121,-0.000119454782715
3498,0.998729617967,-0.00127118965207,-0.000635796859227
3499,0.999228266258,-0.000772031682041,-0.000386090354723
3500,0.997537665347,-0.00246537118479,-0.00123344566156
3501,0.997639929102,-0.00236286025453,-0.00118212829075
3502,0.996557709727,-0.00344822858605,-0.00172560143262
3503,1.00110286079,0.00110225308445,0.000550974699886
3504,1.00112616548,0.00112553183471,0.000562607594316
3505,0.997388136849,-0.00261528001612,-0.00130849534204
3506,1.00084774549,0.000847386352078,0.00042360343076
3507,0.998761194413,-0.00123957354102,-0.000619978878018
3508,0.99733899033,-0.00266455644946,-0.00133316610162
3509,0.997253663172,-0.00275011492965,-0.00137600328981
3510,0.998881032328,-0.0011195941836,-0.000559953807433
3511,0.994144450768,-0.00587276018008,-0.0029406954769
3512,0.998419740516,-0.00158150941108,-0.000791067434465
3513,1.00126255154,0.00126175518728,0.000630678632212
3514,1.00004497988,4.49788689393e-05,2.24891815842e-05
3515,0.9999672883,-3.27122345652e-05,-1.63562510447e-05
3516,0.995882674164,-0.00412582536066,-0.00206504194861
3517,0.993374541591,-0.00664750418853,-0.00332928188311
3518,0.999372335633,-0.000627861430755,-0.000313979996782
3519,0.998352472636,-0.00164888602981,-0.000824782961463
3520,1.00012177591,0.000121768494907,6.08823940453e-05
3521,0.99902537998,-0.000975095271056,-0.000487666506194
3522,0.996553461504,-0.00345249149231,-0.00172773656606
3523,0.997718156981,-0.00228445038948,-0.00114287778238
3524,0.997109962636,-0.00289422158531,-0.00144815836273
3525,0.99534528889,-0.00466557801288,-0.00233551207575
3526,1.00106822898,0.00106765882928,0.000533686953071
3527,0.998254792518,-0.00174673213092,-0.000873747560655
3528,0.998362100244,-0.00163924258039,-0.00081995727151
3529,0.994228235735,-0.0057884852668,-0.00289843499721
3530,0.996224738908,-0.00378240537689,-0.00189299214015
3531,0.994805474581,-0.00520806387002,-0.00260742537107
3532,0.997228069703,-0.00277577921015,-0.00138885316957
3533,1.00129233421,0.00129149986965,0.000645541483206
3534,0.995677010808,-0.00433236032738,-0.00216852802693
3535,0.995889215691,-0.00411925680963,-0.00206175089633
3536,0.998487434681,-0.00151371040072,-0.00075714168753
3537,0.997778661483,-0.00222380934865,-0.0011125230695
3538,0.996674291275,-0.00333125118579,-0.00166701351769
3539,0.996209598259,-0.00379760351828,-0.00190060562475
3540,0.998006246341,-0.00199574383131,-0.000998369955483
3541,0.997342877554,-0.0026606588616,-0.00133121471152
3542,1.00107768711,0.00107710682124,0.000538408416763
3543,0.998358778486,-0.00164256979337,-0.00082162224347
3544,0.9984743062,-0.00152685885571,-0.000763720914274
3545,0.999890289322,-0.000109716696828,-5.48598531604e-05
3546,1.00086632795,0.000865952907988,0.000432882733216
3547,0.997582097296,-0.00242083055079,-0.00121114812362
3548,0.998517610942,-0.00148348888381,-0.000742019602342
3549,0.998619302584,-0.00138165145682,-0.000691064403461
3550,0.999980951339,-1.90488421769e-05,-9.52446644575e-06
3551,0.997930992257,-0.0020711510963,-0.00103611194165
3552,0.997207546399,-0.00279635977338,-0.0013991577959
3553,0.9959385324,-0.00406973775949,-0.00203694063043
3554,0.994886829188,-0.00512628780143,-0.00256643156236
3555,0.995629098691,-0.00438048162433,-0.00219264114169
3556,0.999275531642,-0.000724730912027,-0.000362431118306
3557,0.996757137708,-0.00324813176548,-0.00162538539196
3558,0.993047170562,-0.00697711298128,-0.00349464858598
3559,0.998392750754,-0.00160854225678,-0.00080459464114
3560,0.999854565642,-0.000145444934526,-7.27251116055e-05
3561,0.994926499269,-0.0050864146331,-0.00254644401156
3562,0.997374470634,-0.00262898211332,-0.0013153553787
3563,0.99944213044,-0.000558025227504,-0.000279051541392
3564,0.995359979958,-0.00465081835079,-0.00232811503632
3565,0.999533186128,-0.000466922863148,-0.000233488685815
3566,0.997970842605,-0.00203121892445,-0.00101612536815
3567,0.996057568215,-0.00395022365551,-0.00197706364593
3568,0.99601693915,-0.00399101436341,-0.00199749953119
3569,0.998442994682,-0.00155821871059,-0.000779412939825
3570,0.998046955563,-0.00195495411481,-0.000977954943801
3571,0.997680269585,-0.00232242515746,-0.0011618870471
3572,0.996150733217,-0.00385669427716,-0.0019302075956
3573,0.99835279373,-0.00164856440598,-0.000824622016927
3574,0.997884012682,-0.00211822918183,-0.00105967565083
3575,0.998722477186,-0.0012783395418,-0.000639374083427
3576,1.00004546137,4.54603344072e-05,2.27299088753e-05
3577,0.996276349528,-0.00373060051661,-0.00186704101301
3578,0.999120127853,-0.000880259462139,-0.000440226602371
3579,0.998981487722,-0.00101903131376,-0.00050964548203
3580,0.996866249334,-0.00313867114523,-0.0015705676241
3581,0.999140925691,-0.000859443525018,-0.000429814106132
3582,0.998978162775,-0.00102235965643,-0.000511310502889
3583,0.999391666203,-0.000608518907503,-0.000304305745354
3584,0.998540461434,-0.00146060473042,-0.000730569100913
3585,0.99836250053,-0.00163884163793,-0.000819756635925
3586,0.997574490301,-0.00242845601294,-0.00121496547975
3587,0.999536302173,-0.000463805368154,-0.000231929575583
3588,0.997337587257,-0.00266596326681,-0.0013338704483
3589,0.998110702847,-0.00189108412638,-0.000945989229012
3590,0.998650386503,-0.00135052504568,-0.000675490563901
3591,0.998931203089,-0.00106936848135,-0.000534827209775
3592,0.999449080179,-0.000551071632758,-0.000275573779859
3593,0.996910716553,-0.00309406513315,-0.00154822983878
3594,0.99223302116,-0.00779729891902,-0.00390625907918
3595,0.99677964825,-0.00322554824238,-0.0016140753408
3596,1.00032993986,0.000329885438723,0.000164929117059
3597,0.998927281164,-0.00107329461033,-0.000536791326093
3598,0.997928823421,-0.00207332443103,-0.00103719973552
3599,0.994672846426,-0.0053413934511,-0.00267426621301
3600,0.998702360081,-0.00129848258235,-0.00064945209392
3601,0.999889867174,-0.000110138890721,-5.507096171e-05
3602,0.998380793533,-0.00162051879889,-0.000810587748269
3603,0.99516023996,-0.00485150960409,-0.00242869932564
3604,0.997142642893,-0.00286144714456,-0.00143174754553
3605,0.996428323823,-0.00357806984067,-0.00179063619808
3606,1.00104802091,0.00104747211685,0.000523598932636
3607,1.00103868011,0.00103814105216,0.000518935832278
3608,0.997971736268,-0.00203032344443,-0.00101567717328
3609,0.998165765706,-0.00183591856172,-0.00091838073443
3610,0.99976041561,-0.000239613094702,-0.000119813724442
3611,0.998044781912,-0.00195713202158,-0.000979044962723
3612,0.998970033424,-0.00103049735566,-0.000515381441233
3613,0.995871926062,-0.0041366179569,-0.0020704494049
3614,0.99516333566,-0.00484839885341,-0.00242714017397
3615,0.998100735958,-0.00190106993039,-0.000950986866724
3616,0.993558168419,-0.00646266971709,-0.00323656124892
3617,0.994794494019,-0.00521910183041,-0.00261295875686
3618,0.997817921081,-0.002184463122,-0.00109282826312
3619,0.998265108894,-0.00173639777202,-0.000868575879758
3620,0.997446417859,-0.00255684809331,-0.00127924157902
3621,0.998626247435,-0.00137469702799,-0.000687584792115
3622,0.998880276337,-0.00112035102199,-0.000560332438595
3623,0.998744912009,-0.00125587627385,-0.00062813533135
3624,1.00440694041,0.00439725828591,0.00219621392828
3625,0.997712044804,-0.00229057656495,-0.00114594437555
3626,0.997725658705,-0.00227693153682,-0.00113911406656
3627,0.996725937473,-0.00327943399712,-0.00164106206955
3628,0.993407417586,-0.00661440946963,-0.0033126795702
3629,0.997875362785,-0.00212689745844,-0.00106401439132
3630,0.997646363175,-0.00235641098164,-0.00117889984758
3631,0.998298669909,-0.00170277899707,-0.000851752033453
3632,1.00053844504,0.000538300128285,0.000269113846514
3633,0.997131061563,-0.00287306172882,-0.00143756316913
3634,0.998482567541,-0.00151858492594,-0.000759580798464
3635,0.998124434373,-0.00187732670254,-0.000939104033585
3636,0.998704904452,-0.00129593490867,-0.000648177430597
3637,0.996014926552,-0.00399303501149,-0.00199851187386
3638,1.00114609493,0.00114543866027,0.000572555357725
3639,0.996753563323,-0.00325171778521,-0.00162718131777
3640,0.998597390462,-0.00140359411535,-0.00070204337485
3641,0.994831730972,-0.00518167072596,-0.00259419447726
3642,0.998800319614,-0.00120040057872,-0.000600380445596
3643,0.999761888431,-0.000238139921716,-0.000119077049967
3644,0.999582251822,-0.000417835459004,-0.000208939554331
3645,0.996695697989,-0.00330977327242,-0.00165625671677
3646,1.00038482443,0.000384750401919,0.000192356698037
3647,0.999140459724,-0.000859909892179,-0.000430047389966
3648,0.996000925869,-0.00400709181019,-0.0020055543443
3649,0.996132434284,-0.00387506408766,-0.00193941027189
3650,0.994147027945,-0.00587016782623,-0.00293939548915
3651,0.998145895921,-0.00185582505739,-0.000928343172714
3652,0.993110147243,-0.00691369737964,-0.00346283048198
3653,0.994512348213,-0.00550276426138,-0.00275517065627
3654,0.997205698043,-0.00279821330694,-0.0014000858598
3655,0.999254190507,-0.000746087747432,-0.000373113463235
3656,0.99926623929,-0.000734030044029,-0.000367082380268
3657,0.997605336687,-0.00239753510443,-0.00119948636123
3658,0.996284443144,-0.00372247668307,-0.00186297152073
3659,0.99685272367,-0.00315223942054,-0.00157736243975
3660,0.997242711586,-0.00276109673533,-0.00138150176325
3661,0.997422491735,-0.002580835758,-0.00129125082639
3662,0.99860313616,-0.00139784036346,-0.000699164483355
3663,0.99750856943,-0.00249453934743,-0.00124804783803
3664,0.997916294211,-0.00208587972448,-0.00104348391314
3665,1.00152826558,0.00152709896741,0.000763258053974
3666,0.997501924295,-0.0025012011017,-0.00125138287781
3667,0.994931841498,-0.00508104517707,-0.00254375245065
3668,0.998210602208,-0.00179100067713,-0.000895901418707
3669,0.997000249223,-0.00300425904743,-0.00150325828538
3670,0.996218377039,-0.00378879137462,-0.00189619118844
3671,0.997475557951,-0.00252763382606,-0.00126461586617
3672,0.998689655549,-0.00131120370324,-0.000655816805488
3673,0.998888676347,-0.00111194163057,-0.000556125395704
3674,0.996332301477,-0.00367444102103,-0.00183890923415
3675,0.999554520419,-0.000445578836798,-0.000222814237804
3676,0.999364060469,-0.000636141826437,-0.000318121503135
3677,0.99753344854,-0.00246959840905,-0.00123556188295
3678,0.996169296694,-0.00383805924102,-0.00192087213628
3679,0.997160196674,-0.00284384321796,-0.00142293301884
3680,0.994947149029,-0.00506565978825,-0.00253604021759
3681,0.997730489988,-0.00227208925343,-0.00113669016984
3682,0.996288271176,-0.00371863438278,-0.00186104679339
3683,0.99792907978,-0.00207306754085,-0.00103707115721
3684,0.998368704008,-0.00163262800378,-0.000816647276842
3685,0.99916317204,-0.00083717829585,-0.000418676768587
3686,0.996349091651,-0.00365758918072,-0.00183046785505
3687,0.995696795187,-0.00431249024664,-0.00215857149161
3688,0.999209025063,-0.000791287923123,-0.000395722238957
3689,0.998768508282,-0.00123225062714,-0.000616315157759
3690,0.998672677416,-0.00132820425712,-0.000664322693204
3691,0.994075501967,-0.00594211749734,-0.00297547671798
3692,0.998000103571,-0.00200189889237,-0.00100145056327
3693,0.998132067167,-0.00186967959515,-0.000935276896492
3694,0.996711030664,-0.0032943898846,-0.00164855231307
3695,0.998470355994,-0.00153081510567,-0.000765700551948
3696,0.995523173775,-0.00448687722027,-0.00224595700146
3697,0.99963662623,-0.000363439806544,-0.000181736415334
3698,0.997870481223,-0.00213178942614,-0.00106646298073
3699,0.995965280535,-0.004042880906,-0.00202348494112
3700,1.00084015084,0.000839798114276,0.000419810911867
3701,0.997100208568,-0.00290400397322,-0.00145305665189
3702,0.999219476315,-0.000780828452245,-0.000390490447675
3703,0.998238192336,-0.00176336147288,-0.000882069531156
3704,0.994830987794,-0.00518241776504,-0.00259456896585
3705,0.995577811225,-0.00443199557382,-0.00221845492467
3706,0.997597089977,-0.00240580164417,-0.00120362459746
3707,0.995213271909,-0.00479822116446,-0.00240199075085
3708,1.00031174694,0.000311698361091,0.000155837036693
3709,0.999786471467,-0.000213551333056,-0.000106781367252
3710,0.997932811384,-0.00206932819919,-0.00103519954915
3711,0.994566066872,-0.00544875064533,-0.00272808980556
3712,0.998237510153,-0.00176404486007,-0.000882411526207
3713,1.00296801619,0.00296362032958,0.00148071282619
3714,0.998857591496,-0.00114306154969,-0.000571694129676
3715,0.998812450086,-0.00118825561063,-0.000594304334198
3716,1.00184844007,0.00184673380622,0.00092294073107
3717,0.998930846578,-0.00106972537402,-0.000535005751563
3718,0.998090347196,-0.00191147851563,-0.000956196122117
3719,0.997583591928,-0.00241933229749,-0.00121039808994
3720,0.995257000418,-0.00475428329778,-0.00237996929022
3721,1.0012093781,0.00120864738859,0.000604141127511
3722,0.99592227556,-0.00408606102892,-0.00204511892329
3723,0.997040604725,-0.00296378294418,-0.00148299001583
3724,1.00220707775,0.00220464573667,0.00110171553366
3725,0.99699444763,-0.00301007811273,-0.00150617219605
3726,0.996281073357,-0.0037258590439,-0.00186466585321
3727,0.997695303361,-0.00230735653999,-0.00115434401276
3728,0.999283693262,-0.000716563407814,-0.000358345894462
3729,0.994525517593,-0.00548952230143,-0.00274853145634
3730,0.997594962353,-0.00240793439518,-0.00120469225705
3731,0.998545272154,-0.00145578699024,-0.000728158473879
3732,0.997628598195,-0.00237421803112,-0.00118781390837
3733,0.998441138515,-0.00156007777402,-0.000780343196461
3734,0.994687990527,-0.00532616835949,-0.00266663333829
3735,0.99740572327,-0.00259764769717,-0.00129966768557
3736,0.999561928657,-0.000438167324125,-0.000219107662641
3737,0.998648386321,-0.00135252793244,-0.000676492684251
3738,0.994733833482,-0.00528008164688,-0.0026435288
3739,1.00022011007,0.00022008584704,0.00011003686902
3740,0.995401726022,-0.00460887856093,-0.00230709654144
3741,0.996565484055,-0.00344042743416,-0.00172169413345
3742,0.995197245797,-0.00481432448846,-0.00241006178535
3743,0.996948310091,-0.00305635580981,-0.00152934616379
3744,0.996197265126,-0.00380998365256,-0.00190680747596
3745,0.99901022588,-0.000990264269544,-0.000495254732921
3746,1.00165314671,0.00165178176702,0.000825549929503
3747,0.995063860096,-0.00494836288239,-0.00247724475397
3748,0.995988999091,-0.00401906654839,-0.00201155373935
3749,0.997526464207,-0.00247660003719,-0.00123906702863
3750,0.993392858255,-0.00662906552856,-0.00332003190201
3751,0.998889967773,-0.00111064876892,-0.00055547860559
3752,1.00080392458,0.00080360160576,0.000401720091748
3753,0.998611199769,-0.00138976550782,-0.000695124240864
3754,1.00161387417,0.00161257327526,0.000805961675903
3755,0.997433786004,-0.00256951236726,-0.00128558183641
3756,0.99751666172,-0.00248642687902,-0.00124398654968
3757,0.997643853523,-0.0023589265579,-0.00118015911931
3758,0.999632248356,-0.000367819281221,-0.000183926553025
3759,0.995954742161,-0.00405346202756,-0.0020287862213
3760,0.99826653237,-0.00173497182316,-0.000867862286307
3761,0.996154891577,-0.00385251985745,-0.00192811635918
3762,0.997615899706,-0.00238694678619,-0.00119418586587
3763,0.998038816767,-0.00196310887047,-0.000982036317442
3764,0.998954226808,-0.00104632039413,-0.000523297069229
3765,0.996293277366,-0.00371360955396,-0.00185852970642
3766,0.999532121885,-0.000467987603967,-0.000234021180669
3767,0.997117522392,-0.00288663994708,-0.00144436206111
3768,0.996813077389,-0.00319201166355,-0.00159728012692
3769,0.998754625639,-0.00124615048424,-0.000623269393818
3770,0.998966570616,-0.00103396374044,-0.000517115528377
3771,0.997186414752,-0.00281755081942,-0.00140976819994
3772,0.997205556418,-0.00279835532862,-0.00140015697006
3773,0.995899733815,-0.00410869532574,-0.00205645928078
3774,0.997473064467,-0.0025301336237,-0.00126586734641
3775,0.996983656111,-0.00302090222239,-0.00151159241703
3776,0.997626284371,-0.0023765373583,-0.0011889749501
3777,0.9977751852,-0.0022272933774,-0.00111426702343
3778,0.998009296198,-0.00199268788605,-0.000996840458538
3779,0.99718117854,-0.00282280181911,-0.00141239740458
3780,0.998796166311,-0.00120455887841,-0.000602460845885
3781,0.997199441856,-0.00280448704425,-0.00140322712527
3782,1.0009697046,0.000969234741863,0.0004844999629
3783,0.996435637771,-0.00357072970278,-0.00178695956413
3784,0.995048107047,-0.00496419420104,-0.00248518005373
3785,0.99825101655,-0.00175051470676,-0.000875640502876
3786,0.998903435668,-0.0010971659984,-0.000548733498371
3787,0.997033056759,-0.00297135334205,-0.00148678083535
3788,0.996756721964,-0.0032485488619,-0.00162559427916
3789,0.994667320254,-0.00534694923546,-0.00267705153789
3790,0.994687419102,-0.00532674283616,-0.00266692134262
3791,0.998904280414,-0.00109632032555,-0.000548310430014
3792,0.99942294762,-0.000577218938852,-0.000288651121146
3793,0.999263450672,-0.000736820714054,-0.000368478228457
3794,0.997807477086,-0.00219493001183,-0.001098067441
3795,0.998607756371,-0.00139321370072,-0.000696849537259
3796,0.998819883531,-0.00118081335523,-0.000590581001944
3797,0.997916344383,-0.00208582944716,-0.00104345874825
3798,0.998294161476,-0.00170729512285,-0.000854012022202
3799,0.996289763145,-0.00371713685654,-0.00186029663707
3800,0.998131125746,-0.00187062277805,-0.000935748929126
3801,0.996999536327,-0.00300497408835,-0.00150361634335
3802,0.996764816074,-0.0032404284481,-0.00162152748027
3803,0.99648373342,-0.00352246317582,-0.0017627834672
3804,0.997437225909,-0.00256606361753,-0.0012838552462
3805,0.998269746271,-0.00173175234695,-0.00086625115247
3806,0.99698788811,-0.00301665742948,-0.00150946681463
3807,0.999123800495,-0.000876583592235,-0.000438387860001
3808,0.998056806816,-0.0019450836337,-0.00097301488899
3809,0.996037308743,-0.00397056352155,-0.00198725373737
3810,0.998096120448,-0.00190569423479,-0.000953301220426
3811,0.99861326412,-0.00138769828833,-0.000694089913164
3812,1.00007466737,7.46645862748e-05,3.73315962959e-05
3813,0.993868899922,-0.00614997245051,-0.00307971884507
3814,0.992960723198,-0.00706416939681,-0.00353832986021
3815,0.998622604558,-0.00137834492313,-0.000689409995471
3816,1.00008796254,8.79586717434e-05,4.3978368795e-05
3817,1.00011173295,0.000111726710224,5.58617947837e-05
3818,0.999342087038,-0.000658129481278,-0.00032911888838
3819,0.996414687312,-0.00359175532521,-0.00179749121667
3820,0.997033242891,-0.00297116665601,-0.00148668735355
3821,1.00074245343,0.00074217794734,0.000371020128673
3822,0.997512568048,-0.00249053075093,-0.00124604104033
3823,0.999593913822,-0.000406168653145,-0.00020310494959
3824,0.997062874728,-0.00294144708934,-0.00147180558894
3825,0.995634259293,-0.00437529838073,-0.00219004384075
3826,1.00039032669,0.000390250531076,0.000195106229842
3827,1.00263007123,0.00262661864112,0.00131244730728
3828,0.996582127428,-0.00342372684208,-0.00171332949568
3829,0.998334606065,-0.0016667822448,-0.000833738489274
3830,0.998522232142,-0.0014788608336,-0.000739703862865
3831,0.99914519271,-0.000855172845971,-0.000427677851091
3832,0.999653059504,-0.00034700069347,-0.000173515398791
3833,1.00048162367,0.000481507726692,0.000240724884461
3834,0.999640942473,-0.000359122003593,-0.000179577123838
3835,0.996231804884,-0.00377531264908,-0.0018894390693
3836,0.997436509008,-0.00256678236147,-0.00128421507962
3837,0.999936207785,-6.37942501175e-05,-3.18976337774e-05
3838,0.997772054678,-0.00223043088434,-0.00111583752614
3839,0.996046089127,-0.00396174824387,-0.00198283734917
3840,1.00343183591,0.00342596059508,0.00171151398416
3841,0.996971780678,-0.00303281365562,-0.00151755715402
3842,0.995285503216,-0.00472564507669,-0.0023656162034
3843,1.00045047055,0.00045036912127,0.000225159208495
3844,0.997562654097,-0.00244032106615,-0.00122090523179
3845,1.00074395535,0.000743678751424,0.000371770252019
3846,0.994395339096,-0.00562042594857,-0.00281416532421
3847,1.00026615612,0.000266120709641,0.000133051502684
3848,0.995451467386,-0.00455890866386,-0.00228205426306
3849,0.997027340117,-0.00297708701248,-0.00148965193704
3850,1.00037527986,0.00037520945968,0.000187587133173
3851,0.996629839844,-0.0033758519377,-0.00168935131774
3852,0.998922040162,-0.00107854125432,-0.000539416059705
3853,0.994751353963,-0.0052624685677,-0.00263469901895
3854,0.998444292784,-0.00155691858479,-0.000778762370468
3855,0.998407009559,-0.00159426059981,-0.0007974480927
3856,0.998234754117,-0.0017668057652,-0.000883793197855
3857,0.999507331021,-0.000492790380229,-0.000246425547903
3858,0.999688282594,-0.000311766000063,-0.000155895150418
3859,0.998922154353,-0.00107842693992,-0.000539358871676
3860,0.997771844106,-0.00223064192653,-0.00111594316499
3861,0.99509199127,-0.00492009255991,-0.00246307467663
3862,0.995469322996,-0.00454097162761,-0.0022730653186
3863,0.997697892902,-0.00230476102059,-0.00115304475584
3864,1.00082076947,0.000820432820341,0.000410132282923
3865,0.995410459481,-0.00460010479557,-0.00230269954744
3866,0.994126642236,-0.0058906737653,-0.00294967864894
3867,0.996367768672,-0.00363884389701,-0.00182107810088
3868,0.999891534503,-0.000108471380094,-5.42371608285e-05
3869,0.997343431077,-0.00266010386406,-0.00133093684338
3870,0.999772930568,-0.000227095216411,-0.000113554054979
3871,0.996579887372,-0.00342597458287,-0.00171445529227
3872,0.999760061002,-0.000239967787607,-0.000119991092159
3873,0.997027971178,-0.00297645407013,-0.00148933499448
3874,0.99759685975,-0.00240603242591,-0.00120374012722
3875,0.995802492086,-0.00420634218041,-0.00210538430584
3876,0.997330386383,-0.00267318339062,-0.00133748533209
3877,0.999169608679,-0.000830736286684,-0.000415454420635
3878,0.997136167291,-0.00286794132378,-0.00143499928943
3879,0.997292221266,-0.00271145139832,-0.00135664511069
3880,0.994739671534,-0.00527421270598,-0.00264058657652
3881,0.99660282746,-0.00340295603314,-0.00170292635161
3882,0.999376704899,-0.000623489429949,-0.000311793312408
3883,1.00075924828,0.000758960197804,0.000379408105436
3884,0.995744470329,-0.00426461020823,-0.00213458008334
3885,1.00021286177,0.0002128391157,0.00010641389549
3886,1.001377794,0.00137684571544,0.000688185949072
3887,0.999828932572,-0.000171082062141,-8.55446898089e-05
3888,0.996551497563,-0.00345446222673,-0.00172872363621
3889,0.999395724669,-0.00060445797917,-0.000302274665368
3890,0.997770464753,-0.00223202436084,-0.00111663515374
3891,1.00169280216,0.00169137098728,0.000845328002446
3892,0.996882561031,-0.00312230830449,-0.00156237338778
3893,0.998708878182,-0.00129195603405,-0.000646186705759
3894,0.996746906201,-0.00325839661218,-0.00163052617067
3895,1.00009866666,9.86617962026e-05,4.93296813526e-05
3896,0.998878023316,-0.00112260657123,-0.000561460845784
3897,0.997146910205,-0.00285716761405,-0.00142960471897
3898,0.997277330025,-0.00272638318196,-0.00136412115898
3899,0.996028819954,-0.00397908611934,-0.00199152351364
3900,0.996307785526,-0.00369904752263,-0.00185123518533
3901,0.996502070868,-0.00350406118968,-0.00175356629718
3902,0.999399182518,-0.000600998045191,-0.00030054417695
3903,1.00285435552,0.00285028958682,0.00142412975682
3904,0.994808296151,-0.00520522757146,-0.00260600352508
3905,0.999703648663,-0.000296395257459,-0.000148208610541
3906,0.99906302196,-0.000937417278318,-0.000468818500217
3907,0.999273887172,-0.000726376575782,-0.000363254248742
3908,0.998660316534,-0.00134058164425,-0.000670515517218
3909,0.998529659953,-0.00147142205763,-0.000735981730555
3910,0.994546950883,-0.00546797126165,-0.00273772637781
3911,0.998278811653,-0.00172267129375,-0.000861706702952
3912,0.998805696978,-0.00119501677047,-0.000597686928927
3913,0.998358835145,-0.001642513041,-0.000821593843973
3914,0.99897143067,-0.0010290986704,-0.000514681738419
3915,1.0000804674,8.04641597915e-05,4.02312705965e-05
3916,0.997468268134,-0.00253494211831,-0.00126827464006
3917,0.994544138176,-0.00547079939432,-0.00273914431648
3918,0.997120552868,-0.00288360071482,-0.00144284025126
3919,0.998861717507,-0.00113893082827,-0.000569627590345
3920,0.998376822268,-0.0016244965124,-0.000812578219145
3921,0.995476902612,-0.00453335754341,-0.0022692496301
3922,0.998025589466,-0.00197636225224,-0.000988669537955
3923,0.996973968537,-0.00303061915364,-0.0015164582385
3924,0.997751587421,-0.00225094405421,-0.00112610560842
3925,0.999252135516,-0.000748144274513,-0.000374142110963
3926,0.998672504442,-0.00132837746098,-0.000664409352665
3927,0.99613417444,-0.00387331717775,-0.00193853512333
3928,0.995158243832,-0.00485351544225,-0.00242970468101
3929,0.999329109503,-0.000671115644939,-0.000335614128294
3930,0.998522048964,-0.00147904428261,-0.000739795655221
3931,0.998156150806,-0.00184555117647,-0.000923201476616
3932,0.997694532527,-0.00230812915456,-0.00115473076605
3933,0.997002964819,-0.00300153528477,-0.00150189435772
3934,1.00052040582,0.00052027045982,0.000260101397675
3935,0.995368710501,-0.00464204714788,-0.00232371923432
3936,0.999758233498,-0.000241795732127,-0.000120905174505
3937,1.00046274285,0.000462635813599,0.000231291154875
3938,0.996298923699,-0.0037079422304,-0.00185569078222
3939,0.997815225275,-0.00218716482749,-0.00109418059303
3940,0.999702414993,-0.000297629294262,-0.00014882572058
3941,1.00350208258,0.00349596456481,0.00174645545113
3942,0.998364476223,-0.00163686270614,-0.000818766359396
3943,1.00056349724,0.000563338534589,0.000281629602231
3944,0.997071583531,-0.00293271267022,-0.00146743196124
3945,0.99626772838,-0.00373925392445,-0.00187137580444
3946,0.998359998413,-0.00164134786223,-0.000821010776104
3947,0.998326067229,-0.00167533536151,-0.000838018622309
3948,0.999525664454,-0.000474448078584,-0.000237252179139
3949,0.997662132,-0.00234060508065,-0.00117098761156
3950,0.998695093082,-0.00130575905053,-0.000653092697492
3951,0.994037199825,-0.00598064865488,-0.00299479980717
3952,0.999796086073,-0.000203934719931,-0.000101972558813
3953,0.998420391074,-0.00158085782325,-0.000790741382883
3954,1.00050089963,0.000500774220135,0.000250355765831
3955,0.996006469649,-0.00400152578718,-0.00200276575519
3956,0.995849151167,-0.00415948751989,-0.00208190792704
3957,0.996722185065,-0.00328319873826,-0.00164294753099
3958,0.997532636933,-0.00247041202369,-0.00123596919299
3959,0.996530736984,-0.00347529486403,-0.00173915801614
3960,0.99673842129,-0.00326690925202,-0.0016347894397
3961,0.996466986795,-0.0035392690356,-0.00177120124501
3962,0.997159406173,-0.00284463597001,-0.00142332995896
3963,0.995123909932,-0.00488801698247,-0.00244699751456
3964,0.996190913696,-0.00381635934809,-0.00191000140743
3965,0.998809390982,-0.00119131835638,-0.000595836618348
3966,0.997628735799,-0.00237408010052,-0.00118774486115
3967,0.998714227738,-0.00128659957684,-0.000643506750107
3968,0.9962888908,-0.00371801245014,-0.0018607352484
3969,0.996214161859,-0.00379302256514,-0.00189831079751
3970,0.997247970094,-0.00275582370219,-0.00137886160781
3971,0.994326909427,-0.00568924367253,-0.00284867161208
3972,0.995407482521,-0.00460309548657,-0.00230419833739
3973,0.99886451422,-0.00113613093257,-0.000568226846028
3974,1.00154089125,0.00153970529462,0.000769556386789
3975,0.999753103723,-0.000246926760706,-0.00012347100227
3976,0.995931414923,-0.00407688428733,-0.00204052117927
3977,0.994484653572,-0.00553061210782,-0.00276913303948
3978,0.995857045045,-0.00415156077061,-0.00207793630889
3979,0.998137890754,-0.0018638451264,-0.000932356937958
3980,0.998273354054,-0.00172813831732,-0.000864442573962
3981,0.995284043433,-0.00472711177562,-0.00236635128796
3982,0.999717259506,-0.000282780472335,-0.000141400232238
3983,0.99824946364,-0.00175207033895,-0.000876419000358
3984,0.996428364848,-0.00357802866887,-0.00179061557532
3985,0.996749608836,-0.00325568516019,-0.00162916823505
3986,0.997759623587,-0.0022428898114,-0.00112207396016
3987,0.997842371256,-0.00215995977892,-0.00108056327774
3988,0.998149183482,-0.00185253139494,-0.000926694814025
3989,0.99738672341,-0.00261669715767,-0.00130920484023
3990,0.997858682616,-0.00214361328234,-0.00107238123117
3991,0.997304141528,-0.0026994988423,-0.00135066074287
3992,0.998581009142,-0.00141999857915,-0.000710251398734
3993,0.998246622074,-0.00175491689265,-0.00087784352561
3994,0.997945043575,-0.00205707074547,-0.00102906449663
3995,0.994846978162,-0.00516634444302,-0.00258651148555
3996,0.997689600618,-0.0023130724726,-0.00115720528224
3997,0.999705065205,-0.000294978297181,-0.00014750002565
3998,0.997908245662,-0.00209394511121,-0.0010475208227
3999,0.996457640583,-0.00354864842869,-0.00177589925896
4000,0.992983575393,-0.00704115546351,-0.00352678224456
4001,0.998315408479,-0.00168601204104,-0.000843361449965
4002,0.995461178741,-0.00454915298292,-0.00227716530301
4003,0.999607135921,-0.000392941270615,-0.000196489936927
4004,0.999648210857,-0.000351851035005,-0.000175940993304
4005,0.997603671791,-0.00239920399837,-0.00120032180946
4006,0.996613827408,-0.00339191864946,-0.0016973982771
4007,0.994499970242,-0.00551521061064,-0.00276141099622
4008,0.999707223283,-0.000292819584122,-0.000146420510498
4009,0.99613166177,-0.00387583960143,-0.00193979878087
4010,0.998514483836,-0.00148662063698,-0.000743586642068
4011,0.997881319545,-0.00212092803324,-0.0010610265074
4012,0.997199220799,-0.00280470872166,-0.00140333811951
4013,1.00108950371,0.00108891062887,0.000544307125534
4014,0.998236799637,-0.00176475663044,-0.000882767725494
4015,0.996268836819,-0.00373814133312,-0.00187081846789
4016,0.998063441449,-0.00193843610489,-0.000969687896045
4017,0.996788807009,-0.00321635993573,-0.00160947378274
4018,1.00081502055,0.000814688599744,0.000407261346446
4019,0.997365432902,-0.00263804367738,-0.0013198921306
4020,0.998025232974,-0.00197671944939,-0.000988848313121
4021,0.995837998032,-0.00417068720519,-0.00208751944376
4022,0.995481564891,-0.00452867409181,-0.00226690259309
4023,0.996702319429,-0.0033031299025,-0.00165292953577
4024,0.993731052545,-0.0062886798167,-0.00314928853044
4025,0.999240727379,-0.000759561014432,-0.000379852632963
4026,0.994878099947,-0.0051350619447,-0.00257082990276
4027,1.00012186886,0.000121861429909,6.09288587163e-05
4028,0.999351249023,-0.000648961507304,-0.000324533403226
4029,0.997192171276,-0.00281177806958,-0.00140687776007
4030,0.998642651079,-0.0013582709538,-0.000679366141613
4031,0.99691957708,-0.00308517718888,-0.00154377899625
4032,0.998684694855,-0.00131617091757,-0.000658302044527
4033,0.999976955383,-2.30448824632e-05,-1.15225076152e-05
4034,0.997440504381,-0.00256277672739,-0.00128220969254
4035,0.995666247691,-0.0043431702334,-0.00217394471537
4036,0.999756764505,-0.000243265081886,-0.00012163993848
4037,0.996159322323,-0.00384807201867,-0.00192588815429
4038,0.994213693637,-0.0058031118925,-0.00290576953404
4039,0.997772037707,-0.00223044789394,-0.00111584604043
4040,0.997688069213,-0.00231460742532,-0.00115797364702
4041,0.997511293102,-0.00249180887711,-0.00124668089992
4042,0.997004407822,-0.00300008794504,-0.00150116960124
4043,0.995660844095,-0.00434859736396,-0.00217666418349
4044,0.999063797997,-0.000936640514302,-0.000468429936203
4045,1.00049235869,0.000492237523256,0.00024608847689
4046,0.996731547768,-0.003273805289,-0.00163824310093
4047,0.998747327901,-0.00125345734876,-0.000626925109829
4048,1.00198747222,0.00198549981082,0.00099225729225
4049,0.997406335475,-0.00259703390001,-0.00129936038818
4050,0.997848255893,-0.00215406243479,-0.0010776114238
4051,0.99576355796,-0.00424544118552,-0.00212497515911
4052,1.00000617019,6.17017502789e-06,3.08508275504e-06
4053,0.998399488206,-0.00160179398169,-0.000801217794478
4054,0.994447982529,-0.00556748720533,-0.0027876218147
4055,0.994117432753,-0.00589993770109,-0.0029543242904
4056,0.998958687804,-0.00104185473816,-0.000521063075307
4057,0.99759708653,-0.00240580509991,-0.00120362632741
4058,0.997548107229,-0.00245490358258,-0.00122820541856
4059,0.996914621229,-0.00309014836517,-0.00154626842469
4060,0.994875793362,-0.00513738040742,-0.00257199211498
4061,1.00154047331,0.00153928799797,0.000769347899009
4062,0.998483103898,-0.00151804775395,-0.000759312008495
4063,0.999893512777,-0.00010649289299,-5.32478641124e-05
4064,1.00150800787,0.00150687196905,0.000753152222905
4065,0.998186311857,-0.001815334867,-0.000908079488245
4066,0.999922356986,-7.76460280648e-05,-3.88237676554e-05
4067,0.998291763138,-0.00170969756219,-0.000855214268453
4068,0.996010456599,-0.00399752285898,-0.00200076028464
4069,0.997613252358,-0.00238960046418,-0.00119551429025
4070,0.99848888294,-0.00151225994912,-0.000756415912893
4071,0.999403454425,-0.000596723578696,-0.000298406303654
4072,0.998875869773,-0.00112476253561,-0.000562539433797
4073,1.00024511257,0.000245082535107,0.000122533759679
4074,0.996303416624,-0.00370343262457,-0.00185343179764
4075,0.996704828023,-0.0033006130121,-0.00165166901124
4076,0.999338083201,-0.000662135962706,-0.000331122790405
4077,0.996394750044,-0.00361176453223,-0.0018075138535
4078,0.99893440698,-0.00106616116766,-0.000533222696538
4079,1.00015959079,0.000159578059739,7.97858468097e-05
4080,0.99752668225,-0.00247638145302,-0.00123895760113
4081,0.997442100158,-0.00256117685714,-0.00128140873205
4082,0.997997313839,-0.00200469421877,-0.00100284962713
4083,0.997964321275,-0.00203775353513,-0.00101939599883
4084,0.998422573163,-0.00157867228505,-0.00078964775028
4085,0.999050884502,-0.000949566193667,-0.000474895824168
4086,0.997999375956,-0.00200262796549,-0.00100181546496
4087,0.998153467001,-0.00184823994267,-0.000924547101757
4088,0.997581657858,-0.00242127105428,-0.00121136864215
4089,0.996033698818,-0.00397418781516,-0.00198906948701
4090,0.994840543811,-0.00517281214246,-0.0025897537049
4091,0.997388100073,-0.00261531688915,-0.00130851380267
4092,0.999974529957,-2.54703670631e-05,-1.27352646242e-05
4093,0.997439144437,-0.00256414016203,-0.0012828922842
4094,0.998092406,-0.00190941577422,-0.000955163765749
4095,0.995646083393,-0.00436342250357,-0.0021840929155
4096,0.999647283447,-0.000352778772069,-0.000176404943557
4097,0.996725168506,-0.00328020548999,-0.0016414484491
4098,1.00035475252,0.000354689609335,0.000177329080007
4099,1.00114998066,0.00114931994092,0.000574494885045
4100,0.996054004151,-0.00395380183196,-0.0019788562729
4101,0.9978131118,-0.00218928293222,-0.00109524080475
4102,1.0007524545,0.000752171550556,0.000376015063888
4103,0.997463479825,-0.0025397425921,-0.00127067792401
4104,0.996904683507,-0.00310011689343,-0.00155126040827
4105,0.997803455108,-0.00219896083523,-0.00110008506779
4106,0.997698090459,-0.00230456300722,-0.001152945635
4107,0.998545708351,-0.00145535015711,-0.000727939898294
4108,0.997896519309,-0.0021056961135,-0.00105340249583
4109,0.996435620537,-0.0035707469988,-0.00178696822759
4110,0.999907428475,-9.25758101124e-05,-4.62889763579e-05
4111,0.999947747288,-5.225407702e-05,-2.61273798241e-05
4112,0.997754071396,-0.00224845448428,-0.00112485942247
4113,0.999531952657,-0.000468156911698,-0.000234105854349
4114,0.998695162187,-0.00130568985471,-0.000653058076989
4115,0.996653433046,-0.0033521792344,-0.0016774950405
4116,0.996422653681,-0.00358376032368,-0.00179348653843
4117,0.996960987156,-0.00304364002031,-0.00152297856585
4118,0.998937371292,-0.00106319369842,-0.000531738171858
4119,0.99455712198,-0.00545774444912,-0.00273259898555
4120,0.995703687733,-0.00430556793616,-0.00215510287122
4121,1.00245747219,0.00245445753902,0.00122647603224
4122,0.99754737098,-0.00245564164111,-0.00122857490113
4123,0.999456738465,-0.000543409154726,-0.000271741492395
4124,0.996918272095,-0.00308648620663,-0.00154443451575
4125,0.996104651751,-0.00390295487758,-0.00195338281012
4126,0.996832086768,-0.00317294169174,-0.0015877299565
4127,0.995196225558,-0.00481534965082,-0.00241057560202
4128,1.00149299062,0.00149187721984,0.000745660466879
4129,0.995122110595,-0.00488982513763,-0.00244790380482
4130,0.997819088143,-0.00218329350878,-0.00109224281758
4131,0.99715628139,-0.00284776965935,-0.00142489903499
4132,0.997051058856,-0.00295329783799,-0.00147773970185
4133,0.995492647165,-0.00451754157791,-0.0022613237335
4134,0.996927729866,-0.00307699924408,-0.00153968371975
4135,0.995316006641,-0.00469499763167,-0.00235025634852
4136,0.999127852417,-0.000872528124956,-0.000436359239485
4137,0.994707817541,-0.0053062356601,-0.00265664046179
4138,1.00165532414,0.00165395559617,0.000826635946187
4139,0.992394084992,-0.00763498748859,-0.00382478965461
4140,1.00115435322,0.00115368746227,0.000576677388777
4141,0.995581562426,-0.0044282277179,-0.00221656681909
4142,0.997958097774,-0.0020439897501,-0.00102251728977
4143,0.996272090519,-0.00373487545332,-0.00186918247439
4144,0.997031809117,-0.0029726046977,-0.00148740744362
4145,0.997727219411,-0.00227536727467,-0.00113833104485
4146,0.999955125362,-4.48756452204e-05,-2.24380743401e-05
4147,0.994760046426,-0.0052537302779,-0.00263031837225
4148,0.997689714443,-0.00231295838415,-0.001157148172
4149,0.999146406392,-0.000853958126456,-0.000427070231763
4150,0.997639909046,-0.00236288035855,-0.00118213835465
4151,0.998089918889,-0.00191190764186,-0.000956410890418
4152,0.99553279287,-0.00447721491586,-0.0022411150104
4153,0.998649923059,-0.00135098911593,-0.000675722755794
4154,0.999494200519,-0.000505927440599,-0.000252995718319
4155,0.997654845283,-0.00234790889935,-0.00117464380393
4156,0.9963075345,-0.00369929947869,-0.00185136139658
4157,0.997217805438,-0.00278607205906,-0.00139400675492
4158,0.998618654495,-0.0013823004422,-0.000691389120451
4159,0.999553564173,-0.000446535508963,-0.000223292680582
4160,0.995378830368,-0.00463188024613,-0.00231862398388
4161,0.997860135148,-0.00214215763463,-0.00107165262708
4162,1.00050265018,0.000502523894332,0.000251230383527
4163,0.996488112507,-0.00351806864618,-0.0017605823315
4164,0.99727297168,-0.00273075343542,-0.00136630926888
4165,0.997238835479,-0.00276498356782,-0.00138344786622
4166,0.99737063928,-0.00263282356003,-0.00131727863034
4167,0.99751492538,-0.00248816754331,-0.00124485796489
4168,1.00034985341,0.000349792229015,0.000174880821074
4169,0.995331581191,-0.00467934990993,-0.00234241413025
4170,1.0012292068,0.00122845194814,0.000614037375911
4171,0.997933685512,-0.00206845226165,-0.00103476112709
4172,0.997829249009,-0.00217311048606,-0.00108714575804
4173,0.997510952423,-0.0024921504059,-0.00124685187722
4174,0.996312921169,-0.0036938928604,-0.0018486530863
4175,0.997777326996,-0.00222514680814,-0.00111319254345
4176,0.99840600089,-0.00159527087777,-0.000797953634627
4177,0.996346739242,-0.0036599502121,-0.00183165053233
4178,0.99706407969,-0.00294023857821,-0.00147120044421
4179,0.997278985312,-0.00272472337783,-0.00136329012517
4180,0.998017873624,-0.00198409338835,-0.00099253893526
4181,0.99565124233,-0.00435824102055,-0.00218149651893
4182,0.996056958873,-0.00395083540968,-0.0019773701278
4183,0.99977457523,-0.000225450181901,-0.000112731444662
4184,0.997254522433,-0.00274925330317,-0.00137557188387
4185,0.995488430582,-0.00452177726162,-0.00226344636673
4186,1.00024290049,0.000242870991561,0.000121428122789
4187,1.00043817786,0.0004380818884,0.000219016956484
4188,0.995995157776,-0.00401288307984,-0.00200845579068
4189,0.997808284523,-0.00219412080084,-0.0010976623913
4190,0.996807417273,-0.00319768989245,-0.00160012378027
4191,0.996609430925,-0.0033963300799,-0.00169960773873
4192,0.996695554096,-0.00330991764235,-0.0016563290213
4193,0.997369192028,-0.00263427462918,-0.00131800512091
4194,0.999631193405,-0.000368874620427,-0.00018445431982
4195,0.996046665556,-0.00396116952719,-0.00198254741712
4196,0.998034152709,-0.00196778210498,-0.000984375232072
4197,0.999113163383,-0.00088723008885,-0.000443713456131
4198,0.99578612947,-0.00422277390306,-0.00211361749853
4199,0.997893141313,-0.00210908123614,-0.00105509684153
4200,0.999405695771,-0.000594480897495,-0.000297284629067
4201,0.996322748598,-0.00368402911172,-0.00184371210682
4202,0.995758526898,-0.00425049366551,-0.0021275067705
4203,0.997737508938,-0.0022650543624,-0.00113316873227
4204,0.996150423735,-0.00385700495441,-0.00193036323407
4205,0.998208378099,-0.00179322877521,-0.000897016466444
4206,0.994956788838,-0.00505597107035,-0.00253118358492
4207,0.997158259237,-0.00284578617403,-0.00142390587969
4208,1.0000426329,4.26319895928e-05,2.13157676121e-05
4209,0.997901631648,-0.00210057301105,-0.00105083824954
4210,0.998449198457,-0.00155200528066,-0.000776303808279
4211,1.00115613482,0.00115546700639,0.000577566647327
4212,0.995718343014,-0.00429084952801,-0.00214772783444
4213,0.99559808415,-0.00441163280751,-0.00220825100653
4214,0.998761511812,-0.00123925574869,-0.000619819883351
4215,0.998255740432,-0.00174578256043,-0.000873272360681
4216,1.00011673469,0.000116727872393,5.83622330552e-05
4217,0.998302350937,-0.00169909170245,-0.000849906817511
4218,0.996903697387,-0.00310110607628,-0.00155175576705
4219,0.997425903942,-0.00257741473918,-0.00128953810976
4220,0.999534050985,-0.00046605760248,-0.00023305595456
4221,0.997013209717,-0.00299125964288,-0.00149674883353
4222,0.996938409375,-0.00306628688178,-0.00153431930614
4223,0.999679219965,-0.000320831495883,-0.000160428615236
4224,0.996552752436,-0.00345320301197,-0.00172809294061
4225,1.00061151667,0.000611329769711,0.000305618174104
4226,0.999482449739,-0.000517684236351,-0.000258875620687
4227,0.998510779647,-0.00149033034407,-0.000745442876574
4228,0.997277552828,-0.00272615977099,-0.00136400930113
4229,0.99525776101,-0.00475351908159,-0.0023795862728
4230,0.99902045254,-0.000980027529665,-0.00049013384119
4231,0.996098718185,-0.00390891166536,-0.00195636702639
4232,0.995735595489,-0.00427352301602,-0.00213904600974
4233,0.998917269164,-0.00108331741292,-0.000541805430027
4234,0.996268523526,-0.00373845579965,-0.00187097599532
4235,0.999614889602,-0.000385184571997,-0.000192610833083
4236,1.00043673511,0.000436639768747,0.000218296054322
4237,0.999513837494,-0.000486280720839,-0.000243169921433
4238,0.997287370229,-0.00271631561851,-0.00135908052326
4239,0.995673505674,-0.00433588068582,-0.0021702920247
4240,0.997086826118,-0.00291742543201,-0.0014597771549
4241,0.999973531989,-2.64683613975e-05,-1.3234268271e-05
4242,1.00103502652,0.00103449125265,0.00051711187787
4243,1.00022227732,0.000222252617349,0.000111120134375
4244,0.996994147236,-0.00301037941236,-0.00150632307278
4245,1.00175663166,0.00175509058299,0.00087716036123
4246,0.9975435713,-0.00245945067046,-0.00123048175746
4247,0.995567105729,-0.00444274868017,-0.00222384341998
4248,0.995289267519,-0.0047218629502,-0.00236372066841
4249,0.996725512857,-0.00327986000771,-0.00164127542443
4250,0.996622756593,-0.00338295916614,-0.00169291094158
4251,0.998220733924,-0.0017808508496,-0.000890821971208
4252,0.997729340144,-0.00227324171278,-0.00113726705468
4253,0.996182718193,-0.00382458622165,-0.00191412270936
4254,0.998106021897,-0.00189577394698,-0.000948336360325
4255,0.997015300708,-0.00298916238969,-0.00149569863795
4256,0.999950682155,-4.93190613313e-05,-2.46598347144e-05
4257,0.997102823919,-0.00290138101901,-0.00145174327
4258,0.99910334887,-0.00089705336198,-0.000448627284122
4259,0.997728126908,-0.00227445771129,-0.00113787574558
4260,0.998265157314,-0.00173634926823,-0.000868551606797
4261,0.997088565039,-0.00291568143219,-0.00145890388245
4262,0.996113598386,-0.00389397329693,-0.00194888325766
4263,0.99811154963,-0.00189023574096,-0.000945564635112
4264,0.996694537684,-0.00331093742472,-0.00165683975716
4265,0.998281395194,-0.00172008330153,-0.000860411592632
4266,0.999976877048,-2.31232194331e-05,-1.15616765521e-05
4267,0.994468661107,-0.00554669339495,-0.00277719598107
4268,0.998088163567,-0.00191366632487,-0.000957291073322
4269,0.996546505541,-0.00345947153647,-0.00173123262408
4270,0.99924361034,-0.000756675866676,-0.00037840951216
4271,0.997683971781,-0.00231871436099,-0.00116002949482
4272,1.00031018851,0.000310140407948,0.000155058181212
4273,0.996841051169,-0.00316394884256,-0.00158322640293
4274,0.997575628472,-0.00242731507465,-0.00121439431767
4275,0.999694501614,-0.00030554505989,-0.000152784200262
4276,0.999654606575,-0.000345453086873,-0.000172741461525
4277,0.997288620844,-0.00271506160224,-0.00135845266316
4278,0.997056509955,-0.00294783063124,-0.00147500206266
4279,0.998214368095,-0.00178722804577,-0.000894013414853
4280,0.997734718414,-0.00226785121771,-0.00113456874556
4281,0.998148864175,-0.00185285129411,-0.000926854911848
4282,0.999519270412,-0.000480845175399,-0.000240451491526
4283,0.997048127277,-0.00295623809221,-0.0014792120025
4284,0.999500371272,-0.000499753583673,-0.000249908013643
4285,1.00041586363,0.000415777182556,0.000207866983942
4286,0.997456142728,-0.00254709837433,-0.00127436049531
4287,0.999876593499,-0.000123414116464,-6.17089621517e-05
4288,0.996512265469,-0.00349383085603,-0.00174844217367
4289,1.00002119056,2.11903307055e-05,1.05951092242e-05
4290,0.997512008145,-0.00249109205025,-0.00124632203973
4291,0.995188420722,-0.00482319219145,-0.00241450633256
4292,0.997881720255,-0.0021205264727,-0.00106082551412
4293,0.997126925083,-0.00287721011893,-0.00143964034812
4294,1.00075817028,0.000757883012397,0.000378869716934
4295,0.99981835002,-0.000181666480035,-9.08373654813e-05
4296,0.997871050385,-0.00213121905017,-0.00106617748864
4297,0.999344790884,-0.000655423858959,-0.0003277656329
4298,1.0005527431,0.000552590389605,0.0002762570288
4299,0.999132199149,-0.000868177608023,-0.000434183034191
4300,0.997719665885,-0.00228293803634,-0.00114212074188
4301,0.998346068349,-0.00165530090563,-0.000827993049963
4302,0.998281413997,-0.00172006446649,-0.000860402167012
4303,0.994203220573,-0.00581364596542,-0.00291105188921
4304,0.997456866894,-0.00254637236181,-0.00127399702651
4305,0.998390441896,-0.00161085483425,-0.000805751860888
4306,0.998936228026,-0.00106433818088,-0.00053231071753
4307,0.996955940094,-0.0030487024803,-0.00152551365407
4308,0.998728204141,-0.00127260527735,-0.000636505122144
4309,0.999313330237,-0.000686905628806,-0.000343511801074
4310,0.99852389916,-0.00147719134988,-0.000738868503894
4311,0.999248404635,-0.000751877954466,-0.000376009651146
4312,0.997659250963,-0.0023434928729,-0.00117243319952
4313,0.999682096456,-0.000317954086109,-0.000158989680574
4314,0.999888551029,-0.000111455182142,-5.57291438819e-05
4315,0.997509865754,-0.00249323978667,-0.0012473972469
4316,0.998184560701,-0.00181708920656,-0.000908957454952
4317,0.997121161807,-0.00288299001747,-0.00144253446206
4318,0.997412671292,-0.00259068162714,-0.00129618012984
4319,0.995817983158,-0.00419078593096,-0.00209758983549
4320,1.00036472981,0.000364663313085,0.000182315035136
4321,0.997395496324,-0.0026079012967,-0.00130480116163
4322,0.996221957454,-0.00378519737515,-0.00189439078286
4323,0.99979926729,-0.000200752859332,-0.000100381467548
4324,0.996497043972,-0.00350910574451,-0.00175609300076
4325,1.00135365561,0.00135274024505,0.000676141435816
4326,0.99849814969,-0.0015029792176,-0.000751772047861
4327,0.996607847538,-0.00339791885506,-0.00170040347677
4328,0.996160813374,-0.00384657522017,-0.00192513831399
4329,0.997307354217,-0.00269627747425,-0.00134904788466
4330,1.00185861479,0.0018568897033,0.000928013980086
4331,0.99851190408,-0.00148920423415,-0.000744879402051
4332,0.996942304986,-0.00306237931431,-0.00153236252659
4333,0.996461593542,-0.00354468142434,-0.00177391223626
4334,0.995389436891,-0.00462122453802,-0.00231328379076
4335,0.996513126814,-0.00349296649683,-0.00174800923852
4336,0.998402374249,-0.00159890331611,-0.000799771304707
4337,0.996539191699,-0.00346681075123,-0.00173490859115
4338,0.998916139772,-0.00108444802937,-0.0005423710447
4339,0.998638523732,-0.00136240391931,-0.000681434030402
4340,0.996158674675,-0.00384872216343,-0.00192621385278
4341,0.997253354494,-0.0027504244579,-0.00137615826691
4342,0.997666106778,-0.00233662099586,-0.0011689932385
4343,0.994870764859,-0.00514243482277,-0.00257452582582
4344,0.995678977179,-0.00433038542014,-0.00216753843248
4345,1.00352234727,0.00351615832962,0.0017565346489
4346,0.997582999142,-0.00241992651928,-0.00121069556051
4347,0.996043103961,-0.00396474526487,-0.00198433883209
4348,0.999746663108,-0.000253368987256,-0.000126692518448
4349,0.997312080907,-0.00269153803393,-0.00134667497044
4350,0.99679142612,-0.00321373239053,-0.00160815789652
4351,0.999505334728,-0.000494787659121,-0.000247424433938
4352,1.00054588171,0.000545732768406,0.000272829159557
4353,0.998941355843,-0.0010592049165,-0.000529742722393
4354,0.99833467741,-0.00166671078059,-0.000833702727375
4355,0.997429762432,-0.00257354629969,-0.00128760139763
4356,0.997456111911,-0.00254712927053,-0.0012743759631
4357,0.995547508362,-0.00446243350043,-0.00223370776663
4358,0.998695420505,-0.00130543119924,-0.000652928664802
4359,0.995436487288,-0.00457395732473,-0.0022895957928
4360,0.996454597108,-0.00355170272753,-0.00177742912162
4361,0.996417360384,-0.00358907263904,-0.00179614746343
4362,0.994552013839,-0.00546288055883,-0.00273517406117
4363,0.998278610389,-0.00172287290479,-0.000861807595339
4364,0.997472414753,-0.00253078498376,-0.00126619343876
4365,0.995064553441,-0.00494766609786,-0.00247689549871
4366,0.998863042111,-0.00113760471556,-0.000568964156515
4367,0.996813844292,-0.00319124230895,-0.00159689483526
4368,1.00253383117,0.00253062643415,0.00126451304583
4369,0.999310915799,-0.000689321728741,-0.000344720266751
4370,0.998601902354,-0.0013990758969,-0.000699782682185
4371,0.996903770885,-0.00310103234999,-0.0015517188467
4372,0.995882827586,-0.00412567130373,-0.00206496476108
4373,0.993387959473,-0.00663399690439,-0.00332250577914
4374,0.996570797966,-0.00343509522344,-0.00171902344143
4375,0.997856841733,-0.00214545811676,-0.00107330463799
4376,0.996958238656,-0.00304639690244,-0.00152435910721
4377,0.995172061122,-0.00483963102249,-0.00242274562777
4378,1.00010574265,0.000105737054791,5.28671298795e-05
4379,0.997929801665,-0.00207234415755,-0.00103670909053
4380,1.00035335245,0.00035329003097,0.000176629414673
4381,0.994722887151,-0.0052910859888,-0.00264904553129
4382,0.997263498813,-0.00274025225154,-0.0013710651774
4383,0.998580848865,-0.0014201590842,-0.000710331708263
4384,0.996637361891,-0.00336830448304,-0.00168557122239
4385,0.995300182377,-0.00471089649156,-0.00235822449334
4386,0.996860038597,-0.00314490142576,-0.00157368766176
4387,0.997724190892,-0.00227840269738,-0.00113985048502
4388,0.997985694246,-0.00201633719591,-0.00100867697074
4389,0.997663233046,-0.00233950145497,-0.00117043515271
4390,0.997271180558,-0.00273254945748,-0.00136720850727
4391,0.997953325549,-0.00204877175132,-0.00102491073808
4392,0.998937306454,-0.00106325860505,-0.000531770642426
4393,0.99654452757,-0.00346145636344,-0.00173222675615
4394,1.00060695883,0.000606774700061,0.000303341332742
4395,0.997235126934,-0.00276870238752,-0.00138530985019
4396,0.996121024518,-0.00388651821874,-0.00194514846099
4397,0.996983130245,-0.0030214296801,-0.00151185654457
4398,0.999486653645,-0.000513478162405,-0.000256772041501
4399,0.997810027603,-0.00219237389383,-0.00109678797942
4400,0.99814255618,-0.0018591710075,-0.000930017702266
4401,0.998512744815,-0.00148836224723,-0.000744458095088
4402,0.997062679453,-0.00294164293925,-0.00147190365803
4403,0.993881285556,-0.00613751048817,-0.0030734686937
4404,0.999507865955,-0.000492255182411,-0.000246157883086
4405,0.998832084815,-0.00116859772976,-0.000584469600714
4406,0.997737091864,-0.00226547238138,-0.00113337797863
4407,0.999618253493,-0.000381819390766,-0.000190927919798
4408,0.997437663727,-0.00256562467483,-0.00128363549311
4409,1.00009937387,9.93689314591e-05,4.96832314769e-05
4410,0.995210764298,-0.00480074083987,-0.00240325361546
4411,0.997639184443,-0.00236360667622,-0.00118250194285
4412,0.998034735424,-0.00196719824254,-0.000984083013525
4413,0.9991859425,-0.000814389024336,-0.000407277427107
4414,0.996627118435,-0.0033785825533,-0.00169071893295
4415,0.993844134542,-0.00617489091629,-0.00309221652675
4416,0.996016967808,-0.00399098559091,-0.0019974851162
4417,0.997222607967,-0.00278125614286,-0.00139159544301
4418,0.998783751732,-0.00121698849863,-0.000608679419497
4419,0.9964402827,-0.00356606816936,-0.00178462463515
4420,0.996286641991,-0.00372026963869,-0.00186186594333
4421,0.995223024544,-0.00478842166997,-0.00239707924648
4422,0.998656084877,-0.00134481898733,-0.000672635611606
4423,0.996220101826,-0.00378706004248,-0.00189532388127
4424,0.998777414843,-0.00122333312426,-0.000611853668269
4425,1.00143417296,0.00143314551995,0.000716316083027
4426,1.00019130242,0.000191284126373,9.56374896299e-05
4427,0.998359165329,-0.00164218231442,-0.000821428344834
4428,0.999255093302,-0.000745184279083,-0.000372661560614
4429,0.998461859722,-0.00153932443064,-0.000769958481288
4430,0.996265237884,-0.00374175375329,-0.0018726280587
4431,0.994191882841,-0.00582504986793,-0.00291677045544
4432,1.00212319069,0.00212093990941,0.00105990785516
4433,0.995806938809,-0.00420187672304,-0.0021031468789
4434,0.994884256636,-0.00512887357869,-0.00256772776994
4435,0.999716477899,-0.000283562301177,-0.000141791202011
4436,0.99616205421,-0.00384532960245,-0.00192451430633
4437,0.996567860295,-0.00343804300779,-0.00172049986835
4438,0.997484940001,-0.00251822807517,-0.00125990705446
4439,0.99719345886,-0.00281048686075,-0.00140623124758
4440,0.99990928474,-9.07193746553e-05,-4.53607160937e-05
4441,0.99764462254,-0.00235815572527,-0.00117977324821
4442,0.994852547851,-0.00516074591979,-0.00258370498754
4443,0.999303966072,-0.000696276271677,-0.000348198742952
4444,0.996375956582,-0.00363062617255,-0.00181696176455
4445,0.997407798086,-0.00259556748656,-0.00129862622902
4446,0.997973016179,-0.0020290409334,-0.00101503526666
4447,0.996115182477,-0.00389238302618,-0.00194808657298
4448,0.999384426716,-0.000615762827127,-0.00030792881391
4449,1.00035480926,0.000354746327233,0.000177357433927
4450,0.997830068008,-0.00217228970556,-0.00108673492172
4451,0.996872319932,-0.00313258148197,-0.001567518015
4452,0.997157541552,-0.00284650590443,-0.00142426625737
4453,1.00000444646,4.44645119807e-06,2.22322312771e-06
4454,0.999895173023,-0.000104832471922,-5.24176097161e-05
4455,0.998907284413,-0.00109331303627,-0.000546805962037
4456,0.998629611559,-0.00137132828234,-0.000685899262563
4457,0.998666156709,-0.00133473365164,-0.000667589564608
4458,1.00276650817,0.00276268842462,0.00138039059554
4459,0.994887604427,-0.00512550857918,-0.0025660409514
4460,0.99673478421,-0.00327055823937,-0.00163661691771
4461,0.997383455099,-0.00261997403806,-0.00131084542682
4462,0.99943856902,-0.000561588641507,-0.000280833747169
4463,0.998604601643,-0.00139637283194,-0.000698430204842
4464,0.996731463194,-0.00327389014074,-0.00163828559631
4465,0.998062089029,-0.00193979115002,-0.000970366075824
4466,0.996789890564,-0.00321527289027,-0.00160892938537
4467,0.994718561936,-0.00529543415968,-0.00265122537835
4468,0.993712425861,-0.006307424183,-0.00315869027335
4469,0.997547567264,-0.00245544487523,-0.00122847639733
4470,0.997800539309,-0.00220188305676,-0.00110154778697
4471,0.997143663086,-0.00286042402881,-0.00143123525537
4472,0.998864294605,-0.00113635079682,-0.000568336840628
4473,0.993542755325,-0.0064781828631,-0.00324434295673
4474,0.996785388628,-0.00321978933506,-0.00161119124364
4475,0.995096857361,-0.00491520247996,-0.00246062361733
4476,1.00225796398,0.00225541861209,0.00112707368086
4477,0.99644418099,-0.00356215596053,-0.00178266504174
4478,0.999934777185,-6.52249416799e-05,-3.26130026322e-05
4479,0.996849263993,-0.00315571002595,-0.00157910048116
4480,0.996475288488,-0.00353093794305,-0.0017670283294
4481,1.00008385726,8.38537435823e-05,4.19259928721e-05
4482,0.997326163777,-0.00267741730806,-0.00133960512445
4483,0.999132704359,-0.000867671959526,-0.000433930100202
4484,0.997867672006,-0.00213460464252,-0.00106787209107
4485,0.995070540038,-0.00494164982629,-0.00247387991663
4486,0.997471410338,-0.00253179194367,-0.00126669755635
4487,0.996852508064,-0.00315245570677,-0.00157747075345
4488,0.999488773153,-0.000511357567766,-0.000255711472489
4489,0.999155768455,-0.000844588109228,-0.000422383233301
4490,0.999354613708,-0.000645594643119,-0.000322849426221
4491,0.998634153285,-0.00136678033367,-0.000683623731096
4492,0.99407182753,-0.00594581383974,-0.00297733039008
4493,0.998053659299,-0.00194823728316,-0.000974593249242
4494,1.00091828516,0.000917863795263,0.000458826604496
4495,0.998926782969,-0.0010737933404,-0.000537040825016
4496,0.995546270557,-0.0044636768427,-0.00223433082659
4497,1.00142219272,0.00142118235978,0.000710338769769
4498,0.996225226124,-0.00378191631495,-0.00189274714631
4499,0.995368799749,-0.00464195748467,-0.00232367429853
4500,0.995933877077,-0.00407441207798,-0.00203928255307
4501,0.997128777285,-0.0028753525822,-0.0014387102431
4502,0.996360653324,-0.0036459852092,-0.00182465526581
4503,0.995570382379,-0.00443945744531,-0.00222219414431
4504,0.996707049255,-0.00329838443929,-0.00165055288503
4505,0.996399459472,-0.00360703807561,-0.00180514635642
4506,0.996958954104,-0.00304567927233,-0.00152399974526
4507,0.995802835103,-0.00420599771721,-0.00210521171164
4508,0.997088403725,-0.00291584321744,-0.00145898489309
4509,0.997419533717,-0.00258380142467,-0.00129273557554
4510,1.00069105647,0.000690817796546,0.000345349251487
4511,0.993888585831,-0.0061301652973,-0.00306978481742
4512,0.997680968958,-0.00232172415921,-0.00116153614079
4513,0.999118414142,-0.000881974683021,-0.000441084590723
4514,1.00037948916,0.000379417173489,0.000189690593209
4515,0.998950880319,-0.00104967039196,-0.000524972946069
4516,0.997774776649,-0.00222770283907,-0.00111447198241
4517,0.99735397872,-0.00264952818141,-0.00132564197827
4518,0.997092812351,-0.00291142172755,-0.00145677092515
4519,0.998633068355,-0.00136786674856,-0.000684167310039
4520,0.998058221053,-0.00194366664399,-0.000972305705012
4521,0.997963797963,-0.00203827791481,-0.00101965845598
4522,0.99811804851,-0.00188372458612,-0.000942305984638
4523,0.993644601806,-0.00637567971373,-0.00319292642196
4524,0.997557143733,-0.00244584490844,-0.0012236705288
4525,0.998168210176,-0.0018334696024,-0.000917155130979
4526,0.998988799361,-0.00101171224717,-0.000505984090371
4527,0.995550050888,-0.00445987960624,-0.00223242796803
4528,0.997172104011,-0.00283190204149,-0.0014169539527
4529,0.998902455951,-0.0010981467915,-0.00054922416414
4530,0.997412220238,-0.00259113385213,-0.00129640653544
4531,0.997894612342,-0.0021076071022,-0.00105435899716
4532,0.995417379559,-0.00459315283549,-0.00229921556932
4533,1.0024410963,0.00243812166001,0.0012183180772
4534,0.996662827454,-0.00334275332543,-0.00167277419118
4535,0.998698044237,-0.00130280404341,-0.000651614230079
4536,0.997827090413,-0.00217527378067,-0.00108822858183
4537,0.999273271803,-0.000726992391878,-0.000363562268687
4538,0.996013415214,-0.00399455239823,-0.00199927208378
4539,0.995796455526,-0.00421240420366,-0.00210842170351
4540,0.998579105848,-0.00142190457972,-0.000711205076342
4541,0.997414690736,-0.00258865694717,-0.0012951664782
4542,0.998165901218,-0.00183578280077,-0.000918312791617
4543,1.00064551941,0.000645311155741,0.000322603530157
4544,1.0008068124,0.000806487105653,0.000403162261072
4545,1.00026515945,0.000265124304297,0.000132553366175
4546,1.00084634514,0.000845987195624,0.000422904148633
4547,0.996855984868,-0.00314896793098,-0.00157572411615
4548,0.997916562324,-0.00208561105108,-0.00104334943627
4549,0.992416139524,-0.00761276417272,-0.0038136355589
4550,0.998983955747,-0.00101656077593,-0.00050840958433
4551,0.996882535403,-0.00312233401292,-0.00156238626207
4552,0.998263876308,-0.00173763250122,-0.000869193780776
4553,0.998696613609,-0.00130423653735,-0.000652330944023
4554,1.00004662347,4.66223819795e-05,2.3310919286e-05
4555,0.997389718643,-0.00261369408103,-0.00130770133721
4556,0.995313543117,-0.00469747275258,-0.00235149681833
4557,0.99752224298,-0.00248083173942,-0.00124118550366
4558,0.996526522888,-0.00347952363968,-0.00174127608346
4559,0.998472093603,-0.00152907483632,-0.000764829751385
4560,0.995221973546,-0.00478947771275,-0.00239760853372
4561,0.996464571388,-0.00354169300902,-0.00177241537912
4562,0.995866632004,-0.00414193397387,-0.0020731129202
4563,0.99738680126,-0.00261661910387,-0.00130916576223
4564,0.998230234716,-0.0017713331687,-0.000886058902814
4565,0.994330696773,-0.00568543472544,-0.00284676171513
4566,0.996473779608,-0.00353245216155,-0.00176778677677
4567,0.999915966153,-8.40373779409e-05,-4.20195717679e-05
4568,0.996046738684,-0.0039610961091,-0.0019825106353
4569,0.994820693489,-0.00519276561185,-0.00259975632678
4570,0.998233179447,-0.00176838322115,-0.00088458262321
4571,0.997244530207,-0.00275927308857,-0.0013805886806
4572,0.99706779952,-0.00293650780141,-0.00146933231319
4573,0.998679115333,-0.00132175780446,-0.000661097330808
4574,1.00303441128,0.00302981674795,0.0015137614795
4575,0.998004627836,-0.00199736557099,-0.000999181635196
4576,1.00199474624,0.00199275937381,0.000995883465485
4577,0.99703973146,-0.00296465880087,-0.00148342859371
4578,0.999772357951,-0.000227667963504,-0.000113840461086
4579,0.99894791262,-0.00105264121193,-0.000526459136957
4580,0.998264649616,-0.001736857849,-0.000868806118079
4581,0.998553913937,-0.00144713265502,-0.000723828164775
4582,0.997863745727,-0.00213853931875,-0.00106984153199
4583,0.998137776577,-0.00186395951658,-0.000932414186373
4584,0.998209609956,-0.00179199470824,-0.000896398879661
4585,0.995249936694,-0.00476138070944,-0.00238352644818
4586,0.999779311891,-0.0002207124647,-0.000110362321823
4587,1.00021563567,0.000215612427348,0.000107800402793
4588,0.997752695512,-0.00224983346678,-0.00112554968954
4589,0.994976573289,-0.00503608653418,-0.00252121620067
4590,0.997969857806,-0.00203220572592,-0.00101661927037
4591,1.00145781172,0.00145675014024,0.000728109869393
4592,0.996976914654,-0.00302766409923,-0.00151497847177
4593,0.9985848776,-0.00141612463118,-0.000708313050884
4594,0.995776423185,-0.00423252130989,-0.00211850151499
4595,0.998525589538,-0.00147549847491,-0.000738021441361
4596,0.99967056885,-0.000329485424422,-0.000164756283037
4597,0.996973952896,-0.0030306348421,-0.00151646609462
4598,1.00036015787,0.000360093026725,0.000180030305962
4599,1.00167582559,0.00167442295743,0.000836861114967
4600,0.995500109129,-0.00451004585534,-0.00225756740413
4601,0.994862408661,-0.00515083413819,-0.00257873630449
4602,0.999022965633,-0.000977511975933,-0.000488875448636
4603,0.995993094928,-0.00401495422508,-0.00200949344374
4604,1.00007965272,7.96495517627e-05,3.98239828855e-05
4605,0.995321102664,-0.00468987764028,-0.00234769033947
4606,0.999765076705,-0.000234950894285,-0.000117482347653
4607,0.997934801391,-0.00206733407236,-0.00103420145407
4608,0.996266092051,-0.00374089638453,-0.00187219857164
4609,0.996366162405,-0.00364045602099,-0.0018218856311
4610,0.997441095475,-0.00256218411702,-0.00128191300747
4611,0.998874834477,-0.00112579899671,-0.000563057956009
4612,0.995376144303,-0.0046345787852,-0.00231997638277
4613,0.996366300731,-0.00364031719117,-0.00182181608972
4614,0.99594609842,-0.00406214091462,-0.00203313447807
4615,0.995565064285,-0.00444479921627,-0.00222487096859
4616,1.00127127842,0.00127047102763,0.000635033794451
4617,0.993552181905,-0.00646869506287,-0.00323958367706
4618,0.996512416376,-0.00349367942049,-0.00174836632352
4619,0.996096440099,-0.00391119867619,-0.00195751276958
4620,0.998881309397,-0.00111931680407,-0.000559815040019
4621,0.99971914668,-0.000280892766431,-0.000140456246271
4622,0.997341797012,-0.00266174228315,-0.00133175714358
4623,0.99850366881,-0.00149745181106,-0.000749006270737
4624,0.994122413797,-0.00589492719453,-0.00295181163894
4625,0.996632352253,-0.0033733310358,-0.00168808873824
4626,1.00036545652,0.000365389753586,0.0001826781891
4627,0.995163216879,-0.00484851821183,-0.00242719999803
4628,0.996168181165,-0.00383917906074,-0.00192143312181
4629,0.997917752473,-0.00208441841832,-0.0010427524979
4630,0.997513325496,-0.00248977141403,-0.00124566089887
4631,0.996406604817,-0.00359986693606,-0.0018015543206
4632,0.999828921803,-0.000171092832251,-8.55500753247e-05
4633,0.998839398959,-0.00116127506032,-0.000580806132759
4634,0.999094346101,-0.000906064251682,-0.000453134760393
4635,0.99701437867,-0.00299008718799,-0.00149616172882
4636,0.996847002307,-0.00315797886302,-0.00158023669171
4637,0.996974429422,-0.0030301568701,-0.00151622674624
4638,0.998888772212,-0.00111184565933,-0.000556077383398
4639,0.99820469552,-0.00179691797002,-0.000898862720186
4640,0.998621094129,-0.00137985743618,-0.00069016677365
4641,0.996965721398,-0.00303889135822,-0.00152060062158
4642,0.998745712017,-0.00125507526094,-0.000627734573401
4643,0.998459291738,-0.00154189637303,-0.000771245443455
4644,1.00057728014,0.00057711357417,0.000288515158579
4645,0.998937698157,-0.00106286648537,-0.00053157447835
4646,0.997534710757,-0.00246833307193,-0.00123492843289
4647,0.997911958686,-0.00209022431139,-0.00104565847571
4648,1.00168137095,0.00167995902784,0.000839626829886
4649,0.998500036887,-0.00150108918366,-0.000750826320901
4650,0.997948006309,-0.00205410191431,-0.0010275785546
4651,0.995395645759,-0.00461498693041,-0.00231015777715
4652,0.999862818271,-0.000137191139087,-6.85979222736e-05
4653,0.998301880123,-0.00169956331701,-0.000850142825236
4654,1.00088892301,0.000888528152501,0.000444165405578
4655,0.9985222767,-0.00147881620992,-0.00073968153452
4656,0.99805517746,-0.0019467161625,-0.000973831947962
4657,0.997688301133,-0.00231437496816,-0.00115785728385
4658,0.998182543829,-0.00181910974815,-0.000909968644548
4659,0.993603727005,-0.00641681679869,-0.00321356085049
4660,0.995945037021,-0.00406320663419,-0.00203366842137
4661,0.998598833314,-0.00140214923815,-0.000701320429325
4662,0.9985617562,-0.00143927906524,-0.000719898535272
4663,0.998381620465,-0.00161969052628,-0.000810173276355
4664,0.997646467154,-0.00235630675787,-0.00117884767426
4665,0.997637035301,-0.0023657609054,-0.00118358033171
4666,0.998173763946,-0.00182790565607,-0.000914370610187
4667,0.998763018984,-0.0012377467084,-0.000619064895827
4668,0.999244646755,-0.000755638668076,-0.000377890716752
4669,1.00035220021,0.000352138201979,0.000176053601735
4670,0.995394195155,-0.00461644424518,-0.00231088811811
4671,0.99926069732,-0.00073957609947,-0.000369856429764
4672,0.998160484104,-0.00184120988334,-0.000921028828468
4673,0.994739730346,-0.00527415358231,-0.00264055693662
4674,0.999064520267,-0.000935917567158,-0.000468068293372
4675,0.999465037491,-0.000535105652875,-0.000267588621887
4676,0.998075205892,-0.00192664890513,-0.000963788598594
4677,0.992446976199,-0.00758169233234,-0.00379804051151
4678,0.999011838604,-0.000988649949844,-0.000494447173647
4679,0.995648762133,-0.00436073205361,-0.00218274475333
4680,0.994114146464,-0.00590324344136,-0.00295598204502
4681,0.99725026285,-0.00275352462183,-0.00137771048323
4682,0.998631879686,-0.00136905704546,-0.00068476286585
4683,0.998246484505,-0.0017550547025,-0.000877912491027
4684,0.998743884537,-0.00125690503749,-0.000628650036405
4685,1.00111704529,0.00111642186173,0.000558055160127
4686,0.995191624122,-0.00481997330868,-0.00241289300647
4687,0.998511730958,-0.00148937761485,-0.000744966156979
4688,1.00021021783,0.000210195741815,0.00010509234832
4689,1.00009330301,9.32986596247e-05,4.66482417493e-05
4690,0.997293653947,-0.00271001482842,-0.00135592585154
4691,0.998905816169,-0.00109478288678,-0.000547541289428
4692,0.999594005382,-0.000406077056418,-0.000203059141926
4693,1.00029471477,0.000294671351047,0.000147324822156
4694,0.998856276243,-0.00114437830834,-0.00057235288561
4695,0.997148450936,-0.00285562247517,-0.00142883104536
4696,0.997481233453,-0.0025219439763,-0.0012617673476
4697,0.999155659045,-0.000844697611164,-0.000422438007397
4698,0.998841721522,-0.00115894980093,-0.000579642828478
4699,0.998048642771,-0.00195326360683,-0.000977108863545
4700,0.999671868701,-0.000328185146289,-0.000164106037067
4701,0.999456632934,-0.000543514743581,-0.000271794301171
4702,0.995557871761,-0.00445202380658,-0.00222849130717
4703,0.99686873069,-0.00313618199216,-0.00156932109365
4704,0.996592385943,-0.00341343319748,-0.00170817386845
4705,0.996309701655,-0.00369712429461,-0.00185027179161
4706,0.999776654622,-0.000223370322891,-0.000111691398465
4707,0.998054148811,-0.00194774681701,-0.000974347777192
4708,0.994681786035,-0.00533240600502,-0.00266976048269
4709,0.996713644556,-0.00329176737029,-0.0016472388951
4710,0.99726419525,-0.00273955390382,-0.00137071552486
4711,0.995828106815,-0.00418061981102,-0.00209249612629
4712,0.998234891099,-0.00176666854138,-0.000883724525307
4713,0.997599631181,-0.00240325432317,-0.00120234940476
4714,0.994583713782,-0.00543100747623,-0.002719194058
4715,1.00125761657,0.00125682643152,0.00062821580553
4716,0.997789067185,-0.00221338053532,-0.0011073028753
4717,0.9996799973,-0.000320053911752,-0.000160039760872
4718,0.996220784571,-0.00378637470654,-0.0018949805639
4719,0.995426987394,-0.00458350081574,-0.00229437847508
4720,0.995174982434,-0.00483669554292,-0.0024212743331
4721,0.997484624981,-0.00251854388992,-0.0012600651608
4722,0.996053249528,-0.00395455944466,-0.00197923582892
4723,0.998637408036,-0.00136352113707,-0.000681993020092
4724,0.9965627287,-0.00344319228872,-0.00172307894181
4725,1.00067755822,0.000677328779462,0.00033860704942
4726,1.00017158938,0.000171574660976,8.57836508603e-05
4727,0.998814193437,-0.00118651018806,-0.000593431104638
4728,0.998065685593,-0.00193618760941,-0.000968562558767
4729,0.996714724372,-0.00329068399487,-0.00164669631525
4730,0.99777221995,-0.00223026524357,-0.00111575461335
4731,1.00000667989,6.67986706639e-06,3.33992795565e-06
4732,1.00173679515,0.001735288666,0.000867268038492
4733,0.997360863398,-0.0026426252625,-0.00132218594938
4734,0.999729603437,-0.000270433127164,-0.000135225705753
4735,0.997209618862,-0.00279428150913,-0.00139811721041
4736,0.998363620391,-0.00163771994039,-0.000819195327552
4737,0.996507775174,-0.00349833687745,-0.00175069912619
4738,0.997672576726,-0.00233013593359,-0.00116574692213
4739,0.995665877602,-0.00434354193286,-0.00217413096915
4740,0.998550479902,-0.00145057166889,-0.000725548917814
4741,1.00005771409,5.77124207149e-05,2.8855794021e-05
4742,0.997402802307,-0.00260057626175,-0.00130113387201
4743,0.997712153685,-0.00229046743359,-0.00114588974734
4744,0.996410772612,-0.00359568411857,-0.00179945914626
4745,0.999919880581,-8.01226292279e-05,-4.00621170793e-05
4746,0.996249869364,-0.00375718000575,-0.00188035565855
4747,0.995183130213,-0.00482850829328,-0.00241717080489
4748,0.996750597407,-0.00325469336621,-0.00162867153028
4749,0.99717212288,-0.0028318831189,-0.001416944478
4750,0.997758953019,-0.002243561885,-0.00112241037408
4751,0.997103925151,-0.00290027658835,-0.00145119025314
4752,0.995306386411,-0.00470466318147,-0.00235510049339
4753,0.996929877869,-0.00307484462427,-0.00153860475171
4754,1.00078720781,0.000786898124249,0.000393371671193
4755,0.997087720903,-0.00291652803339,-0.00145932780069
4756,0.997491641296,-0.00251150990685,-0.00125654374382
4757,0.997074982743,-0.00292930347996,-0.00146572486619
4758,0.999199773282,-0.000800547070545,-0.000400353655414
4759,0.99811607641,-0.00188570040553,-0.000943294825743
4760,0.999467796377,-0.000532345293152,-0.000266208073658
4761,0.998168128784,-0.00183355114403,-0.000917195939192
4762,0.994595163086,-0.00541949588893,-0.00271342262983
4763,0.99857739476,-0.00142361810324,-0.000712062447802
4764,0.998406256649,-0.00159501471063,-0.00079782544886
4765,0.997446788505,-0.0025564764982,-0.00127905554381
4766,0.994906122101,-0.00510689592226,-0.00255671078594
4767,0.996315367641,-0.00369143733751,-0.0018474230559
4768,0.997744821324,-0.00225772542144,-0.00112950011606
4769,0.9947244453,-0.00528951957492,-0.00264826024991
4770,0.996338135239,-0.00366858580022,-0.00183597624442
4771,0.998673822694,-0.00132705745772,-0.000663748912746
4772,0.998259966971,-0.00174154864527,-0.000871153556661
4773,0.999162031077,-0.000838320215198,-0.000419247967472
4774,0.997031158642,-0.00297325710937,-0.00148773413471
4775,0.997958781286,-0.00204330483982,-0.00102217448452
4776,0.996074556453,-0.00393316832293,-0.00196851915633
4777,0.997622764779,-0.00238006533124,-0.00119074103546
4778,0.999717173323,-0.000282866679566,-0.000141443341949
4779,1.00070566123,0.00070541236589,0.000352643989431
4780,0.998668690155,-0.00133219682529,-0.000666320305455
4781,0.997899756286,-0.00210245231886,-0.00105177889132
4782,0.99643572245,-0.00357064472115,-0.00178691699738
4783,0.99753803006,-0.0024650055714,-0.0012332626294
4784,0.999414726411,-0.000585444928813,-0.000292765311808
4785,0.9965815274,-0.00342432892733,-0.00171363105414
4786,0.996719922542,-0.00328546870442,-0.00164408437943
4787,0.997573973404,-0.00242897416635,-0.00121522487126
4788,0.998545060387,-0.00145599906518,-0.000728264588567
4789,0.995592566937,-0.00441717443004,-0.00221102794028
4790,0.997063632737,-0.00294068684706,-0.00147142490841
4791,0.999392107905,-0.000608076936746,-0.000304084692753
4792,0.999825200788,-0.000174814490725,-8.74110654874e-05
4793,0.997448020839,-0.00255524101054,-0.00127843701004
4794,0.991766849902,-0.00826722966228,-0.00414217000079
4795,0.997815706467,-0.00218668258175,-0.00109393920635
4796,1.00008224999,8.22466125955e-05,4.11224607462e-05
4797,0.997741380295,-0.00226117423335,-0.00113122647121
4798,1.00087598978,0.000875606320216,0.000437707338289
4799,1.00065670502,0.000656489487954,0.000328190877565
4800,0.99978258874,-0.000217434897315,-0.000108723358613
4801,0.995793726995,-0.00421514425687,-0.00210979461965
4802,0.999224282901,-0.000776018123382,-0.000388084346944
4803,0.999037517028,-0.000962946455916,-0.000481589154797
4804,0.995234051794,-0.0047773415515,-0.00239152592267
4805,1.00031744869,0.000317398313834,0.000158686564872
4806,0.996650663907,-0.00335495767467,-0.00167888659201
4807,1.00020378098,0.00020376021549,0.000101874918143
4808,0.996403369654,-0.00360311377104,-0.00180318066409
4809,0.995685675372,-0.00432365818187,-0.00216416752824
4810,0.997558994708,-0.00244398940223,-0.00122274164086
4811,1.00211998615,0.00211774215088,0.00105831066928
4812,0.99613017415,-0.00387733299972,-0.00194054692874
4813,0.999691751795,-0.000308295723057,-0.000154159742921
4814,1.00001414515,1.41450507987e-05,7.072500389e-06
4815,1.00118309409,0.00118239478735,0.000591022670929
4816,0.996066161058,-0.00394159683893,-0.00197274171908
4817,0.997571584591,-0.00243136879225,-0.00121642363993
4818,1.00210523246,0.00210301956525,0.00105095713993
4819,0.998090268734,-0.00191155712789,-0.000956235465833
4820,0.996323131666,-0.00368364462948,-0.00184351951128
4821,0.995927333421,-0.00408098247139,-0.00204257445462
4822,0.997016677891,-0.00298778108544,-0.00149500695306
4823,1.00069041814,0.000690179913099,0.000345030419859
4824,1.00054632736,0.000546178181898,0.000273051805517
4825,0.995963545741,-0.00404462272906,-0.00202435761531
4826,0.998159407555,-0.00184228841686,-0.000921568592055
4827,0.996128439752,-0.00387907413763,-0.00194141918745
4828,0.998598306125,-0.00140267716659,-0.000701584578706
4829,0.998026107995,-0.0019758426973,-0.000988409503688
4830,1.00166242189,0.00166104159635,0.000830176011236
4831,0.996535929922,-0.00347008386114,-0.00173654798672
4832,0.99751365975,-0.0024894363274,-0.00124549314686
4833,0.994063728442,-0.00595396126,-0.00298141623731
4834,1.00006471514,6.47130480266e-05,3.23560005466e-05
4835,0.996264924562,-0.00374206824975,-0.00187278560141
4836,0.996448674119,-0.00355764680825,-0.00178040644899
4837,0.997693216933,-0.00230944778972,-0.00115539084518
4838,0.997067564131,-0.00293674388277,-0.00146945052732
4839,1.00185816626,0.00185644200332,0.000927790337805
4840,1.00012058669,0.000120579422998,6.02878941107e-05
4841,0.994036446315,-0.00598140668536,-0.00299517995755
4842,0.996575563261,-0.00343031354253,-0.00171662849393
4843,0.997278764904,-0.00272494438654,-0.00136340078018
4844,0.997134423463,-0.00286969016145,-0.00143587496344
4845,0.998260829071,-0.00174068504294,-0.000870721379427
4846,0.997507423341,-0.00249568829982,-0.00124862303136
4847,0.996395636876,-0.00361087449202,-0.00180706802911
4848,0.99731971623,-0.00268388216187,-0.00134284188676
4849,0.995753362919,-0.00425567965331,-0.00213010528438
4850,0.995359050391,-0.00465175225124,-0.00232858307377
4851,0.997966774692,-0.00203529511675,-0.00101816553735
4852,0.996986987109,-0.00301756115233,-0.00150991935823
4853,0.997577011386,-0.00242592880167,-0.00121370033968
4854,0.999743754289,-0.000256278547054,-0.000128147483714
4855,0.997884106438,-0.00211813522783,-0.00105962862405
4856,0.997889091268,-0.00211313984055,-0.0010571282869
4857,0.998391336535,-0.00160995875321,-0.00080530345946
4858,0.995264058973,-0.00474719112919,-0.00237641477266
4859,0.996611962274,-0.00339379012261,-0.00169833560243
4860,0.998908352789,-0.00109224349203,-0.000546270897645
4861,0.999339132632,-0.000661085837368,-0.000330597554014
4862,0.998462127937,-0.00153905580216,-0.000769824063638
4863,0.997771967499,-0.00223051825794,-0.00111588126169
4864,0.998721968904,-0.00127884847393,-0.000639628712225
4865,0.997823784939,-0.00217858645818,-0.00108988672444
4866,0.998581599857,-0.00141940702454,-0.000709955411397
4867,0.996622380715,-0.00338333631765,-0.0016930998366
4868,0.997473783138,-0.0025294131316,-0.0012655066444
4869,0.995652534205,-0.00435694350336,-0.00218084634528
4870,0.99639268374,-0.00361383831522,-0.00180855261973
4871,1.0004153128,0.000415226581291,0.000207591740498
4872,0.999597983668,-0.000402097162712,-0.000201068792977
4873,0.999171682812,-0.000828660432172,-0.000414416062706
4874,0.997134833613,-0.00286927883311,-0.00143566900399
4875,0.994254773344,-0.00576179395688,-0.00288505075005
4876,1.00110909086,0.00110847627722,0.000554084577022
4877,0.995817047299,-0.00419172572083,-0.00209806071618
4878,0.997199001359,-0.0028049287778,-0.00140344830199
4879,0.998557762817,-0.00144327820783,-0.000721899548056
4880,0.994121759137,-0.00589558572552,-0.00295214187642
4881,0.996682631022,-0.00332288364637,-0.00166282278234
4882,0.998218082965,-0.00178350653782,-0.000892150999071
4883,0.99670652655,-0.0032989088715,-0.00165081553397
4884,0.998617376625,-0.00138358008051,-0.000692029382171
4885,0.998452795286,-0.00154840287095,-0.000774501206762
4886,0.994520873893,-0.005494191574,-0.00275087251218
4887,0.994183664517,-0.00583331623819,-0.00292091570469
4888,0.999731782897,-0.000268253079997,-0.000134135535365
4889,0.999952337561,-4.76635750436e-05,-2.38320715011e-05
4890,1.00029992352,0.000299878553326,0.000149928036332
4891,0.999229868,-0.000770428703637,-0.000385288556395
4892,0.998340176508,-0.00166120252554,-0.000830946307524
4893,0.999194359777,-0.000805964925728,-0.000403063671205
4894,0.99615074386,-0.00385668359243,-0.00193020224292
4895,0.998812877995,-0.00118782719221,-0.000594089997707
4896,0.996909022251,-0.00309576468793,-0.00154908093218
4897,0.997372398312,-0.00263105989255,-0.00131639563537
4898,0.999779238647,-0.000220785724389,-0.000110398955711
4899,0.997338701194,-0.00266484635753,-0.00133331124891
4900,0.996395824663,-0.00361068602539,-0.00180697362552
4901,0.997381963564,-0.00262146948626,-0.00131159413135
4902,0.996092180651,-0.00391547482577,-0.00195965503197
4903,0.995060661585,-0.00495157726516,-0.00247885592806
4904,0.999298972338,-0.000701273496606,-0.000350698228553
4905,0.997738299168,-0.00226426234025,-0.00113277227253
4906,0.996173202688,-0.00383413823511,-0.00191890786937
4907,0.99801868128,-0.00198328412881,-0.000992133903959
4908,0.997101471752,-0.00290273711607,-0.00145242230311
4909,1.00029590699,0.000295863218518,0.000147920667918
4910,0.999293987543,-0.000706261801295,-0.000353193258704
4911,0.995750690909,-0.00425836306234,-0.00213144984776
4912,0.9994051382,-0.000595038800215,-0.000297563663394
4913,0.997606172795,-0.00239669699017,-0.00119906680154
4914,0.998420764794,-0.00158048351281,-0.000790554079685
4915,0.996115441305,-0.00389212318882,-0.00194795640121
4916,0.998047469035,-0.00195443963817,-0.000977697453943
4917,0.998631918269,-0.00136901840903,-0.000684743534404
4918,0.997108168273,-0.00289602115145,-0.00144905944924
4919,0.998225785845,-0.00177578993732,-0.000888289264086
4920,0.999001634017,-0.000998864681854,-0.000499557078023
4921,0.997033705882,-0.00297070228811,-0.00148645482445
4922,0.99791379356,-0.00208838560045,-0.00104473815933
4923,0.997596401722,-0.00240649155795,-0.00120396996961
4924,0.996729356551,-0.00327600369443,-0.00163934410501
4925,0.998231253973,-0.00177031210518,-0.000885547918822
4926,0.999460947492,-0.00053919784925,-0.000269635269681
4927,1.00010897162,0.000108965681822,5.44813567479e-05
4928,0.997902016824,-0.00210018702595,-0.00105064505421
4929,0.999784114163,-0.000215909143975,-0.000107960399292
4930,0.997661626514,-0.00234111175098,-0.00117124124341
4931,0.996635759257,-0.00336991252498,-0.00168637659892
4932,0.996900409466,-0.00310440421423,-0.00155340739634
4933,0.997384426175,-0.00261900041427,-0.00131035797691
4934,0.998417987394,-0.00158326530892,-0.000791946078291
4935,0.995298938233,-0.0047121465115,-0.00235885097742
4936,0.997535663019,-0.00246737845759,-0.00123445053639
4937,0.997545781403,-0.00245723512754,-0.00122937262352
4938,0.998900477086,-0.00110012783265,-0.000550215229223
4939,0.997777677395,-0.00222479562892,-0.00111301675839
4940,0.997127517136,-0.00287661636081,-0.00143934304171
4941,0.999784781886,-0.00021524127672,-0.000107626429669
4942,0.997282267154,-0.00272143258631,-0.00136164248762
4943,0.994929068255,-0.00508383255032,-0.00254514968344
4944,0.996232666626,-0.00377444764772,-0.00188900575153
4945,0.995934250372,-0.00407403725927,-0.00203909476155
4946,0.998130217878,-0.00187153234633,-0.00093620413893
4947,1.00074954697,0.000749266200194,0.000374562933879
4948,0.997526535541,-0.00247652852548,-0.00123903122847
4949,0.99668691325,-0.00331858717453,-0.00166067097659
4950,0.998506855296,-0.00149426055524,-0.000747409448965
4951,0.996502135514,-0.00350399631732,-0.00175353380412
4952,0.997745520185,-0.00225702498097,-0.00112914950031
4953,0.998987187453,-0.00101332578818,-0.000506791269413
4954,1.00155185856,0.00155065567558,0.000775027348825
4955,0.99603346885,-0.00397441869857,-0.00198918515835
4956,0.995538800001,-0.0044711808468,-0.00223809121891
4957,0.998243245111,-0.0017582997922,-0.000879536461644
4958,0.99440056528,-0.00561517032239,-0.00281153011948
4959,0.998257233422,-0.00174428696218,-0.000872523908804
4960,0.999335940741,-0.000664279843859,-0.000332195086501
4961,0.999477319603,-0.000522817042323,-0.000261442691346
4962,0.996612365595,-0.00339338543046,-0.00169813291273
4963,1.00298139176,0.00297695622245,0.00148737087711
4964,0.998782387229,-0.00121835466413,-0.000609362918257
4965,0.995483837994,-0.00452639067354,-0.00226575829646
4966,0.998034823485,-0.00196711000788,-0.000984038852782
4967,0.99758043529,-0.00242249658713,-0.00121198215104
4968,0.999558334049,-0.000441763514028,-0.000220906153186
4969,0.996381255132,-0.00362530836479,-0.00181429803308
4970,0.99813283042,-0.00186891491403,-0.000934894198414
4971,0.999782131247,-0.000217892490008,-0.000108952179862
4972,0.998077804435,-0.00192404535417,-0.000962485569325
4973,0.991836713772,-0.00819678829779,-0.0041068040513
4974,0.998429915733,-0.0015713181413,-0.000785967781579
4975,0.995884068658,-0.00412442510181,-0.00206434037363
4976,0.99696541531,-0.00303919837821,-0.00152075436501
4977,0.999040254268,-0.000960206582928,-0.000480218559495
4978,0.999190026218,-0.000810301988045,-0.000405233078772
4979,0.999120633072,-0.00087975379742,-0.00043997365874
4980,0.998017852139,-0.00198411491587,-0.000992549709703
4981,1.00039499551,0.000394917518554,0.000197439265579
4982,0.997217310776,-0.00278656810125,-0.00139425512179
4983,0.998005209287,-0.00199678295808,-0.000998890037716
4984,0.999923652901,-7.63500139735e-05,-3.81757356616e-05
4985,0.994327771324,-0.00568837685851,-0.00284823697053
4986,0.99482337339,-0.00519007176226,-0.00259840590122
4987,0.996468978603,-0.00353727016714,-0.00177020004108
4988,0.995026932219,-0.0049854746329,-0.00249584676926
4989,0.998556722006,-0.00144432052276,-0.000722421081881
4990,0.996279201247,-0.00372773814349,-0.00186560715539
4991,1.00086805429,0.000867677751901,0.000433744781473
4992,0.997251245065,-0.00275253969862,-0.00137721734328
4993,1.00028404239,0.000284002061012,0.000141990948837
4994,0.996289515439,-0.00371738548416,-0.00186042118215
4995,0.994530120561,-0.0054848940061,-0.00274621095085
4996,0.995523582158,-0.00448646700083,-0.0022457514311
4997,0.998839566247,-0.00116110757759,-0.000580722342762
4998,0.99888452833,-0.00111609427128,-0.000558202872913
4999,0.995996030166,-0.00401200718308,-0.0020080169628
