replicate,RZ_ratio,log_RZ_ratio,coupling_advantage
0,1.00068804055,0.000687803957384,0.000343842851185
1,0.999659069759,-0.000340988371335,-0.000170508720627
2,1.00103293128,0.00103239817439,0.000516065879368
3,1.00088585209,0.000885459952858,0.000442631985975
4,1.0008139002,0.000813569158449,0.000406701853595
5,0.999909259813,-9.07443045268e-05,-4.5373181595e-05
6,1.0003312225,0.000331167660521,0.000165570122015
7,0.999943001949,-5.69996754916e-05,-2.850024387e-05
8,1.00079717081,0.000796853235898,0.000398347256604
9,1.00106165402,0.00106109086672,0.000530404719016
10,0.999576862272,-0.000423227275726,-0.000211636029608
11,1.00033488251,0.000334826448899,0.000167399211638
12,1.00004087415,4.08733129512e-05,2.04364476486e-05
13,1.0010766187,0.00107603956039,0.000537875073506
14,1.00045917026,0.000459064876357,0.000229506097624
15,0.999994072247,-5.92777043965e-06,-2.96388961218e-06
16,1.000706184,0.00070593477323,0.000352905100956
17,1.00019957231,0.000199552399255,9.9771222148e-05
18,1.00013541163,0.00013540246358,6.76989401132e-05
19,1.0007158645,0.000715608391416,0.000357740191421
20,1.00031503026,0.000314980644793,0.000157477921447
21,1.00040451,0.000404428209648,0.00020219366093
22,0.999881399168,-0.000118607865734,-5.93056913798e-05
23,1.00012438978,0.000124382049093,6.21890907251e-05
24,1.00030469475,0.000304648335721,0.000152312567123
25,0.999905138748,-9.48657519784e-05,-4.74340009458e-05
26,0.999980632205,-1.93679828876e-05,-9.68403833368e-06
27,0.999888841629,-0.000111164549427,-5.55838194367e-05
28,1.00045379706,0.00045369412203,0.000226821333166
29,0.99999715495,-2.84505418664e-06,-1.42252810509e-06
30,1.00032846238,0.00032840845108,0.000164190744764
31,0.999799192348,-0.000200827816696,-0.000100418949993
32,0.999619403391,-0.000380669053881,-0.000190352641706
33,1.00037937688,0.000379304935204,0.00018963448471
34,1.00073187135,0.000731603664985,0.000365734935159
35,0.999134889748,-0.000865484675587,-0.000432835984267
36,1.00007320361,7.32009314112e-05,3.65997959167e-05
37,1.00021943017,0.00021940609747,0.000109697031576
38,1.00026405269,0.000264017831324,0.000132000202869
39,1.00030227638,0.000302230698707,0.000151103932004
40,1.00096898594,0.00096851677326,0.000484141152462
41,0.999607553639,-0.000392523387821,-0.000196280954497
42,1.00098630939,0.00098582330802,0.000492790193018
43,1.00037689236,0.000376821356017,0.000188392929832
44,1.00006194415,6.19422331348e-05,3.09706369673e-05
45,1.00057865631,0.000578488956855,0.000289202651276
46,1.00032396236,0.000323909897754,0.000161941834882
47,1.00000314992,3.14991691256e-06,1.57495721609e-06
48,1.00022532697,0.000225301586185,0.00011264444823
49,1.0005051907,0.000505063136982,0.000252499685078
50,1.00099971787,0.000999218487807,0.000499484459987
51,0.999896606074,-0.000103399271893,-5.17009723955e-05
52,1.00036015047,0.000360085629318,0.000180026607924
53,1.00040233865,0.000402257730651,0.000201108640271
54,1.0006772421,0.000677012871636,0.000338449148979
55,1.00007019268,7.01902215124e-05,3.50944949299e-05
56,1.00063990282,0.000639698169892,0.000319797938681
57,0.999892159172,-0.000107846643062,-5.39247754194e-05
58,1.00015549501,0.000155482926312,7.77384413667e-05
59,0.999879873605,-0.000120133611206,-6.00686096499e-05
60,1.00064920269,0.000648992048183,0.000324443380951
61,1.00002186256,2.18623196909e-05,1.09311001005e-05
62,0.99929629207,-0.000703955648175,-0.00035203977555
63,1.0007066236,0.000706374058573,0.00035312466609
64,1.00029240131,0.000292358565526,0.000146168599092
65,1.00035849718,0.000358432936663,0.00017920041002
66,1.00014735714,0.000147346279902,7.36704261519e-05
67,0.999670314239,-0.000329740119319,-0.000164883651475
68,0.999571664833,-0.000428426928441,-0.000214236409563
69,1.00029421312,0.000294169851379,0.000147074109232
70,0.99988146121,-0.00011854581639,-5.92746648687e-05
71,1.00003221381,3.22132954379e-05,1.61065180075e-05
72,1.00007514136,7.51385402017e-05,3.75685643846e-05
73,0.999828787319,-0.000171227339511,-8.56173347104e-05
74,1.00029042075,0.0002903785845,0.000145178752795
75,1.00030240686,0.000302361145216,0.000151169145401
76,1.00019977016,0.000199750206921,9.98701161083e-05
77,0.999825546985,-0.00017446823392,-8.72379219661e-05
78,0.99998621132,-1.37887750906e-05,-6.89441131163e-06
79,0.999985445942,-1.45541638103e-05,-7.27710838322e-06
80,1.00070990253,0.00070965066954,0.000354762391706
81,1.00021661704,0.000216593582748,0.000108290927488
82,1.00031543539,0.000315385647884,0.000157680391082
83,0.999977796597,-2.22036496872e-05,-1.1101886469e-05
84,1.00091918927,0.000918767073797,0.000459278036437
85,1.0004770042,0.000476890467625,0.000238416808007
86,1.00088927393,0.000888878756602,0.00044434062975
87,1.00043138208,0.000431289060262,0.000215621280521
88,1.00010919184,0.000109185877449,5.45914485572e-05
89,1.00033522553,0.000335169354642,0.000167570635793
90,1.00048030613,0.000480190819573,0.00024006658919
91,1.00042775813,0.000427666666434,0.000213810472499
92,1.00068268176,0.000682448842125,0.000341166210631
93,1.00009700837,9.7003667932e-05,4.85006577711e-05
94,1.00016692763,0.00016691369719,8.3453366169e-05
95,1.00031410276,0.000314053444523,0.000157014394211
96,1.00048120901,0.000481093267458,0.000240517704707
97,1.00047548894,0.000475375929936,0.000237659719422
98,1.00019148428,0.00019146595324,9.57283943647e-05
99,1.00023193833,0.000231911437143,0.000115948995967
100,0.999576918416,-0.000423171107982,-0.000211607939793
101,0.999846813573,-0.00015319816133,-7.66020144496e-05
102,1.00011497992,0.000114973306717,5.74850010325e-05
103,1.00048611997,0.000486001847459,0.000242971401397
104,0.999877574402,-0.000122433093048,-6.12184202951e-05
105,0.999810596984,-0.000189420955443,-9.47149629003e-05
106,1.00064421267,0.00064400525551,0.000321950790473
107,1.00020926729,0.000209245397464,0.000104617225968
108,1.00057051496,0.000570352281586,0.000285135481943
109,1.00041593583,0.000415849353699,0.000207903062012
110,1.00061822194,0.000618030922941,0.00030896772111
111,0.999358009874,-0.000642196290065,-0.00032114970256
112,1.00078187556,0.000781570056442,0.000390708681697
113,0.9997124118,-0.000287629560924,-0.000143825122303
114,1.00012243192,0.000122424423706,6.1210338424e-05
115,0.999629435359,-0.000370633316793,-0.000185333830589
116,1.00051205178,0.000511920725484,0.000255927607683
117,1.00014412077,0.000144110388769,7.20525984715e-05
118,0.999818567844,-0.000181448617238,-9.07284241933e-05
119,1.00019800592,0.0001979863155,9.8988258089e-05
120,1.00011861914,0.000118612108365,5.93042956134e-05
121,0.999794702604,-0.000205318472369,-0.000102664505824
122,1.00028918354,0.000289141734509,0.000144560417391
123,1.00018633007,0.000186312708254,9.31520152084e-05
124,0.999750485372,-0.000249545761455,-0.000124780665187
125,1.00008845057,8.84466539624e-05,4.42223491444e-05
126,1.00025182812,0.000251796420445,0.000125890285375
127,1.0004283219,0.000428230197843,0.000214092177919
128,0.999971872652,-2.81277439527e-05,-1.4063970873e-05
129,0.999842430685,-0.000157581729866,-7.87939690146e-05
130,1.00018643542,0.00018641804133,9.32046768393e-05
131,0.999914321487,-8.56821835009e-05,-4.28420094432e-05
132,1.00041805135,0.000417963988027,0.000208960158798
133,0.999701550396,-0.000298494148843,-0.00014925821232
134,1.00007618211,7.61792095912e-05,3.80888793958e-05
135,1.00012580075,0.000125792835362,6.28944397428e-05
136,0.999918196236,-8.18071100134e-05,-4.09043915686e-05
137,1.00054722698,0.000547077304404,0.000273501243916
138,1.00002050984,2.0509626077e-05,1.0254760458e-05
139,1.00085884821,0.000858479614665,0.000429147697106
140,0.999620190436,-0.000379881709711,-0.000189958894762
141,0.999899431771,-0.000100573285886,-5.02879073374e-05
142,1.00034999349,0.000349932257739,0.000174950823189
143,0.999911020074,-8.8983885074e-05,-4.44929323182e-05
144,1.00014750086,0.000147489981056,7.37422714331e-05
145,1.0004149832,0.000414897120959,0.000207427044515
146,0.999810230607,-0.00018978740106,-9.48982030795e-05
147,1.00003391895,3.39183753072e-05,1.69590438474e-05
148,0.999998741014,-1.25898698238e-06,-6.29493689397e-07
149,1.00052105343,0.000520917727542,0.000260424947306
150,0.999959118052,-4.08827840979e-05,-2.04416009757e-05
151,0.999491206309,-0.000508923170547,-0.000254493963369
152,1.00030768248,0.000307635157991,0.000153805749678
153,1.0000831636,8.31601392521e-05,4.1579205187e-05
154,1.00033964407,0.000339586407991,0.000169778789945
155,1.00036332614,0.000363260158035,0.000181613585273
156,1.00022435128,0.000224326112033,0.000112156765976
157,1.00048225586,0.000482139613795,0.000241040751906
158,1.00031782885,0.000317778357915,0.00015887655674
159,1.00024822451,0.000248193711475,0.000124089156041
160,1.000295948,0.000295904212409,0.000147941161831
161,0.9997792209,-0.00022080347553,-0.000110407832261
162,0.999844700036,-0.000155312024031,-7.76590273217e-05
163,0.999675187003,-0.000324865760192,-0.000162446073031
164,1.00062976817,0.000629569951657,0.000314735436236
165,0.999826018227,-0.000173996909246,-8.70022390984e-05
166,0.999620260162,-0.00037981195732,-0.000189924011942
167,1.00050001191,0.000499886945511,0.000249912239488
168,1.00021588434,0.0002158610425,0.000107924696961
169,1.00029330127,0.000293258266829,0.000146618383888
170,1.00058567808,0.000585506637092,0.000292710470475
171,1.00070592316,0.000705674118351,0.000352774819501
172,1.00062315936,0.000622965278919,0.000311434133778
173,1.00065148184,0.000651269713513,0.000325581843481
174,1.00003196389,3.19633790158e-05,1.59815618014e-05
175,1.00065025469,0.000650043364736,0.000324968868543
176,0.999683189847,-0.000316860348022,-0.000158442724734
177,0.99960970721,-0.000390368973627,-0.000195203536545
178,0.999706400349,-0.000293642759548,-0.00014683215856
179,1.00000235855,2.3585506252e-06,1.17927461718e-06
180,1.00019438656,0.000194367666748,9.71791111781e-05
181,0.999628747518,-0.000371321413653,-0.000185677942842
182,1.00084641936,0.000846061344234,0.000422941207258
183,1.00025142275,0.000251391147624,0.000125687674454
184,0.999539694157,-0.00046041181675,-0.000230232407789
185,1.00010481629,0.000104810801594,5.24040276582e-05
186,1.00035453004,0.000354467208693,0.000177217899399
187,0.999766300231,-0.000233727081202,-0.000116870369411
188,0.999735177903,-0.000264857168599,-0.000132437353352
189,1.00024869287,0.000248661948803,0.000124323245626
190,1.00023249295,0.000232465926108,0.000116226208265
191,1.00053627832,0.000536134578701,0.000268031362525
192,1.00046290827,0.000462801160474,0.000231373809188
193,1.00049484113,0.000494718737886,0.000247328778136
194,0.999646673351,-0.000353389083364,-0.000176710153082
195,1.0001286823,0.000128674024062,6.43349424496e-05
196,0.999812586306,-0.000187431258017,-9.37200204554e-05
197,1.00030459417,0.000304547788391,0.000152262301115
198,1.00035765586,0.000357591918148,0.000178779976029
199,1.00015456559,0.000154553647366,7.72738379062e-05
200,1.00029115666,0.000291114277681,0.000145546545914
201,1.00061940597,0.000619214220558,0.000309559186944
202,0.999963160571,-3.68401078126e-05,-1.84202235565e-05
203,1.00029757154,0.000297527271772,0.000148752571125
204,1.00025740475,0.000257371625624,0.000128677533148
205,0.999837634818,-0.000162378365138,-8.11924785e-05
206,0.999736727978,-0.000263306683804,-0.000131662008583
207,1.0003887779,0.000388702343665,0.000194332286867
208,1.00025260403,0.000252572135497,0.000126278093998
209,0.999775285156,-0.000224740096045,-0.000112376361773
210,1.00034323538,0.000343176485584,0.000171573522371
211,1.00042577263,0.000425682012599,0.000212818357259
212,1.00023428042,0.000234252982018,0.000117119631969
213,1.00019078578,0.000190767582893,9.53792425576e-05
214,1.00063642985,0.000636227418856,0.000318063116627
215,1.00056821406,0.000568052684941,0.000283986010808
216,0.999812131585,-0.000187886064692,-9.39474451309e-05
217,1.00046849223,0.000468382522236,0.000234163840485
218,1.0004872651,0.000487146428797,0.000243543552851
219,1.00049963196,0.000499507190294,0.000249722409314
220,0.999938803797,-6.11980756698e-05,-3.05995059902e-05
221,1.00002714797,2.71476011955e-05,1.35737084741e-05
222,1.00021662079,0.00021659732723,0.000108292799526
223,1.00045057886,0.000450477383859,0.0002252133276
224,1.00048088814,0.000480772548641,0.000240357383855
225,1.00006519237,6.5190241644e-05,3.25945896067e-05
226,1.00021994588,0.000219921693907,0.000109954801481
227,1.00076729622,0.000767002000291,0.000383427473036
228,1.00014191049,0.000141900417715,7.09476919507e-05
229,1.00006307551,6.30735241594e-05,3.15362648012e-05
230,1.00016917352,0.000169159215217,8.45760308545e-05
231,0.999944863757,-5.51377630892e-05,-2.75692615697e-05
232,1.00023069838,0.000230671768989,0.000115329233567
233,1.00001819345,1.81932820231e-05,9.09659963721e-06
234,0.999928264857,-7.17377165251e-05,-3.58695015577e-05
235,1.00003687373,3.6873046108e-05,1.84363531024e-05
236,1.00115004403,0.0011493832336,0.000574526513204
237,0.99987345908,-0.000126548927049,-6.32764653956e-05
238,1.00079872185,0.000798403039563,0.000399121849457
239,0.999995677816,-4.32219372207e-06,-2.16109919626e-06
240,0.999778486905,-0.000221537632389,-0.000110774951286
241,0.999738872496,-0.00026116160384,-0.000130589327964
242,1.00059241065,0.0005922352398,0.000296073781405
243,1.00074753628,0.00074725701757,0.000373558718346
244,0.999594058854,-0.000406023562806,-0.000203032389689
245,0.999803865687,-0.000196153549707,-9.80815845377e-05
246,1.00047603438,0.000475921113776,0.00023793224652
247,1.00053009368,0.000529953233057,0.000264941513325
248,1.00014540835,0.000145397778436,7.2696246718e-05
249,0.999665266092,-0.000334789944343,-0.000167408983492
250,1.00045613183,0.000456027833831,0.000227987923718
251,0.999847777683,-0.000152233903986,-7.61198489618e-05
252,1.00071308883,0.000712834699333,0.000356353840548
253,0.999775657793,-0.000224367375296,-0.000112189980473
254,0.999917974059,-8.20293054284e-05,-4.10154938266e-05
255,1.00093635547,0.000935917363105,0.000467849205966
256,1.00012484064,0.000124832852934,6.24144786022e-05
257,0.9999163233,-8.36802009507e-05,-4.18409757845e-05
258,1.00107974396,0.00107916146074,0.000539435182869
259,0.999887848084,-0.000112158205067,-5.60806749961e-05
260,1.00068745429,0.000687218100262,0.000343550023302
261,1.00040726626,0.000407183347737,0.00020357095049
262,1.00058243172,0.000582262168786,0.000291088709851
263,0.999815488933,-0.000184528091107,-9.22683020115e-05
264,1.00064524018,0.000645032100931,0.000322464047755
265,1.00050253938,0.000502413151501,0.00025117502602
266,1.0002991624,0.000299117664835,0.000149547649053
267,1.0009407054,0.000940263210562,0.000470021110734
268,0.999999588825,-4.11174634163e-07,-2.05587338264e-07
269,0.999783162826,-0.000216860686772,-0.000108436222168
270,1.00046654881,0.00046644000885,0.000233192810754
271,1.00036689791,0.000366830617669,0.000183398489275
272,1.00029535797,0.000295314361941,0.000147646280186
273,1.00031412595,0.000314076619708,0.000157025979984
274,1.00124242852,0.00124165734293,0.000620635997222
275,1.00009566838,9.56638070583e-05,4.78307596019e-05
276,0.999910291295,-8.97127290663e-05,-4.48573705949e-05
277,0.999904138169,-9.58664255915e-05,-4.79343616104e-05
278,1.00035929662,0.000359232092151,0.000179599916079
279,1.00099067241,0.000990182018666,0.000494968472002
280,1.00047457906,0.000474466478938,0.000237205101889
281,1.0003233522,0.000323299934862,0.000161636902779
282,1.00035660915,0.000356545581609,0.000178256901155
283,1.00024276932,0.000242739852988,0.000121362561462
284,1.0007359945,0.000735723789533,0.000367794241875
285,1.00003931125,3.93104753049e-05,1.96550444895e-05
286,1.00058006123,0.00057989305753,0.000289904498333
287,1.00037423268,0.000374162676151,0.000187063839453
288,1.00023309085,0.000233063689143,0.000116525055
289,1.00026683845,0.000266802852514,0.000133392528682
290,1.00010548702,0.000105481460174,5.27393393192e-05
291,1.00065214102,0.000651928470113,0.000325911114487
292,1.00019869544,0.000198675704964,9.93329186407e-05
293,0.999997077254,-2.92275058942e-06,-1.46137636259e-06
294,1.00033930991,0.000339252358649,0.000169611793618
295,1.00029409119,0.000294047958411,0.00014701317171
296,1.00054529461,0.000545145994414,0.000272535852562
297,0.999615128766,-0.000384945316088,-0.000192491182095
298,1.00012339296,0.000123385349764,6.16907719281e-05
299,1.00010049157,0.000100486525992,5.02420008245e-05
300,1.0004634784,0.00046337102912,0.000231658677544
301,0.99999289214,-7.10788485497e-06,-3.55394874285e-06
302,1.00037819423,0.000378122735652,0.000189043496852
303,1.00014108032,0.000141070364966,7.05326949355e-05
304,0.99960936314,-0.000390713178792,-0.000195375672737
305,1.00030313701,0.000303091076373,0.000151534055742
306,0.99982206346,-0.000177952372894,-8.89801449451e-05
307,1.00050598898,0.000505861015232,0.000252898523392
308,1.00002036012,2.03599162509e-05,1.01799063098e-05
309,1.00015684275,0.000156830448331,7.8412149772e-05
310,1.00036931284,0.000369244663904,0.000184605290298
311,0.999971776256,-2.82241426671e-05,-1.41121709092e-05
312,0.999898485413,-0.000101519740447,-5.07611585276e-05
313,1.00008828265,8.82787522842e-05,4.41384020142e-05
314,1.00060522913,0.000605046050949,0.000302477269998
315,1.0006691238,0.000668900034724,0.00033439409519
316,1.00011116554,0.000111159365702,5.55781383292e-05
317,0.999945442783,-5.45587049874e-05,-2.72797245786e-05
318,1.0008257798,0.000825439029096,0.000412634357565
319,1.00090503809,0.000904628786659,0.000452212114596
320,0.999968608691,-3.13918021463e-05,-1.56960242543e-05
321,1.00081393813,0.000813607057102,0.000406720795215
322,1.00024080166,0.000240772669628,0.00012037908867
323,1.0004066439,0.000406561246864,0.000203259963326
324,1.00009148476,9.14805746105e-05,4.57392412343e-05
325,0.999561781771,-0.000438314274439,-0.000219181153899
326,1.00035650317,0.000356439633493,0.000178203936538
327,1.00008243218,8.24287871061e-05,4.12135442516e-05
328,1.00075156029,0.000751278006001,0.000375568459503
329,1.00086283526,0.00086246323009,0.000431138648056
330,0.999918758526,-8.12447738015e-05,-4.06232120012e-05
331,1.00029949208,0.000299447245325,0.00014971241464
332,1.00085752308,0.000857155620992,0.000428485984145
333,1.00004602798,4.6026925297e-05,2.30131978408e-05
334,1.00002995794,2.99574945121e-05,1.49786350752e-05
335,1.00059375881,0.000593582600916,0.000296747262277
336,1.00008039548,8.03922493047e-05,4.01953167989e-05
337,1.00039007894,0.000390002878365,0.000194982427638
338,1.00042647755,0.000426386638694,0.000213170595266
339,0.999970558086,-2.94423476069e-05,-1.47212821604e-05
340,1.00021954767,0.000219523572742,0.000109755762766
341,0.999586244722,-0.000413840898577,-0.000206941858802
342,1.00094441992,0.000943974240357,0.00047187575178
343,1.00011389597,0.000113889481783,5.69431195704e-05
344,1.00037867671,0.000378605032387,0.000189284599603
345,0.999966614389,-3.3386168457e-05,-1.66932235588e-05
346,1.00038459915,0.000384525215384,0.000192244126421
347,1.00025351832,0.000253486194081,0.000126735065474
348,0.999974846238,-2.51540784139e-05,-1.25771182982e-05
349,1.0006269463,0.000626749856064,0.000313325831238
350,1.00074580953,0.000745531549792,0.000372696306366
351,1.00015255355,0.000152541918852,7.62680508704e-05
352,1.00024508292,0.000245052896506,0.000122518942194
353,0.999932288774,-6.77135187286e-05,-3.38573325109e-05
354,1.00074968654,0.000749405663967,0.000374632639645
355,1.00012954912,0.000129540727112,6.47682660015e-05
356,1.00040924654,0.000409162820828,0.000204560485064
357,1.00102795916,0.00102743116877,0.000513583655125
358,1.00031875334,0.000318702551143,0.000159338579832
359,0.999903933697,-9.60709174403e-05,-4.80366124413e-05
360,0.999963770335,-3.623032092e-05,-1.81153245404e-05
361,0.999847923829,-0.000152087735741,-7.60467592784e-05
362,1.00073322469,0.000732956010817,0.000366410860547
363,0.999879422739,-0.00012058453069,-6.02940829602e-05
364,0.999294553864,-0.000705695080474,-0.000352909798253
365,1.00048411597,0.000483998824417,0.000241970132713
366,1.00026414759,0.000264112709026,0.000132047635456
367,1.00001209142,1.20913429034e-05,6.04565317663e-06
368,0.999087612788,-0.000912803690515,-0.000456506012426
369,1.00022876064,0.000228734478701,0.000114360699667
370,1.00085720065,0.000856833462661,0.000428324973987
371,1.00010728177,0.000107276014036,5.36365685256e-05
372,1.0002410297,0.000241000657444,0.000120493068849
373,0.99978769712,-0.00021232541918,-0.00010616834505
374,1.00094085397,0.000940411642173,0.000470095291654
375,1.0000867592,8.67554383088e-05,4.33767783548e-05
376,1.00046707836,0.000466969315894,0.000233457402526
377,1.00063190225,0.000631702683117,0.000315801465775
378,0.99981661703,-0.000183399786833,-9.17040979804e-05
379,1.00047413584,0.000474023476554,0.000236983653214
380,1.00015618499,0.000156172791587,7.80833471302e-05
381,1.00071596926,0.000715713075317,0.000357792514645
382,1.00026898919,0.000268953016937,0.000134467466908
383,0.99990386261,-9.614201163e-05,-4.80721612444e-05
384,1.00015852082,0.000158508257358,7.92509881535e-05
385,0.999287471555,-0.000712782413984,-0.000356454721883
386,1.00082678238,0.000826440783201,0.000413135027813
387,0.999975824424,-2.41758678732e-05,-1.2088006996e-05
388,1.00014700464,0.000146993831711,7.34942150233e-05
389,1.00065468881,0.000654474593476,0.000327183760454
390,1.00007682924,7.68262857646e-05,3.84124051069e-05
391,0.999766291871,-0.000233735443336,-0.000116874550966
392,0.999941067755,-5.89339820553e-05,-2.94674251837e-05
393,1.00067221124,0.000671985411898,0.000335936266721
394,1.00002187893,2.18786870979e-05,1.09392837145e-05
395,1.00066014835,0.000659930543595,0.000329910839244
396,0.999901304083,-9.87007877763e-05,-4.93516116389e-05
397,1.0000095915,9.59145808546e-06,4.79571754319e-06
398,1.00031508782,0.000315038192661,0.000157506690849
399,1.00032589029,0.000325837200293,0.000162905329632
400,1.00028577536,0.00028573453004,0.000142857059978
401,0.999809631142,-0.000190386980837,-9.51980214625e-05
402,0.999821555742,-0.000178460180778,-8.92340715117e-05
403,0.999838276957,-0.00016173612164,-8.08713307301e-05
404,0.999874671906,-0.000125335947877,-6.26699376167e-05
405,1.00044496528,0.000444866310153,0.000222408418656
406,1.00007638287,7.63799553014e-05,3.81892484227e-05
407,1.00045005963,0.000449958384261,0.00022495388621
408,1.00019950152,0.000199481620552,9.97358363267e-05
409,1.00009105187,9.10477257536e-05,4.55228266814e-05
410,1.0006960718,0.000695829657984,0.000347854313646
411,0.999779253829,-0.000220770539017,-0.000110391362186
412,1.00096765466,0.000967186786915,0.000483476481019
413,1.00095620252,0.000955745649147,0.000477758661541
414,1.00020746017,0.000207438653218,0.000103713947946
415,1.00060406116,0.000603878788138,0.000301893814958
416,1.00075507724,0.000754792316303,0.000377324953179
417,1.00034128696,0.000341228730286,0.00017059981134
418,1.00050502374,0.000504896260539,0.000252416267922
419,1.00063827292,0.000638069314826,0.000318983771268
420,0.999688897016,-0.00031115138619,-0.000155587795621
421,1.00029111192,0.000291069559442,0.000145524190049
422,1.00001033141,1.0331356399e-05,5.16566485742e-06
423,1.00027736434,0.000277325882056,0.000138653327767
424,1.00013053311,0.000130524594499,6.52601677121e-05
425,1.00042729788,0.000427206615084,0.00021358049598
426,1.000537123,0.000536978803549,0.00026845336172
427,1.0005828841,0.000582714284817,0.000291314702038
428,1.00019898825,0.000198968452743,9.947927798e-05
429,1.00051667999,0.000516546558678,0.000258239929667
430,1.00048802081,0.000487901769893,0.000243921131349
431,1.00022750749,0.000227481609375,0.000113734336447
432,1.00007636339,7.63604702283e-05,3.81795062582e-05
433,0.999900326658,-9.96783098384e-05,-4.98403969105e-05
434,1.00042335288,0.000423263288086,0.000211609251646
435,0.999845146059,-0.000154865932199,-7.74359641089e-05
436,1.00011478825,0.000114781661161,5.7389183758e-05
437,1.00019088533,0.00019086711478,9.54290037528e-05
438,0.999626057816,-0.000374012117986,-0.000187023545716
439,1.00007289761,7.28949560615e-05,3.64468138295e-05
440,0.999935001866,-6.50002468416e-05,-3.25006515556e-05
441,1.00013055558,0.000130547056015,6.52713977372e-05
442,1.00120112068,0.00120039991484,0.000600019873454
443,1.00007929814,7.92949947267e-05,3.96467114118e-05
444,1.00023937179,0.000239343142721,0.000119664411004
445,1.00022245898,0.000222434239424,0.000111210935317
446,1.00044293303,0.00044283496223,0.000221392970074
447,1.00061936559,0.000619173860025,0.000309539012924
448,0.999725310123,-0.000274727611463,-0.000137373240571
449,1.00026286015,0.000262825609774,0.000131404170602
450,1.00094990488,0.00094945400845,0.00047461433919
451,1.00003341576,3.3415200059e-05,1.67074604583e-05
452,1.00018547649,0.000185459294916,9.27253481974e-05
453,1.00083709496,0.000836744791813,0.000418284890379
454,1.00009144431,9.14401287106e-05,4.5719019209e-05
455,1.00086750045,0.000867124391316,0.000433468221151
456,1.00019496445,0.000194945444029,9.74679717033e-05
457,1.00134208539,0.00134118559464,0.000670368000224
458,1.00002665672,2.66563686785e-05,1.33280955193e-05
459,0.999882124094,-0.000117882853422,-5.89431637912e-05
460,1.00067258021,0.00067235413125,0.000336120564447
461,1.00018380257,0.000183785681833,9.18886188989e-05
462,0.999808858411,-0.000191159859157,-9.55844974853e-05
463,1.00039443629,0.000394358519182,0.000197159821039
464,1.00022452801,0.00022450280756,0.000112245103827
465,1.00004259733,4.25964276156e-05,2.12979870025e-05
466,1.00004277597,4.27750578899e-05,2.13873002334e-05
467,1.00004667379,4.66727021927e-05,2.33360788058e-05
468,1.00010537994,0.000105374385037,5.2685804573e-05
469,0.999609330419,-0.000390745912042,-0.00019539204256
470,0.999996622295,-3.37771095562e-06,-1.68885690388e-06
471,1.00060139508,0.000601214313302,0.000300561978846
472,1.00093473426,0.00093429766957,0.000467039737757
473,1.00025537164,0.000255339033222,0.000127661367205
474,0.999561737159,-0.000438358905749,-0.000219203474445
475,1.00031836718,0.000318316511993,0.000159145590993
476,1.00053690744,0.000536763358101,0.000268345667909
477,1.00001515695,1.51568307863e-05,7.57838667709e-06
478,1.00030487572,0.000304829255951,0.000152403013456
479,1.00036327049,0.000363204522187,0.000181585772401
480,1.00034855458,0.000348493846815,0.000174231743294
481,1.00033717298,0.000337116144987,0.00016854386738
482,1.00063664262,0.000636440051777,0.000318169399266
483,1.00012323361,0.000123226016012,6.16111099635e-05
484,1.00005322564,5.32242194095e-05,2.66117556058e-05
485,1.00005247076,5.24693803234e-05,2.62343460353e-05
486,1.00068069923,0.000680467656733,0.000340175955401
487,1.00103949632,0.00103895641772,0.000519343303415
488,1.00001362152,1.36214290833e-05,6.81069134878e-06
489,1.00008264809,8.26446753943e-05,4.13214839411e-05
490,1.00087523738,0.00087485458075,0.000437331633006
491,1.00022443572,0.000224410541837,0.000112198976143
492,1.00000198836,1.98835576901e-06,9.94177390301e-07
493,0.999841602723,-0.000158409823479,-7.9208048531e-05
494,1.00016762162,0.000167607577534,8.38002773275e-05
495,1.00003827292,3.82721902455e-05,1.91359120288e-05
496,1.00023842706,0.000238398639234,0.00011919221566
497,0.999937186316,-6.28156564487e-05,-3.14083214554e-05
498,1.00025401335,0.000253981094632,0.000126982484358
499,1.00108600383,0.00108541455461,0.000542560038347
500,1.00023456558,0.000234538076911,0.000117262162711
501,0.999989481439,-1.05186167988e-05,-5.25932222972e-06
502,1.0000021545,2.15449818374e-06,1.07724851173e-06
503,0.999780819876,-0.000219204147196,-0.000109608080125
504,1.00054016704,0.000540021204852,0.000269974152844
505,1.00024895571,0.000248924725459,0.000124454617611
506,1.00066006915,0.000659851396544,0.000329871278774
507,1.0001225592,0.000122551685646,6.1273965497e-05
508,1.00015029295,0.000150281656412,7.51380052044e-05
509,1.00003128168,3.12811945096e-05,1.56404749414e-05
510,1.0003986891,0.000398609646254,0.00019928496324
511,1.0002444505,0.000244420629036,0.000122202847142
512,1.00029069128,0.000290649035222,0.000145313958515
513,1.00055943102,0.000559274591829,0.00027959820105
514,1.00082061072,0.000820274204938,0.000410053007745
515,0.999788254252,-0.000211768169013,-0.000105889690424
516,1.0003462468,0.000346186869342,0.000173078454867
517,0.999701263656,-0.000298780974605,-0.000149401646617
518,1.00059661174,0.000596433833721,0.000298172454616
519,1.00094880541,0.000948355583255,0.000474065387106
520,0.999754817899,-0.000245212162865,-0.000122613597865
521,0.999952794906,-4.72062081112e-05,-2.36033826111e-05
522,1.00100354338,0.00100304016636,0.000501394343004
523,1.00009968822,9.96832522129e-05,4.98403840332e-05
524,0.999598433385,-0.000401647264687,-0.000200843798759
525,1.00050907682,0.000508947281476,0.000254441265067
526,0.99976579535,-0.000234232080137,-0.00011712289842
527,0.99979989709,-0.000200122933406,-0.000100066473019
528,1.00076884441,0.000768548996649,0.000384200674336
529,1.00095628354,0.000955826588832,0.000477799112048
530,0.999606461837,-0.000393615619762,-0.000196827177809
531,1.00051912376,0.00051898906232,0.000259460865366
532,1.00028082163,0.000280782209541,0.000140381250401
533,1.00056073018,0.00056057303432,0.000280247240564
534,0.999733436498,-0.00026659903588,-0.000133308402715
535,0.999663065401,-0.000336991374302,-0.000168509883346
536,1.00007505626,7.50534406472e-05,3.7526016205e-05
537,1.00045716973,0.000457065263207,0.000228506520011
538,0.999968196398,-3.18041075821e-05,-1.59021802293e-05
539,1.00015051668,0.000150505356377,7.5249846777e-05
540,0.999734892852,-0.000265142294932,-0.000132579935409
541,1.00060292947,0.0006027477769,0.000301328479901
542,1.00006228615,6.22842122192e-05,3.11416211993e-05
543,1.00012418937,0.000124181662036,6.20889034224e-05
544,0.999893821282,-0.000106184355235,-5.3093587032e-05
545,0.999728973059,-0.000271063675763,-0.000135541022736
546,0.999728372453,-0.000271664444466,-0.000135841447847
547,1.00057955339,0.000579385510391,0.000289650798301
548,0.999929316057,-7.06864413127e-05,-3.53438452354e-05
549,0.999576076045,-0.00042401383643,-0.00021202939327
550,1.00030279266,0.000302746830049,0.000151361958647
551,0.999864612353,-0.000135396812673,-6.77006979253e-05
552,0.999790026338,-0.000209995709381,-0.000105003367158
553,1.00017956841,0.00017955229121,8.97721158474e-05
554,1.00015108359,0.00015107217711,7.55332357764e-05
555,1.00000769112,7.69109222446e-06,3.84553871813e-06
556,1.00002933698,2.93365504032e-05,1.46681676231e-05
557,1.00006855103,6.85486778294e-05,3.42737515563e-05
558,1.00015288699,0.000152875307465,7.64347324493e-05
559,1.00018080936,0.000180793012782,9.03924207502e-05
560,0.999690232524,-0.000309815464065,-0.000154919730855
561,0.999726277614,-0.000273759855021,-0.000136889295995
562,1.00024741411,0.00024738350589,0.000123684103435
563,0.999515991461,-0.000484125709246,-0.0002420921542
564,1.00034170899,0.000341650619361,0.000170810719868
565,0.999929297202,-7.07052971715e-05,-3.5353273498e-05
566,1.00034874463,0.000348683828254,0.000174326717459
567,1.00029447605,0.000294432701463,0.000147205514936
568,1.00021648333,0.000216459903507,0.000108224095103
569,1.00058479602,0.000584625088942,0.000292269825322
570,0.999472049811,-0.000528089603735,-0.000264079664764
571,1.00075350614,0.00075322239572,0.000376540288765
572,1.00049399499,0.000493873015937,0.000246906021658
573,1.00037286536,0.000372795861219,0.000186380559595
574,0.99948561073,-0.000514521613238,-0.000257293901018
575,0.99979158039,-0.000208441332767,-0.000104226097546
576,0.999620007211,-0.000380065004072,-0.000190050559356
577,1.00051805111,0.000517916964192,0.000258924955243
578,1.00001904112,1.90409358983e-05,9.52042262969e-06
579,1.00075581575,0.000755530266166,0.000377693788819
580,1.00041563188,0.000415545529616,0.000207751181542
581,1.00016301274,0.000162999456575,8.14964072746e-05
582,1.00036922715,0.00036915900397,0.000184562468237
583,1.00107934739,0.00107876531737,0.000539237218011
584,1.00036801065,0.000367942954678,0.000183954555625
585,1.00027520599,0.000275168130484,0.000137574600989
586,1.00036861349,0.000368545570539,0.000184255808082
587,1.00022168424,0.000221659672039,0.00011082369462
588,1.00004276966,4.2768746073e-05,2.13841443923e-05
589,1.00019108178,0.000191063521865,9.55271979193e-05
590,1.00006360242,6.36003944132e-05,3.17996915857e-05
591,1.0000285601,2.85596958454e-05,1.42797459661e-05
592,0.999860499889,-0.0001395098424,-6.97573541311e-05
593,1.0005503267,0.000550175321612,0.000275049827665
594,1.00029914616,0.000299101421279,0.00014953952849
595,1.00045234157,0.000452239294129,0.000226094083944
596,1.00008176855,8.17652082252e-05,4.08817684304e-05
597,1.00061065268,0.000610466307737,0.000305186574969
598,1.00035638673,0.000356323239459,0.00017814574989
599,1.00000751181,7.51178547843e-06,3.75588568591e-06
600,1.0004126011,0.000412516001088,0.000206236730825
601,1.00104213904,0.00104159639098,0.000520662603648
602,1.0008719633,0.00087158336552,0.000435696739357
603,1.00064601464,0.000645806064268,0.000322850904561
604,0.999525990911,-0.000474121466867,-0.00023708883455
605,1.00054871744,0.000548566951517,0.000274245863485
606,0.999563846229,-0.000436248913492,-0.000218148247615
607,0.999417096396,-0.000583073557997,-0.000291579279975
608,0.999774303837,-0.000225721636271,-0.000112867187157
609,1.00025074405,0.000250712617529,0.000125348451991
610,1.00002605348,2.60531395956e-05,1.30264849524e-05
611,0.999691404785,-0.000308642840349,-0.000154333328337
612,1.00037224994,0.000372180668595,0.000186073020565
613,1.00053478469,0.000534641743015,0.000267285144467
614,0.999846749441,-0.000153262302845,-7.66340876643e-05
615,1.00060693955,0.000606755438647,0.000303331704956
616,1.00084410861,0.00084375255468,0.000421787300056
617,0.999652692125,-0.000347368200584,-0.000173699184249
618,1.00032459521,0.000324542542166,0.000162258105813
619,1.00097532767,0.000974852346756,0.000487307400539
620,1.00035472906,0.000354666160318,0.000177317357578
621,1.00020648923,0.000206467909813,0.000103228626465
622,1.00081324679,0.000812916282013,0.000406375548087
623,1.00069196623,0.000691726929721,0.000345803660987
624,0.999635935562,-0.000364130725167,-0.000182081937487
625,1.00059271435,0.000592538760143,0.000296225496632
626,1.00057306943,0.000572905290291,0.000286411621504
627,1.00002984082,2.98403719729e-05,1.49200746811e-05
628,1.00065214751,0.000651934952859,0.000325914354804
629,0.99994675119,-5.32502277872e-05,-2.66254683452e-05
630,1.00019317915,0.000193160490894,9.65755817255e-05
631,1.00056068888,0.000560531750523,0.00028022660445
632,0.999769672609,-0.000230353920681,-0.000115183593461
633,0.999406587684,-0.000593588454943,-0.000296838275236
634,0.999589522893,-0.000410561375457,-0.000205301759251
635,0.999741174006,-0.000258859495016,-0.000129438123899
636,1.00032860039,0.000328546409482,0.000164259712637
637,1.00028069424,0.000280654849085,0.00014031757911
638,1.00028062891,0.000280589544541,0.000140284931419
639,0.999972764583,-2.72357879728e-05,-1.36179867103e-05
640,1.00031804659,0.000317996023621,0.000158985372296
641,0.999947277752,-5.27236376801e-05,-2.63621663159e-05
642,0.999564953585,-0.000435141075377,-0.000217594207875
643,1.00027501857,0.000274980759467,0.000137480928364
644,1.00019043914,0.000190421009325,9.52059722864e-05
645,1.00054709096,0.000546941362106,0.000273433291355
646,0.999920884275,-7.91188550355e-05,-3.95602100023e-05
647,1.00080520776,0.000804883758173,0.000402360910215
648,0.999857567593,-0.000142442551109,-7.12238118501e-05
649,0.999925354572,-7.46482142545e-05,-3.73248036805e-05
650,1.00037727505,0.000377203896393,0.000188584163967
651,1.00038349786,0.000383424346307,0.000191693797549
652,1.00035359514,0.000353532637991,0.00017675069675
653,1.00016153519,0.000161522144783,8.07578113039e-05
654,1.00027020951,0.000270173009688,0.000135077381073
655,1.00038281486,0.000382741609849,0.0001913524947
656,0.999652752148,-0.000347308156896,-0.000173669157191
657,1.00057555711,0.000575391540348,0.000287654389714
658,0.999710487196,-0.000289554721276,-0.000144787841386
659,1.0006946836,0.000694442417488,0.000347160934436
660,0.999924572449,-7.54303960527e-05,-3.77159092533e-05
661,0.999730340656,-0.000269695708949,-0.000134856946855
662,1.00031150285,0.000311454347575,0.000155715048941
663,1.00047526758,0.00047515467796,0.000237549119719
664,1.0004808806,0.000480765016613,0.000240353618746
665,1.00022978598,0.000229759584673,0.000114873193906
666,0.999544953422,-0.000455150142978,-0.00022760096866
667,1.00035892878,0.000358864381965,0.00017941609399
668,1.00059832086,0.000598141936425,0.000299026250948
669,1.00016649458,0.0001664807213,8.32368962672e-05
670,1.00071979239,0.000719533464316,0.000359702023868
671,1.00098681608,0.000986329493974,0.000493043161241
672,1.00077396948,0.000773670115941,0.000386760246937
673,1.00036453095,0.000364464521293,0.000182215657357
674,1.00042903776,0.000428945747105,0.00021444987589
675,1.00093557157,0.000935134200313,0.000467457807694
676,1.00012285487,0.000122847328671,6.1421777941e-05
677,1.00024241398,0.00024238460645,0.000121184959734
678,1.00018917435,0.000189156456215,9.45737557277e-05
679,1.00062794145,0.000627744379569,0.000313822937062
680,1.00022031127,0.000220287008713,0.000110137438784
681,1.00071807558,0.000717817882724,0.000358844541253
682,1.00049434451,0.00049422236245,0.000247080651772
683,1.00028483323,0.000284792671095,0.000142386197671
684,0.999995056128,-4.94388385439e-06,-2.47194498249e-06
685,1.00087613948,0.000875755897443,0.000437782094164
686,1.00035591375,0.000355850423799,0.000177909384148
687,1.00037204961,0.000371980419428,0.000185972914607
688,0.999909834551,-9.01695140475e-05,-4.50857733567e-05
689,1.00054599803,0.00054584902323,0.000272887271108
690,1.00047352371,0.000473411636607,0.000236677805691
691,1.00076928138,0.000768985629938,0.000384418907079
692,0.999974161639,-2.58386951105e-05,-1.29194310103e-05
693,1.0002947022,0.000294658787752,0.000147318541434
694,1.00077794739,0.000777644946111,0.000388746891394
695,0.999699673364,-0.000300371742942,-0.000150197149934
696,1.0007482595,0.000747979693393,0.000373919921211
697,1.00046635686,0.000466248153589,0.000233096905489
698,1.00036737502,0.00036730755256,0.000183636912958
699,1.0001540953,0.000154083430521,7.7038747624e-05
700,1.00098886475,0.000988376146901,0.000494065982637
701,1.00021711714,0.000217093577871,0.000108540897946
702,0.999739812692,-0.000260221162742,-0.00013011904612
703,1.00043276177,0.000432668160225,0.000216310681583
704,1.00001724621,1.72460638401e-05,8.6229947418e-06
705,0.999894590348,-0.000105415208393,-5.27089932667e-05
706,1.00014350514,0.000143494847817,7.17448501236e-05
707,1.00010101643,0.000101011324811,5.05043870159e-05
708,1.00012773556,0.000127727402102,6.38616618085e-05
709,1.00072542673,0.000725163735654,0.000362516142965
710,0.99989276414,-0.000107241610408,-5.36222428249e-05
711,1.00009114076,9.11366032221e-05,4.55672633918e-05
712,1.000520968,0.00052083234573,0.000260382267517
713,0.99949812842,-0.000501997559524,-0.000251030282592
714,0.999640569075,-0.000359495535967,-0.000179763923581
715,1.00017090074,0.000170886141982,8.54394208357e-05
716,1.00066041388,0.000660195907291,0.00033004347731
717,0.999889562804,-0.000110443294776,-5.52231721316e-05
718,0.999972182127,-2.78182594408e-05,-1.39092264528e-05
719,1.00045818533,0.000458080393057,0.000229013968825
720,1.00028680344,0.00028676231631,0.000143370879568
721,0.999890150012,-0.000109856021534,-5.49295193379e-05
722,1.00062063721,0.000620444689986,0.000310174231017
723,0.999579254618,-0.000420833920202,-0.000210439099302
724,1.00021145988,0.000211437520939,0.000105713172438
725,1.00013070994,0.000130701399217,6.5348564298e-05
726,0.999549129398,-0.000450972275172,-0.000225511561496
727,0.999916849037,-8.31544204586e-05,-4.15780745735e-05
728,1.00063500367,0.000634802142173,0.000317350704695
729,1.00030184964,0.000301804094904,0.000150890662311
730,1.00034587104,0.000345811244891,0.00017289067513
731,0.999959426344,-4.05744790264e-05,-2.02874453006e-05
732,0.999846197005,-0.000153814824113,-7.69103695071e-05
733,1.0008475554,0.000847196431003,0.000423508510444
734,1.00089026811,0.000889872060169,0.000444837060728
735,1.00068378834,0.000683554662983,0.000341718932273
736,1.00066679761,0.000666575394286,0.000333232162968
737,1.00050809381,0.00050796477646,0.000253950137434
738,0.999916072571,-8.39309507679e-05,-4.19663559468e-05
739,0.999999497786,-5.02213811192e-07,-2.51106937244e-07
740,1.00014643775,0.000146427029639,7.32108347753e-05
741,0.999959355311,-4.06455145738e-05,-2.03229637954e-05
742,1.00005761239,5.76107309456e-05,2.88049506022e-05
743,0.999806805469,-0.000193213195471,-9.66112643033e-05
744,1.00020478461,0.000204763644844,0.000102376581582
745,1.00036223723,0.000362171633149,0.000181069421527
746,1.00001950037,1.95001796852e-05,9.75004231063e-06
747,1.00038315042,0.000383077035214,0.000191520175276
748,0.999901301295,-9.87035757572e-05,-4.93530056982e-05
749,1.00069351085,0.000693270483517,0.000346575170704
750,0.9995195285,-0.000480586963206,-0.000240322354394
751,0.999925674934,-7.43278285855e-05,-3.71646048796e-05
752,1.00041480933,0.000414723315883,0.000207340159999
753,1.00053372489,0.000533582507003,0.00026675566788
754,1.00047473935,0.000474626701027,0.000237285193928
755,0.999807643183,-0.00019237532001,-9.61922861864e-05
756,1.00065240587,0.000652193150064,0.000326043411323
757,1.00014256969,0.00014255952419,7.12772217532e-05
758,1.00027348943,0.000273452034925,0.000136716670887
759,1.00051028159,0.000510151444311,0.000255043193109
760,1.00029939888,0.000299354065983,0.000149665831943
761,0.999898740127,-0.000101265000521,-5.06337821071e-05
762,0.999895286286,-0.000104719196733,-5.23609691541e-05
763,1.00080279285,0.000802470781974,0.000401154906832
764,1.00112222694,0.00112159771373,0.000560641638576
765,0.999931775359,-6.822696875e-05,-3.41140662465e-05
766,0.999688881328,-0.000311167079632,-0.000155595643563
767,1.00052355621,0.000523419201076,0.000261675357568
768,1.00047966874,0.000479553735474,0.000239748123561
769,1.00018622373,0.000186206395252,9.30988636577e-05
770,1.00028232918,0.00028228933613,0.000141134707625
771,1.00030289025,0.000302844386228,0.000151410729352
772,1.00001986308,1.98628867607e-05,9.9313940638e-06
773,0.999820054341,-0.00017996185123,-8.99849740199e-05
774,1.00062935438,0.000629156418937,0.000314528734932
775,0.999792096949,-0.000207924665799,-0.00010396773717
776,1.00049503956,0.0004949170676,0.000247427918462
777,1.00067214984,0.000671924047643,0.0003359055949
778,1.00043144938,0.000431356336492,0.000215654911382
779,1.00034321285,0.000343153969001,0.000171562266012
780,0.998932225585,-0.00106834489194,-0.000534315141478
781,1.00027525852,0.000275220642084,0.000137600853176
782,1.00005365223,5.36507947042e-05,2.68250375544e-05
783,1.00039244744,0.000392370451516,0.000196165982695
784,1.00005480766,5.48061572316e-05,2.74027031548e-05
785,1.00056782208,0.000567660931732,0.00028379018981
786,1.00004330553,4.3304591952e-05,2.16520615668e-05
787,1.00015302885,0.000153017142793,7.65056446902e-05
788,1.00038491639,0.00038484233129,0.00019240265388
789,1.00074355471,0.00074327840892,0.000371570155165
790,1.00038465123,0.000384577275253,0.000192270151351
791,1.00061320092,0.000613012991606,0.000306459527486
792,1.00074643395,0.00074615550412,0.000373008167209
793,0.999992427567,-7.57246169975e-06,-3.78623801778e-06
794,0.999635299491,-0.000364767028248,-0.000182400147008
795,1.00039226012,0.000392183201965,0.000196072376281
796,1.00004833921,4.83380452827e-05,2.41687305729e-05
797,1.00018498355,0.000184966444672,9.24789458946e-05
798,1.0006209287,0.000620736007809,0.000310319844738
799,0.99977742698,-0.000222597793273,-0.000111305090588
800,0.99976585709,-0.000234170326025,-0.000117092017748
801,1.00021800833,0.000217984569609,0.000108986345361
802,1.00080966923,0.000809341620472,0.000404588942047
803,1.00036569092,0.000365624068405,0.000182795325101
804,0.999858861617,-0.000141148344263,-7.05766625468e-05
805,1.00028123351,0.000281193966967,0.000140587100191
806,1.00062060076,0.0006204082659,0.000310156024622
807,1.00010715936,0.000107153623734,5.35753766553e-05
808,0.999889437275,-0.000110568837565,-5.5285946994e-05
809,0.999876558717,-0.000123448902938,-6.1726356462e-05
810,1.0008717951,0.000871415307102,0.000435612746756
811,1.00026341559,0.000263380903024,0.000131681780705
812,1.00025996887,0.000259935084286,0.000129959096728
813,1.00087380929,0.000873427740348,0.000436618524552
814,1.00008828311,8.82792128026e-05,4.41386322633e-05
815,1.00016374206,0.000163728656385,8.18609773998e-05
816,1.00014093189,0.000140921958672,7.04584970197e-05
817,1.00060929053,0.000609104988317,0.000304506122755
818,1.00051297451,0.00051284298336,0.000256388618499
819,0.999661890708,-0.000338166464047,-0.000169097527399
820,1.00030055521,0.000300510051452,0.000150243738005
821,0.999828898922,-0.000171115717919,-8.55615191373e-05
822,1.00018270927,0.000182692579907,9.13421180081e-05
823,1.00083245381,0.000832107515894,0.000415967219584
824,1.00034737792,0.000347317596043,0.000173643720205
825,1.00054336804,0.000543220473881,0.00027157335422
826,0.999745286721,-0.000254745723971,-0.000127380974253
827,1.00045884298,0.00045873774243,0.000229342568186
828,0.999999851085,-1.48915296413e-07,-7.44576509337e-08
829,1.00015556109,0.000155548996173,7.77714737288e-05
830,0.999869056524,-0.000130952049407,-6.54781683049e-05
831,1.00049238899,0.000492267807099,0.000246103615085
832,1.00011474629,0.000114739704592,5.73682066776e-05
833,0.999929407073,-7.05954184173e-05,-3.52983321801e-05
834,1.00043122878,0.000431135824181,0.000215544678998
835,1.0002347381,0.000234710549235,0.000117348388756
836,1.00085290791,0.000852544389652,0.000426181353742
837,1.00000426652,4.2665127176e-06,2.13325408338e-06
838,1.00010038777,0.000100382733645,5.01901072568e-05
839,1.00012364564,0.000123637996132,6.18170873113e-05
840,1.00051551737,0.000515384536971,0.000257659068685
841,0.999612018504,-0.00038805678043,-0.000194047214941
842,1.00031828034,0.000318229702675,0.000159102193241
843,1.00035153262,0.000351470849156,0.000175719984013
844,1.00045384947,0.000453746515034,0.000226847523726
845,1.00027010377,0.000270067300041,0.000135024533387
846,1.00027456625,0.000274528563214,0.000137254861297
847,1.00052173655,0.00052160049478,0.000260766241962
848,1.00028371894,0.000283678696741,0.000141829289646
849,1.00051606962,0.000515936503514,0.000257934980809
850,1.00000493349,4.9334739649e-06,2.46673394e-06
851,1.00053917169,0.00053902638547,0.000269476877317
852,1.00033911365,0.000339056161717,0.000169513711786
853,1.00035886078,0.000358796409233,0.000179382113721
854,1.00009888604,9.88811462806e-05,4.94393509753e-05
855,1.00040591931,0.000405836946707,0.000202897886793
856,1.00019832317,0.000198303502954,9.91468361043e-05
857,0.999747969557,-0.00025206220847,-0.000126039046488
858,0.999640242698,-0.000359822029968,-0.000179927199941
859,1.00016223438,0.000162221223899,8.11073225726e-05
860,1.00077411315,0.000773813674767,0.000386831998585
861,1.0001191674,0.000119160302532,5.95783764038e-05
862,0.999904687934,-9.53166088125e-05,-4.76594400813e-05
863,1.0002686036,0.000268567535837,0.000134274752257
864,0.999375382757,-0.000624812398014,-0.000312455002906
865,1.00027802613,0.000277987486135,0.000138984083885
866,0.999600043471,-0.000400036533094,-0.000200038271534
867,1.00053440352,0.000534260772648,0.000267094710179
868,1.00044032455,0.000440227636489,0.000220089594976
869,1.00048233837,0.000482222080601,0.00024108197537
870,1.00086521005,0.000864835969913,0.000432324505774
871,0.999954605104,-4.53959264045e-05,-2.26982208029e-05
872,1.00065137765,0.000651165596481,0.000325529801913
873,1.00056468527,0.000564525898557,0.00028222311684
874,1.00007956783,7.95646679289e-05,3.97815426579e-05
875,1.00031978855,0.000319737431746,0.000159855937551
876,1.0003552136,0.000355150524159,0.000177559496526
877,1.00013441029,0.00013440125356,6.71983688685e-05
878,1.00019454129,0.000194522368066,9.72564543176e-05
879,1.00003469702,3.46964181632e-05,1.73480586022e-05
880,1.00073014593,0.000729879505428,0.000364873170302
881,1.00001777782,1.77776576403e-05,8.8887893146e-06
882,1.00030897622,0.000308928500744,0.000154452321384
883,0.999417520056,-0.000582649651801,-0.000291367265098
884,0.999639786749,-0.000360278143032,-0.000180155297533
885,1.00022927767,0.000229251391465,0.000114619126458
886,0.999875209818,-0.000124797968577,-6.24009311456e-05
887,1.00009256862,9.256433508e-05,4.6281096537e-05
888,1.00035362573,0.000353563216298,0.000176765983201
889,1.00009271296,9.27086651535e-05,4.63532582313e-05
890,1.00032947282,0.000329418558478,0.000164695715411
891,1.00010371042,0.000103705046335,5.18511788488e-05
892,0.999696316794,-0.000303729327248,-0.000151876195646
893,1.0001975195,0.000197499991924,9.87451203418e-05
894,1.00081066326,0.000810334846704,0.000405085354116
895,0.999912007173,-8.79966986079e-05,-4.39993172454e-05
896,1.00036410541,0.000364039139471,0.000182003005179
897,0.999969860258,-3.01401960658e-05,-1.50702115873e-05
898,1.00047586998,0.000475756786802,0.000237850102579
899,1.00016407237,0.000164058913707,8.20260925296e-05
900,1.00047636707,0.000476253639811,0.000238098469965
901,1.00077076118,0.00077046429846,0.000385157956853
902,0.999647545342,-0.000352516784306,-0.000176273926576
903,0.999929784572,-7.02178930577e-05,-3.5109562855e-05
904,0.999930790661,-6.92117336277e-05,-3.46064656038e-05
905,1.00033839637,0.000338339130618,0.000169155256945
906,1.00018226092,0.000182244313863,9.11180054336e-05
907,1.00080796091,0.000807634681826,0.000403735817665
908,1.0001979588,0.000197939207481,9.89647064107e-05
909,0.99995673675,-4.32641863154e-05,-2.16323271331e-05
910,1.00005288572,5.28843201972e-05,2.64418105077e-05
911,1.00030377448,0.000303728353874,0.000151852646157
912,1.00051981069,0.000519675636555,0.000259804063355
913,1.00087692277,0.000876538498913,0.000438173223518
914,0.999817352657,-0.000182664025013,-9.13361834016e-05
915,0.99998947206,-1.05279954943e-05,-5.26401160195e-06
916,1.00047821289,0.000478098578783,0.000239020719387
917,1.00001504629,1.50461804045e-05,7.52306190388e-06
918,0.999919529722,-8.04735162104e-05,-4.02375676145e-05
919,1.00018480862,0.000184791548215,9.23915057496e-05
920,1.00088877495,0.000888380228268,0.00044409147631
921,1.00043512861,0.000435033971523,0.000217493330657
922,1.0002280011,0.000227975115685,0.000113981061508
923,0.999590230031,-0.000409853947901,-0.000204947972917
924,0.999906626465,-9.33778946267e-05,-4.66900372591e-05
925,1.00035471457,0.000354651668994,0.000177310113201
926,1.00047726798,0.000477154124269,0.00023854860489
927,0.999264150815,-0.000736120055066,-0.000368127769936
928,1.00027572515,0.000275687144486,0.000137834072254
929,1.00029269366,0.000292650829083,0.0001463147095
930,1.00006334731,6.3345302105e-05,3.16721494794e-05
931,1.00091696471,0.000916544559519,0.000458167289057
932,1.0010265268,0.00102600027787,0.000512868576863
933,1.00074015313,0.000739879354385,0.000369871257947
934,1.00064628148,0.000646072732318,0.00032298419553
935,0.99993864501,-6.1356872511e-05,-3.06789068436e-05
936,1.00087787078,0.000877485677727,0.000438646605298
937,0.999663675034,-0.000336381535729,-0.000168204912725
938,1.00033755853,0.000337501570125,0.00016873654745
939,1.00045651435,0.000456410175002,0.0002281790507
940,0.999831424982,-0.000168589228146,-8.4298166964e-05
941,1.00008637015,8.63664198349e-05,4.31822775361e-05
942,1.00020571187,0.000205690717557,0.000102840070376
943,1.00057396001,0.000573795362581,0.000286856530086
944,0.999448477454,-0.000551674690456,-0.000275875391847
945,1.00051818785,0.000518053640281,0.00025899327559
946,1.00017770262,0.000177686834743,8.88394709121e-05
947,0.999691652888,-0.000308394660469,-0.000154209219254
948,1.00000797857,7.97854303257e-06,3.98926355916e-06
949,1.00003346194,3.34613784174e-05,1.67305492516e-05
950,1.00018790808,0.000187890423033,9.39407988031e-05
951,1.00065736668,0.000657150708084,0.000328521379072
952,1.00066624784,0.000666025994515,0.000332957554584
953,1.00016880326,0.000168789009816,8.4390943792e-05
954,1.00053794372,0.000537799084295,0.000268863391906
955,1.00004462966,4.46286648507e-05,2.23140834625e-05
956,0.999405855627,-0.000594320946641,-0.000297204629867
957,1.00004120978,4.12089289973e-05,2.06042522282e-05
958,1.00028447762,0.000284437168872,0.000142208471853
959,1.00082081616,0.000820479471077,0.000410155598724
960,1.00042807587,0.000427984276129,0.00021396924338
961,1.00061873147,0.000618540137099,0.000309222249491
962,1.00026375383,0.000263719054261,0.000131850834045
963,1.0000449795,4.4978487643e-05,2.24889909404e-05
964,1.00042371643,0.000423626688602,0.000211790913438
965,1.00008564019,8.56365227895e-05,4.2817344706e-05
966,1.00085540245,0.000855036799189,0.000427427026625
967,1.00029643007,0.000296386140499,0.000148182090199
968,1.00018570558,0.000185688338509,9.28398593679e-05
969,1.00046368143,0.000463573962516,0.000231760120731
970,1.00109611814,0.0010955178395,0.000547608927222
971,0.999850360758,-0.000149650438819,-7.48280188863e-05
972,1.00003375149,3.37509162882e-05,1.68753157544e-05
973,1.00044175044,0.000441652893764,0.000220802066517
974,1.00084274126,0.000842386351501,0.000421104486357
975,1.00034214554,0.000342087024456,0.00017102888512
976,1.00012507577,0.000125067946546,6.25320180651e-05
977,1.00069959957,0.000699354967472,0.00034961635369
978,1.00017653883,0.000176523253078,8.82577315963e-05
979,1.00045466192,0.000454558588406,0.000227253468221
980,1.00022994914,0.000229922704274,0.000114954744334
981,0.999937506772,-6.24951812707e-05,-3.12480788465e-05
982,1.00036358007,0.000363513990476,0.000181740478436
983,1.00092586607,0.000925437721744,0.00046261182301
984,1.00012602197,0.000126014031803,6.30050310013e-05
985,0.999908840448,-9.11637070832e-05,-4.55828924102e-05
986,1.00033442504,0.000334369134725,0.000167170592801
987,1.0005436947,0.000543546947286,0.000271736546578
988,1.00021091726,0.00021089502009,0.000105441950652
989,0.999884643177,-0.000115363476802,-5.76834020245e-05
990,0.999796997576,-0.00020302303198,-0.000101516668458
991,1.00005234629,5.23449223711e-05,2.61721186896e-05
992,1.00001448622,1.44861157618e-05,7.24303165012e-06
993,1.00076224058,0.000761950222194,0.000380902549294
994,1.00023048071,0.000230454153626,0.000115220438428
995,1.00049316192,0.000493040350918,0.000246489791857
996,1.00039350846,0.000393431054161,0.00019669617985
997,0.999718616985,-0.000281422610261,-0.000140721205431
998,1.00036747051,0.00036740301123,0.000183684633526
999,0.999911864817,-8.81390674004e-05,-4.40705047764e-05
1000,1.00014430889,0.000144298483177,7.21466388944e-05
1001,1.0002551752,0.000255142646865,0.000127563186557
1002,0.999955172485,-4.48285197573e-05,-2.24145110801e-05
1003,0.999854500705,-0.000145509881157,-7.27575872836e-05
1004,1.00134289192,0.00134199104658,0.000670770456136
1005,1.0005763931,0.000576227047771,0.00028807202317
1006,1.00008751045,8.75066257905e-05,4.3752355733e-05
1007,1.00053072321,0.000530582425424,0.00026525602611
1008,1.00047780561,0.000477691495018,0.000238817226134
1009,1.00009747876,9.74740095176e-05,4.87358171303e-05
1010,0.99933883032,-0.000661388349393,-0.000330748860043
1011,0.999762549306,-0.000237478890078,-0.000118746494846
1012,1.00041519625,0.000415110079451,0.000207533501668
1013,1.00036355624,0.000363490174302,0.000181728572513
1014,1.00060775017,0.00060756555975,0.000303736642559
1015,1.00060942893,0.000609243304723,0.000304575259897
1016,0.999887384973,-0.000112621368933,-5.63122699428e-05
1017,1.00016392183,0.00016390839617,8.19508399315e-05
1018,0.999917342068,-8.2661348117e-05,-4.13315281826e-05
1019,0.998884799684,-0.00111582261445,-0.000558066968686
1020,1.00028373786,0.000283697613843,0.000141838746855
1021,0.999756454224,-0.000243575438416,-0.000121795135633
1022,1.00021677708,0.000216753590046,0.00010837092247
1023,1.00027354019,0.000273502789115,0.000136742044512
1024,1.00055576982,0.000555615434357,0.000277769132188
1025,1.00007304457,7.30419008088e-05,3.65202835225e-05
1026,0.999569413735,-0.000430678993532,-0.00021536268398
1027,0.999456176923,-0.000543971002847,-0.000272022492834
1028,0.999897023021,-0.00010298228187,-5.14924666264e-05
1029,1.00089312682,0.000892728217111,0.000446264502917
1030,1.00039074186,0.00039066554385,0.000195313695721
1031,1.00027301685,0.000272979586183,0.000136480478783
1032,1.00045732196,0.000457217417254,0.000228582579647
1033,1.0002789222,0.000278883303902,0.000139431930416
1034,1.00026430832,0.000264273392049,0.000132127966356
1035,1.00008869064,8.86867077052e-05,4.43423707006e-05
1036,0.999485982016,-0.000514150136151,-0.000257108114702
1037,1.00015074564,0.000150734280711,7.53643003241e-05
1038,1.00065707258,0.000656856805934,0.000328374476263
1039,1.00020836956,0.00020834785657,0.00010416850237
1040,0.999452674191,-0.000547475645958,-0.000273775292596
1041,0.999910642225,-8.93617675622e-05,-4.46818819866e-05
1042,1.0003464684,0.000346408392601,0.00017318919732
1043,1.00005787012,5.78684489614e-05,2.89338058902e-05
1044,1.00026867478,0.000268638694592,0.000134310326857
1045,0.999992221382,-7.77864786141e-06,-3.8893314942e-06
1046,1.00020006558,0.00020004556843,0.000100017782103
1047,1.00034561626,0.000345556552483,0.000172763350935
1048,1.00076096921,0.000760679815862,0.000380267587877
1049,1.00032948418,0.000329429912897,0.000164701391685
1050,1.00039143937,0.000391362773769,0.000195662242531
1051,1.00050052566,0.000500400443729,0.000250168924399
1052,0.9999996844,-3.15600466158e-07,-1.57800245537e-07
1053,1.00057456724,0.000574402240462,0.000287159881937
1054,1.00003455412,3.45535269524e-05,1.72766142338e-05
1055,1.00036963378,0.000369565485206,0.000184765671324
1056,1.00012208392,0.000122076464731,6.10363695704e-05
1057,0.99970695242,-0.000293090527299,-0.000146556001931
1058,1.00034929785,0.000349236856461,0.00017460318332
1059,1.00018508864,0.000185071511412,9.25314744049e-05
1060,0.999036489865,-0.000963974609469,-0.000482103479279
1061,1.00088330926,0.000882919368598,0.00044136225531
1062,0.999771908528,-0.000228117488778,-0.000114065249335
1063,1.00015068343,0.000150672074479,7.53331995513e-05
1064,0.999898296603,-0.000101708569029,-5.08555776155e-05
1065,1.00012818188,0.000128173669912,6.40847814387e-05
1066,1.00017165089,0.000171636162297,8.58143988824e-05
1067,1.00033286954,0.000332814149883,0.000166393230052
1068,1.00042915742,0.00042906536051,0.000214509669765
1069,1.0007467988,0.000746520089132,0.000373190391702
1070,0.999851503072,-0.000148507954298,-7.42567340437e-05
1071,1.00031439992,0.000314350508366,0.0001571629028
1072,0.999861826886,-0.000138182661195,-6.90937174586e-05
1073,1.00034232845,0.000342269866708,0.000171120290607
1074,0.999894746786,-0.000105258753053,-5.26307614763e-05
1075,0.999466353796,-0.00053378864391,-0.000266929941414
1076,0.999703774122,-0.000296269761592,-0.000148145853309
1077,1.00038550128,0.000385426991966,0.00019269492793
1078,1.00053431064,0.000534167947784,0.000267048310142
1079,1.00043008844,0.000429995975467,0.000214974877322
1080,1.00006882954,6.88271688403e-05,3.44129922796e-05
1081,1.00057988662,0.000579718550156,0.000289817269937
1082,1.00022456369,0.000224538477543,0.000112262936816
1083,0.99976676912,-0.000233258082273,-0.000116635842567
1084,0.999944001134,-5.60004338623e-05,-2.80006089408e-05
1085,1.00037945033,0.000379378360779,0.000189671190534
1086,1.00008862604,8.86221164158e-05,4.43100764874e-05
1087,1.0001210316,0.000121024272951,6.05103056529e-05
1088,1.00029301125,0.000292968326088,0.000146473434763
1089,1.00052342701,0.000523290065282,0.000261610806565
1090,0.99967993871,-0.000320112520448,-0.00016006906991
1091,0.999749408975,-0.000250622428623,-0.000125319066089
1092,0.999787142034,-0.000212880623831,-0.000106445976886
1093,1.00030731469,0.000307267478332,0.000153621938107
1094,0.999854225786,-0.000145784840515,-7.28950769748e-05
1095,0.999926249525,-7.3753194415e-05,-3.68772771575e-05
1096,0.999509329883,-0.000490790535324,-0.000245425379544
1097,1.00026303573,0.000263001144602,0.00013149192648
1098,1.00006314375,6.31417596651e-05,3.15703814775e-05
1099,0.999989716772,-1.02832809174e-05,-5.14165367704e-06
1100,0.999929798548,-7.02039163296e-05,-3.51025742458e-05
1101,1.00046842921,0.000468319529521,0.000234132351502
1102,1.00018436888,0.000184351890524,9.21716971901e-05
1103,0.999729664483,-0.000270372064052,-0.000135195170069
1104,1.00058688917,0.000586717020595,0.000293315484897
1105,0.999908856828,-9.11473257469e-05,-4.55747013686e-05
1106,0.999878227928,-0.000121779486962,-6.08915972988e-05
1107,0.999459309755,-0.000540836471007,-0.000270454801811
1108,1.00054357934,0.000543431659221,0.000271678918208
1109,0.99989573985,-0.000104265585209,-5.2134151542e-05
1110,1.00021143001,0.000211407666795,0.000105698246944
1111,1.00062424243,0.000624047667851,0.000311975159552
1112,1.00031687582,0.000316825629331,0.000158400268018
1113,1.00083536366,0.000835014934644,0.000417420323208
1114,1.00007991954,7.99163478842e-05,3.99573756249e-05
1115,1.00049537523,0.000495252574299,0.000247595630291
1116,0.999733364762,-0.00026667079128,-0.000133344285199
1117,1.00008473729,8.47336982115e-05,4.23659516434e-05
1118,1.00034871739,0.000348656601803,0.000174313106606
1119,0.999946503146,-5.34982849922e-05,-2.67495002575e-05
1120,1.00045833922,0.000458234218962,0.00022909086416
1121,0.999681913825,-0.000318136774983,-0.000159081039538
1122,1.00070992414,0.000709672266731,0.00035477318647
1123,0.999735040616,-0.000264994491702,-0.000132506023999
1124,1.00023130118,0.000231274437138,0.000115630532843
1125,1.00080886781,0.00080854085006,0.000404188718753
1126,1.00051807388,0.000517939729252,0.000258936334825
1127,0.99983319364,-0.000166820273514,-8.3413615479e-05
1128,1.00069859323,0.000698349328927,0.000349113710085
1129,1.00041882036,0.000418732680109,0.000209344424452
1130,1.00055613535,0.000555980766257,0.000277951747382
1131,0.999798229787,-0.000201790571425,-0.000100900375813
1132,1.00051924642,0.000519111659326,0.000259522147963
1133,1.0003441308,0.000344071595704,0.000172021000543
1134,1.00074227093,0.000741995584943,0.0003709289813
1135,0.999808242596,-0.000191775792081,-9.58924934316e-05
1136,1.00085006209,0.000849700994542,0.000424760261078
1137,1.00042118464,0.000421095963211,0.000210525817935
1138,1.00016717801,0.000167164041418,8.35785278294e-05
1139,1.00041974079,0.000419652718734,0.000209804347356
1140,0.999827824984,-0.000172189839786,-8.6098626167e-05
1141,1.00027580906,0.000275771027463,0.000137876007961
1142,0.999870456814,-0.000129551577708,-6.47778868508e-05
1143,1.0006764745,0.000676245794891,0.000338065740341
1144,1.0004313671,0.000431274092033,0.00021561379802
1145,1.00016892887,0.000168914607309,8.44537372368e-05
1146,1.00017783404,0.000177818228768,8.89051620857e-05
1147,1.00013428609,0.000134277078119,6.7136285318e-05
1148,1.00006945017,6.94477584464e-05,3.47232763562e-05
1149,1.00059841199,0.000598233009869,0.000299071774053
1150,1.00042266191,0.000422572611178,0.00021126398621
1151,1.00023531276,0.000235285077255,0.000117635619016
1152,1.00066621804,0.000665996216576,0.000332942670572
1153,0.999977767359,-2.22328879348e-05,-1.11165057552e-05
1154,1.00032523292,0.000325180039015,0.000162576802467
1155,1.00003975679,3.97560026399e-05,1.98778037538e-05
1156,1.00041399196,0.000413906284037,0.000206931728694
1157,1.00041380508,0.000413719487469,0.000206838349733
1158,0.999866220853,-0.000133788096181,-6.6896285547e-05
1159,1.00028302717,0.000282987127886,0.000141483554201
1160,1.00002288358,2.28833193268e-05,1.1441594208e-05
1161,1.00020132428,0.000201304015398,0.000100646942456
1162,1.00045089628,0.000450794660302,0.000225371930081
1163,0.999915680016,-8.43235392295e-05,-4.21626584346e-05
1164,1.00036068575,0.000360620722649,0.000180294106388
1165,1.0000533312,5.33297769385e-05,2.66645329643e-05
1166,1.00006452827,6.45261922901e-05,3.22625756969e-05
1167,0.999782311717,-0.000217711980349,-0.000108861915203
1168,1.00003950363,3.95028493552e-05,1.97512296195e-05
1169,0.999246651302,-0.000753632608204,-0.000376887308284
1170,1.00014619486,0.000146184178254,7.3089417965e-05
1171,1.00045185045,0.000451748398888,0.000225848691787
1172,1.00072248119,0.000722220329918,0.000361044972531
1173,1.0000366597,3.66590304233e-05,1.83293472271e-05
1174,0.999573586925,-0.000426504014837,-0.000213274747244
1175,1.0006736171,0.000673390326465,0.000336638487777
1176,1.00075368595,0.000753402076294,0.000376630095219
1177,1.00009264363,9.26393362289e-05,4.63185953752e-05
1178,0.999188253859,-0.000812075785385,-0.000406120337236
1179,1.00106815208,0.001067582014,0.000533648565928
1180,1.00043231676,0.000432223334384,0.000216088316748
1181,1.00005228886,5.22874961317e-05,2.61434063211e-05
1182,0.999973499609,-2.65007423016e-05,-1.32504589374e-05
1183,1.00012462946,0.000124621691462,6.23089044507e-05
1184,0.999390361168,-0.000609824737051,-0.000304958859027
1185,1.00006243514,6.24331894605e-05,3.12161074975e-05
1186,1.00011583349,0.000115826780141,5.79117131225e-05
1187,1.00010968581,0.000109679798615,5.48383956277e-05
1188,1.00014690774,0.000146896945176,7.3445775315e-05
1189,1.00029057571,0.000290533504674,0.000145256201633
1190,1.00051309434,0.000512962751014,0.000256448486971
1191,1.00004895171,4.89505103199e-05,2.44749556434e-05
1192,1.0006642011,0.000663980611788,0.00033193520321
1193,1.00042699842,0.000426907279667,0.000213430860226
1194,1.00072053266,0.000720273200664,0.000360071758931
1195,1.00047929055,0.000479175723545,0.000239559162893
1196,1.00047975091,0.000479635865187,0.000239789178572
1197,0.999867933413,-0.000132075308704,-6.6039834886e-05
1198,0.999508845269,-0.000491275387342,-0.00024566786508
1199,1.00002570349,2.57031597338e-05,1.28514972857e-05
1200,1.00067773596,0.000677506403361,0.000338695831293
1201,1.00029294504,0.00029290214105,0.000146440347091
1202,0.999987906465,-1.20936077675e-05,-6.04682216587e-06
1203,1.00054252227,0.000542375157737,0.000271150810841
1204,1.00062100189,0.00062080914905,0.000310356404009
1205,0.999936882436,-6.31195556555e-05,-3.15602758427e-05
1206,0.999817966811,-0.000182049759075,-9.10290224274e-05
1207,0.999745915014,-0.000254117271549,-0.000127066708065
1208,0.999953830072,-4.61709937637e-05,-2.30857633539e-05
1209,1.00004169552,4.16946513279e-05,2.08471083599e-05
1210,0.999830406863,-0.000169607519597,-8.48073557391e-05
1211,1.00001732265,1.73225010775e-05,8.66121303023e-06
1212,1.00018017975,0.000180163516502,9.00777010112e-05
1213,1.00021392526,0.000213902386079,0.000106945473964
1214,0.999856857643,-0.000143152602828,-7.15788630588e-05
1215,1.00001363703,1.36369410838e-05,6.81844729622e-06
1216,1.00039178232,0.000391705593196,0.000195833618691
1217,1.000305594,0.000305547320599,0.000152761990998
1218,1.00011619631,0.000116189555022,5.80930900422e-05
1219,1.00016648382,0.000166469958731,8.32315154307e-05
1220,0.999271479047,-0.000728786452989,-0.000364459625771
1221,0.999646141007,-0.000353921615927,-0.000176976466451
1222,1.00011044715,0.000110441052941,5.52190018451e-05
1223,1.00053064479,0.000530504044104,0.000265216845845
1224,1.00001599454,1.59944118456e-05,7.99717394528e-06
1225,1.00030600537,0.000305958561907,0.00015296758022
1226,0.999692204058,-0.000307843320737,-0.000153933506915
1227,0.999565745359,-0.000434348957287,-0.000217198062728
1228,1.00002051868,2.05184722538e-05,1.02591835011e-05
1229,0.998829027927,-0.00117165819689,-0.000586000729824
1230,1.0002269309,0.000226905153776,0.000113446141388
1231,0.999814483422,-0.000185533788234,-9.27711970984e-05
1232,1.00033911574,0.000339058255899,0.000169514758699
1233,1.00085281356,0.000852450118587,0.000426134238297
1234,1.00051775558,0.000517621592811,0.000258777307781
1235,1.00026081359,0.000260779588769,0.000130381294005
1236,0.999876232377,-0.000123775283184,-6.18895566717e-05
1237,1.00036385615,0.000363789969281,0.000181878442751
1238,1.00085958703,0.000859217792626,0.000429516627625
1239,1.00117264566,0.00117195865022,0.000585807672753
1240,1.00061787477,0.000617683965585,0.000308794296017
1241,1.00046277814,0.000462671089567,0.00023130878878
1242,1.00074064411,0.000740369964796,0.000370116472391
1243,1.00019362485,0.000193606103338,9.6798366405e-05
1244,0.999382543084,-0.000617647620951,-0.000308871501458
1245,0.999872399659,-0.000127608482879,-6.38062769733e-05
1246,1.000672759,0.000672532801615,0.000336209869598
1247,1.00008505333,8.5049718103e-05,4.25239548825e-05
1248,0.999701534729,-0.000298509821047,-0.000149266049592
1249,1.00056613172,0.000565971531655,0.000282945729132
1250,0.999585118654,-0.000414967433118,-0.000207505242794
1251,0.999959550629,-4.04501891073e-05,-2.02252990824e-05
1252,1.00014211751,0.000142107410586,7.10511810382e-05
1253,1.00022116298,0.000221138527381,0.000110563151135
1254,1.00027641323,0.000276375033282,0.000138177969186
1255,1.00049326769,0.000493146068612,0.000246542637674
1256,0.999251148321,-0.000749132207988,-0.000374636262636
1257,0.999945443084,-5.45584039969e-05,-2.72795740792e-05
1258,0.999985445096,-1.45550100696e-05,-7.27753151586e-06
1259,1.00001266503,1.26649538988e-05,6.33245689929e-06
1260,1.00033175489,0.000331699866586,0.000165836180953
1261,1.00066550089,0.000665279545321,0.000332584454185
1262,1.00044481914,0.000444720240167,0.000222335399904
1263,0.999691539782,-0.000308507801399,-0.000154265798444
1264,1.0007331864,0.000732917752874,0.000366391738584
1265,1.00024489783,0.000244867847496,0.000122426429021
1266,1.00076888117,0.000768585731568,0.000384219034739
1267,1.00048771114,0.000487592243063,0.000243766405672
1268,0.999627574183,-0.000372495184258,-0.000186264937289
1269,0.999985442187,-1.45579190118e-05,-7.27898599751e-06
1270,1.0001724218,0.000172406940699,8.61997549373e-05
1271,1.00044188204,0.000441784441236,0.000220867825728
1272,1.00054115085,0.000541004477208,0.000270465656172
1273,1.00102507802,0.0010245529834,0.000512145300502
1274,0.999450794451,-0.000549356417791,-0.000274715936409
1275,1.00042348505,0.000423395406787,0.000211675297016
1276,0.999644135635,-0.000355927699667,-0.000177979686339
1277,1.0009208986,0.000920474829821,0.000460131521917
1278,0.999994749807,-5.25020654418e-06,-2.62510671756e-06
1279,1.00032975261,0.000329698256524,0.000164835541391
1280,1.0003946965,0.000394618626305,0.00019728984895
1281,1.0005782994,0.000578132246754,0.000289024347791
1282,1.00014715502,0.000147144192972,7.35693901255e-05
1283,0.999958194394,-4.18064796489e-05,-2.09034582987e-05
1284,1.0001230665,0.000123058925782,6.15275699922e-05
1285,1.00017610249,0.000176086988211,8.80396183908e-05
1286,1.00037803302,0.000377961580519,0.000188962934515
1287,1.00021051789,0.000210495737233,0.000105242330254
1288,1.000333338,0.000333282457607,0.000166627344925
1289,1.00061718127,0.00061699089576,0.000308447868052
1290,1.0002246098,0.00022458457764,0.000112285984277
1291,1.00016545264,0.000165438950648,8.27160541623e-05
1292,1.00062731021,0.000627113530037,0.000313507611234
1293,0.999868129442,-0.000131879253208,-6.5941800669e-05
1294,0.999651290158,-0.000348770655182,-0.000174400533596
1295,1.00055452502,0.000554371330393,0.000277147252799
1296,1.00010259553,0.000102590264683,5.12938167688e-05
1297,1.00040466421,0.000404582355485,0.000202270718262
1298,0.99974483773,-0.000255194829629,-0.000127605555711
1299,1.00052250798,0.000522371516365,0.000261151652152
1300,1.00025083355,0.000250802097241,0.000125393186237
1301,1.00080882849,0.000808501564487,0.000404169083905
1302,1.00021675985,0.000216736362379,0.00010836230957
1303,1.00030197097,0.000301925385234,0.000150951298323
1304,1.00067398745,0.00067376041774,0.000336823471104
1305,1.00025339783,0.000253365733543,0.000126674842836
1306,0.999975196327,-2.48039803844e-05,-1.24020670973e-05
1307,0.999611044034,-0.000389031628934,-0.000194534733895
1308,0.999832298303,-0.000167715760675,-8.3861396508e-05
1309,1.000572829,0.000572664995359,0.000286291508442
1310,1.00023426928,0.000234241842175,0.0001171140627
1311,1.00038276106,0.000382687827049,0.000191325608445
1312,1.00022062804,0.000220603706818,0.000110295770383
1313,1.00087527828,0.000874895446961,0.000437352057175
1314,1.00040369745,0.000403615985114,0.000201787630694
1315,1.00011865084,0.00011864380427,5.93201426257e-05
1316,0.999355586192,-0.000644621532137,-0.000322362713764
1317,0.999931682573,-6.83197607369e-05,-3.41604638239e-05
1318,1.00023376636,0.000233739045644,0.000116862693846
1319,0.999767275455,-0.000232751629725,-0.00011638258679
1320,0.999712619119,-0.000287422182598,-0.000143721418232
1321,1.00016349683,0.000163483465747,8.1738392109e-05
1322,1.00027740274,0.000277364268337,0.000138672518246
1323,1.00013314431,0.000133135442394,6.65655056151e-05
1324,0.999290800093,-0.000709451508156,-0.000354788676698
1325,1.00003734883,3.73481355209e-05,1.86738934012e-05
1326,1.00050949397,0.000509364221532,0.00025464968203
1327,1.00018075987,0.000180743539009,9.03676860989e-05
1328,1.00023601633,0.000235988485153,0.00011798728153
1329,0.99958700383,-0.000413081476511,-0.000206562069262
1330,0.999442152393,-0.000558003261916,-0.000279040555533
1331,1.00077860141,0.000778298453483,0.000389073518002
1332,0.999869295351,-0.000130713191422,-6.53587315e-05
1333,1.00024552353,0.000245493389877,0.000122739161871
1334,1.00095651505,0.000956057879465,0.000477914702102
1335,1.0001254096,0.000125401739965,6.26989043242e-05
1336,0.99989905375,-0.000100951344924,-5.04769463801e-05
1337,0.999905098765,-9.49057385089e-05,-4.74539951596e-05
1338,1.0006359889,0.000635786740628,0.00031784284757
1339,1.00028676525,0.000286724142918,0.000143351795608
1340,1.00004333276,4.33318244574e-05,2.16656775245e-05
1341,1.00053167274,0.000531531455545,0.00026573041519
1342,0.999553858465,-0.000446241086023,-0.000223145436251
1343,0.999650311175,-0.000349749979971,-0.000174890281508
1344,1.00059354355,0.000593367477509,0.000296639732486
1345,0.999894976336,-0.000105029179206,-5.25159685181e-05
1346,1.00037316873,0.000373099115485,0.000186532158456
1347,0.999488464197,-0.000511666681925,-0.000255866069103
1348,0.999902706642,-9.72980914475e-05,-4.86502291077e-05
1349,1.00087938748,0.000879001044276,0.000439403955931
1350,1.00021579006,0.000215766783012,0.000107877572302
1351,1.00003268421,3.26836806018e-05,1.63417067737e-05
1352,1.0002154897,0.000215466486879,0.000107727440422
1353,0.999927290476,-7.27121675703e-05,-3.63567446755e-05
1354,1.00025125357,0.000251222013799,0.000125603118167
1355,0.999955155817,-4.48451888955e-05,-2.24228458361e-05
1356,1.00063891576,0.000638711738394,0.000319304880539
1357,0.99973368963,-0.000266345837154,-0.000133181786484
1358,0.999923903498,-7.60993979589e-05,-3.80504228785e-05
1359,1.00044076134,0.000440664231233,0.000220307844279
1360,1.00023439274,0.000234365277797,0.000117175773281
1361,1.0004495699,0.000449468871255,0.000224709184736
1362,0.999902916203,-9.70885095637e-05,-4.85454330732e-05
1363,1.00000747294,7.47291442464e-06,3.73645023177e-06
1364,0.999778999999,-0.000221024424615,-0.000110518319007
1365,0.999647752391,-0.000352309663079,-0.000176170347713
1366,1.00063629169,0.000636089338135,0.000317994098223
1367,1.00015833771,0.000158325171732,7.91594525911e-05
1368,1.00015931272,0.000159300029544,7.96468427937e-05
1369,1.00018961254,0.00018959456222,9.479278799e-05
1370,1.00022095143,0.000220927020524,0.000110457409393
1371,1.00036292518,0.000362859339732,0.000181413212499
1372,0.999727345121,-0.000272692056277,-0.000136355323681
1373,1.00014014056,0.000140130739759,7.00629153588e-05
1374,1.00011540608,0.000115399418978,5.76980448926e-05
1375,1.00025220839,0.000252176593818,0.000126080348114
1376,0.999921404797,-7.85982914364e-05,-3.92999179397e-05
1377,1.00025770931,0.000257676104794,0.000128829753131
1378,1.00009715689,9.71521693454e-05,4.85749048739e-05
1379,1.00036200224,0.000361936737542,0.000180951994983
1380,1.00040658287,0.000406500237288,0.000203229464738
1381,0.999802073055,-0.000197946534675,-9.89781653529e-05
1382,1.0001495174,0.000149506227398,7.47503197546e-05
1383,1.00008435427,8.43507114046e-05,4.21744663345e-05
1384,1.00010001105,0.000100006045632,5.00017726855e-05
1385,0.999763052201,-0.000236975875946,-0.000118494957946
1386,1.00039630299,0.000396224483558,0.000198092618844
1387,1.00020708956,0.000207068122071,0.00010352870157
1388,1.00029174796,0.000291705413107,0.000145842070564
1389,0.99996581391,-3.4186674026e-05,-1.70934831047e-05
1390,1.00063626342,0.000636061091752,0.000317979979523
1391,1.00036139805,0.00036133276231,0.000180650061967
1392,1.00007715777,7.71547903228e-05,3.85766510632e-05
1393,1.00027648025,0.00027644203956,0.000138211467695
1394,0.999918968645,-8.1034637922e-05,-4.05181397987e-05
1395,1.00039697264,0.000396893870833,0.000198427246126
1396,1.00081580323,0.000815470641711,0.000407652208106
1397,1.00036773831,0.000367670709002,0.000183818457818
1398,1.00045470361,0.000454600262605,0.000227274300585
1399,1.00049851403,0.000498389814812,0.000249163860934
1400,1.00064170107,0.000641495264421,0.000320696198188
1401,1.00088803023,0.000887636163955,0.000443719609301
1402,1.00019828991,0.000198270248617,9.91302105846e-05
1403,1.00042623092,0.000426140107161,0.000213047355769
1404,0.99981517489,-0.000184842192489,-9.24253672054e-05
1405,0.999618996751,-0.000381075848963,-0.000190556077985
1406,1.00018156943,0.000181552945551,9.07723527164e-05
1407,1.0000684766,6.84742554013e-05,3.42365416169e-05
1408,0.999966668803,-3.33317528843e-05,-1.66660153185e-05
1409,1.00040917165,0.000409087957685,0.000204523061149
1410,0.999851479571,-0.000148531459749,-7.42684876422e-05
1411,1.00003977423,3.977343459e-05,1.98865195556e-05
1412,1.00051709308,0.000516959431243,0.000258446312618
1413,1.00059180663,0.000591631584068,0.000295772042857
1414,1.00018997042,0.000189952381351,9.49716805797e-05
1415,1.00022080907,0.000220784699721,0.000110386256849
1416,1.00004287103,4.28701160217e-05,2.14348282815e-05
1417,1.00088718978,0.000886796461872,0.000443299944467
1418,1.00045416126,0.000454058158418,0.000227003310058
1419,1.00042371008,0.00042362034463,0.000211787742124
1420,1.00058118044,0.000581011618561,0.000290463616554
1421,0.999795798562,-0.000204222289565,-0.000102116358303
1422,0.9997088903,-0.000291152080635,-0.000145586637023
1423,1.00036686728,0.000366800000729,0.000183383183613
1424,1.00065052666,0.000650315164017,0.000325104724011
1425,0.999906207881,-9.37965177841e-05,-4.68993586327e-05
1426,0.999912871959,-8.71318367882e-05,-4.35668674024e-05
1427,1.00055648725,0.000556332471482,0.0002781275511
1428,0.999995666846,-4.33316384661e-06,-2.16658427044e-06
1429,1.00018778124,0.000187763610249,9.38773983655e-05
1430,1.00040498512,0.000404903134838,0.000202431075484
1431,1.00028751083,0.000287469502924,0.000143724422118
1432,1.00037887334,0.000378801585561,0.000189382857583
1433,1.00056165399,0.000561496319519,0.000280708753682
1434,1.00014346717,0.000143456882884,7.1725869019e-05
1435,0.999663791277,-0.00033626525359,-0.000168146761877
1436,1.00012114068,0.000121133341909,6.05648368308e-05
1437,1.00000935757,9.35752495877e-06,4.67875153398e-06
1438,1.00043961742,0.000439520814299,0.0002197362616
1439,0.999689960366,-0.000310087705851,-0.000155055872845
1440,1.00007649289,7.64899675929e-05,3.82442524663e-05
1441,1.0006817695,0.000681537205254,0.000340710547601
1442,0.99992018879,-7.98143955785e-05,-3.9907994092e-05
1443,1.00044560882,0.000445509564385,0.000222729974188
1444,1.00034327195,0.000343213050259,0.000171591801572
1445,1.00066179736,0.000661578467215,0.000330734528881
1446,1.00065168711,0.00065147485729,0.000325684381969
1447,0.999683559949,-0.000316490128869,-0.000158257585845
1448,1.00025376568,0.000253733484176,0.000126858694843
1449,1.00012731479,0.000127306681559,6.36513149488e-05
1450,1.00039935769,0.000399277967387,0.000199619057158
1451,0.999542501969,-0.00045760271473,-0.000228827534392
1452,1.000483802,0.00048368500823,0.000241813262574
1453,1.00008803536,8.80314801781e-05,4.40147714106e-05
1454,1.00024726782,0.000247237252308,0.000123610985686
1455,0.999832608277,-0.000167405734562,-8.3706370464e-05
1456,1.00032643281,0.000326379543768,0.000163176457158
1457,1.0003735091,0.00037343936205,0.00018670224999
1458,1.00067650406,0.000676275339133,0.000338080507468
1459,0.999869610285,-0.000130398216467,-6.52012337417e-05
1460,1.00015809075,0.00015807825781,7.90360053955e-05
1461,0.999911957812,-8.80460640377e-05,-4.40240010466e-05
1462,1.00015608707,0.000156074884881,7.80343975985e-05
1463,1.00062573405,0.000625538362497,0.000312720274067
1464,1.00033288203,0.000332826640362,0.000166399474253
1465,1.00063784237,0.000637639030041,0.000318768697479
1466,0.999964188012,-3.58126296772e-05,-1.79064751575e-05
1467,0.99925446705,-0.000745810998344,-0.000372975037071
1468,0.999745293316,-0.000254739127705,-0.0001273776757
1469,0.9999762702,-2.37300820294e-05,-1.18651114045e-05
1470,0.999737879543,-0.000262154816869,-0.000131085999453
1471,1.00064456829,0.000644360642455,0.000322128426721
1472,1.00083962844,0.000839276150648,0.000419550039582
1473,1.00029192859,0.000291885989277,0.000145932345478
1474,1.00046977735,0.000469667042767,0.000234805950151
1475,1.0000532769,5.32754809191e-05,2.66373856781e-05
1476,0.999579656045,-0.00042043232426,-0.000210238259096
1477,0.999911823484,-8.81804040512e-05,-4.40911740127e-05
1478,0.999643320257,-0.0003567433685,-0.000178387593425
1479,0.999857670421,-0.000142339709309,-7.11723872886e-05
1480,0.999954027868,-4.59731887684e-05,-2.29868585779e-05
1481,0.999680156937,-0.000319894223294,-0.000159959903868
1482,1.00020221674,0.000202196293464,0.000101093036487
1483,0.999662745191,-0.000337311692393,-0.000168670069393
1484,0.998764218275,-0.00123654593261,-0.000618464136433
1485,1.00086620958,0.000865834632937,0.000432823621288
1486,1.00054608456,0.000545935512473,0.000272930503928
1487,0.999906693161,-9.33111924542e-05,-4.66566846165e-05
1488,0.999851705566,-0.000148305430428,-7.41554645947e-05
1489,1.00043902556,0.000438929214748,0.000219440526778
1490,1.00071262831,0.000712374511986,0.000356123828843
1491,1.00085939509,0.000859026020534,0.000429420782759
1492,1.00060880096,0.000608615720868,0.000304261563494
1493,1.00054061294,0.000540466862332,0.000270196921401
1494,1.00006696222,6.69599764907e-05,3.34794277969e-05
1495,1.00002008103,2.0080831881e-05,1.00403655358e-05
1496,1.00031460541,0.000314555927317,0.000157265596128
1497,0.999247921908,-0.000752361044337,-0.000376251286934
1498,1.00016049182,0.00016047894242,8.02362521096e-05
1499,1.00019934729,0.000199327420308,9.96587438912e-05
1500,1.00039515638,0.000395078328319,0.000197519654584
1501,1.00033379972,0.000333744017073,0.000166858086177
1502,1.00030713378,0.000307086622058,0.000153531523858
1503,0.999707446357,-0.000292596444795,-0.000146308924504
1504,1.00076874148,0.000768446151208,0.000384149271371
1505,1.00100675631,0.00100624987343,0.000502998390589
1506,0.999811786468,-0.000188231246084,-9.41200520561e-05
1507,1.00005426016,5.42586910359e-05,2.71289775207e-05
1508,1.0004024715,0.000402390527291,0.000201175025236
1509,1.00000025161,2.51605389734e-07,1.25802686934e-07
1510,1.00044064809,0.000440551032299,0.000220251257279
1511,0.999929873814,-7.01286449898e-05,-3.50649372554e-05
1512,0.999815581353,-0.00018443565388,-9.22220791348e-05
1513,1.00054579039,0.000545641504177,0.000272783539891
1514,1.00059564999,0.000595472658901,0.000297692010388
1515,0.999876190757,-0.000123816908178,-6.19103704571e-05
1516,0.999913812705,-8.61910090248e-05,-4.3096433137e-05
1517,1.00058454534,0.000584374556851,0.00029214459588
1518,1.00023771284,0.000237684592678,0.000118835234873
1519,1.00045901722,0.000458911908372,0.000229429631182
1520,1.00009285318,9.28488714602e-05,4.64233581327e-05
1521,1.00065597952,0.000655764456576,0.000327828480785
1522,1.00060979297,0.000609607124096,0.000304757114162
1523,1.00027758473,0.000277546210673,0.000138763476795
1524,1.00031921599,0.000319165048226,0.000159569791499
1525,1.0002056407,0.000205619556561,0.000102804493536
1526,1.00003780263,3.78019172907e-05,1.89007800233e-05
1527,1.00034373053,0.000343671471952,0.000171820973061
1528,1.00084948405,0.000849123446582,0.000424471609716
1529,1.00024069168,0.000240662718763,0.000120324119854
1530,0.999829742713,-0.000170271782891,-8.51395156085e-05
1531,1.00041591609,0.000415829625832,0.000207893200129
1532,1.00029903291,0.000298988210897,0.000149482931762
1533,1.00037759686,0.000377525592924,0.000188744981886
1534,1.00066362561,0.000663405510335,0.000331647747891
1535,1.00024538218,0.000245352080274,0.000122668515739
1536,1.00033326878,0.000333213253889,0.000166592748831
1537,1.00011226365,0.000112257346,5.61270978154e-05
1538,1.0006859003,0.000685665176051,0.000342773827649
1539,1.00006763726,6.76349760691e-05,3.38169162297e-05
1540,1.0005959142,0.000595736718492,0.000297824000871
1541,1.00012427641,0.000124268690015,6.21324147089e-05
1542,0.999917934548,-8.20688197264e-05,-4.10352517861e-05
1543,0.999990375687,-9.6243589434e-06,-4.81219105031e-06
1544,1.00073977381,0.000739500312225,0.000369681806948
1545,1.00036828838,0.000368220575092,0.000184093340287
1546,1.00017528418,0.000175268821576,8.76305710049e-05
1547,0.999791468843,-0.000208552902532,-0.000104281888244
1548,1.00048837402,0.00048825480156,0.000244097604111
1549,1.00039213195,0.000392055087425,0.000196008331569
1550,1.001085998,0.00108540873138,0.000542557128314
1551,1.00108555812,0.00108496932878,0.000542337546191
1552,1.00014838368,0.000148372671538,7.41835840309e-05
1553,1.00056892037,0.000568758596559,0.00028433886632
1554,1.00027320575,0.000273168440199,0.000136574892899
1555,1.00041298265,0.00041289739262,0.000206427387244
1556,1.00023610837,0.000236080505104,0.000118033286075
1557,0.999563582695,-0.000436512562578,-0.000218280100924
1558,1.00037335615,0.000373286473799,0.000186625820134
1559,1.00010293685,0.000102931551732,5.14644515255e-05
1560,0.999934185382,-6.58167836428e-05,-3.29089333084e-05
1561,1.00047035657,0.000470245988927,0.000235095355218
1562,1.00025102815,0.000250996645152,0.000125490447991
1563,1.00025850419,0.00025847078747,0.000129227043201
1564,0.999758898672,-0.000241130397185,-0.000120572466868
1565,1.00010087511,0.000100870020629,5.04337384908e-05
1566,1.00067763626,0.00067740677002,0.000338646031494
1567,1.00032791856,0.000327864801673,0.000163918964655
1568,1.00001776518,1.77650187916e-05,8.88246994646e-06
1569,1.00009530761,9.53030656887e-05,4.76503975281e-05
1570,0.999528375066,-0.000471736184437,-0.000235895911284
1571,1.00125544335,0.00125465594294,0.000627131242419
1572,1.00027602573,0.000275987644975,0.000137984301778
1573,0.999712817947,-0.000287223297225,-0.000143621961259
1574,1.00034779901,0.000347738541657,0.000173854156443
1575,1.0003929136,0.000392836430355,0.000196398926383
1576,1.00025268364,0.000252651722744,0.000126317882596
1577,0.999795267334,-0.000204753626219,-0.000102382053794
1578,1.00025861005,0.000258576611362,0.000129279948308
1579,1.00032015,0.000320098764805,0.000160036575183
1580,0.999954495644,-4.55053908961e-05,-2.27529542927e-05
1581,1.00009461725,9.46127724072e-05,4.73052672741e-05
1582,1.00022648515,0.000226459502333,0.00011322334092
1583,0.999851437641,-0.0001485733957,-7.42894571748e-05
1584,0.999882161302,-0.000117845641321,-5.89245566438e-05
1585,1.00049929593,0.000499171320094,0.000249554516137
1586,1.0000627623,6.27603315735e-05,3.13796734346e-05
1587,0.999555024243,-0.00044507478826,-0.000222562157413
1588,0.999890198046,-0.000109807982665,-5.49054985841e-05
1589,1.00001929638,1.92961949413e-05,9.64805092796e-06
1590,0.999878958078,-0.000121049248205,-6.05264557545e-05
1591,1.00042169876,0.000421609873549,0.000210782718975
1592,0.99990081428,-9.9190638752e-05,-4.95965492442e-05
1593,1.00081047019,0.000810141935111,0.000404988937387
1594,1.00045899256,0.000458887251348,0.000229417305498
1595,1.00045111038,0.000451008665073,0.000225478908345
1596,1.00063739873,0.000637195680827,0.000318547093511
1597,0.999570429164,-0.000429663127816,-0.000214854641861
1598,1.00090544644,0.000905036772871,0.000452416015432
1599,1.00057821505,0.000578047944915,0.000288982209053
1600,0.999730013774,-0.000270022678573,-0.000135020453728
1601,0.999745564179,-0.000254468195137,-0.00012724219217
1602,0.999758592408,-0.000241436735515,-0.000120725654513
1603,0.999703120975,-0.000296923102027,-0.000148472571975
1604,1.00059151224,0.000591337364393,0.00029562497652
1605,1.00001833082,1.83306551621e-05,9.16528557959e-06
1606,1.0002502174,0.000250186097806,0.000125085225094
1607,1.00024419735,0.000244167536143,0.000122076316151
1608,1.00034225001,0.00034219145313,0.000171081090526
1609,1.00021212213,0.000212099638323,0.000106044196078
1610,1.00050352666,0.000503399934743,0.000251668293592
1611,0.999821632626,-0.000178383283,-8.91956191929e-05
1612,0.999940354661,-5.96471174725e-05,-2.98240034631e-05
1613,1.00026561619,0.000265580923928,0.000132781645701
1614,1.00032912611,0.00032907196248,0.000164522445938
1615,0.99957340905,-0.000426681966022,-0.000213363741817
1616,1.00090226992,0.00090186312199,0.000450829906639
1617,1.00058005848,0.000579890313702,0.000289903126816
1618,1.00004658008,4.65789992281e-05,2.32892284158e-05
1619,1.00047176117,0.000471649925033,0.000235797157996
1620,1.00015148894,0.000151477471599,7.57358676938e-05
1621,1.00026719829,0.000267162602347,0.000133572379589
1622,1.00010798821,0.000107982384056,5.39897345296e-05
1623,0.999942030283,-5.79713975453e-05,-2.8986118862e-05
1624,0.999868141351,-0.000131867343316,-6.59358453305e-05
1625,1.00041408067,0.000413994959677,0.000206976057338
1626,1.00043308388,0.000432990127048,0.000216471630159
1627,1.0003138433,0.000313794064586,0.000156884724597
1628,1.0001338736,0.000133864643217,6.69300816908e-05
1629,1.00010581098,0.000105805379128,5.29012902416e-05
1630,0.999932472246,-6.75300339997e-05,-3.37655870446e-05
1631,1.0002205096,0.00022048529117,0.000110236569088
1632,1.00046922936,0.000469119306532,0.000234532146301
1633,1.0001038853,0.000103879899718,5.19386010033e-05
1634,0.999323261966,-0.000676967124848,-0.000338540854449
1635,1.00004461244,4.46114458954e-05,2.23054741769e-05
1636,0.999552866543,-0.000447233450818,-0.000223641729493
1637,0.999698273687,-0.000301771841976,-0.000150897304841
1638,0.999967116234,-3.28843070887e-05,-1.64422887172e-05
1639,1.00024608945,0.000246059173863,0.000123022019102
1640,1.00016168791,0.000161674837765,8.08341516264e-05
1641,1.00050593095,0.000505803013071,0.000252869529645
1642,1.0001572597,0.000157247337238,7.86205778591e-05
1643,1.00036105621,0.000360991041874,0.000180479232601
1644,1.00039637817,0.000396299630278,0.000198130184761
1645,0.999448758626,-0.000551393363784,-0.000275734689715
1646,0.999445564781,-0.000554588975409,-0.000277332937375
1647,1.00007339944,7.33967491596e-05,3.66977012027e-05
1648,1.00034560966,0.000345549948464,0.000172760049496
1649,1.00101381204,0.00101329847859,0.000506520914241
1650,1.0001009434,0.000100938304164,5.04678785357e-05
1651,1.00064693128,0.000646722113412,0.000323308781154
1652,0.999714005188,-0.000286035716086,-0.000143028085584
1653,1.0003807127,0.00038064025016,0.000190302015354
1654,1.00049864926,0.000498524978268,0.000249231425821
1655,0.999631405928,-0.000368662019414,-0.000184347999711
1656,0.999580363165,-0.00041972490767,-0.0002098844765
1657,1.00046670239,0.000466593521302,0.000233269549078
1658,1.00088650414,0.000886111422444,0.000442957576534
1659,1.00014600046,0.000145989807927,7.29922399003e-05
1660,1.00057419682,0.000574032029096,0.000286974829392
1661,1.0004688993,0.000468789402139,0.000234367232778
1662,1.00040025033,0.000400170253489,0.000200065111051
1663,0.999357313185,-0.000642893427195,-0.000321498383129
1664,1.00047925972,0.000479144912277,0.000239543760949
1665,0.999912425986,-8.75778483491e-05,-4.37898829235e-05
1666,1.00050419177,0.000504064706019,0.000252000595524
1667,1.00033511427,0.000335058131939,0.000167515033759
1668,1.00006522038,6.5218256585e-05,3.26085966207e-05
1669,0.999923052921,-7.69500392752e-05,-3.84757598106e-05
1670,1.00040367682,0.000403595359588,0.000201777320012
1671,1.00026812257,0.000268086632916,0.000134034333054
1672,0.999548516599,-0.000451585350414,-0.000225818168292
1673,0.999935118575,-6.4883530302e-05,-3.24422913909e-05
1674,1.0010558094,0.00105525242034,0.000527487039938
1675,0.999636434281,-0.000363631824789,-0.000181832441909
1676,0.999953217679,-4.67834152199e-05,-2.33919811981e-05
1677,1.00025011245,0.000250081172446,0.000125032768974
1678,0.999846462634,-0.000153549153605,-7.67775240458e-05
1679,1.00074495072,0.000744673384124,0.000372267383358
1680,1.00014379667,0.000143786333536,7.1890582516e-05
1681,1.00039142423,0.000391347639281,0.000195654676767
1682,1.0010364546,0.00103591785456,0.000517824809712
1683,1.00002080229,2.08020710951e-05,1.04009814569e-05
1684,1.00023791642,0.000237888126252,0.000118936989561
1685,1.00069943136,0.000699186870048,0.00034953233436
1686,1.00015754684,0.000157534428017,7.87641119528e-05
1687,1.00058024974,0.000580081464912,0.000289998674709
1688,1.00007006162,7.00591675769e-05,3.50289702598e-05
1689,0.999756398127,-0.000243631548853,-0.000121823194269
1690,1.00027434161,0.000274303984172,0.000137142587181
1691,1.00019866209,0.000198642354568,9.9316245099e-05
1692,0.999676525133,-0.000323527195892,-0.000161776682382
1693,0.999897486539,-0.000102518715961,-5.1260671764e-05
1694,1.00096082231,0.000960361020113,0.000480065241846
1695,1.00021559568,0.000215572441534,0.000107780412041
1696,0.999981983347,-1.80168155978e-05,-9.00844837481e-06
1697,0.999941060506,-5.89412307261e-05,-2.9471049626e-05
1698,1.00063653841,0.000636335901424,0.000318117340657
1699,1.00006870857,6.87062066969e-05,3.43525132873e-05
1700,1.0007266718,0.000726407901649,0.000363138000254
1701,1.00008229085,8.22874610764e-05,4.11428841465e-05
1702,1.00040348673,0.000403405350092,0.000201682334429
1703,0.999617049809,-0.000383023535112,-0.000191530107105
1704,1.00033822459,0.00033816740033,0.000169069406322
1705,1.00011778575,0.00011777881844,5.88876752728e-05
1706,0.999732132301,-0.000267903582299,-0.000133960763091
1707,0.999812334687,-0.000187682924156,-9.38458653255e-05
1708,1.00039477882,0.000394700913901,0.00019733098463
1709,1.00011274887,0.000112742512631,5.6369667486e-05
1710,0.999930579186,-6.94232238413e-05,-3.47122143756e-05
1711,1.00019431311,0.000194294233488,9.71423981158e-05
1712,0.999566438419,-0.000433655596061,-0.000216851306877
1713,1.00019235501,0.000192336514729,9.61636333459e-05
1714,1.00017388378,0.00017386866454,8.69305535902e-05
1715,1.0007454438,0.000745166093461,0.000372513646287
1716,0.999827410823,-0.000172604072655,-8.63057604552e-05
1717,1.00022918654,0.000229160285332,0.000114573578612
1718,1.00094440349,0.000943957823254,0.000471867547102
1719,1.00039935682,0.00039927709829,0.000199618622696
1720,1.00026566935,0.00026563406784,0.000132808214128
1721,0.999762681489,-0.000237346675857,-0.000118680379887
1722,1.00019759244,0.000197572923344,9.87815824501e-05
1723,1.00007606489,7.60619943313e-05,3.80302739964e-05
1724,1.00004270925,4.27083356956e-05,2.13539398491e-05
1725,1.00021583198,0.000215808690863,0.000107898523967
1726,0.999869919155,-0.000130089306455,-6.50467686771e-05
1727,0.999328359627,-0.000671866024718,-0.000335989444173
1728,0.999708024255,-0.000292018378003,-0.000146019848862
1729,1.0009514951,0.00095104271627,0.000475408315773
1730,1.00034698417,0.000346923988302,0.000173446950489
1731,1.00024218663,0.000242157303011,0.000121071321781
1732,1.00012753678,0.000127528645847,6.37622900223e-05
1733,0.999836526444,-0.000163486919719,-8.17468009469e-05
1734,0.999965427752,-3.45728457478e-05,-1.72865722849e-05
1735,0.999573850695,-0.000426240132299,-0.000213142777844
1736,1.00018016396,0.000180147732065,9.00698095038e-05
1737,1.00010543373,0.000105428174801,5.27126980374e-05
1738,1.00037475445,0.000374684248052,0.000187324576586
1739,1.00023530779,0.000235280110033,0.000117633135697
1740,1.00022483205,0.000224806782335,0.000112397074143
1741,1.00024158174,0.000241552564167,0.000120768988922
1742,1.00053874617,0.000538601100131,0.000269264291927
1743,1.00020696613,0.00020694471705,0.000103467005445
1744,1.00010360728,0.000103601911448,5.17996140774e-05
1745,1.00080542012,0.000805095942631,0.000402466959752
1746,0.99999844331,-1.55669153229e-06,-7.7834606893e-07
1747,1.00028074119,0.000280701786659,0.000140341044603
1748,1.00005294666,5.29452603693e-05,2.64722797876e-05
1749,1.00060039264,0.000600212472224,0.00030006120874
1750,0.999664743545,-0.0003353126664,-0.000167670388308
1751,0.999972700186,-2.73001864909e-05,-1.36501864083e-05
1752,1.00028059883,0.000280559466101,0.000140269894309
1753,1.00111592083,0.00111529865574,0.000557493870381
1754,1.00035339524,0.000353332811489,0.000176650801154
1755,0.999507881869,-0.000492239260903,-0.000246149920373
1756,1.00041532331,0.000415237087088,0.000207596992306
1757,1.00054480074,0.000544652393444,0.000272289119309
1758,0.999911298764,-8.87051699776e-05,-4.43535685792e-05
1759,0.999868852363,-0.00013115623799,-6.55802692868e-05
1760,0.999645103304,-0.000354959686319,-0.000177495593638
1761,1.00025989534,0.000259861572115,0.000129922345418
1762,1.00055626465,0.00055610998909,0.000278016340838
1763,1.00009715126,9.7146540023e-05,4.85720903494e-05
1764,1.0002415244,0.000241495240257,0.000120740330428
1765,0.999726429145,-0.000273608281967,-0.000136813499096
1766,0.99992820246,-7.18001176071e-05,-3.59007032185e-05
1767,1.00001423095,1.42308520907e-05,7.11540073073e-06
1768,1.00007900189,7.89987649216e-05,3.94986023704e-05
1769,1.00014802658,0.000148015624159,7.4005073569e-05
1770,1.00002466063,2.46603285607e-05,1.23300882642e-05
1771,1.00034728416,0.000347223869451,0.000173596865045
1772,1.00009050688,9.05027813177e-05,4.52503668301e-05
1773,0.999928621531,-7.13810162624e-05,-3.5691145045e-05
1774,1.00005989124,5.98894437258e-05,2.99442735242e-05
1775,0.999537427436,-0.000462679584058,-0.000231366553142
1776,1.00078424612,0.000783938759744,0.00039189256991
1777,1.00100943032,0.0010089211911,0.000504333376698
1778,1.00021303867,0.000213015980465,0.000106502318458
1779,0.999807363518,-0.000192655038484,-9.63321588867e-05
1780,1.00013052326,0.0001305147432,6.52552423839e-05
1781,0.99928967498,-0.000710577419982,-0.0003553518325
1782,1.00041196483,0.000411879999333,0.00020591879548
1783,1.00050792218,0.000507793235166,0.000253864388565
1784,1.00025880356,0.000258770080511,0.000129376670372
1785,1.00009916566,9.91607473339e-05,4.95791445805e-05
1786,1.00043116856,0.00043107563502,0.000215514590903
1787,1.00049518423,0.000495061670653,0.000247500202097
1788,1.0003529132,0.000352850941966,0.000176409908925
1789,1.00073246826,0.000732200139038,0.000366033063066
1790,1.00055957955,0.000559423045532,0.000279672407145
1791,0.999668188883,-0.000331866178436,-0.000165946856874
1792,0.999781494789,-0.000218529086594,-0.000109270512885
1793,1.00025004249,0.000250011232152,0.0001249978032
1794,1.00052195274,0.000521816570994,0.00026087425189
1795,1.00020026361,0.00020024356427,0.000100116770116
1796,1.00043386101,0.000433766921085,0.000216859943025
1797,0.999862459404,-0.000137550055699,-6.87773929062e-05
1798,1.00004273761,4.27366996911e-05,2.1368121544e-05
1799,1.00080341557,0.000803093008259,0.000401465895122
1800,1.00005395505,5.39535969499e-05,2.69764346045e-05
1801,1.00009638733,9.63826885495e-05,4.81901830905e-05
1802,1.00011209024,0.000112083954057,5.60404067061e-05
1803,1.00021094854,0.000210926288632,0.000105457583274
1804,1.00066735589,0.000667133304103,0.000333511024881
1805,1.00048990965,0.00048978967983,0.000244864855621
1806,1.00069884105,0.000698596978545,0.000349237491658
1807,0.99942679947,-0.000573364872093,-0.000286723533383
1808,1.00047746013,0.000477346182924,0.000238644611306
1809,1.00075096413,0.00075068229293,0.000375270714789
1810,0.99998321609,-1.67840505272e-05,-8.39206047676e-06
1811,1.00002121215,2.12119224515e-05,1.06059049827e-05
1812,1.0005894085,0.000589234866409,0.00029457403775
1813,1.00029296318,0.000292920277934,0.000146449414204
1814,1.00031367859,0.000313629399048,0.000156802404741
1815,1.00033403398,0.000333978199628,0.00016697515791
1816,1.00047092122,0.000470810366667,0.000235377477707
1817,0.999964200065,-3.58005758726e-05,-1.79004481475e-05
1818,1.00058980721,0.000589633339132,0.000294773215402
1819,1.00044018343,0.000440086577945,0.000220019081224
1820,1.00041472543,0.000414639460039,0.000207298240769
1821,1.0003556915,0.00035562825392,0.000177798318965
1822,1.00077592406,0.000775623183213,0.000387736402411
1823,1.00075941115,0.000759122939871,0.000379489445594
1824,1.00029895687,0.000298912192506,0.000149444928247
1825,1.000544823,0.000544674635124,0.000272300237121
1826,1.00144327886,0.00144223832944,0.000720859220781
1827,1.00059875835,0.00059857916893,0.000299244801805
1828,1.00035655819,0.000356494639637,0.000178231434709
1829,1.00001057429,1.05742356518e-05,5.28710384906e-06
1830,1.00034697843,0.00034691825118,0.000173444082426
1831,1.00071490688,0.000714651456912,0.000357261895221
1832,0.999752913069,-0.00024711746212,-0.000123566364755
1833,0.999895656935,-0.000104348509572,-5.21756158862e-05
1834,0.999976448846,-2.35514308812e-05,-1.17757847746e-05
1835,1.00040302104,0.000402939848452,0.000201449630524
1836,1.00046020995,0.000460104082529,0.000230025581323
1837,1.00093082973,0.000930396776968,0.000465090200491
1838,1.00017796046,0.000177944626279,8.89683552208e-05
1839,1.0004694241,0.000469313956014,0.000234629448212
1840,1.00018641909,0.000186401713355,9.31965136124e-05
1841,1.00023460502,0.000234577501365,0.000117281872626
1842,1.00036872266,0.000368654699137,0.000184310362326
1843,1.0004624946,0.000462387686989,0.000231167120257
1844,1.00021042579,0.000210403654869,0.000105196293916
1845,1.00076877398,0.000768478627759,0.000384165503408
1846,1.00048545852,0.000485340723317,0.000242640919588
1847,1.0003179509,0.000317900367756,0.000158937551967
1848,1.00050131013,0.000501184513872,0.000250560861319
1849,0.999818773485,-0.000181242938113,-9.06255753059e-05
1850,1.00034916455,0.00034910360189,0.000174536567666
1851,1.0002444435,0.000244413628361,0.000122199347232
1852,1.00031258355,0.000312534702374,0.000156255142081
1853,1.00072101406,0.000720754252599,0.000360312198263
1854,1.00010526005,0.000105254507533,5.26258689768e-05
1855,0.999987295045,-1.27050361585e-05,-6.35253825654e-06
1856,0.999819254903,-0.000180761433859,-9.03848013893e-05
1857,1.00062736707,0.000627170359333,0.000313536016973
1858,1.00066311305,0.000662893290893,0.000331391723075
1859,0.999492624537,-0.000507504221951,-0.000253784308766
1860,1.00044456494,0.000444466148284,0.000222208382202
1861,0.99977706224,-0.000222962613819,-0.000111487521181
1862,1.00074176398,0.000741489009649,0.000370675787573
1863,1.00044018139,0.000440084542802,0.000220018063876
1864,1.00005366833,5.36668918367e-05,2.68330859047e-05
1865,1.0005651905,0.000565030838042,0.000282475515298
1866,1.0000169477,1.6947557757e-05,8.47374297608e-06
1867,1.00025313981,0.000253107772399,0.000126545878594
1868,1.00060327541,0.000603093512449,0.000301501295571
1869,1.00033861925,0.000338561934848,0.00016926664021
1870,1.00013780499,0.000137795493452,6.88953733308e-05
1871,1.0002387031,0.000238674613334,0.000119330186254
1872,0.999872986047,-0.000127022020088,-6.35130269109e-05
1873,1.00075125483,0.000750972775499,0.000375415901558
1874,1.00095255062,0.000952097227614,0.000475935320644
1875,1.00007400256,7.39998198505e-05,3.6999225437e-05
1876,1.00060472016,0.000604537392167,0.000302223017504
1877,1.00012423558,0.000124227862097,6.21120020183e-05
1878,0.999897598523,-0.000102406720613,-5.12046712211e-05
1879,0.999772242027,-0.000227783913925,-0.000113898442898
1880,1.00065967959,0.000659462098036,0.00032967669371
1881,0.999946284488,-5.37169550804e-05,-2.68588382324e-05
1882,1.00008525152,8.52478834805e-05,4.26230333529e-05
1883,1.00088566576,0.000885273791289,0.000442538946386
1884,1.00053823337,0.000538088572401,0.000269008097032
1885,0.999754506619,-0.000245523519525,-0.000122769295296
1886,1.00013067482,0.000130666277951,6.53310048123e-05
1887,1.00053222051,0.000532078932263,0.000266004080771
1888,1.00026197956,0.000261945250541,0.000130964048731
1889,1.00067012359,0.000669899157336,0.000334893489321
1890,1.00029693292,0.000296888843367,0.000148433404356
1891,0.999855744566,-0.000144265839943,-7.21355216131e-05
1892,1.00037411819,0.000374048220591,0.000187006622377
1893,1.00033941434,0.000339356747683,0.00016966397928
1894,0.999848562486,-0.000151448981802,-7.57273580729e-05
1895,1.00023065306,0.000230626467475,0.000115306585422
1896,0.998831169566,-0.0011695140494,-0.000584928028418
1897,1.00022368894,0.000223663922689,0.000111825708384
1898,1.00128640015,0.00128557344888,0.000642580181308
1899,1.00056365842,0.000563499624172,0.000281710124335
1900,1.00045008154,0.000449980286864,0.000224964835048
1901,1.0001908418,0.000190823591413,9.54072441457e-05
1902,1.00054774257,0.000547592610534,0.000273758826479
1903,1.00040754196,0.000407458937018,0.00020370871707
1904,1.00049156042,0.000491439644809,0.000245689635761
1905,1.00016582226,0.000165808514844,8.2900820959e-05
1906,1.00039188419,0.000391807419109,0.000195884521676
1907,1.0008037542,0.000803431362819,0.000401635004468
1908,1.00001390348,1.39033835324e-05,6.95166760334e-06
1909,0.999278908588,-0.000721351523835,-0.000360740813241
1910,1.00000368807,3.6880588391e-06,1.8440277193e-06
1911,1.00073372126,0.000733452217927,0.000366658873163
1912,0.999952596581,-4.74045424247e-05,-2.37025521135e-05
1913,1.00089548347,0.00089508275921,0.0004474412479
1914,1.00032498803,0.000324935236588,0.000162454421145
1915,0.999780522626,-0.000219501462558,-0.000109756754111
1916,0.999725674536,-0.000274363098525,-0.000137190959081
1917,1.00006093799,6.0936135098e-05,3.04676034021e-05
1918,0.999942552773,-5.74488771446e-05,-2.8724851123e-05
1919,1.00031923665,0.000319185702368,0.000159580116922
1920,1.00033729936,0.000337242483343,0.000168607025909
1921,1.00077448336,0.000774183600212,0.000387016889741
1922,0.999978204732,-2.17955056869e-05,-1.08978122242e-05
1923,1.00033405467,0.00033399888262,0.00016698549768
1924,1.0010812952,0.0010807110171,0.000540209542805
1925,1.0003113376,0.000311289148524,0.000155632462274
1926,0.999853568974,-0.0001464417483,-7.32235548635e-05
1927,1.00033934202,0.000339284453356,0.000169627838249
1928,0.999914016553,-8.59871433267e-05,-4.29944959002e-05
1929,1.000746873,0.000746594233233,0.000373227449917
1930,0.999838747256,-0.000161265746467,-8.06361241508e-05
1931,1.00034464298,0.000344583604179,0.000172276960709
1932,0.999512616817,-0.000487501993186,-0.000243780706281
1933,0.999675893206,-0.000324159327673,-0.000162092799455
1934,0.999751934771,-0.000248096002654,-0.000124055695599
1935,1.0002191394,0.000219115397439,0.000109551697494
1936,0.999757519389,-0.000242510014215,-0.000121262358793
1937,1.00040821508,0.000408131781137,0.000204045070541
1938,1.00051620458,0.00051607139199,0.000258002407648
1939,1.00075221343,0.000751930654932,0.000375894661359
1940,0.999685428379,-0.00031462110952,-0.000157322928714
1941,1.00046966239,0.000469552133091,0.000234748508802
1942,1.00026158864,0.00026155443222,0.000130768665143
1943,0.999971016884,-2.89835363165e-05,-1.44918731644e-05
1944,0.999275490053,-0.000724772530693,-0.000362451935182
1945,1.00045804811,0.000457943238026,0.000228945407012
1946,1.0000928385,9.28341922395e-05,4.6416018863e-05
1947,1.00014432908,0.00014431866668,7.2156729918e-05
1948,1.00060404169,0.000603859333831,0.000301884090741
1949,1.00012411477,0.000124107067073,6.20516082557e-05
1950,1.00097351863,0.000973045064035,0.000486404199122
1951,0.999759076618,-0.000240952408803,-0.000120483461951
1952,0.999632630912,-0.000367436584978,-0.000183735169728
1953,1.00036346499,0.000363398951697,0.000181682969498
1954,1.00077686105,0.000776559453828,0.000388204356096
1955,1.00029973148,0.000299686565428,0.00014983205677
1956,1.00031203031,0.00031198164138,0.000155978654755
1957,1.00018766009,0.000187642484157,9.38168410034e-05
1958,1.00021329404,0.00021327129438,0.000106629961811
1959,1.00021422665,0.000214203705837,0.00010709611772
1960,1.00005035191,5.03506392402e-05,2.51750027244e-05
1961,1.00046264416,0.000462537177898,0.00023124184843
1962,1.00023368163,0.000233654327815,0.00011682033988
1963,1.00012123569,0.000121228338813,6.06123324046e-05
1964,1.0001503797,0.000150368393401,7.51813704395e-05
1965,1.00049303581,0.000492914309745,0.000246426786803
1966,1.00119173069,0.00119102113982,0.000595333288683
1967,1.00036362476,0.000363558667221,0.000181762812748
1968,1.00015686154,0.000156849235722,7.84215427313e-05
1969,1.00013555445,0.000135545263586,6.77703352798e-05
1970,0.999998088833,-1.9111684277e-06,-9.55584670503e-07
1971,1.00002776071,2.77603259868e-05,1.38800666644e-05
1972,1.00035753431,0.00035747040684,0.000178719231235
1973,0.999884703076,-0.000115303570995,-5.76534473935e-05
1974,1.00032981777,0.000329763393052,0.000164868104286
1975,1.0008651296,0.000864755595059,0.00043228433572
1976,0.999920911753,-7.90913749452e-05,-3.95464694136e-05
1977,0.999921506387,-7.84966935582e-05,-3.92491170056e-05
1978,0.999818699246,-0.000181317191087,-9.0662705158e-05
1979,1.00065798853,0.00065777215002,0.000328831997913
1980,1.00035534943,0.000355286303756,0.000177627374268
1981,1.00044026686,0.000440169966209,0.000220060766181
1982,1.00043877271,0.000438676475518,0.000219314184886
1983,1.00004915316,4.9151948827e-05,2.45756724268e-05
1984,1.00068473872,0.000684504394196,0.000342193635496
1985,1.00036422808,0.000364161766014,0.000182064307289
1986,1.00032445464,0.000324402012737,0.000162187852496
1987,1.00008217243,8.2169053958e-05,4.10836830214e-05
1988,1.00024228465,0.000242255303831,0.000121120316258
1989,1.00005526399,5.52624672379e-05,2.763085188e-05
1990,1.00065762894,0.000657412794472,0.000328652379207
1991,1.00086699012,0.000866614506014,0.000433213388977
1992,0.999756842923,-0.000243186644757,-0.000121600715146
1993,0.99925120701,-0.000749073475689,-0.000374606885486
1994,0.999828138818,-0.000171875951792,-8.59416686696e-05
1995,1.00032430421,0.000324251637857,0.000162112677248
1996,1.00015631937,0.000156307151304,7.81505217409e-05
1997,1.00084031852,0.000839965646407,0.000419894642763
1998,1.00032604815,0.000325995004414,0.000162984218836
1999,1.00042250286,0.000422413627344,0.000211184511083
2000,1.00001884604,1.88458658922e-05,9.42288855044e-06
2001,0.999667900463,-0.000332154694743,-0.000166091138977
2002,1.00112261779,0.0011219881289,0.000560836736702
2003,0.999674567036,-0.000325485928422,-0.000162756207565
2004,1.00037906349,0.000378991668011,0.000189477880804
2005,0.999736417795,-0.000263616948499,-0.000131817161368
2006,1.00054688448,0.000546734995143,0.000273330136082
2007,0.999898942791,-0.000101062315483,-5.05324344622e-05
2008,1.00008037372,8.03704951869e-05,4.01844401773e-05
2009,1.0000664256,6.64233949702e-05,3.32111459828e-05
2010,1.00071421058,0.000713955649334,0.000356914115664
2011,1.00007288424,7.28815817799e-05,3.64401269324e-05
2012,1.00058996576,0.000589791799672,0.000294852422314
2013,1.00087400706,0.000873625338332,0.000436717280402
2014,1.00068734362,0.000687107511435,0.000343494747884
2015,0.999525628809,-0.000474483740613,-0.000237270014385
2016,1.00024895928,0.000248928296041,0.00012445640268
2017,0.999818652549,-0.000181363896764,-9.06860601142e-05
2018,0.999890190707,-0.000109815322174,-5.49091685405e-05
2019,1.00039980306,0.000399723159387,0.000199841608699
2020,0.999771484921,-0.000228541192893,-0.00011427712558
2021,1.00034515018,0.000345090627126,0.000172530428476
2022,0.999885922405,-0.000114084102626,-5.70436782417e-05
2023,1.00131805734,0.00131718946536,0.000658377906771
2024,0.999950053692,-4.99475556321e-05,-2.49740896634e-05
2025,1.00098734173,0.000986854628534,0.00049330559903
2026,0.999876724008,-0.000123283591448,-6.16436956185e-05
2027,1.00025673898,0.00025670603206,0.000128344779134
2028,1.00071041116,0.000710158932698,0.000355016433096
2029,1.00041699879,0.000416911870331,0.000208434209737
2030,1.00058780099,0.00058762830369,0.000293770992694
2031,1.00007907435,7.90712209601e-05,3.9534828958e-05
2032,0.999881007966,-0.000118999114314,-5.9501327291e-05
2033,1.00041064874,0.00041056444494,0.000205261153517
2034,1.00054440121,0.000544253077421,0.000272089515642
2035,1.00017054131,0.000170526767764,8.52597490629e-05
2036,1.00043412725,0.000434033039724,0.00021699297348
2037,1.00061633143,0.00061614157278,0.000308023337458
2038,1.00047730548,0.000477191609559,0.000238567343064
2039,1.00030009995,0.000300054927974,0.00015001621043
2040,0.999802672504,-0.000197346967226,-9.86783520012e-05
2041,0.999995304032,-4.69597876387e-06,-2.3479921385e-06
2042,1.00060057257,0.000600392294907,0.000300151093098
2043,0.999861852964,-0.000138156579549,-6.90806757344e-05
2044,0.999782570911,-0.000217452730524,-0.000108732276187
2045,0.999318241416,-0.000681991087121,-0.00034105368915
2046,1.00082559877,0.000825258151546,0.000412543956104
2047,1.0001161073,0.000116100555755,5.80485929929e-05
2048,1.00064595728,0.000645748737851,0.000322822250606
2049,0.999835974168,-0.000164039286098,-8.20230067518e-05
2050,0.999547762436,-0.000452339854294,-0.000226195505493
2051,1.00057222499,0.000572061332802,0.00028598976353
2052,1.00071861328,0.000718355197968,0.000359113102432
2053,1.0003869093,0.000386834468914,0.00019339853055
2054,1.0001173928,0.000117385913576,5.86912343901e-05
2055,1.00059401075,0.000593834392818,0.000296873120861
2056,1.00055745203,0.000557296713223,0.000278609537764
2057,0.999868681644,-0.000131326978948,-6.56656453681e-05
2058,1.00002263459,2.26343336566e-05,1.13171027895e-05
2059,1.00037359924,0.000373529469959,0.000186747295532
2060,1.00054083121,0.000540685017642,0.000270305969578
2061,1.00030077786,0.000300732635714,0.000150355013409
2062,0.999936412611,-6.35894107e-05,-3.17952108071e-05
2063,1.00069816141,0.000697917804381,0.000348898023115
2064,1.0001197488,0.000119741632985,5.98690242709e-05
2065,1.0007944578,0.000794142382026,0.000396992368681
2066,0.999652658777,-0.000347401559627,-0.000173715866667
2067,1.00001843705,1.84368765284e-05,9.2183957745e-06
2068,1.0002560994,0.000256066616923,0.000128025112547
2069,1.00041295075,0.000412865507174,0.000206411447812
2070,1.00031956734,0.000319516288052,0.000159745383373
2071,0.999553525782,-0.000446573917719,-0.000223311889248
2072,0.999469141439,-0.000530999516212,-0.000265535006286
2073,1.0002751201,0.000275082263225,0.000137531673265
2074,1.00050031542,0.000500190307841,0.000250063882734
2075,1.00022464859,0.000224623361926,0.000112305374242
2076,1.00051385372,0.000513721737621,0.000256827882882
2077,0.999983232749,-1.67673917647e-05,-8.38373102563e-06
2078,0.999768416095,-0.000231610724746,-0.000115812068073
2079,1.00058264227,0.000582472596034,0.000291193892843
2080,1.00043565508,0.000435560210105,0.000217756392687
2081,0.999632588253,-0.000367479259563,-0.000183756510941
2082,1.00053927499,0.000539129633316,0.000269528487327
2083,0.999099942592,-0.000900462702718,-0.000450332720707
2084,1.00090898835,0.000908575465708,0.000454184559806
2085,0.999964040247,-3.59603998225e-05,-1.79803615559e-05
2086,1.00058701251,0.000586840280682,0.000293377096862
2087,1.00020707215,0.00020705071537,0.00010351999912
2088,1.00037211857,0.000372049354036,0.000186007375501
2089,1.00042708107,0.000426989900266,0.000213472161708
2090,0.999683847623,-0.000316202363823,-0.000158113680562
2091,0.999911230815,-8.87731249605e-05,-4.43875475782e-05
2092,1.0007589497,0.000758661845051,0.000379258985647
2093,1.00040838429,0.000408300927796,0.00020412962661
2094,1.00027736988,0.000277331420438,0.000138656096574
2095,1.00037677532,0.000376704360621,0.000188334443152
2096,1.00112790306,0.00112726745057,0.000563474913638
2097,1.00019472575,0.000194706795428,9.73486590259e-05
2098,1.00090373412,0.000903325995987,0.000451561013616
2099,1.00008011895,8.01157405925e-05,4.00570679905e-05
2100,1.00082367041,0.000823331384032,0.000411580969321
2101,1.00058446017,0.000584289443438,0.000292102051605
2102,1.00067337434,0.000673147724451,0.000336517227597
2103,1.00007117408,7.11715457708e-05,3.55851397192e-05
2104,1.00043436071,0.000434266402842,0.000217109629713
2105,0.999782679489,-0.000217344128321,-0.000108677969183
2106,1.0005914276,0.000591252774524,0.000295582694087
2107,1.00014744686,0.00014743599253,7.371527916e-05
2108,1.00053296857,0.000532826596262,0.00026637781326
2109,0.99989921836,-0.000100786718858,-5.03946291954e-05
2110,1.00032295294,0.000322900803864,0.000161437369517
2111,1.00048185556,0.000481739503996,0.000240840745208
2112,1.00043233604,0.000432242609095,0.000216097952021
2113,1.00055943225,0.000559275823625,0.000279598816776
2114,1.00057700061,0.000576834211927,0.000288375517748
2115,1.00006151103,6.15091354896e-05,3.07540948279e-05
2116,1.00054333786,0.000543190306442,0.000271558274596
2117,1.00015701962,0.000157007297915,7.85005676267e-05
2118,1.00024791888,0.000247888155229,0.000123936396865
2119,0.999932850397,-6.71518581227e-05,-3.35764927391e-05
2120,1.00017280211,0.000172787185307,8.63898608348e-05
2121,0.999641974915,-0.000358089191163,-0.000179060625022
2122,1.00047054466,0.000470433983712,0.000235189330508
2123,0.999968499356,-3.15011401056e-05,-1.57506940937e-05
2124,1.00001634367,1.63435345235e-05,8.17173387291e-06
2125,0.999234079964,-0.000766213503096,-0.000383180146312
2126,1.00048078892,0.000480673378602,0.000240307810752
2127,0.999915805002,-8.41985426373e-05,-4.21001575055e-05
2128,1.00014235722,0.000142347086173,7.11710103096e-05
2129,1.00004863376,4.8632578458e-05,2.43159935904e-05
2130,1.00028531682,0.000285276122707,0.000142627889029
2131,1.00012551433,0.000125506451748,6.27512569316e-05
2132,1.00019028035,0.00019026224748,9.51265989179e-05
2133,0.999991057764,-8.94227589244e-06,-4.47114794166e-06
2134,1.00085913735,0.000858768505272,0.000429292080411
2135,0.999937777746,-6.2224190018e-05,-3.11125789954e-05
2136,0.999907698506,-9.23057540047e-05,-4.61539420629e-05
2137,1.00034731264,0.000347252336773,0.000173611096236
2138,1.00027709021,0.000277051827226,0.000138516319342
2139,1.00056504487,0.000564885293602,0.000282402763632
2140,0.999485773813,-0.000514358446996,-0.00025721229691
2141,0.999817611464,-0.000182405170424,-9.12067442942e-05
2142,1.00081212489,0.000811795296243,0.000405815282815
2143,1.00015805878,0.00015804629481,7.90200251585e-05
2144,1.00016200822,0.000161995097428,8.09942685008e-05
2145,1.000598434,0.000598255007616,0.000299082769637
2146,1.00028765291,0.000287611550118,0.000143795435504
2147,1.00064089089,0.00064068560371,0.000320291497578
2148,1.0002512046,0.000251173056839,0.000125578642761
2149,1.00002762216,2.76217749816e-05,1.38107921209e-05
2150,0.999762060784,-0.000237967528459,-0.000118990843079
2151,0.999973369901,-2.6630453413e-05,-1.33153153545e-05
2152,1.00037320443,0.000373134809148,0.000186550001958
2153,0.999933926389,-6.60757941418e-05,-3.30384428282e-05
2154,1.00000545615,5.4561320844e-06,2.72806232104e-06
2155,1.00037300958,0.000372940027467,0.000186452629281
2156,1.0005873561,0.000587183675331,0.0002935487438
2157,1.00017720075,0.000177185049331,8.85886004636e-05
2158,1.00003112318,3.11226980138e-05,1.55612279297e-05
2159,1.00016493933,0.000164925730505,8.24594652838e-05
2160,0.999937392482,-6.26094782018e-05,-3.13052290994e-05
2161,0.999979903497,-2.00967047061e-05,-1.00484028378e-05
2162,1.00025727834,0.000257245245991,0.000128614351461
2163,1.00039407966,0.00039400202966,0.000196981611404
2164,1.00000876779,8.76774836333e-06,4.38386457258e-06
2165,0.999913874619,-8.61290896099e-05,-4.30654720958e-05
2166,0.999983276612,-1.67235279014e-05,-8.36179891039e-06
2167,1.00097342386,0.000972950390884,0.00048635688557
2168,1.000993676,0.000993182631441,0.000496468034661
2169,0.999955709573,-4.42914080173e-05,-2.21459492264e-05
2170,1.00001383954,1.38394432362e-05,6.91969767674e-06
2171,1.00024387422,0.00024384449225,0.00012191481391
2172,0.999557437345,-0.000442660615208,-0.000221354802963
2173,1.00077620836,0.000775907267984,0.000387878389712
2174,0.999882496602,-0.000117510301708,-5.87568769719e-05
2175,1.00027398239,0.00027394486442,0.000136963051915
2176,1.00032707036,0.000327016882519,0.000163495074483
2177,1.00077770265,0.000777400395175,0.000388624663453
2178,1.00019730795,0.000197288491789,9.8639380711e-05
2179,1.0006456826,0.000645474241206,0.000322685046581
2180,1.00046951878,0.000469408592782,0.000234676755492
2181,1.00042081385,0.000420725336425,0.000210340543538
2182,1.00007142744,7.14248938363e-05,3.57118092362e-05
2183,1.00014290177,0.000142891561116,7.14432283687e-05
2184,1.00028477185,0.000284731308469,0.000142355520726
2185,0.999493185474,-0.000506942999822,-0.000253503626526
2186,0.999561763302,-0.00043833275222,-0.000219190394815
2187,1.00024040462,0.000240375732226,0.000120180643841
2188,1.00007329919,7.32965082338e-05,3.66475825778e-05
2189,1.0001078589,0.000107853081022,5.39250865014e-05
2190,0.999853800016,-0.000146210672565,-7.3108008543e-05
2191,0.999712155393,-0.000287886042022,-0.000143953381305
2192,1.00005441334,5.4411857841e-05,2.72055588425e-05
2193,1.0001293875,0.00012937912843,6.468747189e-05
2194,1.00044393398,0.000443835470021,0.000221893113091
2195,0.999861229664,-0.000138779965161,-6.93923901212e-05
2196,1.0001796332,0.00017961706843,8.98045015492e-05
2197,1.00042298328,0.000422893849575,0.000211424571462
2198,0.99988887469,-0.000111131484655,-5.55672861318e-05
2199,1.00000003333,3.33253030725e-08,1.66626514808e-08
2200,1.0012035531,0.00120282941175,0.0006012338923
2201,1.00019541691,0.000195397822205,9.76941387192e-05
2202,1.00023790324,0.000237874942964,0.000118930398701
2203,1.00025908021,0.000259046657084,0.000129514940758
2204,1.00032450501,0.000324452368501,0.000162213026295
2205,0.999478194833,-0.000521941354381,-0.000261004733
2206,1.00019323389,0.000193215218771,9.66029430208e-05
2207,1.00027778964,0.000277751068116,0.000138865891297
2208,1.0003245514,0.00032449874529,0.000162236210927
2209,1.00021394859,0.000213925708817,0.000106957134086
2210,1.00041382292,0.00041373732156,0.000206847264934
2211,0.999661188606,-0.000338868803555,-0.000169448756596
2212,1.00032037229,0.000320320982563,0.000160147666275
2213,1.00016088288,0.000160869937106,8.04317337479e-05
2214,1.0007647273,0.000764435046584,0.00038214448748
2215,1.00077017449,0.000769878056967,0.000384864948961
2216,1.00046350053,0.000463393150953,0.000231669735898
2217,1.0001278466,0.00012783842692,6.39171706708e-05
2218,1.00032478937,0.000324736638251,0.000162355138104
2219,1.00001697588,1.69757401632e-05,8.48783405971e-06
2220,0.999853898405,-0.000146112269333,-7.30588033309e-05
2221,1.00045064567,0.000450544164011,0.000225246710155
2222,1.00040729176,0.00040720883527,0.000203583691662
2223,1.00061409298,0.00061390450428,0.000306905147117
2224,1.00040312648,0.000403045247112,0.000201502319236
2225,1.00016565002,0.00016563630039,8.28147208666e-05
2226,1.00054645253,0.000546303274212,0.000273114334594
2227,0.99978263285,-0.000217390777782,-0.000108701296449
2228,1.00014885935,0.000148848269452,7.44213653189e-05
2229,0.99991682711,-8.31763493811e-05,-4.15890394907e-05
2230,0.999657632073,-0.000342426548672,-0.000171227932165
2231,1.00031942082,0.000319369820018,0.000159672161053
2232,1.00025488325,0.000254850769357,0.000127417266409
2233,1.00025931494,0.000259281325,0.000129632259512
2234,1.00038818969,0.000388114367131,0.000194038355688
2235,1.0007280866,0.000727821676869,0.000363844630917
2236,1.00037205365,0.00037198445893,0.000185974933983
2237,1.00012971035,0.000129701939281,6.48488668619e-05
2238,1.00025721076,0.000257177685355,0.000128580575487
2239,1.00053286556,0.000532723639632,0.000266326348656
2240,1.00066104119,0.000660822794883,0.000330356817607
2241,1.00005565121,5.56496649218e-05,2.78244453539e-05
2242,1.00066259406,0.00066237464081,0.000331132483938
2243,1.00037411316,0.000374043201584,0.000187004113343
2244,0.999456587495,-0.000543560206668,-0.000271817038892
2245,1.00043595477,0.000435859774318,0.000217906142166
2246,0.999784679981,-0.000215343203908,-0.000107677398749
2247,1.00008537746,8.53738192922e-05,4.26859985728e-05
2248,1.00039607779,0.000395999367727,0.00019798008322
2249,1.00039429924,0.000394221525514,0.000197091337707
2250,1.0004356024,0.000435507556464,0.000217730071599
2251,0.999732151923,-0.000267883954511,-0.000133950947883
2252,1.00005681989,5.68182776498e-05,2.84087352892e-05
2253,1.00005482036,5.48188547057e-05,2.74090517178e-05
2254,0.999612768954,-0.00038730603893,-0.000193671771421
2255,1.00016969614,0.00016968173961,8.48372709201e-05
2256,1.00071412215,0.000713867289139,0.000356869951334
2257,1.00038889595,0.00038882035302,0.000194391280076
2258,1.00000083256,8.32557688159e-07,4.16278757465e-07
2259,1.00018900554,0.000188987682686,9.44893769407e-05
2260,1.00098387742,0.000983393730856,0.000491576002335
2261,1.00040232459,0.000402243677429,0.000201101615073
2262,0.999912829975,-8.71738250075e-05,-4.3587862427e-05
2263,0.999872525817,-0.000127482308024,-6.37431855226e-05
2264,1.00033117629,0.000331121463099,0.000165547027128
2265,1.00001351463,1.35145340684e-05,6.75724420396e-06
2266,0.999816905223,-0.000183111541146,-9.15599619302e-05
2267,1.00038231048,0.000382237419045,0.000191100447505
2268,1.00022253265,0.00022250789427,0.000111247758644
2269,0.999935063566,-6.49385427231e-05,-3.24697984939e-05
2270,0.999513931939,-0.0004861862303,-0.000243122664676
2271,1.0004701161,0.000470005625199,0.000234975201602
2272,1.0000130843,1.30842183791e-05,6.54208778994e-06
2273,0.999969116696,-3.08837804773e-05,-1.54420094653e-05
2274,1.00080184519,0.000801523884369,0.000400681647844
2275,1.00010003171,0.000100026711847,5.00121052764e-05
2276,1.0004709627,0.000470851829001,0.000235398203995
2277,0.999685277417,-0.000314772118377,-0.000157398445024
2278,0.999905971797,-9.40326235024e-05,-4.70174170353e-05
2279,1.00057400391,0.000573839228961,0.000286878456984
2280,1.00013587525,0.000135866016449,6.79307008298e-05
2281,1.00007865135,7.86482561962e-05,3.93233549146e-05
2282,1.00017562266,0.00017560723866,8.7799764705e-05
2283,1.00011582849,0.000115821777805,5.79092120995e-05
2284,1.00044222974,0.000442131990123,0.000221041561775
2285,1.00024771094,0.000247680261077,0.000123832462666
2286,0.999672635876,-0.000327417719333,-0.000163722260693
2287,1.00034269762,0.000342638916927,0.000171304784123
2288,1.00023878715,0.000238758644478,0.000119372196811
2289,0.999915685174,-8.43183804121e-05,-4.21600789171e-05
2290,1.00051316283,0.000513031208056,0.000256482706713
2291,1.00059075129,0.00059057686779,0.000295244840556
2292,1.00046569776,0.000465589351973,0.000232767581408
2293,1.00021588802,0.000215864722799,0.000107926536911
2294,1.00066885472,0.000668631138446,0.000334259692
2295,1.00043406355,0.000433969374785,0.000216961147918
2296,1.00021081679,0.000210794571648,0.000105391731725
2297,1.0007011214,0.000700875726473,0.000350376467061
2298,0.999819923678,-0.000180092537879,-9.00503232262e-05
2299,0.999965034822,-3.49657889738e-05,-1.74830473136e-05
2300,1.00045269138,0.000452588948621,0.000226268871647
2301,0.999865403606,-0.000134605452936,-6.73049913471e-05
2302,0.999883837992,-0.000116168754937,-5.80860643988e-05
2303,1.00082606994,0.000825728931562,0.000412779248975
2304,0.999816573844,-0.000183442980184,-9.17256966366e-05
2305,1.00010446427,0.000104458814863,5.22280434995e-05
2306,1.00004024924,4.02484308302e-05,2.01240129245e-05
2307,0.999788651984,-0.00021137035329,-0.00010569076152
2308,1.00046461118,0.000464503282277,0.000232224672814
2309,1.00095088552,0.000950433715547,0.000475103960127
2310,0.999867528119,-0.000132480656314,-6.62425220963e-05
2311,1.00018097308,0.000180956711061,9.04742624876e-05
2312,1.00031133686,0.000311288402178,0.000155632089158
2313,1.00060083721,0.000600656777654,0.000300283294771
2314,0.999370532631,-0.000629665566705,-0.000314882348395
2315,1.00037940671,0.000379334748924,0.000189649388743
2316,1.00016898801,0.000168973732023,8.44832970965e-05
2317,1.00036622032,0.000366153279161,0.000183059882075
2318,0.999911776199,-8.82276933878e-05,-4.41148197239e-05
2319,1.00024231202,0.000242282672088,0.000121133998728
2320,0.999754411587,-0.000245618574692,-0.000122816828715
2321,1.00022687645,0.000226850722381,0.000113418928778
2322,1.00059907592,0.000598896550264,0.000299403444972
2323,1.00034611881,0.000346058922982,0.000173014492757
2324,1.00055541747,0.00055526328097,0.000277593104388
2325,1.0002405556,0.000240526673916,0.000120256105613
2326,1.00043455481,0.000434460423139,0.000217206618795
2327,0.999817408782,-0.000182607889755,-9.13081132095e-05
2328,1.00034729269,0.000347232394772,0.000173601126966
2329,1.00009808611,9.80812980161e-05,4.90394465351e-05
2330,0.999597219963,-0.000402861174349,-0.000201450875677
2331,1.0001053695,0.000105363952281,5.26805884693e-05
2332,0.999950613314,-4.93879054185e-05,-2.46942576074e-05
2333,1.00102391198,0.0010233881413,0.000511563177565
2334,0.999734148806,-0.000265886538376,-0.000132952106536
2335,1.00034377355,0.000343714475159,0.00017184247097
2336,1.00007403593,7.40331883332e-05,3.70159090609e-05
2337,1.00010056872,0.000100563667642,5.0280569711e-05
2338,1.00041102915,0.000410944698819,0.000205451241412
2339,1.00040480315,0.000404721238702,0.000202340145822
2340,1.00020226502,0.000202244570867,0.000101117172748
2341,1.00031015128,0.000310103194088,0.000155039577167
2342,0.999986639805,-1.33602843394e-05,-6.68016448202e-06
2343,1.00050169095,0.000501565147174,0.000250751130266
2344,0.999993672303,-6.32771686812e-06,-3.16386343902e-06
2345,1.00062415832,0.000623963613852,0.000311933145663
2346,1.00070306058,0.000702813546534,0.000351345037139
2347,1.00064866347,0.000648453177895,0.000324174033187
2348,0.999993122593,-6.87743016864e-06,-3.43872099662e-06
2349,1.00121887497,0.0012181327439,0.000608880928676
2350,1.00023928841,0.000239259780134,0.000119622734697
2351,1.00033023977,0.000330185248937,0.000165078997431
2352,1.00028025218,0.000280212911911,0.000140096641505
2353,1.00055668805,0.000556533153451,0.000278227864172
2354,1.00023251471,0.000232487687415,0.000116237087654
2355,1.00050885177,0.000508722345702,0.000254328825791
2356,1.00040944028,0.000409356485164,0.000204657297419
2357,0.999654822191,-0.000345237396301,-0.000172633597615
2358,1.00002629135,2.62910084034e-05,1.31454178e-05
2359,1.00059093316,0.000590758626101,0.000295335692876
2360,1.00022696037,0.000226934619145,0.000113460872401
2361,1.00072355285,0.00072329120941,0.000361580218816
2362,1.00071837062,0.000718112716348,0.000358991905154
2363,1.00056985017,0.000569687864139,0.000284803367888
2364,1.00092571124,0.000925283031138,0.000462534513485
2365,1.00079891401,0.000798595050998,0.000399217816852
2366,1.00034714875,0.000347088504968,0.000173529194551
2367,0.999840899991,-0.000159112666434,-7.95594979059e-05
2368,1.00087589198,0.000875508612457,0.000437658505792
2369,1.00058467166,0.000584500810986,0.000292207704503
2370,1.00104318195,0.00104263821081,0.000521183242212
2371,1.00034948483,0.000349423775307,0.000174696626421
2372,0.99982338188,-0.000176633719067,-8.83207595821e-05
2373,1.0000877684,8.77645525725e-05,4.38813134732e-05
2374,1.00005115666,5.11553526832e-05,2.55773492356e-05
2375,1.00026015326,0.000260119428432,0.000130051256818
2376,1.00017309542,0.000173080439983,8.65364754947e-05
2377,1.00034936574,0.000349304721347,0.000174637109838
2378,0.999798212932,-0.000201807430148,-0.000100908806025
2379,0.999561432934,-0.00043866326504,-0.000219355687461
2380,1.00043177522,0.000431682026989,0.000215817721498
2381,1.00044638065,0.000446281056583,0.000223115634296
2382,1.00024188084,0.000241851591807,0.000120918484674
2383,1.00008281004,8.28066071838e-05,4.14024464869e-05
2384,1.00036085268,0.000360787588195,0.000180377524115
2385,0.999867374574,-0.000132634221149,-6.63193096029e-05
2386,1.0002781282,0.000278089524683,0.000139035096067
2387,1.00047935503,0.000479240180021,0.00023959138341
2388,1.00009115413,9.11499764931e-05,4.55739497225e-05
2389,1.00069614629,0.000695904094057,0.000347891518736
2390,0.999965520234,-3.4480360084e-05,-1.72403286547e-05
2391,0.999901752941,-9.82518859088e-05,-4.91271496532e-05
2392,1.00001638708,1.63869479546e-05,8.19344041092e-06
2393,1.00040364021,0.000403558772666,0.000201759030242
2394,0.999555032106,-0.000445066921187,-0.000222558223001
2395,1.00070904508,0.000708793821567,0.000354334119616
2396,0.999564133995,-0.000435961021804,-0.00021800427038
2397,0.99966890027,-0.000331154556045,-0.000165590986697
2398,0.999890414941,-0.000109591064207,-5.47970334062e-05
2399,0.999526881275,-0.000473230680823,-0.000236643336029
2400,1.00036984059,0.00036977221966,0.000184869019447
2401,1.0003228657,0.000322813587863,0.000161393768556
2402,1.00024971801,0.000249686830712,0.000124835622741
2403,1.00015666858,0.000156656311627,7.83250882435e-05
2404,1.00042343141,0.000423341791921,0.000211648495257
2405,1.00035995917,0.000359894404712,0.000179931012829
2406,1.00016783952,0.000167825433227,8.390919604e-05
2407,1.00042363802,0.000423548314064,0.000211751734468
2408,1.00034309051,0.000343031663026,0.000171501123513
2409,1.00008737777,8.73739489246e-05,4.36860202002e-05
2410,1.0001347793,0.000134770213204,6.73828362767e-05
2411,1.00031232258,0.000312273816423,0.000156124719479
2412,1.00034081179,0.00034075372886,0.000170362351116
2413,0.999556338626,-0.000443759820758,-0.000221904527547
2414,1.00012729371,0.00012728560626,6.36407779698e-05
2415,1.00033720623,0.000337149387064,0.000168560485617
2416,1.00041386526,0.000413779643662,0.000206868421607
2417,0.999780804581,-0.000219219445446,-0.000109615730088
2418,1.00075683474,0.000756548482835,0.000378202704737
2419,0.999495216006,-0.000504911440019,-0.000252487589636
2420,1.00025542997,0.000255397355088,0.000127690524415
2421,0.999839331244,-0.000160681664278,-8.03440595503e-05
2422,0.99956390549,-0.00043618962698,-0.000218118597893
2423,1.00081702721,0.000816693623012,0.000408263449294
2424,1.00010504929,0.000105043772264,5.25205068821e-05
2425,0.999471407118,-0.00052873263696,-0.000264401266335
2426,1.00005589619,5.58946240469e-05,2.79469215009e-05
2427,1.00054968411,0.000549533084265,0.000274728797263
2428,1.00009024969,9.02456155017e-05,4.51217897323e-05
2429,1.0002395689,0.000239540211807,0.000119762933751
2430,1.00053819793,0.000538053153491,0.000268990392341
2431,1.0003428936,0.000342834821327,0.000171402719539
2432,1.00075710936,0.000756822895012,0.000378339858924
2433,1.00025383575,0.000253803534418,0.00012689371552
2434,1.00060439121,0.000604208643646,0.000302058692907
2435,1.00035501393,0.000354950929123,0.000177459716723
2436,1.00065332075,0.000653107432063,0.00032650040317
2437,1.00052765859,0.000527519429598,0.000263724933264
2438,1.00032216289,0.000322111003582,0.00016104253305
2439,1.00007991493,7.99117360906e-05,3.99550698202e-05
2440,1.0003819631,0.000381890174123,0.000190926858209
2441,1.00068163782,0.000681405614545,0.000340644774662
2442,1.00071493708,0.000714681638119,0.000357276980433
2443,1.00094910989,0.000948659771783,0.000474217409256
2444,1.00025792669,0.000257893428004,0.000128938400732
2445,1.00062493149,0.000624736300302,0.0003123193683
2446,1.00031093097,0.000310882640517,0.000155429239882
2447,1.00061087867,0.000610692163248,0.000305299468254
2448,1.00061399065,0.000613802237198,0.000306854029268
2449,1.00074655403,0.000746275501633,0.000373068143584
2450,0.999943127013,-5.68746039989e-05,-2.84377063433e-05
2451,1.00051879112,0.000518656599345,0.000259294676996
2452,1.00102037697,0.00101985673478,0.000509798376015
2453,0.999500987256,-0.000499137292428,-0.00024959979106
2454,0.999896056864,-0.000103948538098,-5.19756197348e-05
2455,1.00081845967,0.000818124910051,0.000408978800386
2456,1.00061104865,0.000610862040621,0.000305384381005
2457,1.0005784434,0.000578276162291,0.000289096284759
2458,1.000127594,0.000127585857334,6.37908939414e-05
2459,1.00022237612,0.000222351402361,0.000111169521391
2460,1.00043187305,0.000431779816298,0.0002158666056
2461,1.00072436058,0.000724098358337,0.000361983647273
2462,1.00002676203,2.6761675432e-05,1.3380748193e-05
2463,0.999961597636,-3.84031013666e-05,-1.92017350342e-05
2464,1.00019154255,0.000191524205099,9.57575175059e-05
2465,1.00024507912,0.00024504908815,0.00012251703825
2466,1.00050823379,0.000508104685924,0.000254020074398
2467,1.00058918235,0.000589008848028,0.000294461061843
2468,1.00052994676,0.000529806388417,0.000264868110455
2469,1.00020416392,0.000204143081507,0.000102066331631
2470,1.00012859315,0.000128584881097,6.42903738336e-05
2471,1.00020819704,0.000208175366557,0.000104082266344
2472,1.00076883456,0.000768539161259,0.00038419575853
2473,1.00002988094,2.9880497661e-05,1.49401372256e-05
2474,1.00043031679,0.000430224230891,0.000215088980493
2475,1.00064452711,0.000644319495621,0.000322107859931
2476,1.00019733058,0.000197311111106,9.86506892537e-05
2477,0.999490873061,-0.000509256588059,-0.000254660714565
2478,1.00003813731,3.813658228e-05,1.90681093412e-05
2479,0.999976519248,-2.3481027724e-05,-1.17405827822e-05
2480,0.999691092062,-0.000308955660228,-0.000154489762428
2481,0.999343830017,-0.000656385356581,-0.0003282465394
2482,1.00047091376,0.000470802912159,0.000235373751331
2483,1.00099784476,0.000997347240044,0.000498549302998
2484,1.00082562185,0.000825281207076,0.000412555479113
2485,1.00019955618,0.000199536268804,9.9763157727e-05
2486,1.0001937825,0.000193763722733,9.68771684704e-05
2487,1.00013206737,0.000132058654188,6.60271472059e-05
2488,1.00028572364,0.000285682824419,0.000142831210861
2489,1.00095709145,0.00095663373489,0.000478202492169
2490,1.00059467282,0.0005944960751,0.000297203863729
2491,1.00017110419,0.000171089554245,8.55411182725e-05
2492,1.00053866245,0.000538517423361,0.000269222464807
2493,1.00025651713,0.000256484236511,0.000128233895586
2494,1.00031167027,0.000311621706492,0.000155798715365
2495,1.00040267119,0.000402590134911,0.000201274808963
2496,1.00034682553,0.000346765401689,0.000173367670933
2497,0.999940889639,-5.91121077868e-05,-2.95564906778e-05
2498,1.00029926716,0.000299222390455,0.000149600004031
2499,1.00033028678,0.000330232247805,0.000165102492986
2500,0.999931207327,-6.8795039256e-05,-3.43981112294e-05
2501,1.00046715448,0.00046704539237,0.000233495431882
2502,1.00038933214,0.000389256368867,0.000194609245597
2503,0.999680506327,-0.000319544721511,-0.000159785125039
2504,1.00011774907,0.00011774213668,5.88693354725e-05
2505,0.999600270799,-0.000399809114409,-0.000199924539452
2506,1.00001414234,1.41422425826e-05,7.07109629094e-06
2507,1.00024784128,0.000247810569323,0.000123897608719
2508,1.00040277003,0.00040268893815,0.000201324200638
2509,1.00004927151,4.92702982726e-05,2.46348456935e-05
2510,1.00000623623,6.23620824373e-06,3.11809926057e-06
2511,0.999744432684,-0.000255599979286,-0.000127808156409
2512,1.0000461222,4.61211375849e-05,2.30603028996e-05
2513,0.999994980626,-5.01938684578e-06,-2.50969657212e-06
2514,1.00056354825,0.000563389511485,0.0002816550835
2515,0.999707440747,-0.000292602056891,-0.000146311730963
2516,1.00084020753,0.000839854754175,0.000419839219927
2517,1.00036289943,0.000362833593943,0.000181400341939
2518,1.00030314405,0.000303098114209,0.000151537574126
2519,1.00029708744,0.000297043316271,0.00014851062934
2520,1.00061012321,0.00060993715801,0.000304922080815
2521,1.00049114013,0.000491019563065,0.000245479646472
2522,1.00065488331,0.000654668970653,0.000327280917239
2523,1.00038006374,0.000379991531311,0.000189977717603
2524,0.999823264381,-0.000176751238676,-8.83795245781e-05
2525,1.00021799381,0.000217970055472,0.000108979089084
2526,1.00033062913,0.000330574482872,0.000165273582252
2527,1.00032095301,0.000320901516947,0.000160437886939
2528,1.0001596983,0.000159685554538,7.98395899194e-05
2529,1.00020953331,0.000209511356234,0.000104750191433
2530,1.00056684202,0.000566681421313,0.000283300573468
2531,1.0002861527,0.000286111762721,0.000143045649356
2532,1.00031528617,0.000315236477983,0.00015760581789
2533,0.999831108179,-0.000168906085015,-8.44566087661e-05
2534,1.00108353482,0.00108294822427,0.000541327541482
2535,1.00025966529,0.000259631579895,0.000129807364243
2536,0.999358713053,-0.000641492659018,-0.000320797774113
2537,1.00077864589,0.000778342901242,0.000389095733235
2538,1.00043879734,0.000438701091614,0.000219326490235
2539,1.0000398252,3.98244032729e-05,1.99120033899e-05
2540,0.999975171214,-2.48290941175e-05,-1.24146241196e-05
2541,1.0002505557,0.000250524319348,0.000125254314697
2542,1.00089510461,0.00089470424077,0.000447252073344
2543,1.0005746935,0.000574528431555,0.000287222959363
2544,1.00017037159,0.000170357080429,8.51749126258e-05
2545,1.0003508356,0.000350774069516,0.000175371655351
2546,1.00018218332,0.000182166725879,9.10792149761e-05
2547,1.00017257889,0.000172563996409,8.62782760201e-05
2548,0.99994261343,-5.73882163555e-05,-2.86945198575e-05
2549,1.00016903547,0.000169021183135,8.45070206479e-05
2550,1.00025726774,0.00025723464918,0.000128609053737
2551,0.999405731817,-0.000594444830686,-0.000297266590302
2552,1.00036752021,0.000367452690144,0.000183709468421
2553,1.00044726785,0.000447167854986,0.00022355893447
2554,1.00033506671,0.00033501058859,0.000167491266066
2555,1.00099329686,0.000992803866105,0.000496278745997
2556,0.999664727791,-0.000335328425211,-0.000167678269035
2557,1.00043782417,0.000437728349879,0.000218840225923
2558,0.999631671819,-0.00036839603073,-0.000184214980861
2559,0.999914640836,-8.53628073962e-05,-4.26823145623e-05
2560,1.00080237178,0.000802050049378,0.000400944624902
2561,1.00097335976,0.000972886354993,0.000486324883196
2562,0.999737476019,-0.000262558446699,-0.000131287840844
2563,0.999707689467,-0.000292353263583,-0.000146187316116
2564,1.00051720584,0.000517072131665,0.000258502648264
2565,1.00008462927,8.46256882667e-05,4.23119489575e-05
2566,1.00021433914,0.000214316168192,0.000107152342873
2567,1.00033295353,0.000332898111195,0.000166435203722
2568,0.99991679188,-8.32115818186e-05,-4.16066564422e-05
2569,0.999945384058,-5.46174331299e-05,-2.73090894514e-05
2570,0.999998094709,-1.90529259344e-06,-9.52646750374e-07
2571,0.999584648453,-0.000415437829778,-0.000207740489957
2572,0.999643161294,-0.000356902387968,-0.000178467117346
2573,1.0007029428,0.000702695852586,0.000351286210838
2574,1.00006258334,6.25813860715e-05,3.12902034871e-05
2575,1.00008940238,8.93983858909e-05,4.46981939514e-05
2576,1.00019692059,0.000196901207557,9.84457576767e-05
2577,0.999804649885,-0.000195369198605,-9.76893705982e-05
2578,1.00050365736,0.000503530569409,0.000251733594485
2579,1.00032508317,0.000325030339739,0.000162501964994
2580,0.999793380615,-0.000206640733548,-0.000103325704507
2581,1.00029275714,0.000292714291675,0.000146346436153
2582,1.0002283105,0.000228284436375,0.000114135704213
2583,1.00021254262,0.000212520034018,0.000106254371613
2584,1.00006121552,6.12136486316e-05,3.06063559318e-05
2585,1.00040616515,0.000406082685849,0.000203020731426
2586,1.00017882331,0.000178807323257,8.93996652404e-05
2587,1.0009321992,0.000931764973953,0.000465773980582
2588,1.0001510805,0.00015106908629,7.5531690483e-05
2589,1.00018831285,0.000188295118492,9.41431275036e-05
2590,0.999892109112,-0.000107896708709,-5.39498095933e-05
2591,1.00048465683,0.00048453941753,0.000242240363829
2592,1.0004625204,0.000462413474912,0.000231180011238
2593,0.999847108809,-0.000152902880536,-7.64543627538e-05
2594,1.00038106675,0.00038099416135,0.000190478937258
2595,1.00040596638,0.000405883995751,0.000202921406541
2596,1.00039642174,0.000396343184531,0.000198151957572
2597,0.999753910928,-0.000246119356618,-0.000123067250462
2598,0.999697593875,-0.00030245185915,-0.000151237364793
2599,1.00035567759,0.00035561435058,0.000177791368531
2600,1.00005545695,5.54554154091e-05,2.77273232953e-05
2601,1.00066717062,0.000666948159307,0.000333418483353
2602,1.00028281407,0.000282774080844,0.000141377045745
2603,1.00080021882,0.000799898814349,0.000399869438072
2604,1.00001641602,1.64158852453e-05,8.20790893752e-06
2605,1.00023845219,0.000238423769766,0.000119204779429
2606,0.99970225437,-0.000297789964908,-0.000148906067862
2607,1.00018020217,0.000180185933511,9.00889085059e-05
2608,0.999549902672,-0.000450198651754,-0.000225124662631
2609,1.00046920127,0.000469091232781,0.000234518112718
2610,0.99956830338,-0.000431789828,-0.000215918220984
2611,1.00039868455,0.000398605092038,0.000199282686586
2612,1.00022679477,0.000226769056176,0.000113378100306
2613,1.00032234543,0.000322293483646,0.000161133758384
2614,1.00108996133,0.00108936775626,0.000544535564794
2615,1.00035699547,0.000356931765101,0.000178449958462
2616,0.99999700288,-2.99712439063e-06,-1.4985633181e-06
2617,0.99978490045,-0.000215122687122,-0.00010756712849
2618,1.00015271749,0.000152705827685,7.63499990329e-05
2619,1.00103382055,0.00103328652416,0.000516509824929
2620,1.00044167501,0.000441577495804,0.00022076437586
2621,1.0000769364,7.6933443237e-05,3.84659817837e-05
2622,1.00075205201,0.000751769357766,0.000375814043088
2623,1.00031740848,0.000317358118187,0.000158666470238
2624,1.00046200918,0.000461902484138,0.000230924574884
2625,0.999868251712,-0.000131756967403,-6.58806537366e-05
2626,0.999984613288,-1.53868304682e-05,-7.69344482854e-06
2627,1.00015710051,0.000157088174251,7.85410026193e-05
2628,1.00082038365,0.000820047321408,0.00040993961249
2629,1.000109247,0.000109241033732,5.46190251925e-05
2630,1.00019853608,0.000198516373869,9.92532610036e-05
2631,0.999650147532,-0.000349913680956,-0.000174972146319
2632,0.999660703971,-0.000339353603052,-0.000169691197449
2633,1.00064920203,0.000648991388544,0.000324443051238
2634,0.999816452766,-0.000183564080719,-9.17862524601e-05
2635,1.00083624741,0.000835897950343,0.000417861646665
2636,1.00020379797,0.000203777204656,0.000101883411861
2637,1.00077248481,0.000772186598047,0.000386018774597
2638,1.00048764703,0.000487528165791,0.000243734374845
2639,1.00034616103,0.000346101126786,0.000173035591008
2640,0.999990938404,-9.06163707128e-06,-4.53082879992e-06
2641,1.00005087742,5.08761254428e-05,2.54377391766e-05
2642,1.00035949257,0.000359427964953,0.000179697834886
2643,0.999905513032,-9.44914317364e-05,-4.72468319646e-05
2644,1.00045119025,0.000451088492118,0.000225518812868
2645,1.00022416125,0.000224136125101,0.00011206178316
2646,1.00073505363,0.000734783610158,0.000367324324974
2647,1.00026823848,0.00026820251249,0.000134092265073
2648,1.000381743,0.000381670153698,0.000190816868994
2649,0.999843896895,-0.000156115290367,-7.80606917605e-05
2650,1.00021384495,0.000213822092649,0.000106905331542
2651,0.999974608214,-2.53921085202e-05,-1.26961348554e-05
2652,1.00036729695,0.000367229511815,0.00018359789975
2653,1.00023206601,0.000232039091415,0.0001160128157
2654,0.999928412997,-7.15895658322e-05,-3.5795423557e-05
2655,0.999328676642,-0.000671548796677,-0.000335830776872
2656,0.999891203416,-0.000108802502417,-5.44027309837e-05
2657,1.00035811677,0.000358052665522,0.000179010308504
2658,1.00015836711,0.000158354572473,7.9174151798e-05
2659,1.00079804345,0.000797725186277,0.000398783058029
2660,1.00058310933,0.000582939383706,0.000291427218689
2661,1.00081148986,0.00081116077758,0.000405498152182
2662,1.00035113113,0.000351069494056,0.000175519341706
2663,1.00056914088,0.000568978978717,0.000284449026061
2664,1.00035455418,0.000354491335754,0.000177229960792
2665,1.00029474097,0.000294697543131,0.000147337916268
2666,1.000414064,0.000413978295984,0.000206967727216
2667,0.999841031249,-0.00015898138821,-7.9493853574e-05
2668,0.999782898382,-0.000217125187958,-0.000108568487111
2669,1.00060840376,0.000608218759891,0.000304063143375
2670,0.998974156319,-0.00102637021827,-0.000513316811142
2671,0.99998555618,-1.44439239512e-05,-7.22198805403e-06
2672,1.00014440623,0.000144395805154,7.21952963713e-05
2673,1.00053344236,0.000533300130778,0.00026661451742
2674,1.00087407356,0.000873691783227,0.00043675048834
2675,1.00004123779,4.12369348646e-05,2.06182548731e-05
2676,0.999971595493,-2.84049105021e-05,-1.42025561063e-05
2677,1.0003320311,0.000331975988794,0.000165974219152
2678,1.00035343468,0.00035337223566,0.000176670509757
2679,1.00023240588,0.000232378873977,0.000116182687257
2680,1.00073592822,0.000735657556591,0.000367761137584
2681,0.999635415194,-0.000364651283591,-0.000182342264125
2682,0.999855272549,-0.000144737924965,-7.2371581179e-05
2683,1.00027480811,0.000274770357858,0.000137375742017
2684,1.00040705038,0.00040696756179,0.000203463079475
2685,0.999532500156,-0.000467609156471,-0.000233831912656
2686,1.00035855031,0.000358486047895,0.000179226960876
2687,1.00057482158,0.000574656435133,0.000287286942767
2688,1.0004482394,0.000448138965827,0.000224044381222
2689,1.00055065072,0.000550499171895,0.000275211708255
2690,1.0005634135,0.000563254837412,0.000281587765427
2691,1.0000876089,8.76050656381e-05,4.3801573502e-05
2692,1.00022650618,0.000226480526456,0.000113233851791
2693,0.999323699372,-0.000676529422854,-0.000338321929386
2694,1.00044273356,0.000442635578215,0.000221293300132
2695,1.00056222978,0.000562071787209,0.000280996406717
2696,1.00040009268,0.000400012668773,0.000199986334453
2697,1.00042095525,0.000420866674248,0.000210411197582
2698,1.00030702754,0.00030698041403,0.000153478427996
2699,0.999654687405,-0.000345372229472,-0.000172701025841
2700,1.00027291962,0.000272882384106,0.000136431884377
2701,1.00081655685,0.000816223647544,0.000408028557469
2702,1.00062867716,0.000628479621919,0.000314190442801
2703,1.00007560929,7.56064270266e-05,3.78024989808e-05
2704,0.999371893303,-0.000628304038446,-0.000314201370136
2705,0.999960277179,-3.97236099664e-05,-1.986200223e-05
2706,1.00091495751,0.000914539193672,0.000457165065028
2707,1.00023921827,0.000239189662633,0.00011958768014
2708,1.00052087769,0.000520742080577,0.000260337146691
2709,1.00071049466,0.000710242381152,0.00035505814251
2710,1.00008753972,8.75358839935e-05,4.37669841943e-05
2711,1.00078297456,0.000782668198041,0.000391257537819
2712,1.00047263678,0.000472525118015,0.000236234651207
2713,1.00035352751,0.000353465033094,0.000176716900276
2714,1.00025254338,0.000252511497844,0.000126247779
2715,0.999704617604,-0.000295426029888,-0.000147723925049
2716,1.00061766812,0.000617477442277,0.000308691066244
2717,1.00002690334,2.69029801837e-05,1.34513996211e-05
2718,1.00053232104,0.00053217941097,0.000266054306759
2719,1.00020708138,0.000207059946286,0.0001035246141
2720,1.00019152184,0.000191503497787,9.57471648413e-05
2721,0.999970357978,-2.96424613741e-05,-1.4821340522e-05
2722,1.00050904309,0.000508913575361,0.000254424416298
2723,0.99999406467,-5.93534778171e-06,-2.96767829444e-06
2724,1.00054299593,0.000542848562794,0.000271387449159
2725,1.00009957041,9.95654539997e-05,4.97814878604e-05
2726,1.00033951041,0.000339452786021,0.000169711990301
2727,0.999635808964,-0.000364257370054,-0.000182145271463
2728,1.00070824358,0.000707992892382,0.000353933796842
2729,1.00114543913,0.00114478361738,0.00057222802375
2730,1.00045103147,0.000450929783064,0.000225439476234
2731,1.00003253917,3.25386420422e-05,1.62691886765e-05
2732,1.00042438285,0.000424292824509,0.000212123910796
2733,1.00046506855,0.000464960434282,0.000232453195709
2734,1.00049878177,0.000498657419312,0.000249297629836
2735,1.00049285647,0.000492735054298,0.000246337181162
2736,1.00000009169,9.16886280388e-08,4.58443130125e-08
2737,1.00008092921,8.09259351288e-05,4.04621489496e-05
2738,1.0004077277,0.000407644599641,0.000203801529467
2739,0.999801155613,-0.000198864158854,-9.94370229601e-05
2740,1.00124881848,0.00124803935565,0.00062382501804
2741,1.00060473436,0.00060455157928,0.000302230108916
2742,1.00095015691,0.000949705793709,0.000474740172061
2743,1.00073562451,0.000735354071218,0.000367609450691
2744,1.00036026096,0.000360196082326,0.000180081824484
2745,1.00103546844,0.00103493270805,0.0005173324914
2746,1.00053019622,0.000530055714184,0.000264992740312
2747,1.0005887046,0.000588531382816,0.000294222399506
2748,1.00029300944,0.000292966516719,0.000146472530211
2749,0.999584921815,-0.000415164354008,-0.000207603723675
2750,1.0003439385,0.000343879368327,0.000171924903383
2751,0.999271707058,-0.000728558276579,-0.000364345495992
2752,1.00001001888,1.00188325283e-05,5.00940371706e-06
2753,1.00045784301,0.000457738233676,0.0002288429283
2754,0.999583586273,-0.000416500451587,-0.000208271911377
2755,1.0000216999,2.16996601993e-05,1.08497712404e-05
2756,1.00023748438,0.00023745618431,0.000118721044254
2757,1.00089031207,0.000889915981531,0.00044485901164
2758,1.00017390612,0.000173891005003,8.69417228511e-05
2759,1.00044895979,0.000448859040308,0.000224404337733
2760,1.00052306577,0.000522929020965,0.000261430331617
2761,1.00027687245,0.000276834127392,0.000138407484496
2762,1.00044362984,0.000443531466121,0.000221741144858
2763,0.999938577176,-6.14247106745e-05,-3.07128269665e-05
2764,1.00078532067,0.000785012468266,0.000392429213638
2765,1.00033404481,0.000333989026068,0.000166980570226
2766,1.00000590009,5.90007346218e-06,2.95003237971e-06
2767,1.0002907279,0.000290685642896,0.000145332259692
2768,1.0007628363,0.000762545488985,0.000381200069276
2769,0.999976985289,-2.30149762965e-05,-1.15075543596e-05
2770,1.00009569712,9.569254296e-05,4.78451268654e-05
2771,1.0006853974,0.000685162620015,0.000342522635731
2772,0.999561278024,-0.00043881824278,-0.000219433193332
2773,1.00014978459,0.000149773371541,7.48838818325e-05
2774,1.00049541158,0.000495288900875,0.000247613789082
2775,1.00087044393,0.000870065309695,0.000434938041862
2776,1.00017338291,0.000173367882391,8.66801842515e-05
2777,1.00029113882,0.000291096447467,0.000145537632105
2778,1.00062149542,0.00062130236813,0.000310602936982
2779,1.00008702671,8.70229270443e-05,4.35105169122e-05
2780,1.0000678141,6.78118008532e-05,3.39053256281e-05
2781,1.00039019734,0.000390121228796,0.000195041591313
2782,1.00036057053,0.000360505535932,0.000180236523412
2783,1.0001070836,0.000107077867553,5.35375005936e-05
2784,1.00006935947,6.93570615081e-05,3.46779294608e-05
2785,1.00103939897,0.00103885916666,0.00051929470314
2786,0.9999060422,-9.39622138989e-05,-4.69822105789e-05
2787,1.00033335224,0.000333296694764,0.000166634462317
2788,1.00080245448,0.000802132680882,0.000400985924088
2789,1.00014652325,0.000146512511791,7.32535727214e-05
2790,0.999899473825,-0.000100531228265,-5.026687747e-05
2791,1.00089276458,0.000892366306586,0.000446083628393
2792,1.00028672466,0.000286683562449,0.000143331508282
2793,1.00009706393,9.70592191075e-05,4.85284320113e-05
2794,0.999861573894,-0.000138435687494,-6.92202393573e-05
2795,1.00014284978,0.00014283957613,7.14172377329e-05
2796,1.00037325901,0.000373189370057,0.000186577277323
2797,1.00069190811,0.000691668847319,0.000345774629829
2798,1.00020441589,0.000204394998297,0.000102192277162
2799,0.999340366664,-0.000659850989685,-0.000329979926245
2800,0.999399442029,-0.000600738378486,-0.000300414304585
2801,1.00054666106,0.000546511697154,0.000273218517598
2802,1.00054398978,0.000543841876106,0.000271883970906
2803,1.00028936547,0.000289323615295,0.000144651344633
2804,1.00008795363,8.79497668887e-05,4.39739165633e-05
2805,0.999517059179,-0.00048305747463,-0.000241557907729
2806,1.00030555574,0.000305509063835,0.000152742865538
2807,0.99991657386,-8.34296201347e-05,-4.17156801422e-05
2808,1.00035021261,0.000350151296805,0.000175060323555
2809,1.00025608679,0.000256054002271,0.000128018806029
2810,0.999811396225,-0.000188621563209,-9.43152290063e-05
2811,0.99994367581,-5.63257760367e-05,-2.81632845962e-05
2812,1.00038339055,0.000383317075804,0.000191640172578
2813,1.00024261252,0.000242583090859,0.000121284189908
2814,0.999722986826,-0.000277051548888,-0.000138535369582
2815,1.00024246462,0.000242435231354,0.000121210269119
2816,0.99979357397,-0.000206447338291,-0.000103228996892
2817,1.00040880293,0.000408719390794,0.000204338815377
2818,0.999789471499,-0.00021055066554,-0.000105280874412
2819,1.00031074654,0.000310698268967,0.000155337068431
2820,0.9996235997,-0.000376471156613,-0.000188253295735
2821,1.0001928339,0.000192815313171,9.64030095167e-05
2822,1.00002552039,2.55200650271e-05,1.27599511047e-05
2823,1.00039095746,0.000390881055325,0.000195421430407
2824,0.9998044089,-0.000195610230073,-9.78098981128e-05
2825,1.00015012252,0.000150111255146,7.50528109699e-05
2826,1.00038145416,0.00038138142211,0.000190672530737
2827,1.00018859839,0.000188580611206,9.42858604117e-05
2828,0.999791328882,-0.000208692892647,-0.000104351890603
2829,1.00014543141,0.000145420840237,7.27077767801e-05
2830,1.00015205735,0.000152045788122,7.60200043941e-05
2831,1.00031416168,0.000314112342348,0.000157043838499
2832,1.00018353532,0.000183518476181,9.17550283406e-05
2833,0.999670452993,-0.000329601319091,-0.00016481423992
2834,1.00044589545,0.000445796072596,0.000222873196376
2835,1.00007018931,7.01868500044e-05,3.50928092351e-05
2836,1.00042924878,0.000429156682487,0.000214555320958
2837,0.999693211623,-0.00030683544574,-0.000153429491971
2838,0.999944930446,-5.50710704603e-05,-2.75359143365e-05
2839,1.00015935304,0.00015934034676,7.96669997961e-05
2840,1.00094705155,0.000946603381174,0.000473189701011
2841,1.00005064243,5.06411457777e-05,2.53202523259e-05
2842,1.00033002905,0.000329974597995,0.000164973689342
2843,1.00062991756,0.000629719247408,0.000314810060615
2844,1.00030173375,0.000301688234331,0.000150832740764
2845,1.00033027152,0.000330216996497,0.00016509486859
2846,1.00026101512,0.000260981062626,0.000130482017794
2847,0.999636643775,-0.000363422254515,-0.000181727637725
2848,0.999324602939,-0.000675625244727,-0.000337869687473
2849,1.00055858739,0.00055843143426,0.000279176740049
2850,0.999654821007,-0.000345238581025,-0.000172634190079
2851,1.00069241864,0.000692179030599,0.000346029633231
2852,1.00025292594,0.000252893958595,0.000126438985215
2853,1.00077610872,0.000775807702547,0.000387828626301
2854,1.00030554314,0.000305496474932,0.000152736572048
2855,1.0004854514,0.000485333610656,0.00024263736412
2856,1.00050961986,0.000509490046489,0.000254712578486
2857,1.00023833105,0.000238302654284,0.000119144228904
2858,1.00032942762,0.000329373370024,0.000164673124904
2859,0.999479179149,-0.000520956525107,-0.000260512189962
2860,1.00009277058,9.27662801851e-05,4.63820644113e-05
2861,1.00082063405,0.000820297518398,0.000410064659695
2862,0.999618141497,-0.000381931429542,-0.000190983949884
2863,1.00040280171,0.00040272061123,0.000201340033989
2864,1.00066442875,0.0006642081107,0.000332048914902
2865,1.00048935992,0.000489240221464,0.000244590193672
2866,0.999718060867,-0.000281978885486,-0.000140999382222
2867,0.999612182579,-0.000387892641476,-0.000193965129542
2868,1.00066301367,0.000662793978376,0.000331342083271
2869,1.00023813763,0.000238109274817,0.000119047550687
2870,1.00015959488,0.000159582147281,7.97878904173e-05
2871,0.999962727616,-3.72730787832e-05,-1.8636713053e-05
2872,1.00017685608,0.000176840438082,8.84163100885e-05
2873,1.00037901597,0.000378944159074,0.000189454130836
2874,0.999791541409,-0.000208480321389,-0.000104245593889
2875,1.00028527302,0.000285232335599,0.000142605998597
2876,0.999628106381,-0.000371962788606,-0.000185998689915
2877,0.999743138396,-0.000256894598649,-0.000128455549032
2878,1.00064269152,0.000642485077415,0.000321190945848
2879,1.00054641987,0.000546270641061,0.000273098022475
2880,1.0000987138,9.87089329299e-05,4.93532485533e-05
2881,1.00003075474,3.07542719287e-05,1.53770177368e-05
2882,0.99995519167,-4.48093336803e-05,-2.24049178266e-05
2883,1.0009478753,0.000947426349243,0.000473600990251
2884,1.00069772343,0.000697480135758,0.00034867926513
2885,0.999940182844,-5.98189453734e-05,-2.99099199794e-05
2886,1.00001898314,1.89829580989e-05,9.49143400553e-06
2887,1.00014004407,0.000140034268116,7.00146829155e-05
2888,1.0003841104,0.000384036649242,0.000191999890282
2889,0.999976302316,-2.36979646044e-05,-1.18490525016e-05
2890,1.00039385035,0.000393772815214,0.00019686702675
2891,1.0003962765,0.000396198000163,0.00019807937977
2892,1.00059901261,0.000598833272887,0.000299371815756
2893,1.00071387548,0.000713620787512,0.000356746744498
2894,0.999960116069,-3.98847261877e-05,-1.9942561944e-05
2895,1.00023233118,0.000232304196668,0.00011614535294
2896,1.00045585419,0.000455750320201,0.000227849198528
2897,1.00066434241,0.000664121827751,0.000332005787752
2898,1.00003283496,3.28344235548e-05,1.64170770158e-05
2899,1.00003458547,3.45848702964e-05,1.72922856349e-05
2900,1.00074361929,0.000743342942937,0.000371602410184
2901,1.00006555686,6.55547151421e-05,3.27768203994e-05
2902,0.999959091723,-4.09091137659e-05,-2.04547660789e-05
2903,1.00073477844,0.00073450862208,0.00036718688143
2904,0.99980396927,-0.000196049946963,-9.80297780859e-05
2905,1.00080232273,0.000802001042235,0.000400920131154
2906,0.999891223005,-0.000108782911421,-5.43929349524e-05
2907,0.999790869305,-0.000209152565714,-0.000104581751147
2908,1.00035297201,0.00035290973198,0.000176439298746
2909,1.00053730724,0.000537162941606,0.000268545406029
2910,1.00035849371,0.000358429467931,0.000179198675964
2911,0.999980776332,-1.92238530681e-05,-9.61197272864e-06
2912,0.9999724194,-2.75809805204e-05,-1.37905853494e-05
2913,1.00019476662,0.000194747650932,9.73690847887e-05
2914,0.999916452735,-8.35507556163e-05,-4.17762504112e-05
2915,1.0001776119,0.000177596127891,8.8794121514e-05
2916,1.00030027768,0.000300232608842,0.000150105037532
2917,0.999878916414,-0.000121090916775,-6.05472913007e-05
2918,1.00020310612,0.00020308550142,0.000101537595419
2919,1.00066491877,0.000664697807763,0.000332293682102
2920,1.00024001571,0.000239986911009,0.000119986256578
2921,1.00033865576,0.000338598434043,0.000169284886718
2922,0.999906503213,-9.35011579539e-05,-4.67516718023e-05
2923,0.999812861687,-0.000187155825667,-9.35822913832e-05
2924,0.998973498164,-0.00102702905015,-0.000513646396229
2925,1.00025222717,0.000252195364356,0.000126089732199
2926,1.0001464959,0.0001464851696,7.32399026273e-05
2927,1.00034680061,0.000346740488603,0.000173355216549
2928,1.00034579665,0.000345736879599,0.000172853498912
2929,1.00000431349,4.31348552934e-06,2.15674043891e-06
2930,1.00003267257,3.26720390497e-05,1.63358860928e-05
2931,0.999983613525,-1.6386609267e-05,-8.19333819857e-06
2932,1.00011126963,0.000111263436766,5.56301709678e-05
2933,1.00071886619,0.000718607931314,0.000359239423718
2934,0.999700785165,-0.000299259608332,-0.000149640999263
2935,1.00048674912,0.000486630698042,0.000243285750242
2936,1.00081963696,0.000819301242057,0.000409566725669
2937,1.00074013784,0.000739864070866,0.000369863619014
2938,0.998682434753,-0.00131843399941,-0.000659434330983
2939,1.00058497879,0.000584807754388,0.000292361131347
2940,1.00006595938,6.59572013399e-05,3.2978056882e-05
2941,1.0001603729,0.000160360039592,8.01768054642e-05
2942,1.00065599722,0.000655782149284,0.000327837324239
2943,0.999729440204,-0.000270596403751,-0.00013530735509
2944,0.999851983209,-0.000148027746861,-7.40166125246e-05
2945,1.00024347062,0.000243440988613,0.000121713086668
2946,1.0005206831,0.000520547595914,0.00026023992967
2947,0.999700719493,-0.000299325300748,-0.000149673850387
2948,1.0006996609,0.00069941625465,0.000349646986565
2949,0.999942072222,-5.79294562947e-05,-2.89651476291e-05
2950,1.00034839291,0.000348332233367,0.000174150950646
2951,1.00041343556,0.000413350116038,0.000206653702201
2952,1.00026549175,0.000265456514099,0.000132719449044
2953,1.00028064291,0.000280603538031,0.000140291927183
2954,1.00029741281,0.000297368590374,0.000148673242225
2955,1.00039951827,0.000399438480449,0.000199699297665
2956,1.0003518269,0.0003517650282,0.000175867047678
2957,0.999606713338,-0.00039336401913,-0.00019670135274
2958,1.00063733198,0.000637128969595,0.00031851374852
2959,1.00011645798,0.000116451197979,5.82239039123e-05
2960,1.00052019638,0.000520061124537,0.000259996757252
2961,1.00011083373,0.000110827583479,5.54122564237e-05
2962,0.999628421952,-0.000371647100049,-0.00018584081629
2963,1.00026338369,0.000263349012273,0.000131665837429
2964,1.00018346,0.000183443173737,9.17173805722e-05
2965,1.00033347237,0.000333416784745,0.000166694497301
2966,1.00017178823,0.00017177347258,8.58830481298e-05
2967,0.999466174098,-0.000533968437634,-0.000267019862276
2968,0.999577017005,-0.000423072477717,-0.000211558614226
2969,1.00060778128,0.000607596650851,0.000303752183387
2970,0.999688347835,-0.000311700738684,-0.000155862514642
2971,1.00049956367,0.000499438933464,0.000249688289421
2972,0.999627885578,-0.000372183673706,-0.000186109153013
2973,1.00009850702,9.85021706878e-05,4.92498725291e-05
2974,1.00088273526,0.000882345875226,0.000441075635142
2975,0.999716755488,-0.000283284633443,-0.000141652348468
2976,0.999861043025,-0.000138966630726,-6.94857293846e-05
2977,1.00004948462,4.9483398403e-05,2.47413931282e-05
2978,1.00026600124,0.000265965872742,0.000132974094532
2979,0.999924155592,-7.58472839738e-05,-3.79243610973e-05
2980,1.00028528234,0.000285241653222,0.000142610656744
2981,1.00004795923,4.79580846296e-05,2.39787548199e-05
2982,1.00048943824,0.000489318504978,0.000244629325855
2983,1.0001166815,0.000116674692948,5.83356448839e-05
2984,0.999903847021,-9.61576015106e-05,-4.80799565592e-05
2985,1.00043312006,0.000433026289662,0.000216489707552
2986,0.999962878978,-3.71217106563e-05,-1.8561027582e-05
2987,0.999744043438,-0.000255989324169,-0.000128002853751
2988,1.00066363296,0.000663412851107,0.00033165141706
2989,1.00031701027,0.000316960031501,0.000158467458456
2990,1.00012008539,0.000120078182136,6.00372887576e-05
2991,1.00055185487,0.000551702653633,0.000275813283337
2992,0.999872022351,-0.000127985838598,-6.39949668895e-05
2993,1.00038173827,0.000381665421502,0.000190814503347
2994,1.00019742238,0.000197402889945,9.86965741451e-05
2995,1.00150602644,0.00150489351544,0.000752163740647
2996,1.00061064008,0.000610453719232,0.000305180282637
2997,1.00051757935,0.000517445451687,0.000258689260005
2998,1.00073437031,0.000734100792535,0.000366983041512
2999,0.999854661651,-0.000145348911549,-7.26770966268e-05
3000,1.00059887957,0.000598700316096,0.00029930535726
3001,0.99935411107,-0.000646097606,-0.000323100988884
3002,1.00041856445,0.000418476876171,0.00020921654925
3003,0.999968656394,-3.13440970986e-05,-1.56721713565e-05
3004,0.999771283226,-0.000228742933975,-0.000114378007653
3005,1.00058182375,0.000581654554541,0.000290784991117
3006,1.00008045032,8.04470834513e-05,4.02227327699e-05
3007,1.00019255781,0.000192539269364,9.62650009095e-05
3008,1.00014096363,0.000140953693722,7.04743634261e-05
3009,0.999850026752,-0.000149984494797,-7.49950593875e-05
3010,1.00026448008,0.000264445111622,0.000132213814794
3011,1.00078730809,0.000786998326069,0.000393421752393
3012,1.00040944669,0.000409362891367,0.000204660499865
3013,0.999686147336,-0.000313901925781,-0.000156963280337
3014,0.999941540535,-5.8461173345e-05,-2.92310138903e-05
3015,0.999738906254,-0.000261127836939,-0.000130572442309
3016,1.00069139034,0.000691151435472,0.000345516013326
3017,0.999913177935,-8.68258345799e-05,-4.34138596443e-05
3018,1.0006343258,0.000634124695663,0.000317012088877
3019,1.00034557971,0.00034552000986,0.00017274508278
3020,1.00078623343,0.000785924513333,0.000392885057112
3021,1.00017170576,0.000171691018765,8.58418247625e-05
3022,1.00031354885,0.000313499703603,0.000156737567185
3023,1.00011558053,0.000115573850815,5.77852557752e-05
3024,1.00060111363,0.000600933033904,0.000300421381409
3025,0.999976829817,-2.31704518569e-05,-1.15852930374e-05
3026,1.00031746046,0.000317410080707,0.000158692447375
3027,1.00042014618,0.000420057943,0.00021000691696
3028,1.00040378701,0.000403705513994,0.0002018323861
3029,1.00047415428,0.000474041904091,0.000236992864799
3030,1.00019873246,0.000198712712298,9.93514204699e-05
3031,1.00063245442,0.000632254509886,0.000316077291987
3032,0.999621929916,-0.000378141570104,-0.000189088660059
3033,1.00014326577,0.000143255509966,7.16251897768e-05
3034,1.00005023341,5.0232152589e-05,2.51157608885e-05
3035,1.00058691908,0.000586746911746,0.000293330426089
3036,1.00023874133,0.000238712830894,0.000119349292753
3037,1.00036355543,0.000363489356595,0.000181728163734
3038,1.00018706523,0.00018704773414,9.35194938496e-05
3039,1.00023981014,0.000239781393684,0.00011988351024
3040,1.00046126197,0.000461155623285,0.000230551230622
3041,0.999956119997,-4.38809654903e-05,-2.19407234394e-05
3042,1.00017566255,0.000175647124144,8.7819705696e-05
3043,1.00088482991,0.000884438677063,0.000442121573971
3044,0.999635502224,-0.000364564221169,-0.000182298724978
3045,1.00029253214,0.000292489362849,0.000146233988192
3046,1.00008516299,8.51593608753e-05,4.25787739359e-05
3047,1.00103695194,0.00103641468034,0.000518073093936
3048,1.00030117158,0.000301126239773,0.000150551785829
3049,1.0002808698,0.000280830367762,0.000140405326131
3050,0.999841132247,-0.000158880374196,-7.94433425531e-05
3051,1.00089842071,0.00089801736706,0.000448907894217
3052,1.00062646439,0.000626268246915,0.000313085102084
3053,0.999649722058,-0.000350339304011,-0.000175184995105
3054,1.00006808793,6.80856088433e-05,3.40422249719e-05
3055,1.00021990616,0.000219881982176,0.000109934947799
3056,1.00068367143,0.000683437837677,0.000341660539579
3057,1.00066430099,0.000664080440233,0.000331985100864
3058,1.00006552684,6.55246918565e-05,3.27618092485e-05
3059,1.00022353648,0.000223511498382,0.00011174950475
3060,1.00043074451,0.000430651761472,0.000215302699783
3061,1.00093077981,0.000930346898674,0.000465065272942
3062,1.00015867409,0.000158661504996,7.93276058971e-05
3063,0.999881212029,-0.000118795026654,-5.93992773941e-05
3064,1.00016898021,0.000168965933156,8.44793979924e-05
3065,1.00035156247,0.000351500685546,0.000175734899586
3066,1.00008297091,8.29674637222e-05,4.1482871423e-05
3067,0.9999487253,-5.12760148088e-05,-2.56383360608e-05
3068,1.00048028196,0.000480166663051,0.000240054513828
3069,1.00084735805,0.000846999246082,0.000423409959733
3070,0.999927627693,-7.2374926413e-05,-3.61881179807e-05
3071,0.999910851702,-8.91522720153e-05,-4.45771295383e-05
3072,1.00044150243,0.000441404992529,0.00022067814326
3073,1.00012748263,0.000127474502954,6.37352203018e-05
3074,1.00106287472,0.00106231027304,0.000531014098602
3075,0.999842968399,-0.000157043931446,-7.85250486532e-05
3076,1.00055016549,0.000550014204452,0.000274969291239
3077,1.00016611556,0.000166101767701,8.30474352215e-05
3078,0.999917806076,-8.21973023176e-05,-4.10994957201e-05
3079,1.00019524963,0.000195230568372,9.76105199694e-05
3080,0.999744667841,-0.00025536476177,-0.000127690532627
3081,0.999736482491,-0.000263552235538,-0.000131784800623
3082,1.00005595353,5.59519631212e-05,2.79755902365e-05
3083,1.00036361748,0.000363551383113,0.000181759171356
3084,1.00072026286,0.000720003597072,0.000359937005664
3085,1.00059517629,0.000594999240498,0.000297455371625
3086,1.0000444351,4.44341168425e-05,2.22168116242e-05
3087,0.999684851761,-0.000315197908712,-0.000157611373723
3088,1.00041969471,0.000419606662063,0.000209781323852
3089,0.999959709385,-4.02914268e-05,-2.01459163263e-05
3090,1.00001381562,1.38155240585e-05,6.90773817069e-06
3091,1.00082225722,0.000821919348229,0.000410875241754
3092,1.00017732087,0.000177305155305,8.86486481291e-05
3093,1.00027862938,0.000278590574908,0.000139285586316
3094,1.00124474267,0.0012439686221,0.000621790918908
3095,0.999807597583,-0.000192420928638,-9.62150926942e-05
3096,1.00020418272,0.000204161880282,0.000102075730059
3097,1.00016709329,0.000167079336146,8.35361787321e-05
3098,0.999950513886,-4.94873385926e-05,-2.47439754233e-05
3099,1.00037881446,0.000378742725975,0.000189353433363
3100,1.00005830967,5.83079652554e-05,2.91535576544e-05
3101,1.00070948177,0.00070923020311,0.000354552233051
3102,1.00071380826,0.000713553621207,0.000356713173326
3103,0.999973684835,-2.63155112445e-05,-1.3157842186e-05
3104,1.00065282242,0.000652609425896,0.000326251481355
3105,1.00039921,0.000399130332787,0.00019954525459
3106,0.999980914709,-1.90854728596e-05,-9.54278196197e-06
3107,1.00014895704,0.000148945946854,7.4470200384e-05
3108,1.00030074034,0.000300695131107,0.000150336263924
3109,1.00117132407,0.00117063860499,0.000585148036571
3110,1.00038929224,0.000389216483218,0.000194589306654
3111,1.00068236258,0.000682129875197,0.000341006781564
3112,1.00054246365,0.000542316569189,0.00027112152451
3113,0.999663206008,-0.000336850720123,-0.000168439544409
3114,0.99979660821,-0.000203412477151,-0.000101711410831
3115,1.00072022932,0.000719970076893,0.000359920251607
3116,1.00000508749,5.0874786501e-06,2.54373608966e-06
3117,1.0005463722,0.00054622299631,0.000273074206605
3118,0.999783562761,-0.000216460664838,-0.000108236189533
3119,1.00031854525,0.000318494520521,0.000159234581089
3120,0.999990226419,-9.77362828975e-06,-4.88682608535e-06
3121,1.00015240783,0.000152396213892,7.61952039441e-05
3122,0.999396777908,-0.000603404103602,-0.000301747568443
3123,1.00000909227,9.09222711505e-06,4.54610322398e-06
3124,1.00006261017,6.26082136552e-05,3.13036168591e-05
3125,1.00037262997,0.000372560562091,0.000186262931951
3126,1.00023509869,0.000235071053731,0.000117528619836
3127,1.0001572749,0.000157262529422,7.8628173354e-05
3128,1.00016618755,0.000166173745647,8.30834212049e-05
3129,0.999736718951,-0.000263315713709,-0.00013166652413
3130,1.00031167324,0.000311624679986,0.000155800201881
3131,1.00080249773,0.000802175896604,0.000401007523284
3132,1.00025975845,0.000259724721835,0.000129853929166
3133,1.00025103728,0.000251005779407,0.000125495014545
3134,0.999959493873,-4.05069477124e-05,-2.02536789591e-05
3135,1.0003910376,0.000390961162579,0.000195461476206
3136,1.0013399716,0.00133907463818,0.000669313228995
3137,1.00035200573,0.000351943792579,0.000175956414144
3138,1.00015016722,0.000150155947289,7.5075155364e-05
3139,0.999853205958,-0.000146804817366,-7.34051027058e-05
3140,1.00098955559,0.000989066307463,0.000494410892366
3141,0.999846962334,-0.000153049377128,-7.65276166528e-05
3142,1.00046045939,0.000460353414056,0.000230150218402
3143,1.0004586448,0.000458539655776,0.000229243547569
3144,0.99995699093,-4.30099951948e-05,-2.15052288315e-05
3145,1.00016510281,0.000165089177372,8.2541181975e-05
3146,1.00061002007,0.000609834079149,0.000304870557099
3147,1.0006251515,0.000624956173499,0.000312429270557
3148,1.00047839704,0.000478282648712,0.000239112732349
3149,0.999841188396,-0.000158824216165,-7.94152613075e-05
3150,0.999918075729,-8.19276267449e-05,-4.09646524009e-05
3151,1.00034945192,0.000349390877793,0.000174680180537
3152,1.00031400406,0.000313954772066,0.000156965065728
3153,1.00014393436,0.00014392400327,7.19594124324e-05
3154,1.00054445275,0.000544304588475,0.000272115264161
3155,1.00019652583,0.00019650652379,9.82484352011e-05
3156,0.999906119595,-9.38848123796e-05,-4.69435080017e-05
3157,1.00021796132,0.000217937569976,0.000108962848106
3158,0.999693114228,-0.000306932870961,-0.000153478212056
3159,1.00092325584,0.000922829901903,0.000461308515444
3160,1.00032211926,0.00032206739416,0.00016102073185
3161,1.00050850882,0.000508379568296,0.000254157480662
3162,1.00033485253,0.000334796478175,0.000167384228784
3163,0.999646621578,-0.00035344087495,-0.000176736053451
3164,1.00021481748,0.000214794410348,0.000107391438301
3165,1.00045241035,0.000452308046701,0.000226128452457
3166,0.999901787221,-9.82176026695e-05,-4.91100071915e-05
3167,1.00029263736,0.000292594551788,0.000146286574969
3168,1.00000314859,3.14858155584e-06,1.57428953873e-06
3169,1.00002467625,2.46759503742e-05,1.23378990745e-05
3170,1.00038582007,0.000385745655973,0.000192854229218
3171,0.999298619062,-0.000701627020197,-0.000350875052354
3172,1.00086712453,0.000866748796628,0.000433280505194
3173,1.00082244827,0.000822110240964,0.0004109706489
3174,1.00055230384,0.000552151375009,0.000276037582119
3175,0.999894110506,-0.000105895100759,-5.29489521262e-05
3176,1.00029719968,0.000297155521515,0.000148566723629
3177,1.00028809507,0.000288053574163,0.000144016415722
3178,1.00018799649,0.000187978816827,9.39849915478e-05
3179,0.99993880285,-6.11990223081e-05,-3.0599979324e-05
3180,1.00024057339,0.000240544457882,0.000120264996527
3181,0.999534413603,-0.000465694816125,-0.000232874519125
3182,1.00135760783,0.00135668710999,0.000678113532019
3183,1.00023536893,0.000235341236213,0.000117663695191
3184,1.00094134909,0.000940906303516,0.000470342506026
3185,1.00025583523,0.000255802512887,0.000127893077427
3186,0.999935790553,-6.42115081013e-05,-3.21062694459e-05
3187,0.99992418796,-7.58149141688e-05,-3.79081755812e-05
3188,0.999093441123,-0.00090697005037,-0.000453587865064
3189,1.00007555582,7.55529640324e-05,3.77757684938e-05
3190,0.99992543181,-7.45709706364e-05,-3.72861804305e-05
3191,1.00102867586,0.00102814713753,0.000513941455589
3192,1.0003383429,0.00033828567202,0.000169128532167
3193,1.00039757886,0.000397499847767,0.000198730174426
3194,1.00056819845,0.000568037086859,0.000283978213981
3195,1.00021459147,0.000214568451986,0.000107278471246
3196,1.00051217888,0.000512047756295,0.000255991106831
3197,1.00061706194,0.000616871636337,0.000308388256731
3198,1.00010909176,0.000109085809529,5.45414173273e-05
3199,0.999866508614,-0.000133500296765,-6.67523762232e-05
3200,0.999957725448,-4.22754451632e-05,-2.11379459849e-05
3201,1.00106932781,0.00106875648683,0.000534235488792
3202,1.00087496506,0.000874582504252,0.000437195654242
3203,1.00080747264,0.000807146806403,0.000403491978409
3204,1.00053036831,0.000530227709779,0.000265078715317
3205,1.00026459843,0.000264563427862,0.000132272965091
3206,1.00033820293,0.000338145750142,0.000169058583058
3207,1.00017232162,0.000172306770984,8.61496743959e-05
3208,1.00000057613,5.76125119296e-07,2.88062518172e-07
3209,1.00125812947,0.00125733868522,0.000628471771442
3210,1.00107195647,0.00107138233634,0.000535547711272
3211,1.00084574218,0.000845384741711,0.000422603049021
3212,1.00152003263,0.00151887854677,0.000759150972367
3213,0.999947771327,-5.22300370882e-05,-2.61153595442e-05
3214,1.00013088556,0.000130876994504,6.54363562002e-05
3215,0.999818953449,-0.00018106294154,-9.05355688672e-05
3216,1.0005372494,0.00053710512907,0.000268516507523
3217,1.00067848983,0.000678259754963,0.000339072379445
3218,1.00011300642,0.000113000038816,5.64984233121e-05
3219,1.00008121304,8.12097379068e-05,4.06040445868e-05
3220,1.00076926394,0.000768968206649,0.000384410198783
3221,1.0008211051,0.000820768175768,0.000410299891852
3222,1.00038791426,0.000387839044229,0.000193900720939
3223,1.00067467069,0.000674443201129,0.000337164747751
3224,0.999619606228,-0.000380466139903,-0.00019025116541
3225,1.00010960588,0.000109599874808,5.47984359147e-05
3226,1.00020912759,0.000209105723579,0.000104547396329
3227,1.00049264225,0.00049252094282,0.000246230151789
3228,1.0006620181,0.000661799059831,0.000330844788704
3229,1.00035129426,0.000351232570363,0.000175600865544
3230,1.00056041471,0.000560257733335,0.00028008963424
3231,1.00055028152,0.000550130169752,0.000275027257944
3232,0.999943961342,-5.60402286567e-05,-2.80205068954e-05
3233,0.999631509129,-0.000368558780436,-0.000184296370708
3234,1.0001579333,0.000157920828356,7.89572968867e-05
3235,1.00015938413,0.000159371430809,7.96825405824e-05
3236,1.00015159298,0.000151581487563,7.57878717357e-05
3237,0.999742471027,-0.000257562138815,-0.000128789362045
3238,1.0006337689,0.000633568151214,0.00031673390483
3239,1.00002439975,2.43994509805e-05,1.21996510739e-05
3240,1.00053354734,0.000533405053675,0.00026666696488
3241,0.999770210977,-0.000229815428339,-0.000114914316314
3242,0.999856499832,-0.000143510465169,-7.17578070526e-05
3243,0.999877163241,-0.000122844303575,-6.14240381662e-05
3244,1.00035329971,0.000353237314272,0.000176603060979
3245,1.00109810507,0.00109750258876,0.000548600757925
3246,1.00071579645,0.000715540388937,0.000357706202344
3247,1.00014230707,0.000142296941497,7.11459397563e-05
3248,1.00057717202,0.000577005516301,0.000288461145232
3249,1.00005249621,5.24948309094e-05,2.62470709943e-05
3250,1.00043708642,0.000436990929419,0.000218471596314
3251,1.0000903899,9.0385813949e-05,4.51918857904e-05
3252,1.00010388275,0.000103877356356,5.1937329388e-05
3253,1.0003937058,0.000393628322958,0.000196794794842
3254,0.999908834038,-9.11701175641e-05,-4.55860977966e-05
3255,1.00072077896,0.000720519325231,0.000360194776895
3256,1.00024303151,0.000243001983696,0.000121493610901
3257,1.00025731533,0.000257282227242,0.000128632839708
3258,0.999995678427,-4.32158250401e-06,-2.1607935865e-06
3259,1.00072610958,0.000725846092099,0.000362857197447
3260,1.00031681281,0.000316762630905,0.000158368773794
3261,0.999982431458,-1.75686967497e-05,-8.78438695739e-06
3262,1.00008969328,8.96892610985e-05,4.48436250439e-05
3263,0.999892629524,-0.000107376241097,-5.36895617815e-05
3264,0.999898014695,-0.000101990505703,-5.09965531312e-05
3265,0.99992897454,-7.10279820409e-05,-3.55146216497e-05
3266,0.999890287246,-0.000109718772485,-5.48608910462e-05
3267,0.999809574703,-0.000190443430613,-9.52262490377e-05
3268,1.00014855172,0.000148540689812,7.42675869322e-05
3269,1.00075124681,0.000750964763539,0.000375411897082
3270,1.00118806242,0.00118735722952,0.000593502422479
3271,1.00065807338,0.000657856942905,0.000328874380414
3272,0.999937173988,-6.28279858549e-05,-3.1414486352e-05
3273,0.999901768675,-9.82361501769e-05,-4.91192814009e-05
3274,1.00073081855,0.000730551627373,0.000365209108599
3275,1.00023408031,0.000234052916938,0.00011701961114
3276,1.00050170638,0.000501580566113,0.000250758837802
3277,0.999559457425,-0.000440639642288,-0.000220344093339
3278,1.00023824926,0.000238220878183,0.000119103345725
3279,0.999733057796,-0.000266977839862,-0.000133497829973
3280,1.00043893061,0.000438834311325,0.000219393085479
3281,1.00057785053,0.000577683634601,0.000288800106519
3282,1.0003674271,0.000367359612057,0.000183662937926
3283,1.00027426341,0.00027422580815,0.00013710350453
3284,1.00016473242,0.000164718852932,8.23560350216e-05
3285,1.00060692551,0.000606741408229,0.000303324691876
3286,1.00009089868,9.08945446084e-05,4.54462395926e-05
3287,1.00041861342,0.000418525829862,0.000209241020974
3288,0.999827755715,-0.00017225912111,-8.61332698119e-05
3289,1.00032928865,0.00032923444262,0.000164603672639
3290,1.00041991147,0.000419823333624,0.000209889636899
3291,1.00013952731,0.000139517578142,6.97563559835e-05
3292,1.00012055848,0.00012055121417,6.02737905471e-05
3293,1.00007959818,7.95950131288e-05,3.97967146542e-05
3294,1.00027074824,0.000270711591751,0.000135346635693
3295,1.00043307152,0.000432977770238,0.000216465453091
3296,0.99964166714,-0.000358397076191,-0.000179214595112
3297,1.00053039696,0.000530256354079,0.00026509303367
3298,0.999929752442,-7.0250025339e-05,-3.51256295601e-05
3299,0.999856590982,-0.000143419302544,-7.17122224705e-05
3300,0.999831474581,-0.000168539621446,-8.42733615232e-05
3301,1.00007113106,7.11285298608e-05,3.55636325294e-05
3302,0.999726275788,-0.000273761680974,-0.000136890209097
3303,0.999839628835,-0.000160384026039,-8.01952284848e-05
3304,0.999948731074,-5.12702398843e-05,-2.56354485246e-05
3305,1.00038226013,0.000382187086828,0.000191075286206
3306,0.999575137708,-0.000424952571504,-0.000212498860437
3307,0.999949946855,-5.00543974776e-05,-2.50275119218e-05
3308,1.00030093275,0.000300887480919,0.000150432424367
3309,1.00000659807,6.59805187759e-06,3.29902049701e-06
3310,1.00033301714,0.000332961698121,0.000166466991893
3311,1.00025875828,0.000258724805126,0.000129354035608
3312,0.999863182858,-0.000136826502145,-6.84155913127e-05
3313,0.99994007102,-5.9930776054e-05,-2.99658369938e-05
3314,1.00035525264,0.000355189553143,0.000177579007553
3315,1.00047499949,0.000474886714857,0.000237415169985
3316,1.0004122848,0.000412199838672,0.000206078682207
3317,1.00084784509,0.000847485868423,0.000423653167854
3318,1.00067270887,0.00067248270622,0.000336184830321
3319,1.00087775037,0.000877365373663,0.00043858647965
3320,1.0007500177,0.000749736578273,0.000374798034798
3321,0.999875171379,-0.000124836412272,-6.24201541928e-05
3322,1.00009839519,9.83903504426e-05,4.91939651586e-05
3323,0.999787177595,-0.000212845054654,-0.000106428190405
3324,1.00048573386,0.00048561592482,0.000242778486942
3325,1.00015833811,0.000158325580618,7.91596570178e-05
3326,1.00033844016,0.00033838289975,0.000169177137809
3327,0.999952123551,-4.78775955345e-05,-2.39390843026e-05
3328,1.000393098,0.000393020762121,0.00019649107416
3329,0.999947906712,-5.20946446911e-05,-2.60476615799e-05
3330,0.999727731484,-0.000272305587624,-0.000136162063024
3331,1.0002920414,0.00029199876701,0.000145988726114
3332,1.0003725436,0.000372474221339,0.000186219769616
3333,1.00058256404,0.000582394417234,0.000291154814825
3334,1.00056807195,0.000567910660065,0.000283915018533
3335,1.00013536675,0.000135357587008,6.76765033459e-05
3336,0.99979809571,-0.000201924675084,-0.00010096743441
3337,0.999837072254,-0.000162941020594,-8.14738291088e-05
3338,1.00037238101,0.000372311691273,0.000186138519712
3339,1.00066571615,0.000665494662691,0.000332691977092
3340,1.0002457856,0.000245755394971,0.000122870148331
3341,1.00013786064,0.000137851139342,6.89231943585e-05
3342,1.00064042372,0.000640218735578,0.000320058138252
3343,0.999499457356,-0.000500667957657,-0.000250365314994
3344,1.00065540807,0.000655193387746,0.000327543039935
3345,1.00027583964,0.000275801605963,0.000137891295103
3346,1.00064630042,0.000646091656233,0.000322993654431
3347,0.999476296522,-0.000523840658843,-0.000261954633546
3348,0.999546858292,-0.000453244408077,-0.00022664788479
3349,1.00017035746,0.00017034294788,8.51678469528e-05
3350,1.00018189534,0.000181878800228,9.09352652523e-05
3351,1.00008584,8.58363126018e-05,4.291723533e-05
3352,1.00051708814,0.000516954494478,0.000258443844874
3353,1.00007376759,7.37648678881e-05,3.68817537955e-05
3354,1.00055374385,0.000553590589481,0.000276756990457
3355,1.00026564056,0.000265605281584,0.000132793822912
3356,1.00018295512,0.000182938387546,9.14650105938e-05
3357,0.999873191652,-0.000126816388798,-6.34102047412e-05
3358,1.00006084291,6.08410557741e-05,3.04200651875e-05
3359,1.00047987922,0.000479764115071,0.000239853288135
3360,1.00059309212,0.000592916313118,0.000296414217182
3361,1.00013232723,0.000132318476816,6.61570499338e-05
3362,0.999569534268,-0.000430558409015,-0.000215302378738
3363,1.00094711104,0.000946662808472,0.000473219400599
3364,0.999999710816,-2.89184235516e-07,-1.44592128271e-07
3365,1.0001154716,0.000115464929306,5.77307981663e-05
3366,1.00091475982,0.000914341681964,0.000457066354317
3367,1.00002045353,2.04533190206e-05,1.02266072182e-05
3368,1.00038428721,0.000384213388475,0.000192088242928
3369,0.99967527797,-0.000324774763953,-0.000162400567521
3370,1.00029350026,0.000293457195677,0.000146717833724
3371,1.00068842898,0.000688192117807,0.000344036864644
3372,0.999710676391,-0.000289365470742,-0.000144693202423
3373,1.00022146225,0.000221437734177,0.000110712737981
3374,1.00006856576,6.85634074303e-05,3.42811161043e-05
3375,1.00064517687,0.000644968837081,0.000322432426029
3376,0.999921469455,-7.85336283794e-05,-3.92675851411e-05
3377,0.999589717823,-0.000410366365521,-0.00020520423427
3378,1.00078555194,0.000785243555739,0.000392544712026
3379,0.9997336692,-0.000266366272419,-0.000133192005477
3380,1.00074841899,0.000748139065797,0.000373999577614
3381,1.00015149036,0.00015147888557,7.57365746258e-05
3382,1.00036658526,0.000366518079838,0.000183242249007
3383,1.00057302426,0.000572860143339,0.000286389054493
3384,1.00002924239,2.92419662866e-05,1.46208762573e-05
3385,1.00021119943,0.000211177129534,0.000105582990491
3386,0.999669697799,-0.000330356762979,-0.00016519202419
3387,1.00093899778,0.000938557194643,0.000469168503343
3388,1.00023005457,0.000230028113265,0.000115007442769
3389,0.999821674646,-0.000178341256148,-8.91746038927e-05
3390,0.999758468052,-0.000241561121201,-0.000120787854866
3391,1.00028641408,0.000286373066612,0.000143176282604
3392,1.00097000269,0.000969532536644,0.000484648788139
3393,1.00023858599,0.000238557530751,0.000119271651947
3394,1.00021168541,0.000211663004986,0.000105825902537
3395,0.999569062291,-0.000431030589249,-0.000215538519714
3396,1.00054118428,0.000541037895449,0.000270482360773
3397,1.00023404099,0.000234013607366,0.000116999958654
3398,1.00075385321,0.000753569209894,0.000376713630542
3399,1.00046371167,0.000463604190999,0.000231775231469
3400,0.999247091481,-0.000753192096524,-0.000376666969456
3401,1.00026817186,0.000268135909821,0.000134058968204
3402,1.00102806353,0.00102753543371,0.000513635760818
3403,1.00054548588,0.000545337155835,0.000272631407219
3404,1.00040198915,0.00040190837695,0.000200933998534
3405,1.00008148504,8.14817192584e-05,4.07400297316e-05
3406,1.00047071561,0.000470604857865,0.000235274747487
3407,1.00088211858,0.000881729746752,0.000440767706737
3408,1.00044614097,0.000446041482371,0.000222995873909
3409,1.00019798699,0.000197967388931,9.89787957411e-05
3410,0.999396706224,-0.000603475831077,-0.000301783443002
3411,0.999323697583,-0.000676531212754,-0.000338322824639
3412,1.0011086888,0.00110807466043,0.000553883879875
3413,1.00058993728,0.000589763337196,0.000294838195272
3414,0.999991014695,-8.9853453597e-06,-4.49268277181e-06
3415,0.999887947066,-0.000112059212398,-5.60311758868e-05
3416,1.00033003916,0.000329984709944,0.000164978744482
3417,0.999784022195,-0.000216001131329,-0.000108006397936
3418,1.0001044274,0.000104421946206,5.22096101341e-05
3419,1.00035010361,0.000350042338164,0.000175005853771
3420,0.999659280689,-0.000340777368677,-0.000170403201315
3421,0.999802333236,-0.000197686302155,-9.88480362227e-05
3422,1.00007480012,7.47973210925e-05,3.7397961225e-05
3423,1.00029631182,0.000296267932986,0.000148122995199
3424,1.00049194461,0.000491823641929,0.000245881587131
3425,0.99958720677,-0.000412878452993,-0.00020646053654
3426,1.00049542996,0.000495307274504,0.000247622973621
3427,0.999467269882,-0.000532872069478,-0.000266471531972
3428,1.00040147423,0.000401393660644,0.00020067669206
3429,1.00041338803,0.000413302612686,0.000206629955433
3430,0.999777145202,-0.000222879634176,-0.000111446026735
3431,0.999724481366,-0.000275556595956,-0.000137787789843
3432,1.00056478751,0.000564628073531,0.000282274189908
3433,1.00044753377,0.000447433653496,0.000223691804005
3434,0.999927206991,-7.27956584192e-05,-3.63984916187e-05
3435,1.00054599573,0.000545846730512,0.000272886125062
3436,1.00019860918,0.000198589459634,9.92898002584e-05
3437,0.999957260465,-4.27404479379e-05,-2.13704523138e-05
3438,1.00027297221,0.000272934956178,0.000136458166827
3439,1.00018362625,0.000183609396184,9.18004841697e-05
3440,1.00029155451,0.000291512020675,0.000145745388446
3441,1.00020914886,0.0002091269914,0.000104558029128
3442,1.00015338519,0.000153373431552,7.66837754251e-05
3443,1.00005864795,5.8646233723e-05,2.93226869431e-05
3444,0.999985804789,-1.41953119756e-05,-7.09768117613e-06
3445,1.00004050995,4.05091260091e-05,2.02543578822e-05
3446,1.00063620276,0.000636000468779,0.000317949677674
3447,0.999975061349,-2.49389617136e-05,-1.2469558601e-05
3448,1.00006200256,6.20006391643e-05,3.09998390773e-05
3449,1.00037980618,0.000379734073149,0.00018984901297
3450,0.999923337792,-7.66651466081e-05,-3.83333080065e-05
3451,0.999901125991,-9.88788976949e-05,-4.94406709972e-05
3452,1.00020582832,0.000205807140138,0.000102898275678
3453,1.00021400871,0.000213985815572,0.000106987184249
3454,1.00062457723,0.000624382266485,0.000312142406661
3455,0.99997234418,-2.76562020624e-05,-1.382819664e-05
3456,0.999898679872,-0.000101325261349,-5.0663914047e-05
3457,1.00096200305,0.000961540625332,0.000480654761138
3458,0.999858383153,-0.000141626875171,-7.08159449161e-05
3459,0.999872522878,-0.000127485248246,-6.37446557272e-05
3460,1.00004034979,4.03489808605e-05,2.01742869266e-05
3461,0.999809331017,-0.000190687162771,-9.53481267294e-05
3462,1.00051209441,0.000511963338839,0.000255948908907
3463,1.00006499032,6.49882107599e-05,3.24935774523e-05
3464,1.00095745751,0.000956999441401,0.000478385257967
3465,0.99993407932,-6.59228528391e-05,-3.29619696533e-05
3466,1.0001140026,0.000113996105206,5.69964282449e-05
3467,1.00111190641,0.00111128870093,0.00055549000873
3468,1.00053197038,0.000531828935018,0.00026587911539
3469,0.999984503709,-1.54964108533e-05,-7.74823544414e-06
3470,1.00050362922,0.000503502442487,0.000251719534564
3471,1.00051884703,0.000518712471801,0.000259322605979
3472,1.00027168209,0.000271645193722,0.00013581337339
3473,0.999587735954,-0.000412349050192,-0.000206195780524
3474,1.00064481964,0.000644611828984,0.00032225397952
3475,0.999962017578,-3.7983142919e-05,-1.89917518005e-05
3476,1.00046962604,0.000469515803019,0.000234730348029
3477,0.999927890528,-7.2112071898e-05,-3.60566859756e-05
3478,0.99980185213,-0.000198167503811,-9.90886608627e-05
3479,1.00040289362,0.000402812477481,0.000201385957866
3480,1.00029597839,0.000295934595833,0.000147956351296
3481,1.00023362673,0.000233599448325,0.00011679290334
3482,0.999788607504,-0.000211414842074,-0.000105713008263
3483,1.00054715505,0.000547005417171,0.00027346531013
3484,0.999719752055,-0.000280287221855,-0.000140153431502
3485,1.00052806688,0.000527927501537,0.000263928915403
3486,1.00011262848,0.000112622135649,5.63094823859e-05
3487,0.999686703645,-0.000313345442371,-0.000156684994998
3488,1.00024063851,0.000240609565464,0.000120297546402
3489,0.999574633058,-0.000425457436109,-0.000212751346413
3490,1.00047192154,0.000471810220771,0.000235877286963
3491,1.0005618327,0.000561674929284,0.000280798033493
3492,1.00082247657,0.000822138520559,0.000410984782887
3493,0.999862794691,-0.000137214722638,-6.86097148579e-05
3494,1.00102006969,0.001019549771,0.000509644972358
3495,1.00058040062,0.000580232249955,0.000290074045364
3496,1.00012986667,0.000129858236541,6.49270104207e-05
3497,1.00053719889,0.000537054652164,0.000268491275846
3498,1.00035293306,0.000352870793699,0.00017641983304
3499,1.00031610497,0.000316055018624,0.000158015023623
3500,1.00033385448,0.00033379876379,0.000166885454968
3501,1.00028994793,0.000289905903774,0.000144942446715
3502,1.00007718359,7.71806096243e-05,3.85895602159e-05
3503,1.00031852511,0.000318474394812,0.000159224519836
3504,1.00017453298,0.000174517751013,8.72550685616e-05
3505,1.00012398583,0.000123978148531,6.19871529826e-05
3506,1.00023087444,0.000230847788894,0.000115417233366
3507,1.00030528142,0.00030523482804,0.000152605768575
3508,1.00025058194,0.00025055055292,0.00012526742984
3509,0.999948658632,-5.13426858645e-05,-2.5671672444e-05
3510,1.00000683824,6.83821666223e-06,3.41910248591e-06
3511,1.00000401158,4.01157597059e-06,2.00578597376e-06
3512,1.00021527636,0.000215253188555,0.000107620802743
3513,1.00044943243,0.000449331467441,0.000224640498264
3514,1.00075237613,0.000752093236373,0.000375975921519
3515,1.00029476131,0.000294717872312,0.000147348079361
3516,1.00100533282,0.00100482780731,0.000502287714925
3517,1.00058012321,0.000579955001653,0.000289935461415
3518,1.00052949707,0.000529356939496,0.000264643445492
3519,0.999904477414,-9.55271487175e-05,-4.77647150565e-05
3520,0.999898858116,-0.000101146998868,-5.05747782951e-05
3521,1.00063505905,0.000634857484374,0.000317378367014
3522,0.999962091712,-3.79090063745e-05,-1.89546828251e-05
3523,1.00037732092,0.000377249755717,0.000188607089305
3524,1.00049834951,0.000498225376041,0.000249081662031
3525,1.00041307251,0.000412987223416,0.00020647229337
3526,1.00001698375,1.6983601213e-05,8.4917645512e-06
3527,1.00033348574,0.000333430146511,0.00016670117707
3528,1.00053739758,0.000537253238114,0.000268590542157
3529,1.00032514706,0.00032509420639,0.00016253389313
3530,1.0002370719,0.000237043804622,0.000118514878868
3531,1.00015883906,0.000158826449258,7.94100714826e-05
3532,1.00089407165,0.000893672210239,0.000446736288735
3533,1.00024486236,0.000244832391078,0.000122408702982
3534,1.00074650923,0.00074623072726,0.000373045764749
3535,1.00032197735,0.000321925521505,0.000160949806942
3536,1.00004379895,4.37979867578e-05,2.18987535977e-05
3537,1.00021011,0.00021008792547,0.000105038445811
3538,1.00023838367,0.000238355260312,0.000119170528784
3539,1.00008687722,8.68734453767e-05,4.34357793276e-05
3540,1.00016783033,0.000167816250803,8.39046052131e-05
3541,0.999698003902,-0.000302041708171,-0.000151032258309
3542,1.00026111864,0.000261084550393,0.000130533754925
3543,1.00034954493,0.00034948385295,0.000174726659994
3544,0.999899171223,-0.000100833860149,-5.04182010295e-05
3545,0.999838775693,-0.000161237304677,-8.06219021092e-05
3546,1.00072916119,0.000728895483955,0.000364381338966
3547,0.999891412436,-0.000108593459584,-5.42982038862e-05
3548,1.00070779874,0.000707548367557,0.000353711613071
3549,0.999977662844,-2.23374053203e-05,-1.11687650304e-05
3550,1.00020488429,0.0002048632991,0.000102426403608
3551,1.00016213789,0.000162124749773,8.10590894209e-05
3552,1.00023876499,0.00023873648823,0.00011936112001
3553,0.999947264668,-5.27367223829e-05,-2.63687088398e-05
3554,1.00007002053,7.00180795587e-05,3.50084269701e-05
3555,1.00063441864,0.000634217486306,0.00031705846949
3556,1.00049670104,0.000496577728923,0.000248258043332
3557,0.999941635758,-5.83659452769e-05,-2.91833984656e-05
3558,0.999823519811,-0.000176495763627,-8.82517757725e-05
3559,1.0004546476,0.000454544281866,0.000227246316577
3560,1.00053766444,0.000537519948107,0.000268723861327
3561,0.999584167071,-0.000415919411164,-0.000207981330701
3562,1.00033152795,0.000331473011633,0.00016572277228
3563,1.00051149265,0.000511361882553,0.00025564825769
3564,1.00021799259,0.000217968828468,0.000108978475648
3565,1.00018019278,0.000180176551038,9.00842176923e-05
3566,1.00048036004,0.000480244701387,0.000240093523629
3567,1.0002771515,0.000277113095849,0.000138546949409
3568,1.0003002521,0.000300207036544,0.000150092253303
3569,1.00025187298,0.00025184126139,0.000125912703025
3570,0.999811787779,-0.000188229935287,-9.41193965962e-05
3571,0.999953324261,-4.66768281896e-05,-2.33386864377e-05
3572,0.99992817075,-7.18318303044e-05,-3.59165601365e-05
3573,1.00060905698,0.000608871578065,0.00030438945316
3574,1.00003100535,3.10048667406e-05,1.55023132082e-05
3575,1.00018230589,0.000182289274748,9.11404838276e-05
3576,1.00016533313,0.000165319462448,8.26563150028e-05
3577,1.00027902713,0.000278988205982,0.000139484374141
3578,1.00020847885,0.000208457118171,0.000104223127478
3579,1.00021456257,0.000214539550607,0.000107264022107
3580,1.00004928074,4.92795235604e-05,2.46394582237e-05
3581,1.00040563154,0.000405549296358,0.000202754090789
3582,1.00011190112,0.000111894861622,5.59458657828e-05
3583,0.999898779419,-0.00010122570385,-5.0614132777e-05
3584,1.00016056327,0.000160550380385,8.02719682258e-05
3585,1.00082932747,0.000828983768312,0.000414405994262
3586,1.00011074242,0.000110736292587,5.53666135061e-05
3587,1.00028648525,0.000286444221345,0.000143211854875
3588,0.999265113286,-0.00073515687594,-0.000367646003202
3589,1.00009487995,9.48754442549e-05,4.74365969765e-05
3590,0.999996357163,-3.64284401723e-06,-1.82142366745e-06
3591,0.999738150737,-0.000261883551646,-0.000130950349071
3592,1.00043697895,0.000436883500754,0.000218417893715
3593,1.000077974,7.797095532e-05,3.89847177361e-05
3594,1.00025018079,0.000250149504845,0.000125066930902
3595,1.00075500613,0.000754721252081,0.000377289434475
3596,1.00028272811,0.000282688153219,0.000141334088006
3597,0.999831192776,-0.000168821473993,-8.4414299683e-05
3598,0.999871098745,-0.000128909563318,-6.44568589132e-05
3599,1.00016926072,0.000169246399588,8.4619619352e-05
3600,0.999574467866,-0.000425622698387,-0.000212833995135
3601,1.00050414775,0.000504020711515,0.000251978603815
3602,1.00025995626,0.000259922475266,0.000129952793037
3603,0.999836935332,-0.000163077964666,-8.15423067264e-05
3604,1.00035065429,0.000350592827739,0.000175281050351
3605,0.999759003758,-0.000241025285791,-0.000120519904836
3606,0.999857952297,-0.000142057792595,-7.10314189094e-05
3607,1.00008975362,8.97495936939e-05,4.48737899883e-05
3608,1.00009721178,9.72070547695e-05,4.86023462525e-05
3609,1.00010406442,0.000104059001734,5.20281473561e-05
3610,1.00008872893,8.87249895016e-05,4.43615107499e-05
3611,1.00005536458,5.53630458887e-05,2.76811398144e-05
3612,1.00092709219,0.000926662702768,0.000463224029989
3613,1.00044201629,0.00044191862859,0.000220934904584
3614,1.0012417331,0.0012409627837,0.000620288933081
3615,0.999694953951,-0.000305092584767,-0.000152557928161
3616,1.00080573197,0.000805407543724,0.000402622697581
3617,1.00022492002,0.000224894730283,0.000112441043174
3618,1.00011657388,0.000116567082518,5.82818428067e-05
3619,1.00012763801,0.000127629867002,6.38128973716e-05
3620,1.00058850538,0.000588332280727,0.000294122877747
3621,0.999995689431,-4.31057845059e-06,-2.1552915479e-06
3622,1.00090867144,0.000908258849916,0.000454026323798
3623,1.00028850027,0.000288458665808,0.000144218932354
3624,1.00050814613,0.000508017069571,0.000253976277349
3625,0.999980005327,-1.99948724748e-05,-9.997486212e-06
3626,1.00005212225,5.21208929313e-05,2.60601068951e-05
3627,1.00024320258,0.000243173009776,0.000121579113549
3628,1.00031909595,0.000319045051771,0.000159509802844
3629,0.999987803203,-1.21968711495e-05,-6.09845417032e-06
3630,1.00075602705,0.000755741408646,0.00037779932018
3631,1.00013614594,0.000136136673116,6.80660199613e-05
3632,1.00052189601,0.000521759870864,0.000260845909221
3633,1.00004697356,4.69724555599e-05,2.34859519807e-05
3634,1.00013839684,0.000138387259611,6.91912359817e-05
3635,1.00041154666,0.000411462002549,0.000205709840103
3636,0.999755164665,-0.000244865312214,-0.00012244015129
3637,1.00062900053,0.000628802788546,0.000314351975334
3638,1.00045579944,0.000455695593767,0.000227821841546
3639,0.999892105642,-0.000107900179413,-5.39515450386e-05
3640,1.00034116726,0.000341109075696,0.00017053999425
3641,1.00035046717,0.000350405770977,0.000175187538359
3642,0.999958705358,-4.1295494697e-05,-2.06479605147e-05
3643,1.00024754709,0.000247516459452,0.000123750571992
3644,0.999914701865,-8.53017733016e-05,-4.26517962127e-05
3645,0.999778670734,-0.000221353763411,-0.000110683006618
3646,1.0002063094,0.000206288121631,0.00010313874165
3647,1.00017686076,0.000176845119164,8.84186504225e-05
3648,1.00027805895,0.000278020297517,0.000139000487295
3649,1.00027377285,0.000273735381122,0.000136858324606
3650,1.00081907726,0.000818741995058,0.000409287216655
3651,0.999547185646,-0.000452916905617,-0.00022648409646
3652,1.00042105536,0.000420966741304,0.000210461220581
3653,1.0000511012,5.10998977248e-05,2.55496224653e-05
3654,1.00048306378,0.000482947146655,0.000241444420931
3655,1.00088931509,0.000888919885096,0.00044436118486
3656,0.999177795185,-0.000822543010689,-0.000411356089065
3657,0.999552257363,-0.000447842903675,-0.000223946524117
3658,1.00026271739,0.000262682885257,0.000131332817719
3659,1.00097227756,0.000971805205209,0.000485784571053
3660,1.00029567227,0.000295628571027,0.00014780336152
3661,1.00101196292,0.00101145123017,0.000505597757441
3662,1.0002086144,0.000208592645706,0.000104290884181
3663,1.00075499651,0.000754711640629,0.000377284630562
3664,1.00010982368,0.000109817650464,5.490731777e-05
3665,1.00015760699,0.000157594568991,7.8794180071e-05
3666,1.00063138221,0.000631182969165,0.000315541690828
3667,0.999969558744,-3.04417190537e-05,-1.52209753648e-05
3668,1.00044324838,0.000443150176607,0.000221550542356
3669,1.00034304745,0.000342988618145,0.000171479604764
3670,1.00042470586,0.000424615694826,0.000212285311697
3671,0.999959167394,-4.08334398674e-05,-2.04169283564e-05
3672,1.00035084758,0.000350786045343,0.000175377642215
3673,1.0005154835,0.000515350684264,0.000257642146692
3674,0.999904415761,-9.55888074572e-05,-4.77955458993e-05
3675,1.00071792894,0.000717671349475,0.000358771300917
3676,0.999893124877,-0.000106880834689,-5.34418453091e-05
3677,0.999735799051,-0.000264235856649,-0.000132126656283
3678,1.0000673662,6.73639311612e-05,3.36813983496e-05
3679,1.00024981992,0.00024978872499,0.000124886563519
3680,1.00021865004,0.000218626143758,0.000109307097423
3681,1.000375301,0.000375230590585,0.000187597696644
3682,0.999908077256,-9.19269692631e-05,-4.59645409687e-05
3683,1.00026922758,0.000269191341708,0.000134586613263
3684,1.00032791996,0.000327866206676,0.000163919667041
3685,1.00004847526,4.8474080795e-05,2.42367466827e-05
3686,1.00078002587,0.000779721803937,0.000389784916082
3687,1.00057147703,0.000571313802411,0.000285616105158
3688,1.00023679662,0.000236768583661,0.000118377284687
3689,0.999925007464,-7.49953478611e-05,-3.74983769771e-05
3690,1.00072924714,0.000728981368081,0.000364424265381
3691,1.00004299604,4.29951183451e-05,2.14973281017e-05
3692,1.00008939488,8.93908823858e-05,4.46944423665e-05
3693,1.00033110677,0.000331051964885,0.000165512283773
3694,1.00049218664,0.000492065551475,0.000246002512156
3695,1.00045572505,0.000455621240663,0.000227784673462
3696,1.00018197988,0.000181963321502,9.09775220455e-05
3697,0.999487473133,-0.000512658253426,-0.000256361981831
3698,1.00000130533,1.30532934821e-06,6.52664461143e-07
3699,1.00055373576,0.000553582500176,0.000276752946924
3700,1.00035878648,0.000358722134229,0.00017934498288
3701,0.999703824518,-0.000296219350345,-0.000148120643952
3702,1.00038213869,0.000382065695121,0.000191014601948
3703,1.0003886255,0.00038855000489,0.000194256132279
3704,1.000190365,0.000190346886737,9.516891452e-05
3705,0.999804359133,-0.000195660007551,-9.78347892864e-05
3706,0.999855667265,-0.000144343152229,-7.21741805454e-05
3707,0.99945897186,-0.000541174548301,-0.000270623886189
3708,0.999138919529,-0.000861451413458,-0.000430818482366
3709,1.00162925401,0.00162792822023,0.00081363293119
3710,1.00002846792,2.84675191782e-05,1.42336582896e-05
3711,1.00097845455,0.000977976179168,0.000488868554393
3712,0.999886590952,-0.00011341547897,-5.67093473993e-05
3713,1.00011306483,0.000113058437329,5.65276209185e-05
3714,0.999242771711,-0.000757515131062,-0.000378829303234
3715,1.00041302481,0.000412939539974,0.000206448456571
3716,1.0004688292,0.000468719331374,0.000234332205606
3717,1.00014090903,0.000140899106645,7.04470718109e-05
3718,1.00028656096,0.000286519911776,0.00014324969467
3719,1.00064499824,0.000644790313426,0.000322343192979
3720,0.999911052007,-8.89519489305e-05,-4.44769635359e-05
3721,1.00030596039,0.000305913591462,0.000152945098437
3722,0.999664010398,-0.00033604605955,-0.000168037146435
3723,1.0005785683,0.000578400994128,0.000289158682631
3724,1.00046707229,0.000466963247571,0.000233454369072
3725,1.00015843836,0.000158425807301,7.92097663912e-05
3726,1.00047373845,0.000473626272447,0.000236785098206
3727,0.999609527179,-0.000390549075315,-0.000195293604971
3728,1.00041361418,0.000413528666343,0.0002067429589
3729,1.00010889886,0.000108892932284,5.44449839601e-05
3730,0.999983610201,-1.6389933627e-05,-8.19500039229e-06
3731,1.00060096613,0.000600785619783,0.000300347696489
3732,1.00009535466,9.53501158133e-05,4.76739214691e-05
3733,1.00054865309,0.00054850263578,0.000274213714435
3734,1.00038331256,0.000383239116202,0.000191601200246
3735,1.00016683292,0.000166819002078,8.34060225631e-05
3736,0.999739413319,-0.000260620640106,-0.000130318810811
3737,1.00045086286,0.00045076124701,0.0002253552272
3738,1.0003946235,0.000394545658642,0.000197253372316
3739,1.00036284976,0.000362783949959,0.00018137552445
3740,1.00017561286,0.000175597445041,8.77948683256e-05
3741,1.00021119841,0.000211176106648,0.000105582479101
3742,1.00011612765,0.00011612090563,5.80587673397e-05
3743,1.00041643711,0.000416350429114,0.0002081535476
3744,0.999865486769,-0.000134522278218,-6.726340119e-05
3745,0.999604417386,-0.00039566087695,-0.000197850008206
3746,1.00061666223,0.000616472167236,0.000308188583757
3747,0.999856031745,-0.00014397861919,-7.19919008874e-05
3748,0.999468669609,-0.000531471596561,-0.000265771109166
3749,0.999772563525,-0.000227462342452,-0.000113737638861
3750,1.00102593435,0.00102540844,0.000512572809649
3751,0.999899255135,-0.000100749940047,-5.03762388637e-05
3752,1.0002856481,0.000285607310335,0.000142793459211
3753,0.999751549446,-0.000248481423438,-0.000124248429916
3754,1.0003944586,0.000394380821424,0.000197170969961
3755,1.00022390016,0.000223875094944,0.000111931282698
3756,1.00084977151,0.000849410654645,0.000424615152781
3757,0.999979276717,-2.07234975772e-05,-1.03618024718e-05
3758,1.00058835509,0.000588182076857,0.000294047797898
3759,0.999885801148,-0.000114205373563,-5.71043171711e-05
3760,0.99944150065,-0.000558655369199,-0.00027936670021
3761,1.00015344481,0.00015343303775,7.67135762383e-05
3762,0.999509774406,-0.000490345793778,-0.00024520295422
3763,1.00057086306,0.000570700175612,0.000285309379342
3764,1.00047166576,0.000471554561314,0.000235749487378
3765,1.00026840236,0.000268366351341,0.000134174173511
3766,1.00007910732,7.910419294e-05,3.95513142962e-05
3767,1.00020095872,0.000200938534193,0.000100464220228
3768,1.00029725646,0.000297212286503,0.000148595101905
3769,0.999555774166,-0.00044432453139,-0.000222186945559
3770,0.999896446939,-0.000103558422608,-5.17805518707e-05
3771,0.999945127855,-5.48736502384e-05,-2.74372015123e-05
3772,1.00027128168,0.000271244885717,0.000135613246551
3773,0.999512504739,-0.000487614125603,-0.000243836786159
3774,1.00102260209,0.00102207958435,0.000510909233579
3775,1.00021815326,0.000218129466123,0.00010905878572
3776,0.99963780653,-0.0003622590774,-0.000181145943645
3777,0.999812330246,-0.000187687366187,-9.38480865496e-05
3778,1.00076176116,0.000761471168158,0.000380663113484
3779,1.00059354271,0.000593366632846,0.00029663931028
3780,0.999905206141,-9.47983525709e-05,-4.74002996442e-05
3781,1.00060290893,0.000602727251398,0.000301318220243
3782,1.00098975678,0.000989267289805,0.000494511333848
3783,1.0003868511,0.000386776294478,0.000193369448956
3784,1.00008740133,8.73975100152e-05,4.36978002309e-05
3785,1.00102942823,0.00102889872761,0.000514317057421
3786,0.999991182725,-8.81731427798e-06,-4.40866685714e-06
3787,1.00021536412,0.000215340932565,0.000107664670026
3788,1.00016831449,0.000168300328851,8.41466238999e-05
3789,1.00015741632,0.00015740393632,7.86988712412e-05
3790,0.999765119931,-0.000234907657636,-0.000117460726789
3791,1.00056848784,0.000568326312396,0.000284122785672
3792,1.00032328808,0.000323235828684,0.00016160485487
3793,1.00110754644,0.00110693356123,0.000553313646127
3794,0.999336379229,-0.000663841064541,-0.000331975623985
3795,1.00010240698,0.000102401733496,5.11995560059e-05
3796,1.00009935114,9.93462058863e-05,4.96718692551e-05
3797,0.99991754827,-8.2455128923e-05,-4.12284143292e-05
3798,0.999852688054,-0.000147322797792,-7.36641119636e-05
3799,1.00069307341,0.000692833349177,0.00034635667926
3800,1.0003802167,0.00038014443631,0.000190054155575
3801,1.00013950509,0.000139495363339,6.97452493565e-05
3802,1.00049227508,0.000492153954177,0.000246046702633
3803,0.999843518776,-0.000156493468193,-7.82497954521e-05
3804,0.999957943594,-4.20572901557e-05,-2.10288661813e-05
3805,1.00029219749,0.000292154812051,0.000146066737241
3806,0.999801960748,-0.000198058864249,-9.90343357008e-05
3807,1.00062939619,0.000629198207176,0.000314549622479
3808,0.999953391474,-4.66096126116e-05,-2.33050778649e-05
3809,0.999436562389,-0.000563596401248,-0.000281837909467
3810,1.00006957537,6.95729539914e-05,3.47858719532e-05
3811,1.00019327408,0.000193255400576,9.66230319822e-05
3812,1.00002958252,2.95820860645e-05,1.47909336453e-05
3813,1.00008909966,8.90956874175e-05,4.45468514683e-05
3814,0.999756173797,-0.000243855933923,-0.000121935400478
3815,1.00021020413,0.000210182041838,0.000105085499051
3816,0.999888288587,-0.000111717653152,-5.58603867093e-05
3817,1.00035533033,0.000355267214204,0.000177617831187
3818,1.00028054248,0.000280503135721,0.000140241733069
3819,0.999881288759,-0.000118718287344,-5.93609054609e-05
3820,0.999445043788,-0.000555110257256,-0.000277593650617
3821,0.999904473432,-9.55311305551e-05,-4.77667060703e-05
3822,0.999962098592,-3.79021260271e-05,-1.89512425861e-05
3823,1.00037189931,0.000371830173321,0.000185897805522
3824,1.00006217263,6.21707010635e-05,3.10848673872e-05
3825,1.00023338707,0.000233359841819,0.000116673114072
3826,0.999850494959,-0.000149516218414,-7.47609036642e-05
3827,1.00008795637,8.79525042685e-05,4.39752851931e-05
3828,1.00064513897,0.000644930959718,0.000322413493454
3829,0.999934792691,-6.52094354898e-05,-3.26052492845e-05
3830,0.999624097567,-0.000375973101615,-0.000188004221386
3831,0.999932853485,-6.71487697924e-05,-3.35749485221e-05
3832,1.00022645797,0.000226432329824,0.000113209756204
3833,0.99988889637,-0.000111109802293,-5.55564443485e-05
3834,1.00032672923,0.000326675870242,0.000163324596207
3835,0.999614199087,-0.000385875353328,-0.000192956290334
3836,1.00071641036,0.000716153859308,0.000358012827761
3837,0.999980529492,-1.94706977896e-05,-9.73539628357e-06
3838,1.00085595513,0.000855589011969,0.000427703014962
3839,0.999077331188,-0.000923094733041,-0.000461653895895
3840,1.00057675335,0.000576587095717,0.000288251995267
3841,1.00017214775,0.00017213293685,8.60627648129e-05
3842,1.00026251979,0.000262485333292,0.000131234054704
3843,1.0005446685,0.000544520220925,0.000272223051042
3844,0.999825544148,-0.000174471071466,-8.72393408631e-05
3845,1.00060708745,0.000606903242062,0.000303405584244
3846,1.00028039452,0.000280355214596,0.000140167782876
3847,1.00043226436,0.000432170964511,0.000216062137469
3848,1.00025498326,0.000254950755183,0.000127467252951
3849,1.00023089922,0.000230872566807,0.000115429620892
3850,0.999996953969,-3.04603532695e-06,-1.52301882328e-06
3851,1.00083796238,0.000837611488585,0.000418718057409
3852,1.00027793403,0.000277895417533,0.000138938055981
3853,1.00034400871,0.000343949548452,0.000171959987412
3854,0.999864275884,-0.000135733327691,-6.78689668396e-05
3855,1.00023143768,0.000231410906665,0.000115698759715
3856,0.999843939344,-0.000156072834611,-7.8039462226e-05
3857,1.00037245284,0.000372383492801,0.000186174413793
3858,1.00059723225,0.00059705398,0.000298482435252
3859,1.00054529038,0.000545141759364,0.000272533735615
3860,0.999872369123,-0.000127639022651,-6.38215478337e-05
3861,1.00090560881,0.000905198993505,0.000452497089051
3862,1.0006149422,0.000614753201511,0.000307329365408
3863,0.999461951497,-0.000538193302701,-0.000269132861102
3864,0.999384180568,-0.000616009126169,-0.00030805200136
3865,1.00004748132,4.74801939617e-05,2.37398151869e-05
3866,1.0004770703,0.000476956537309,0.000238449834972
3867,0.999648480078,-0.000351581719775,-0.000175806312006
3868,1.00024216797,0.00024213864968,0.000121061996245
3869,1.00035047262,0.000350411218117,0.000175190261452
3870,0.999788402294,-0.000211620095771,-0.000105815645966
3871,0.999681532101,-0.000318518620872,-0.000159271992874
3872,1.00050991361,0.000509783647087,0.000254859341382
3873,1.00014771861,0.000147707701051,7.38511233969e-05
3874,1.00081655118,0.000816217980672,0.000408025725189
3875,0.999890976847,-0.000109029095991,-5.45160339405e-05
3876,1.00012803263,0.000128024436943,6.4010169733e-05
3877,0.999913791367,-8.62123492684e-05,-4.31071037188e-05
3878,1.00014459881,0.000144588359642,7.229156666e-05
3879,0.999979947784,-2.00524167251e-05,-1.00262586251e-05
3880,1.00078612323,0.00078581439565,0.0003928300199
3881,1.00021394206,0.000213919176583,0.000106953868318
3882,1.00074733046,0.000747051344567,0.000373455920255
3883,1.00025103347,0.000251001964467,0.000125493107315
3884,1.00047708314,0.000476969374468,0.000238456252022
3885,0.999715423459,-0.000284617040228,-0.000142318646452
3886,1.00028275183,0.000282711864077,0.00014134594176
3887,1.00067922405,0.000678993477648,0.000339439116327
3888,1.00027314535,0.000273108048982,0.000136544701415
3889,1.00075796892,0.000757681801822,0.000378769149758
3890,1.0002808371,0.000280797677241,0.000140388983164
3891,1.00081847479,0.0008181400184,0.000408986351471
3892,1.00024403251,0.000244002735042,0.000121993925657
3893,1.00023755163,0.000237523418911,0.000118754657563
3894,0.999805863836,-0.000194155011174,-9.70822177606e-05
3895,1.00018416958,0.000184152618199,9.20720702065e-05
3896,1.00012703716,0.000127029093344,6.3512529666e-05
3897,1.0001302377,0.000130229223787,6.51124919834e-05
3898,1.00033717985,0.000337123013084,0.000168547300849
3899,1.00067955049,0.000679319700052,0.00033960217215
3900,1.00073669414,0.000736422915712,0.000368143676337
3901,1.00072798828,0.000727723422707,0.000363795521709
3902,1.00030924506,0.000309197257783,0.000154586679139
3903,1.00068444352,0.000684209390474,0.000342046184098
3904,0.999610238087,-0.000389837890116,-0.00019493794299
3905,1.00033436509,0.000334309198728,0.000167140629812
3906,0.999610059708,-0.000390016338009,-0.000195027184334
3907,1.00021366113,0.000213638307057,0.000106813448566
3908,1.00036625344,0.000366186386477,0.000183076432703
3909,1.0001343069,0.000134297878728,6.71466849247e-05
3910,1.00050775984,0.000507630973289,0.000253783278219
3911,1.00083767603,0.000837325378064,0.000418575062038
3912,1.00028254815,0.000282508238684,0.000141244143449
3913,0.999399634666,-0.000600545625147,-0.000300317898967
3914,0.999664176238,-0.000335880163561,-0.000167954184505
3915,1.00055524415,0.000555090056091,0.000277506515987
3916,0.999762762038,-0.000237266106939,-0.000118640090648
3917,1.00043134172,0.000431248721021,0.000215601115249
3918,0.999710020637,-0.000290021415524,-0.000145021222323
3919,1.00035921875,0.000359154248885,0.000179561001436
3920,0.999871441206,-0.000128567058889,-6.4285595675e-05
3921,1.00099718252,0.000996685661684,0.000498218678678
3922,0.999974764014,-2.52363039629e-05,-1.26182315907e-05
3923,1.00033009936,0.000330044884495,0.000165008826793
3924,1.00024593187,0.000245901637964,0.00012294326084
3925,1.00072010964,0.000719850482653,0.000359860476007
3926,1.00005576518,5.57636217009e-05,2.78814221564e-05
3927,1.00049541328,0.000495290602819,0.000247614639843
3928,1.00032812769,0.00032807386474,0.000164023479048
3929,0.99970486595,-0.00029517761092,-0.000147599697224
3930,1.00046442199,0.000464314176372,0.000232130141815
3931,1.0001495903,0.000149579111351,7.47867590066e-05
3932,0.999780707833,-0.00021931621508,-0.00010966412021
3933,1.00013986348,0.000139853700201,6.99244052752e-05
3934,1.00032928653,0.000329232323485,0.000164602613246
3935,0.999788097868,-0.000211924586925,-0.000105967907665
3936,1.00052429675,0.000524159354065,0.000262045337154
3937,0.999754659325,-0.000245370775463,-0.000122692913891
3938,1.00025684606,0.000256813081578,0.000128398297022
3939,1.0004015584,0.000401477797854,0.000200718752222
3940,0.999885154165,-0.000114852430146,-5.74278639895e-05
3941,1.00006940955,6.94071403863e-05,3.47029680312e-05
3942,0.999967232681,-3.27678560522e-05,-1.63840622434e-05
3943,1.00026336535,0.000263330676739,0.000131656670869
3944,1.0004643313,0.000464223532452,0.000232084830374
3945,1.00030312667,0.000303080736933,0.000151528886805
3946,0.999737929778,-0.000262104568692,-0.000131060872072
3947,1.00022909927,0.000229073030186,0.000114529956037
3948,1.00018178757,0.00018177104656,9.08813933158e-05
3949,1.00034258068,0.000342522013346,0.000171246342344
3950,1.0002545515,0.000254519111202,0.000127251458447
3951,0.999971895545,-2.81048499696e-05,-1.40525237204e-05
3952,1.00004066939,4.06685675467e-05,2.03340770332e-05
3953,1.00000996395,9.96389927081e-06,4.98193722553e-06
3954,0.999945107952,-5.4893555058e-05,-2.74471541952e-05
3955,1.00012121246,0.000121205114069,6.06007207368e-05
3956,1.00024655628,0.000246525889903,0.000123255348387
3957,1.00037190137,0.000371832232748,0.000185898835044
3958,1.00030328028,0.000303234301682,0.000151605657542
3959,1.00047057662,0.000470465930185,0.000235205299988
3960,1.00097183866,0.000971366731246,0.000485565440549
3961,1.00093831047,0.000937870536896,0.00046882533549
3962,1.0006721449,0.000671919109292,0.000335903126554
3963,1.00042383882,0.000423749024786,0.000211852068573
3964,1.00049669853,0.000496575211575,0.000248256784971
3965,1.00008524244,8.52388087644e-05,4.26184961883e-05
3966,0.999769995248,-0.000230031207607,-0.000115022218351
3967,1.00026141621,0.000261382043137,0.000130682481869
3968,1.00073768338,0.000737411428542,0.000368637750672
3969,0.999826506298,-0.000173508754215,-8.67581403772e-05
3970,1.0010667514,0.00106618282679,0.000532949345414
3971,0.999815134639,-0.000184882450365,-9.24454980042e-05
3972,1.00041963607,0.000419548046573,0.000209752022254
3973,1.00066745123,0.000667228584505,0.000333558649192
3974,1.00021316278,0.000213140064553,0.000106564353892
3975,1.00007112323,7.1120698878e-05,3.55597171773e-05
3976,0.999734021739,-0.00026601363978,-0.000133015665689
3977,1.00002167242,2.16721839226e-05,1.0836033251e-05
3978,1.00054961938,0.000549468398918,0.000274696463475
3979,1.00075659513,0.000756309052092,0.000378083034635
3980,1.00070959011,0.000709338466213,0.000354606345409
3981,0.999835146801,-0.000164866788842,-8.24367921466e-05
3982,1.00029472622,0.00029468279526,0.00014733054342
3983,0.999888882349,-0.000111123824989,-5.55634560861e-05
3984,1.00066104826,0.0006608298645,0.000330360351248
3985,1.00052222889,0.000522092577595,0.00026101221918
3986,1.00151820293,0.00151705162258,0.000758238203313
3987,1.00094876477,0.000948314981763,0.000474045095983
3988,1.00012448132,0.000124473569661,6.22348481618e-05
3989,0.999790700794,-0.000209321112018,-0.000104666033116
3990,0.999679743935,-0.000320307358161,-0.000160166504366
3991,0.999561766706,-0.000438329346175,-0.000219188691419
3992,1.00034532467,0.000345265058811,0.000172617629268
3993,0.999981015356,-1.8984824399e-05,-9.49245725268e-06
3994,1.00053492163,0.000534778607314,0.000267353558323
3995,1.00010238154,0.000102376299166,5.1186839492e-05
3996,1.00033718286,0.000337126023185,0.000168548805646
3997,1.00082675413,0.00082641255943,0.000413120921758
3998,0.999416273021,-0.00058389741404,-0.000291991328191
3999,0.999793980191,-0.000206041034358,-0.000103025823975
4000,1.00019808791,0.000198068292378,9.90292424701e-05
4001,0.999745427711,-0.000254604697595,-0.000127310452085
4002,0.999880445391,-0.000119561756664,-5.97826652444e-05
4003,1.00015837429,0.000158361745353,7.91777379537e-05
4004,1.00030669199,0.000306644970457,0.000153310731937
4005,1.00031790088,0.000317850359722,0.000158912551923
4006,0.999646863088,-0.00035319927965,-0.00017661523446
4007,1.00062280955,0.00062261568648,0.000311259391982
4008,1.00081937824,0.000819042737265,0.000409437526202
4009,1.00028203965,0.000281999887944,0.000140990003947
4010,1.00003937183,3.93710523594e-05,1.96853324209e-05
4011,1.00061754278,0.000617352175407,0.000308628452141
4012,1.00019377572,0.000193756951711,9.68737832874e-05
4013,1.00004254615,4.25452461565e-05,2.12723968176e-05
4014,1.00056179567,0.000561637922874,0.000280779535483
4015,1.00032354665,0.000323494322867,0.000161734081066
4016,0.999473106754,-0.000527032103165,-0.000263550774987
4017,1.00017428296,0.000174267769546,8.71300887264e-05
4018,1.00018199869,0.000181982128934,9.09869249059e-05
4019,1.00028018544,0.000280146195417,0.00014006328793
4020,1.00083829643,0.000837945259411,0.000418884872929
4021,0.999736607842,-0.000263426852143,-0.000131722100665
4022,0.999770395746,-0.000229630616653,-0.000114821899856
4023,1.00058907194,0.000588898504401,0.000294405906274
4024,1.00021381462,0.000213791767792,0.000106890170735
4025,1.00044541648,0.000445317306652,0.000222633866728
4026,1.00012728624,0.000127278138448,6.36370443012e-05
4027,1.00053344931,0.000533307075823,0.000266617989017
4028,1.00049982909,0.000499704214458,0.000249820896791
4029,1.00008133484,8.13315316142e-05,4.06649389662e-05
4030,1.00025127609,0.000251244526218,0.000125614372963
4031,1.0002079467,0.000207925081131,0.000103957136648
4032,1.00058506181,0.000584890729032,0.000292402606539
4033,1.00004968094,4.9679702786e-05,2.48395428865e-05
4034,1.00077115319,0.000770856003618,0.000385353733979
4035,1.00010001076,0.000100005757591,5.00016286723e-05
4036,1.00026290448,0.000262869923521,0.000131426324565
4037,1.00008369914,8.36956375907e-05,4.18469431875e-05
4038,1.0000014329,1.4329015551e-06,7.1645052091e-07
4039,1.00000612275,6.12272853946e-06,3.06135958372e-06
4040,1.00049206121,0.000491940185,0.000245939844337
4041,1.00093682734,0.000936388793311,0.000468084810762
4042,1.00030653471,0.000306487739247,0.000153232128381
4043,1.00006333648,6.33344708875e-05,3.16667340422e-05
4044,1.00074031021,0.00074003631148,0.000369949707465
4045,1.0006391008,0.000638896666326,0.000319397314977
4046,0.999512750763,-0.000487367981218,-0.000243713683965
4047,1.00052902679,0.000528886901606,0.000264408488715
4048,1.00029516336,0.000295119803426,0.000147549015286
4049,0.999803319324,-0.000196700020172,-9.83548466067e-05
4050,0.999973269016,-2.67313416057e-05,-1.3365760124e-05
4051,0.99981179615,-0.000188221562884,-9.41152100005e-05
4052,1.00045564464,0.000455540866012,0.00022774449529
4053,1.00060624694,0.000606063241788,0.00030298571145
4054,1.00030571423,0.00030566750981,0.000152822076422
4055,1.00006162995,6.16280490157e-05,3.08135497606e-05
4056,1.00043854508,0.000438448948143,0.000219200446143
4057,1.00004569082,4.56897718002e-05,2.28446249577e-05
4058,1.00053567909,0.000535535663839,0.000267731985313
4059,1.00079433576,0.000794020438339,0.000396931421041
4060,1.00031050222,0.000310454028816,0.000155214967318
4061,0.999797100661,-0.00020291992555,-0.000101465110011
4062,1.00036751844,0.000367450921595,0.000183708584309
4063,0.999509995725,-0.000490124365833,-0.000245092213106
4064,1.00062189716,0.000621703859489,0.000310803620289
4065,1.00046739853,0.00046728933538,0.0002336173749
4066,1.0003388491,0.000338791701954,0.00016938150431
4067,1.00053247105,0.000532329335319,0.000266129248987
4068,1.00032300091,0.00032294875876,0.000161461343094
4069,1.000588147,0.000587974105966,0.000293943843024
4070,1.00053956689,0.000539421372142,0.000269674317414
4071,1.00082353262,0.00082319370053,0.000411512155902
4072,1.00061395613,0.000613767739851,0.000306836785887
4073,1.00058609681,0.000585925124342,0.00029291965283
4074,1.00006586535,6.58631787586e-05,3.29310471405e-05
4075,0.999629523435,-0.000370545207999,-0.000185289768028
4076,0.999999609047,-3.90952754098e-07,-1.95476396181e-07
4077,0.999772476519,-0.000227549368791,-0.00011378115698
4078,0.999855108961,-0.000144901536439,-7.24533928398e-05
4079,1.0000822285,8.2225115354e-05,4.11117125674e-05
4080,1.00012169295,0.000121685543008,6.08409206202e-05
4081,1.00053157592,0.000531434682245,0.000265682041397
4082,1.00015128798,0.000151276537158,7.56354080771e-05
4083,1.00093334729,0.000932911988082,0.000466347220357
4084,1.00054355044,0.00054340277049,0.000271664477766
4085,0.999775638139,-0.000224387034129,-0.000112199810992
4086,1.00050595689,0.000505828940659,0.000252882490161
4087,1.0002503155,0.000250284176788,0.000125134258449
4088,0.999836623538,-0.000163389809016,-8.16982416276e-05
4089,1.00053179633,0.000531654971731,0.00026579215687
4090,1.00033071397,0.000330659298334,0.000165315982974
4091,1.00014803826,0.000148027303652,7.40109128834e-05
4092,0.999564139112,-0.000435955902568,-0.000218001710204
4093,1.00038657082,0.000386496123682,0.000193229390637
4094,0.999162634708,-0.000837716078625,-0.00041894577259
4095,1.00006197492,6.19729977067e-05,3.09860187767e-05
4096,1.00006371805,6.37160223865e-05,3.18575037321e-05
4097,0.999576799573,-0.000423290001925,-0.000211667399346
4098,1.0002436716,0.000243641912737,0.000121813536497
4099,1.00038234381,0.000382270735818,0.000191117102708
4100,1.00046255151,0.000462444565094,0.000231195552735
4101,1.00035512412,0.000355061081496,0.000177514783134
4102,0.999930682979,-6.93194236543e-05,-3.46603124819e-05
4103,0.999853794969,-0.000146215720023,-7.31105324561e-05
4104,1.0003440724,0.000344013217235,0.000171991816329
4105,0.999905224389,-9.47801028244e-05,-4.73911743384e-05
4106,1.00136288836,0.00136196047179,0.000680748421479
4107,1.00032427332,0.000324220751386,0.000162097236516
4108,0.999852142172,-0.000147868760181,-7.39371133043e-05
4109,1.00107031501,0.00106974262755,0.000534728295615
4110,1.00029963008,0.00029958519902,0.000149781381159
4111,1.00063097052,0.000630771539329,0.0003153360408
4112,1.00005667314,5.66715342953e-05,2.83353656935e-05
4113,0.999998472716,-1.52728489523e-06,-7.63642739043e-07
4114,1.00036316338,0.000363097448401,0.000181532245228
4115,1.00015690893,0.000156896621173,7.84452335981e-05
4116,0.999859255408,-0.000140754497815,-7.03797254444e-05
4117,1.00035243648,0.000352374391908,0.000176171675902
4118,0.999866905144,-0.000133103713805,-6.65540715263e-05
4119,1.00021530748,0.000215284302943,0.000107636358263
4120,1.00013058328,0.000130574757342,6.52852474966e-05
4121,1.00020056171,0.000200541601976,0.000100265774039
4122,1.0002519566,0.000251924860541,0.000125954497337
4123,1.00015943387,0.000159421163009,7.97074047004e-05
4124,1.00041837773,0.000418290234456,0.000209123247912
4125,1.00069562485,0.000695383011704,0.000347631068165
4126,1.00035325988,0.000353197494193,0.000176583154456
4127,1.00015896356,0.000158950931131,7.94723074744e-05
4128,0.999884574926,-0.000115431735507,-5.7717533346e-05
4129,0.999910739275,-8.92647094431e-05,-4.463335076e-05
4130,0.999780967,-0.000219056991442,-0.000109534494186
4131,0.999853631302,-0.000146379410826,-7.31923838446e-05
4132,0.999818913792,-0.000181102605708,-9.05554027468e-05
4133,1.00001020273,1.02026796813e-05,5.10132682885e-06
4134,1.0001284217,0.000128413454875,6.42046662297e-05
4135,0.99980867422,-0.000191344085096,-9.56766192641e-05
4136,0.999877930074,-0.000122077377548,-6.10405516726e-05
4137,1.00008596083,8.59571378304e-05,4.29776453497e-05
4138,1.00035086615,0.000350804611098,0.000175386923464
4139,1.00042514443,0.000425054081572,0.000212504458514
4140,0.998796302829,-0.00120442219585,-0.000602392463434
4141,1.00015969986,0.000159687105555,7.98403653661e-05
4142,0.999918108427,-8.1894926407e-05,-4.09483015622e-05
4143,0.999635007197,-0.000365059429468,-0.000182546374296
4144,0.999983085639,-1.69145045137e-05,-8.45728801946e-06
4145,0.999856842235,-0.000143168013438,-7.15865689151e-05
4146,1.00007890546,7.89023505573e-05,3.94503970912e-05
4147,1.00025323383,0.000253201773327,0.000126592873109
4148,0.999841990766,-0.000158021718426,-7.9013980653e-05
4149,0.999222347533,-0.000777954995675,-0.000389053159395
4150,1.00050346444,0.000503337746702,0.000251637207397
4151,1.00069169156,0.00069145245067,0.00034566646891
4152,1.00050674999,0.000506621636142,0.000253278737594
4153,1.0008708891,0.000870510094936,0.000435160337731
4154,1.00014880146,0.000148790386661,7.43924260769e-05
4155,1.00029128918,0.000291246767761,0.00014561278131
4156,1.00034017978,0.000340121929113,0.00017004650501
4157,1.00006939977,6.93973653332e-05,3.46980806742e-05
4158,1.00076971411,0.000769418035855,0.000384635026902
4159,1.00068131452,0.000681082527243,0.000340483286027
4160,1.0004896505,0.000489530655623,0.000244735375222
4161,1.00013843743,0.000138427848109,6.92115288261e-05
4162,1.0004836912,0.000483574262839,0.000241757903267
4163,1.00053551991,0.000535376567247,0.000267652458312
4164,1.00001954535,1.95451569629e-05,9.77253072998e-06
4165,1.00013479816,0.000134789077171,6.73922676248e-05
4166,1.00021072672,0.000210704521961,0.000105346711626
4167,1.0005293936,0.000529253520294,0.000264591749574
4168,1.00080119564,0.000800874853676,0.000400357262472
4169,0.999573749062,-0.000426341808745,-0.000213193626904
4170,0.999762998065,-0.000237030024052,-0.000118522035207
4171,0.99969440591,-0.000305640793279,-0.000152832074271
4172,1.00045074777,0.000450646211626,0.000225297722469
4173,1.00025172728,0.000251695604072,0.000125839883533
4174,1.00084224606,0.000841891573951,0.000420857201728
4175,1.000185334,0.000185316831362,9.26541230227e-05
4176,0.999932161025,-6.78412766171e-05,-3.39212136198e-05
4177,1.00042908278,0.000428990748522,0.000214472371773
4178,0.999838215996,-0.000161797092626,-8.09018186885e-05
4179,1.00017566638,0.000175650952452,8.78216196819e-05
4180,0.999738068488,-0.000261965822033,-0.000130991489653
4181,0.999863845569,-0.000136163700944,-6.80841680938e-05
4182,1.00010830775,0.000108301885389,5.41494765586e-05
4183,1.00063644302,0.000636240575902,0.000318069693057
4184,0.999912845898,-8.71578999825e-05,-4.35798995675e-05
4185,0.999977683638,-2.23166108159e-05,-1.11583676621e-05
4186,1.00008086045,8.08571833464e-05,4.04277744488e-05
4187,1.00073741132,0.000737139564783,0.000368501868893
4188,0.999789310254,-0.000210711943934,-0.000105361522102
4189,0.99973607277,-0.000263962064846,-0.000131989742303
4190,1.00064660013,0.000646391173326,0.000323143364596
4191,1.00060762374,0.000607439211492,0.000303673487616
4192,1.00055271944,0.000552566747241,0.000276245210884
4193,1.00021668262,0.000216659144203,0.000108323704665
4194,1.00085379298,0.000853428709059,0.000426623324908
4195,1.00013074127,0.000130732728122,6.53642277268e-05
4196,1.00030157689,0.000301531422663,0.000150754346753
4197,1.00012189164,0.000121884214843,6.0940250489e-05
4198,1.00055723682,0.000557081625941,0.00027850202408
4199,0.999852165359,-0.000147845569926,-7.39255173192e-05
4200,0.99998878836,-1.1211703269e-05,-5.60586734744e-06
4201,1.00010082958,0.000100824494867,5.04109767574e-05
4202,1.00046175459,0.000461648018719,0.000230797371547
4203,0.999865136519,-0.000134872575676,-6.74385617156e-05
4204,1.00043181553,0.000431722328353,0.000215837867832
4205,1.000670458,0.000670233347964,0.000335060528662
4206,1.00101355858,0.00101304527289,0.000506394375513
4207,1.00020176793,0.000201747575296,0.000100868700058
4208,1.00067488023,0.00067465260162,0.00033726941269
4209,1.00026835846,0.000268322462166,0.000134152231868
4210,1.00025198966,0.000251957919253,0.000125971024611
4211,1.00035193114,0.000351869231186,0.000175919140006
4212,1.00007559832,7.55954604296e-05,3.77970158896e-05
4213,1.00005737214,5.73704980895e-05,2.86848376269e-05
4214,1.00020574242,0.000205721261066,0.00010285534056
4215,1.0004547306,0.000454627242959,0.000227287787696
4216,1.00019187638,0.000191857978259,9.59243880914e-05
4217,0.999633150253,-0.000366917052389,-0.000183475355739
4218,1.00027656816,0.000276529918794,0.000138255401238
4219,1.00003063072,3.06302485068e-05,1.53150069775e-05
4220,1.00050598885,0.000505860877987,0.000252898454787
4221,0.99998116223,-1.88379478155e-05,-9.41901826645e-06
4222,1.00048885145,0.000488731998836,0.000244336144479
4223,1.00037849371,0.000378422103331,0.000189193152384
4224,1.0006275971,0.000627400242135,0.000313650922329
4225,1.00033839406,0.000338336821336,0.000169154102499
4226,0.999790000605,-0.000210021447551,-0.000105016237595
4227,0.999460942159,-0.000539203184506,-0.000269637938029
4228,0.999971568489,-2.84319151797e-05,-1.42160586372e-05
4229,0.999806859152,-0.000193159502271,-9.658441511e-05
4230,1.0007203721,0.000720112761147,0.000359991568054
4231,1.00033656978,0.000336513158069,0.00016824242469
4232,1.00001893281,1.89326318844e-05,9.46627113674e-06
4233,1.00088376892,0.000883378630977,0.000441591785123
4234,1.00016104916,0.000161036193048,8.0514855029e-05
4235,1.00028313012,0.000283090045298,0.000141535005625
4236,1.000424613,0.000424522875226,0.000212238911748
4237,1.0001632947,0.00016328137242,8.16373537e-05
4238,1.00083397052,0.000833622956704,0.000416724624515
4239,1.00047871834,0.000478603786094,0.000239273262633
4240,0.999781770052,-0.000218253763916,-0.000109132836513
4241,1.00037001683,0.000369948389873,0.000184957088265
4242,1.00003441605,3.44154599083e-05,1.7207581902e-05
4243,0.99952551854,-0.000474594061733,-0.000237325188034
4244,1.00040735036,0.000407267410566,0.000203612973347
4245,1.00045225542,0.000452153178637,0.000226051035932
4246,0.999945114802,-5.48867039623e-05,-2.74437285532e-05
4247,0.999663791859,-0.000336264671728,-0.000168146470897
4248,1.00066815588,0.000667932760281,0.000333910619577
4249,0.999933861604,-6.61405836494e-05,-3.30708386529e-05
4250,1.00005897595,5.89742108692e-05,2.94866706941e-05
4251,1.00067036268,0.000670138084776,0.000335012913026
4252,1.00002104227,2.10420455226e-05,1.05209674156e-05
4253,1.00073655786,0.00073628673894,0.000368075613015
4254,0.999875249725,-0.000124758057037,-6.23809741302e-05
4255,1.00051386017,0.000513728189045,0.000256831107765
4256,1.00063927179,0.000639067540331,0.000319482724688
4257,1.00039536192,0.000395283787411,0.000197622363833
4258,1.00035588126,0.000355817944474,0.000177893147374
4259,0.999817051192,-0.0001829655449,-9.14869571267e-05
4260,1.00061309441,0.000612906549344,0.000306406322663
4261,1.00038069868,0.000380626235248,0.000190295009232
4262,0.999731886049,-0.000268149900304,-0.0001340839386
4263,1.00011560597,0.00011559928453,5.77979718975e-05
4264,1.00020341239,0.000203391708993,0.000101690683648
4265,1.00060586073,0.000605677274762,0.000302792786389
4266,0.999937578592,-6.24233558718e-05,-3.12121650254e-05
4267,1.00035145743,0.000351395686857,0.000175682409466
4268,1.00026306679,0.000263032195401,0.000131507449838
4269,0.999740855107,-0.000259178477002,-0.000129597635549
4270,0.999904616094,-9.53884556227e-05,-4.76953651991e-05
4271,1.00048817029,0.000488051173796,0.000243995815076
4272,1.00089078902,0.000890392502228,0.000445097165968
4273,1.00082631752,0.000825976304292,0.000412902884278
4274,0.999989105616,-1.08944434556e-05,-5.44723656404e-06
4275,1.00023199689,0.000231969982677,0.000115978265339
4276,1.00035223818,0.000352176163665,0.000176072579236
4277,1.00102635878,0.00102583243549,0.000512784698706
4278,1.0006000117,0.000599831762233,0.000299870910844
4279,0.999794963519,-0.000205057503498,-0.000102534008001
4280,1.00038941781,0.000389342003814,0.000194652054737
4281,0.999703581198,-0.000296462742839,-0.000148242358232
4282,1.00022969768,0.000229671301263,0.000114829057271
4283,0.99983494596,-0.000165067662753,-8.25372373869e-05
4284,1.00015722237,0.000157210007563,7.86019144888e-05
4285,0.999717781709,-0.000282258122212,-0.00014113902028
4286,1.0006553567,0.000655142047981,0.00032751737846
4287,1.00004008916,4.00883532528e-05,2.00439757433e-05
4288,0.999383845035,-0.000616344866028,-0.000308219923016
4289,1.00061137961,0.000611192795019,0.000305549707687
4290,0.999892101912,-0.000107903909379,-5.39534101223e-05
4291,1.00049622515,0.00049610206781,0.000248020271791
4292,1.00023464204,0.000234614519689,0.000117300379617
4293,1.0009767241,0.00097624741722,0.000488004595614
4294,1.00031775048,0.000317700005489,0.000158837386751
4295,1.00021380467,0.000213781814299,0.00010688519452
4296,1.00048269664,0.000482580179191,0.000241260981483
4297,1.00020132143,0.000201301163382,0.000100645516591
4298,0.999520476259,-0.000479638749356,-0.000239848133643
4299,1.00016496981,0.000164956200794,8.2474699172e-05
4300,0.999910800612,-8.92033666466e-05,-4.46026779932e-05
4301,0.999604152074,-0.000395926294448,-0.000197982743221
4302,1.00001599527,1.59951464204e-05,7.99754122982e-06
4303,1.00052267963,0.000522543076297,0.000261237409713
4304,1.00045598285,0.000455878917057,0.000227913482304
4305,1.00054649854,0.000546349266793,0.000273137324604
4306,1.0006255541,0.000625358520417,0.000312630381143
4307,0.999751073539,-0.00024895744835,-0.000124486471973
4308,1.00058485424,0.00058468327878,0.000292298911737
4309,0.99970235975,-0.000297684553656,-0.000148853354389
4310,1.00055228691,0.00055213445858,0.000276029126239
4311,1.00052892699,0.000528787161041,0.000264358631618
4312,1.00013628459,0.000136275300964,6.81353291648e-05
4313,0.999853964356,-0.000146046307828,-7.30258201693e-05
4314,1.00103332966,0.00103279614025,0.000516264759591
4315,1.0008785544,0.000878168701743,0.000438987967445
4316,0.999918053506,-8.19498518908e-05,-4.09757654292e-05
4317,1.00027089721,0.000270860525855,0.000135421092663
4318,1.00039838387,0.000398304535736,0.000199132438372
4319,1.00033304407,0.000332988622056,0.000166480451619
4320,0.99996562145,-3.43791405802e-05,-1.71897180317e-05
4321,1.00066378394,0.000663563732729,0.000331726832848
4322,0.999988091848,-1.19082233826e-05,-5.95412941706e-06
4323,1.00022172433,0.000221699752051,0.000110843732405
4324,1.00044488231,0.000444783382018,0.00022236696381
4325,1.00037770285,0.000377631534254,0.000188797942552
4326,0.999678294186,-0.00032175757263,-0.000160891728001
4327,1.0001918177,0.000191799302284,9.58950529174e-05
4328,1.0001125172,0.000112510868577,5.62538519812e-05
4329,1.0006444553,0.000644247724038,0.000322071985698
4330,1.00040587777,0.000405795427561,0.000202877131432
4331,0.999688476858,-0.000311571675833,-0.00015579797316
4332,1.00047568257,0.000475569473793,0.000237756468346
4333,0.999606186218,-0.000393891346916,-0.00019696506853
4334,1.00033415142,0.000334095600199,0.000167033848392
4335,1.00046815376,0.000468044211864,0.000233994724895
4336,0.999932045992,-6.79563167216e-05,-3.39787356249e-05
4337,1.00033622489,0.000336168377609,0.000168070063449
4338,1.00082538805,0.000825047604858,0.000412438726184
4339,1.0002722845,0.000272247438011,0.000136114454592
4340,0.999602049737,-0.000398029466582,-0.000199034538037
4341,1.00136628689,0.00136535436803,0.000682444212962
4342,1.00004634804,4.6346966169e-05,2.31732145813e-05
4343,1.00056222953,0.000562071542655,0.000280996284474
4344,0.999609480185,-0.000390596088076,-0.000195317115943
4345,1.00076860123,0.000768306003907,0.000384079224637
4346,0.99996587474,-3.41258424284e-05,-1.70630667866e-05
4347,1.00060939033,0.000609204727282,0.000304555977051
4348,1.00003234579,3.23452689749e-05,1.61725037111e-05
4349,0.999952058326,-4.79428230102e-05,-2.39716988217e-05
4350,1.00007332986,7.33271715985e-05,3.66629136982e-05
4351,1.00022334072,0.000223315781946,0.000111651657463
4352,1.00011990563,0.000119898439691,5.9947422927e-05
4353,0.999694180766,-0.000305866006284,-0.00015294469799
4354,1.000789823,0.00078951125505,0.000394677721774
4355,0.999903089402,-9.69152943228e-05,-4.84588212522e-05
4356,1.00017455756,0.000174542324033,8.72673539994e-05
4357,1.00010152248,0.000101517330889,5.07573772451e-05
4358,1.00053120597,0.00053106492644,0.000265497212596
4359,1.00043941686,0.000439320342263,0.000219636047603
4360,1.00013281602,0.000132807200016,6.64013953375e-05
4361,1.00041042281,0.000410338608119,0.000205148258277
4362,1.00043151224,0.000431419168089,0.000215686320405
4363,1.00052106174,0.000520926038258,0.000260429101582
4364,1.00000535199,5.35197616072e-06,2.67598449988e-06
4365,1.00011226447,0.000112258172622,5.61275111033e-05
4366,1.00049814165,0.000498017620078,0.000248977809919
4367,1.00013402487,0.000134015889392,6.70056997137e-05
4368,0.999798305656,-0.000201714686965,-0.000100862429755
4369,0.999932020698,-6.79816127037e-05,-3.39913840459e-05
4370,1.00053599728,0.000535853681496,0.000267890951557
4371,1.00033231336,0.000332258156211,0.000166115279434
4372,1.00010944061,0.000109434624202,5.47158151364e-05
4373,1.00024989072,0.000249859505041,0.000124921949124
4374,1.00115971225,0.00115904030791,0.000579352264585
4375,1.00016306705,0.000163053757851,8.15235557e-05
4376,0.999506229003,-0.000493892942165,-0.000246976964872
4377,1.00039697452,0.000396895747279,0.000198428184162
4378,0.999638179895,-0.00036188557776,-0.000180959160014
4379,1.00043365019,0.000433556190249,0.000216754600451
4380,1.00093369749,0.000933261864972,0.000466522077205
4381,1.00001657417,1.65740318673e-05,8.28698159638e-06
4382,1.0003151352,0.000315085550975,0.000157530366276
4383,1.0003418414,0.00034178299014,0.00017087689395
4384,1.00052849157,0.000528351965116,0.000264141091156
4385,0.999526506504,-0.000473605629834,-0.000236830854917
4386,0.999828324659,-0.000171690078798,-8.58487241897e-05
4387,0.999981660719,-1.83394489544e-05,-9.16976651921e-06
4388,0.9997771082,-0.000222916643774,-0.000111464533597
4389,1.00052703361,0.00052689477949,0.000263412690529
4390,1.00021748401,0.00021746036818,0.000108724273178
4391,1.0003370875,0.000337030700206,0.000168501152189
4392,0.99998111478,-1.88853986987e-05,-9.44274393166e-06
4393,1.0007282243,0.000727959273848,0.000363913404372
4394,1.00007186407,7.18614903241e-05,3.59300996606e-05
4395,1.00069856757,0.000698323682812,0.000349100891504
4396,1.00054023459,0.000540088712844,0.000270007897726
4397,1.00025221071,0.000252178909818,0.000126081505968
4398,1.00012168591,0.000121678510782,6.08374047211e-05
4399,0.999999872352,-1.27648402224e-07,-6.38242032558e-08
4400,0.999875038661,-0.000124969146853,-6.24865256282e-05
4401,0.999793832316,-0.000206188939434,-0.000103099784134
4402,1.00025154518,0.000251513551204,0.00012574886855
4403,0.999485210376,-0.000514922173663,-0.000257494232782
4404,0.999963537215,-3.64634495858e-05,-1.82318909918e-05
4405,1.00038444764,0.000384373755711,0.000192168411141
4406,0.999970187296,-2.98131487887e-05,-1.4906685498e-05
4407,1.00027341214,0.000273374771815,0.000136678044612
4408,0.999945873246,-5.41282189291e-05,-2.7064475701e-05
4409,0.999714114273,-0.000285926600434,-0.000142973519957
4410,1.00004218713,4.21862421862e-05,2.10928986347e-05
4411,1.00038400281,0.000383929098594,0.000191946125282
4412,1.00028479927,0.000284758724838,0.000142369226958
4413,1.00042541684,0.00042532637448,0.000212640576027
4414,1.00063273134,0.000632531252843,0.00031621561972
4415,1.00000784236,7.84233283869e-06,3.9211587316e-06
4416,1.00034295638,0.000342897583997,0.000171434095494
4417,0.999462472604,-0.000537671915721,-0.000268872097485
4418,0.999742659199,-0.000257373919158,-0.000128695240101
4419,1.00049182628,0.00049170537335,0.000245822467379
4420,1.00113888763,0.00113823959344,0.000568957878769
4421,1.00030260534,0.000302559565683,0.000151268340632
4422,1.00009102372,9.10195733601e-05,4.55087511254e-05
4423,1.00077123333,0.000770936081533,0.000385393757506
4424,1.00087750564,0.000877120853164,0.000438464273015
4425,1.00029000853,0.000289966484768,0.000144972732822
4426,0.999968186305,-3.18142007633e-05,-1.59072269001e-05
4427,1.00012175172,0.000121744308277,6.08703014666e-05
4428,0.999863185769,-0.000136823590453,-6.84141353671e-05
4429,1.00016809665,0.000168082525065,8.40377311648e-05
4430,1.00008058924,8.05859958694e-05,4.02921861827e-05
4431,0.999901736769,-9.82680592645e-05,-4.91352367284e-05
4432,1.00034881437,0.000348753545724,0.000174361570116
4433,1.00045176755,0.000451665531634,0.000225807267517
4434,1.00017751079,0.000177495039722,8.87435819165e-05
4435,1.00013357063,0.000133561710104,6.67786252602e-05
4436,1.00007533998,7.53371435891e-05,3.76678623428e-05
4437,1.00016047231,0.000160459438384,8.02265008742e-05
4438,1.0003317071,0.000331652101762,0.000165812302502
4439,0.999529302308,-0.000470808504683,-0.000235431962097
4440,1.00027738303,0.000277344564289,0.000138662667588
4441,1.00068534799,0.000685113249887,0.000342497959122
4442,0.999846169606,-0.000153842227061,-7.69240720355e-05
4443,1.00070277765,0.000702530818948,0.000351203723003
4444,1.00040353386,0.000403452464157,0.00020170588671
4445,1.00006991508,6.99126377877e-05,3.49557079289e-05
4446,1.00012352617,0.000123518541404,6.17573636373e-05
4447,1.00013394657,0.000133937597869,6.69665565747e-05
4448,0.999512435116,-0.000487683782342,-0.000243871623022
4449,1.00079070925,0.000790396802417,0.000395120320607
4450,1.00027504379,0.000275005976809,0.000137493535302
4451,0.999919714302,-8.02889213232e-05,-4.01452664611e-05
4452,1.00023650068,0.000236472722116,0.000118229371415
4453,0.999827209191,-0.000172805739285,-8.64066024782e-05
4454,0.999737818569,-0.000262215806697,-0.000131116498365
4455,0.999863765242,-0.00013624403921,-6.81243399623e-05
4456,0.999648745727,-0.000351315977157,-0.000175673417346
4457,1.00030017977,0.000300134728649,0.000150056104781
4458,1.00065367337,0.000653459815539,0.000326676537366
4459,1.00062891276,0.000628715074622,0.000314308132157
4460,1.00013155527,0.000131546622045,6.5771148006e-05
4461,0.999592635028,-0.000407447967487,-0.000203744736883
4462,1.00055272335,0.000552570652973,0.00027624716321
4463,1.00073917226,0.000738899210468,0.000369381367132
4464,1.00018599106,0.000185973763308,9.29825585081e-05
4465,1.00020829799,0.000208276302941,0.000104132729281
4466,1.00031903634,0.000318985454478,0.00015948000895
4467,1.00056229366,0.000562135628356,0.000281028318321
4468,1.00018563356,0.000185616329192,9.28038580517e-05
4469,1.00045083035,0.000450728756977,0.000225338985844
4470,1.00061369709,0.000613508850256,0.0003067073808
4471,0.999964226397,-3.57742432719e-05,-1.78872816115e-05
4472,1.00060241173,0.000602230349313,0.000301069844032
4473,1.00044738746,0.000447287416921,0.000223618702071
4474,1.00041591796,0.000415831486364,0.000207894130202
4475,0.999857555546,-0.00014245459997,-7.12298367094e-05
4476,0.999436673725,-0.000563485003312,-0.000281782194802
4477,0.999532012216,-0.000468097324689,-0.000234076053869
4478,0.999986292526,-1.37075680901e-05,-6.85380753218e-06
4479,0.999704904959,-0.000295138590494,-0.000147580184131
4480,1.00009693324,9.69285444252e-05,4.84630978388e-05
4481,1.00069160862,0.000691369566034,0.000345625040917
4482,1.00036940001,0.000369331803193,0.000184648851899
4483,1.00008961013,8.96061170406e-05,4.48020548782e-05
4484,1.00013567255,0.000135663348213,6.78293735905e-05
4485,1.00046510142,0.000464993296215,0.000232469622857
4486,1.00026068913,0.000260655161417,0.000130319088438
4487,1.00012093407,0.000120926758823,6.04615515382e-05
4488,1.00026821599,0.000268180022727,0.0001340810217
4489,1.00064260158,0.000642395202682,0.000321146022914
4490,1.00005629578,5.62941966864e-05,2.81467022173e-05
4491,0.999677388158,-0.000322663892718,-0.000161344961057
4492,0.999671463204,-0.000328590775824,-0.000164308885139
4493,1.00015009594,0.000150084677642,7.50395232153e-05
4494,1.00041918336,0.000419095525864,0.000209525809333
4495,1.00028796742,0.000287925962003,0.000143952618829
4496,1.00063535279,0.000635151034979,0.000317525095723
4497,0.999650411247,-0.000349649873086,-0.000174840219313
4498,1.00002903263,2.90322062349e-05,1.45159977593e-05
4499,1.0003520279,0.000351965952574,0.000175967492191
4500,1.00043621102,0.000436115910926,0.000218034182555
4501,1.00017209327,0.000172078465729,8.60355315956e-05
4502,1.00001130142,1.1301352548e-05,5.650660309e-06
4503,0.999913093675,-8.69101015657e-05,-4.34559949671e-05
4504,1.00000365007,3.65006706976e-06,1.82503186952e-06
4505,1.00050263008,0.000502503802783,0.000251220340276
4506,1.00024788228,0.000247851564715,0.000123918103875
4507,1.00000871214,8.71210346025e-06,4.35604224258e-06
4508,1.00024423485,0.000244205030953,0.000122095061268
4509,1.00062612718,0.000625931244341,0.000312916653539
4510,1.00002903179,2.903136991e-05,1.4515579603e-05
4511,0.999442487404,-0.000557668063558,-0.000278872909601
4512,1.00048863087,0.000488511533728,0.000244225938853
4513,1.00004133031,4.13294544701e-05,2.06645137211e-05
4514,1.00025644924,0.000256416358162,0.000128199960764
4515,0.999899482392,-0.000100522659878,-5.0262593061e-05
4516,1.00016185153,0.000161838432054,8.09159421558e-05
4517,1.00010122282,0.000101217695321,5.06075670546e-05
4518,1.00049626715,0.000496144050834,0.000248041258096
4519,1.00006453967,6.45375887092e-05,3.22682737226e-05
4520,0.999678932649,-0.000321118904604,-0.000160572342661
4521,1.00037723995,0.000377168815488,0.000188566626822
4522,0.999839828861,-0.000160183967946,-8.00951914217e-05
4523,1.0006055923,0.000605409000547,0.000302658689889
4524,1.00097611469,0.000975638597586,0.000487700334304
4525,0.999852725268,-0.00014728557815,-7.36455007717e-05
4526,1.00009082621,9.08220815701e-05,4.54100097194e-05
4527,1.00053013874,0.0005299982691,0.000264964025381
4528,1.00017757628,0.000177560516376,8.87763173373e-05
4529,0.999771661243,-0.000228364829912,-0.000114188934016
4530,1.00017114359,0.000171128947013,8.55608129716e-05
4531,0.999471813884,-0.000528325655129,-0.000264197721637
4532,1.00023751386,0.000237485659041,0.00011873577987
4533,0.99999788456,-2.11544194329e-06,-1.05772153103e-06
4534,1.00021013877,0.000210116694119,0.000105052828624
4535,1.00022865316,0.000228627027759,0.000114306980339
4536,0.999625322878,-0.000374747330768,-0.000187391220926
4537,1.00000247762,2.47761782759e-06,1.23880814651e-06
4538,1.00030491777,0.000304871290738,0.000152424027646
4539,1.00071220471,0.000711951208443,0.000355912252423
4540,1.00060198996,0.000601808832111,0.000300859148862
4541,1.00097401357,0.000973539530234,0.000486651311935
4542,1.000211908,0.000211885546741,0.000105937161633
4543,0.999991134298,-8.86574106041e-06,-4.43288035545e-06
4544,0.999749899794,-0.000250131485874,-0.000125073563983
4545,1.00038887498,0.000388799386144,0.000194380798676
4546,1.0002051993,0.000205178253904,0.000102583864867
4547,1.00036564249,0.000365575659425,0.000182771125035
4548,1.00043570398,0.000435609083671,0.000217780824148
4549,1.00029543634,0.000295392708766,0.000147685447814
4550,1.0002793173,0.000279278298399,0.000139629400107
4551,0.999849412915,-0.000150598424242,-7.53020471778e-05
4552,0.999475849367,-0.000524288047513,-0.000262178386504
4553,0.999525368637,-0.000474744035844,-0.000237400192889
4554,1.00033398971,0.000333933951642,0.000166953037611
4555,1.00040172482,0.000401644151235,0.000200801912214
4556,1.00033408508,0.000334029283411,0.000167000695537
4557,0.999950499423,-4.95018018004e-05,-2.47512072062e-05
4558,0.99993160033,-6.84020097604e-05,-3.42015897412e-05
4559,1.00009941587,9.94109277283e-05,4.9704228568e-05
4560,1.00055862664,0.000558470661631,0.000279196348259
4561,1.00040446782,0.000404386045052,0.000202172582894
4562,0.999285822238,-0.000714432908807,-0.000357280263799
4563,1.0001220314,0.000122023952517,6.10101150657e-05
4564,1.00025236614,0.000252334297885,0.000126159190202
4565,1.00034343191,0.000343372955697,0.000171671740569
4566,1.00003164421,3.16437117187e-05,1.58217306944e-05
4567,1.00013679762,0.000136788264875,6.8391793612e-05
4568,1.00057650732,0.00057634120579,0.000288129085735
4569,0.999812842837,-0.000187174679124,-9.35917189939e-05
4570,1.0004788347,0.000478720094293,0.000239331402816
4571,1.00049230226,0.000492181114491,0.000246060279448
4572,1.00005544528,5.54437388929e-05,2.7721485199e-05
4573,1.00052093529,0.000520799651794,0.000260365924805
4574,1.0001076544,0.000107648606721,5.38228548587e-05
4575,1.00012457909,0.000124571327194,6.22837238852e-05
4576,0.999901299598,-9.8705272973e-05,-4.9353854348e-05
4577,1.0000498676,4.9866355697e-05,2.49328670194e-05
4578,1.00037429901,0.000374228973344,0.000187096981848
4579,0.999870009434,-0.000129999015396,-6.50016202117e-05
4580,1.00022830019,0.000228274133738,0.000114130553482
4581,0.999945303473,-5.46980229868e-05,-2.7349385481e-05
4582,1.00023621203,0.00023618413664,0.000118085095726
4583,1.00029013778,0.000290095696567,0.000145037329353
4584,1.00039943521,0.000399355454276,0.000199657792868
4585,1.00043975867,0.000439661999918,0.000219806838895
4586,1.00077875931,0.000778456235049,0.000389152378088
4587,1.00010996207,0.000109956019998,5.49764987358e-05
4588,0.999906438686,-9.35656907359e-05,-4.67839397023e-05
4589,1.00101631278,0.00101579667911,0.000507769381027
4590,1.00069864762,0.00069840367646,0.000349140874364
4591,1.00002126716,2.12669295786e-05,1.06334082542e-05
4592,1.00000173159,1.73158780941e-06,8.65793529869e-07
4593,1.00027791396,0.000277875351142,0.000138928024179
4594,0.999415923856,-0.000584246783163,-0.000292166063775
4595,1.00001240588,1.24057988246e-05,6.20288017439e-06
4596,1.00084166338,0.00084130937738,0.000420566225911
4597,1.0002285953,0.000228569180661,0.000114278060096
4598,1.00024734942,0.000247318838815,0.000123651773897
4599,1.00046771324,0.000467603897207,0.000233774619058
4600,1.00030179601,0.000301750481704,0.000150863859755
4601,0.999343634157,-0.000656581345198,-0.000328344565879
4602,1.0001667217,0.000166707807266,8.33504297929e-05
4603,1.00038999654,0.000389920508993,0.000194941250981
4604,1.00011707995,0.000117073096628,5.85348350839e-05
4605,0.999795837041,-0.000204183803009,-0.00010209711306
4606,0.9997656898,-0.000234337654988,-0.000117175692029
4607,0.999907013512,-9.29908119949e-05,-4.64964869256e-05
4608,0.999749396376,-0.000250635030219,-0.000125325367677
4609,1.00052153861,0.000521402651589,0.000260667346157
4610,1.0009781736,0.000977695502311,0.000488728284561
4611,0.999737355943,-0.000262678553782,-0.000131347902271
4612,1.00041555289,0.000415466575227,0.000207711712548
4613,1.00087031551,0.000869937008451,0.00043487391914
4614,1.00053352569,0.000533383411111,0.000266656146484
4615,1.00068518221,0.000684947582332,0.000342415153711
4616,0.999879420314,-0.000120586956607,-6.02952959918e-05
4617,1.00049156782,0.000491447044741,0.000245693334818
4618,1.00057107496,0.00057091195972,0.000285415241178
4619,0.999660618854,-0.000339438748696,-0.000169733777496
4620,1.00065895363,0.000658736611422,0.000329314069926
4621,1.00020074196,0.00020072181766,0.000100355872842
4622,0.999938421821,-6.15800755092e-05,-3.07905117727e-05
4623,1.00029428344,0.00029424014764,0.000147109252193
4624,1.00056267342,0.000562515174613,0.000281218038099
4625,1.00025837632,0.000258342941788,0.000129163128619
4626,1.00029497227,0.000294928778589,0.000147453516956
4627,1.00067670637,0.000676477507823,0.000338181557633
4628,1.00041574726,0.000415660857784,0.000207808833645
4629,1.00022328357,0.000223258643149,0.000111623091254
4630,1.00053122771,0.000531086657745,0.000265508075363
4631,1.0006702989,0.000670074345889,0.000334981054258
4632,1.00033351846,0.000333462859553,0.000166717530864
4633,0.999978839233,-2.11609910281e-05,-1.05805514876e-05
4634,1.00063171577,0.000631516323941,0.000315708315609
4635,0.999853715666,-0.00014629503474,-7.31501927151e-05
4636,1.00028652109,0.000286480047742,0.000143229765509
4637,1.0008522708,0.000851907824747,0.000425863206885
4638,1.00017429786,0.000174282674783,8.71375406957e-05
4639,1.00038314601,0.000383072623845,0.000191517970014
4640,1.00000945946,9.45941317059e-06,4.72969540022e-06
4641,0.999923232186,-7.67707612052e-05,-3.83861173308e-05
4642,1.00015096867,0.000150957278214,7.54757906661e-05
4643,1.00074509689,0.000744819442396,0.000372340385305
4644,0.999728374285,-0.000271662611943,-0.000135840531461
4645,0.999709352331,-0.000290689915718,-0.000145355520949
4646,1.00024423231,0.000244202488007,0.00012209378995
4647,0.999494716677,-0.00050541102204,-0.000252737443748
4648,1.00048487847,0.000484760950893,0.000242351103672
4649,1.00038234247,0.000382269391047,0.000191116430451
4650,1.00057816473,0.000577997654972,0.000288957071347
4651,0.999764452659,-0.000235575086396,-0.000117794480423
4652,1.00007717025,7.71672774573e-05,3.85828943896e-05
4653,1.00036198773,0.000361922230726,0.000180944742888
4654,0.999967054046,-3.29464971868e-05,-1.6473384278e-05
4655,0.99944705142,-0.000553101512673,-0.000276589000022
4656,1.00040051194,0.000400431752053,0.000200195834166
4657,1.00052032203,0.000520186714027,0.000260059535669
4658,0.999631963629,-0.0003681041126,-0.000184068994919
4659,0.999967649137,-3.23513866506e-05,-1.61758241526e-05
4660,1.00041657453,0.000416487782531,0.000208222210011
4661,1.00041717431,0.000417087316393,0.000208521914479
4662,1.0000742389,7.42361452675e-05,3.71173837667e-05
4663,0.999642092351,-0.000357971713631,-0.000179001875739
4664,1.00013798883,0.00013797931418,6.8987277358e-05
4665,0.999700350887,-0.000299694016835,-0.000149858236041
4666,1.0002284838,0.000228457698591,0.000114222325429
4667,1.00036318841,0.000363122475818,0.000181544756665
4668,1.00035957902,0.000359514391041,0.000179741040164
4669,0.999808050759,-0.000191967665825,-9.59884395082e-05
4670,1.000259522,0.000259488331916,0.000129735749548
4671,1.00013959308,0.000139583335671,6.97892324539e-05
4672,1.00051340036,0.000513268614799,0.000256601379632
4673,0.999869576509,-0.000130431996876,-6.52181250476e-05
4674,1.00037374722,0.000373677389875,0.000186821241675
4675,1.00043217164,0.000432078281472,0.000216015805961
4676,1.00073235715,0.000732089111406,0.000365977569568
4677,0.999336551605,-0.00066366857391,-0.000331889350043
4678,1.00062983017,0.000629631915153,0.000314766408233
4679,1.00029044505,0.000290402880554,0.000145190899058
4680,1.00061051152,0.000610325233951,0.0003051160596
4681,1.00015331258,0.000153300833254,7.66474790588e-05
4682,1.00059526883,0.000595091723316,0.000297501599278
4683,1.00062706188,0.000626865354349,0.000313383562284
4684,1.00020203666,0.000202016254464,0.000101003026083
4685,1.00070596123,0.00070571215844,0.000352793832835
4686,0.999388357647,-0.000611829482071,-0.000305961537722
4687,1.00006051506,6.05132275921e-05,3.02561560693e-05
4688,1.00012500001,0.000124992202311,6.24941483151e-05
4689,1.00056136082,0.000561203312804,0.000280562291439
4690,1.00049330618,0.000493184539696,0.000246561868473
4691,0.999973918842,-2.6081497653e-05,-1.30408338574e-05
4692,1.00029249622,0.000292453455382,0.000146216037084
4693,1.00061819216,0.000618001154532,0.000308952841505
4694,1.00018043399,0.000180417717633,9.02047901198e-05
4695,1.00003826292,3.82621852052e-05,1.91309096044e-05
4696,1.00004811794,4.81167868344e-05,2.40581040164e-05
4697,1.00070284952,0.000702602633871,0.000351239617853
4698,1.00014391694,0.000143906587236,7.19507050416e-05
4699,1.00016081493,0.000160801997414,8.03977666333e-05
4700,1.00033483215,0.00033477610569,0.000167374044246
4701,1.0007178524,0.000717594862663,0.000358733071231
4702,1.00012958508,0.000129576688908,6.47862457347e-05
4703,1.00033019047,0.000330135969244,0.000165054361652
4704,1.00040260959,0.000402528567834,0.00020124403162
4705,1.00021400715,0.000213984252086,0.00010698640259
4706,1.00002853289,2.85324818038e-05,1.42661391396e-05
4707,1.00087823586,0.000877850433306,0.000438828903072
4708,0.999651208883,-0.000348851958741,-0.000174441192466
4709,1.00062500275,0.00062480751375,0.000312354963903
4710,1.00034546285,0.000345403191328,0.000172686683602
4711,1.00039521184,0.000395133763745,0.000197547366821
4712,1.00057301607,0.000572851960394,0.000286384964192
4713,0.999940644128,-5.93576336967e-05,-2.96792572687e-05
4714,1.00003786983,3.78691080441e-05,1.89343747645e-05
4715,1.000202919,0.000202898410548,0.000101444059477
4716,0.999898447086,-0.000101558070882,-5.07803247178e-05
4717,1.00059968779,0.000599508051829,0.000299709104165
4718,1.00029048714,0.000290444954551,0.000145211933002
4719,1.00026891649,0.000268880338449,0.00013443113255
4720,1.00076328343,0.000762992278642,0.000381423378922
4721,0.999974164847,-2.5835487094e-05,-1.29178269814e-05
4722,1.00027368648,0.000273649030319,0.000136815155112
4723,1.00016128046,0.00016126745855,8.06304784631e-05
4724,1.00028102796,0.000280988479901,0.000140484371097
4725,0.999851269647,-0.000148741414654,-7.43734728967e-05
4726,1.00029572382,0.000295680097821,0.000147829121109
4727,1.00024664572,0.000246615306221,0.000123300051034
4728,1.00014051849,0.000140508617741,7.02518410945e-05
4729,1.00071078754,0.000710535050345,0.000355204425138
4730,1.00076472101,0.000764428764372,0.000382141347574
4731,1.00004379077,4.37898067479e-05,2.18946636823e-05
4732,1.0005680694,0.000567908112886,0.000283913745306
4733,1.00034926227,0.000349201294625,0.000174585405507
4734,0.999760696573,-0.000239332064403,-0.000119673192467
4735,0.999952808472,-4.719264111e-05,-2.35965989503e-05
4736,1.00009281668,9.28123713223e-05,4.64051089109e-05
4737,1.00051850263,0.00051836825265,0.000259150541021
4738,1.00009019242,9.01883546823e-05,4.50931606141e-05
4739,0.999894249542,-0.000105756049828,-5.28794229813e-05
4740,0.999766476446,-0.000233550825365,-0.000116782231196
4741,1.00024265298,0.000242623544815,0.000121304414432
4742,1.00072378313,0.000723521329625,0.000361695237313
4743,1.00047160946,0.000471498285951,0.00023572135633
4744,1.0008803436,0.000879956329595,0.000439881388598
4745,0.99992436542,-7.56374406e-05,-3.78194354367e-05
4746,1.0002341438,0.000234116393923,0.000117051345918
4747,1.00016799399,0.000167979880215,8.3986413051e-05
4748,1.00010005439,0.000100049386518,5.00234420449e-05
4749,0.999677863239,-0.000322188657959,-0.000161107305368
4750,0.999897063925,-0.000102941373617,-5.14720114473e-05
4751,1.00069077397,0.000690535498438,0.000345208151169
4752,1.00047099211,0.000470881224612,0.00023541289834
4753,1.00085796656,0.00085759871641,0.000428707436899
4754,1.00036937588,0.000369307677789,0.000184636791424
4755,1.00017019915,0.000170184665665,8.50887125825e-05
4756,1.00026218145,0.00026214708728,0.000131064953879
4757,0.999847535052,-0.000152476572235,-7.62411923294e-05
4758,1.00065378238,0.000653568759357,0.000326730991479
4759,1.00096859535,0.000968126567799,0.00048394614417
4760,1.00029976253,0.000299717608189,0.000149847575825
4761,1.00013032686,0.000130318364862,6.51570596178e-05
4762,1.00051361352,0.000513481661526,0.000256707875656
4763,1.00035077392,0.000350712413969,0.000175340832984
4764,1.00064064502,0.000640439891256,0.000320168680693
4765,1.00052109425,0.000520958531741,0.000260445344092
4766,0.999594089808,-0.000405992596151,-0.000203016903218
4767,1.00026538639,0.000265351176582,0.000132666787275
4768,1.0002900702,0.000290028138536,0.000145003555236
4769,1.0005887907,0.000588617431624,0.00029426541125
4770,1.00091246661,0.000912050569529,0.000455921321038
4771,1.00017463882,0.000174623575625,8.73079762496e-05
4772,1.00006513241,6.51302916138e-05,3.25646155683e-05
4773,1.00048607934,0.000485961240283,0.000242951102741
4774,1.00041364407,0.000413558539464,0.000206757892372
4775,0.999888133451,-0.000111872806741,-5.59379678404e-05
4776,1.00048746034,0.000487341574018,0.000243641101694
4777,0.999830084421,-0.000169930016147,-8.49686177022e-05
4778,1.00001254702,1.25469399089e-05,6.27345027626e-06
4779,0.999873399198,-0.000126608816078,-6.33064118052e-05
4780,1.00050778123,0.000507652353277,0.0002537939655
4781,1.00028598309,0.000285942199978,0.000142960880108
4782,1.00140475318,0.00140376743525,0.000701637454869
4783,1.00007745539,7.74523936046e-05,3.87254469528e-05
4784,0.999893299764,-0.000106705928992,-5.3354387791e-05
4785,0.999740569653,-0.000259464005286,-0.000129740418203
4786,1.00084589264,0.000845535076077,0.000422678184435
4787,1.00006127674,6.12748581541e-05,3.06369597559e-05
4788,1.00031868197,0.000318631196821,0.000159302908355
4789,0.999912862586,-8.7141210486e-05,-4.35715544556e-05
4790,1.00018572439,0.000185707147113,9.28492627967e-05
4791,0.999553619295,-0.000446480362671,-0.000223265101279
4792,1.00046973768,0.000469627391086,0.000234786128965
4793,1.00013015211,0.000130143644061,6.50697049054e-05
4794,0.999994080371,-5.91964607874e-06,-2.9598274196e-06
4795,1.00060817934,0.000607994475913,0.000303951035478
4796,1.00072655461,0.000726290796906,0.000363079469143
4797,1.00044884363,0.000448742927257,0.000224346294234
4798,0.999758509266,-0.000241519897413,-0.000120767240483
4799,1.00032090902,0.000320857540739,0.000160415902363
4800,1.0000386163,3.86155575498e-05,1.93075923809e-05
4801,1.00053226493,0.000532123323993,0.000266026270731
4802,1.00017738499,0.000177369257861,8.86806965653e-05
4803,0.999954917493,-4.50835231455e-05,-2.25420156401e-05
4804,0.999748423751,-0.000251607899163,-0.00012581186323
4805,1.00006322435,6.32223532781e-05,3.16106770111e-05
4806,1.00084219087,0.000841836430038,0.000420829641375
4807,1.00012420844,0.000124200725127,6.20984343761e-05
4808,0.999764207271,-0.000235820532873,-0.000117917218125
4809,1.00077869449,0.000778391463188,0.00038912000476
4810,1.00018345134,0.000183434517728,9.17130529647e-05
4811,0.999434847276,-0.000565312482799,-0.000282696192439
4812,1.0001031769,0.000103171576357,5.15844576546e-05
4813,0.999643049189,-0.000357014532843,-0.000178523199792
4814,1.00034504027,0.000344980756356,0.000172475502568
4815,1.00008138984,8.13865288356e-05,4.06924364581e-05
4816,1.00042240977,0.000422320578493,0.000211137996482
4817,1.0006261964,0.000626000423359,0.000312951232224
4818,0.999483330794,-0.000516802725493,-0.000258434751254
4819,0.999955696469,-4.43045124228e-05,-2.21525015744e-05
4820,1.00029727526,0.000297231083808,0.000148604499162
4821,0.999592176379,-0.000407906803608,-0.000203974201713
4822,0.999952541152,-4.7459974565e-05,-2.37302688408e-05
4823,0.99964556731,-0.0003544955157,-0.000177263467162
4824,1.00041373443,0.000413648861469,0.000206803044037
4825,1.00116743729,0.00116675636309,0.000583208049577
4826,0.99994143741,-5.85643043899e-05,-2.92825809214e-05
4827,1.0000381216,3.81208754282e-05,1.90602560651e-05
4828,1.0001116289,0.00011162267124,5.58097781965e-05
4829,1.00025657673,0.000256543823891,0.000128263685456
4830,1.00021943075,0.000219406673693,0.000109697319656
4831,0.999673876487,-0.000326176702634,-0.000163101650945
4832,1.000750359,0.000750077623241,0.000374968493356
4833,1.00003360657,3.36060053136e-05,1.68028614872e-05
4834,1.00024769831,0.000247667635022,0.00012382615042
4835,1.00002975235,2.97519123594e-05,1.48758455332e-05
4836,1.00019640288,0.00019638359292,9.81869758034e-05
4837,1.00033204398,0.000331988862147,0.00016598065476
4838,0.999745032374,-0.000255000135965,-0.000127508196462
4839,1.0006086148,0.000608429672806,0.000304168567762
4840,1.00088832397,0.000887929648583,0.000443866286492
4841,1.00013161349,0.000131604829872,6.58002500046e-05
4842,0.999819772363,-0.000180243879593,-9.01260009007e-05
4843,1.00004383419,4.38332337591e-05,2.19163767123e-05
4844,1.00025243345,0.000252401597616,0.000126192835822
4845,1.00028209492,0.000282055135675,0.000141017623917
4846,1.00014897119,0.000148960097033,7.44772749464e-05
4847,1.00030637069,0.000306323770743,0.000153150156689
4848,1.00075889221,0.000758604394207,0.000379230271119
4849,1.0005770364,0.000576869981317,0.000288393397286
4850,1.00018214317,0.000182126588103,9.10591479157e-05
4851,1.00011017672,0.000110170646157,5.508380591e-05
4852,1.00041872087,0.000418633232067,0.000209294710839
4853,0.999571058157,-0.000429033864751,-0.000214539942778
4854,1.00034240085,0.000342342247804,0.000171156474961
4855,0.999985277126,-1.47229818961e-05,-7.36151804404e-06
4856,1.00021820958,0.00021818577885,0.000109086939012
4857,0.999909572011,-9.04320776884e-05,-4.52170611047e-05
4858,1.00068742276,0.000687186591068,0.000343534274117
4859,1.00017794464,0.000177928812362,8.89604489653e-05
4860,1.0010604446,0.00105988273076,0.000529800971255
4861,1.00047451733,0.000474404779458,0.000237174259466
4862,0.999646028981,-0.000354033681519,-0.000177032509165
4863,0.999828425787,-0.000171588933819,-8.57981473601e-05
4864,1.00028146562,0.000281426017444,0.000140703109111
4865,1.00037153298,0.000371463975501,0.000185714740633
4866,1.00051186376,0.000511732802134,0.000255833670051
4867,1.00048664855,0.000486530175979,0.000243235501437
4868,0.999840876845,-0.000159135816706,-7.95710739629e-05
4869,1.00035482776,0.000354764826045,0.000177366681693
4870,1.00007675196,7.67490143112e-05,3.83737708636e-05
4871,1.00076737565,0.000767081366842,0.000383467141096
4872,1.00032038775,0.000320336441064,0.000160155394287
4873,1.00053709181,0.000536947632455,0.000268437780357
4874,1.00030303217,0.000302986260906,0.000151481655948
4875,1.00016716037,0.00016714639736,8.35697065373e-05
4876,0.999946554256,-5.34471725705e-05,-2.67239433636e-05
4877,1.00008425518,8.42516326857e-05,4.21249290631e-05
4878,0.999513100115,-0.000487018459705,-0.000243538880632
4879,0.999536534994,-0.000463572439185,-0.000231813084094
4880,1.00027702389,0.000276985523323,0.000138483171982
4881,1.00034152844,0.000341470132086,0.000170720491641
4882,0.999879503384,-0.000120503876344,-6.02537533565e-05
4883,1.00049665312,0.00049652983174,0.000248234100686
4884,0.999794872243,-0.00020514879817,-0.000102579660018
4885,0.999548037853,-0.000452064312202,-0.000226057703294
4886,0.999526282391,-0.000473829848843,-0.000236942990979
4887,1.00058842987,0.000588256812321,0.000294085154641
4888,0.999866022648,-0.000133986327477,-6.69954078307e-05
4889,1.00033211165,0.000332056514704,0.000166014475424
4890,1.00033364012,0.000333584475681,0.000166778328789
4891,1.00089500313,0.000894602854275,0.000447201402769
4892,1.00016982189,0.000169807467382,8.4900129471e-05
4893,1.00016955161,0.000169537233946,8.47650242155e-05
4894,1.0004871234,0.000487004794632,0.000243472753014
4895,1.00043419808,0.000434103840189,0.000217028366031
4896,1.00031242496,0.000312376167126,0.000156175886839
4897,1.00114209941,0.00114144771038,0.00057056102331
4898,0.999954273925,-4.57271201993e-05,-2.28638214728e-05
4899,1.00033268719,0.000332631863767,0.000166302102156
4900,1.00055535612,0.000555201969653,0.000277562457238
4901,1.00039624233,0.000396163843091,0.000198062304617
4902,0.999737963233,-0.000262071105059,-0.000131044138063
4903,1.00027111481,0.0002710780696,0.0001355298498
4904,1.00009981227,9.98072915772e-05,4.99024006224e-05
4905,1.00003853894,3.85382007177e-05,1.92689147109e-05
4906,1.00034547769,0.000345418026379,0.000172694099846
4907,1.00018903423,0.000189016364594,9.45037165393e-05
4908,1.00054205456,0.000541907704993,0.000270917147816
4909,1.0003620628,0.000361997272895,0.000180982257183
4910,1.00013731666,0.000137307236391,6.86512615898e-05
4911,0.999624057657,-0.000376013027007,-0.000188024187836
4912,1.00024006803,0.000240039213896,0.000120012404883
4913,1.00026633611,0.000266300653566,0.000133141462672
4914,1.00004741315,4.7412026866e-05,2.37057324476e-05
4915,0.999932874573,-6.71276797622e-05,-3.35644031531e-05
4916,0.999954070854,-4.59302003915e-05,-2.29653638957e-05
4917,0.999789069057,-0.000210953192085,-0.000105482158894
4918,1.00072169017,0.000721429881567,0.000360649890971
4919,1.0002405667,0.00024053776637,0.000120261651173
4920,0.999491265503,-0.000508863945859,-0.000254464343489
4921,0.999908367319,-9.16368792492e-05,-4.58194893054e-05
4922,1.00116167132,0.00116099710121,0.000580330093918
4923,1.00040540417,0.000405322015143,0.000202640473216
4924,1.0003980967,0.00039801748159,0.000198988939869
4925,1.00055188589,0.000551733660596,0.000275828782543
4926,1.00025004358,0.000250012323096,0.000124998348603
4927,0.999695287137,-0.000304759297773,-0.000152391259255
4928,1.00047266116,0.000472549487498,0.00023624683307
4929,1.00010062118,0.00010061611803,5.03067935858e-05
4930,1.00030012194,0.000300076914983,0.000150027202285
4931,1.00036896802,0.000368899964758,0.000184432972527
4932,1.00055782018,0.000557664655723,0.000278793457741
4933,1.00073473435,0.000734464569078,0.000367164863017
4934,1.00007260046,7.25978295435e-05,3.62982559741e-05
4935,1.00027867026,0.000278631443623,0.000139306017827
4936,0.999866228908,-0.00013378004002,-6.68922571974e-05
4937,1.00102629897,0.00102577268895,0.000512754840756
4938,1.00128183563,0.00128101477553,0.000640302306697
4939,1.00032522334,0.000325170469823,0.000162572018649
4940,1.00025031325,0.000250281928497,0.000125133134445
4941,1.00064601938,0.000645810798769,0.000322853271047
4942,1.00014085292,0.000140843001967,7.0419021448e-05
4943,1.00121084584,0.00121011335716,0.000604873668702
4944,1.00047850285,0.000478388401166,0.000239165595931
4945,1.00080239065,0.000802068910766,0.000400954051814
4946,1.00039902895,0.000398949356783,0.000199454784641
4947,1.00070661239,0.000706362858005,0.000353119067783
4948,0.999944452491,-5.55490522467e-05,-2.77749118391e-05
4949,1.0007111959,0.000710943122746,0.000355408388843
4950,1.00011829885,0.000118291848816,5.91441753223e-05
4951,0.999791425388,-0.000208596366881,-0.000104303622685
4952,1.00033702968,0.000336972900927,0.000168472257419
4953,1.00053710382,0.000536959627957,0.000268443776499
4954,1.00025583253,0.000255799809424,0.000127891725868
4955,1.00018887296,0.000188855126495,9.44231051053e-05
4956,1.00026034845,0.000260314563142,0.000130148811479
4957,1.00037779398,0.000377722637349,0.000188843485499
4958,1.00030677322,0.000306726173394,0.00015335132718
4959,1.00038442051,0.000384346634494,0.000192154853138
4960,1.00054373901,0.000543591235933,0.000271758684884
4961,1.00010609675,0.000106091124778,5.30441554979e-05
4962,1.00043098179,0.000430888944296,0.000215421265654
4963,1.00015126729,0.000151255846384,7.56250634728e-05
4964,0.99966543156,-0.000334624420522,-0.00016732620773
4965,1.0003702648,0.000370196272613,0.000185081006703
4966,0.999697758479,-0.000302287205596,-0.000151155025568
4967,1.00020079264,0.000200772480645,0.000100381201793
4968,0.999531412282,-0.000468697539964,-0.0002343762318
4969,0.999722603486,-0.000277434995302,-0.000138727119368
4970,1.00025394705,0.000253914806253,0.000126949344376
4971,0.999859289632,-0.000140720268614,-7.03626096394e-05
4972,0.999868123524,-0.000131885172293,-6.59447604063e-05
4973,1.00001273718,1.2737100943e-05,6.36853019231e-06
4974,1.0008719304,0.000871550489386,0.000435680308452
4975,1.00005355243,5.35509925365e-05,2.67751378079e-05
4976,1.00073561072,0.000735340289733,0.000367602562482
4977,0.999792746736,-0.00020727474417,-0.000103642742623
4978,1.00068887418,0.00068863701131,0.000344259234841
4979,0.999471825823,-0.000528313709711,-0.00026419174735
4980,1.00009955677,9.95518193524e-05,4.97746708762e-05
4981,1.00045535171,0.00045524806701,0.00022759812912
4982,1.00074071315,0.000740438961299,0.000370150957874
4983,1.00065550563,0.000655290881867,0.000327591771027
4984,1.00068976394,0.000689526158506,0.000344703655292
4985,1.00082775,0.000827407601263,0.000413618237014
4986,1.00082384917,0.000823509995327,0.000411670238209
4987,1.00044432517,0.000444226487832,0.000222088578595
4988,1.00006122797,6.12260914163e-05,3.06125771337e-05
4989,1.00051073223,0.000510601852404,0.000255268339694
4990,1.00006370714,6.37051098154e-05,3.18520476205e-05
4991,0.999862472487,-0.000137536970341,-6.87708497771e-05
4992,0.999968024602,-3.19759095992e-05,-1.59880826076e-05
4993,0.999603561807,-0.000396516795458,-0.000198278052224
4994,1.00078144243,0.000781137260869,0.000390492368436
4995,1.00071148744,0.000711234452251,0.000355554001815
4996,1.00054930279,0.000549151980463,0.000274538297694
4997,1.00056269275,0.000562534500335,0.000281227698243
4998,1.00012005582,0.000120048610092,6.00225036236e-05
4999,1.00028017185,0.000280132613151,0.000140056497749
