replicate,RZ_ratio,log_RZ_ratio,coupling_advantage
0,1.00042649879,0.000426407864072,0.000213181205693
1,1.00051826391,0.000518129661018,0.000259031276113
2,1.00051513262,0.000514999982236,0.00025746684084
3,1.00065384487,0.000653631211246,0.00032676220722
4,0.99954495648,-0.000455147083368,-0.000227599438507
5,1.00115088999,0.00115022822194,0.000574948764547
6,1.00116628599,0.00116560640677,0.000582633406585
7,1.00055314283,0.000552989906423,0.000276456732005
8,1.0008828105,0.000882421048605,0.000441113205252
9,1.00072280671,0.000722545608451,0.000361207553064
10,0.999440258391,-0.000559898322611,-0.000279988350729
11,1.00068103777,0.000680805972891,0.000340345055923
12,0.999216138174,-0.00078416920621,-0.00039216147832
13,1.00074169737,0.000741422452628,0.000370642521397
14,1.00154815451,0.00154695735126,0.000773179618111
15,1.00151941694,0.00151826378994,0.000758843827252
16,1.00057909936,0.000578931744721,0.000289423981157
17,1.00092431562,0.000923888707993,0.000461837674131
18,1.00027813941,0.000278100731828,0.00013904069886
19,1.0009395559,0.000939114795643,0.000469447173
20,0.999552763007,-0.000447337033509,-0.000223693532422
21,1.00089372793,0.000893328791456,0.000446564656037
22,1.00035718667,0.000357122897625,0.000178545507666
23,1.00185979959,0.00185807230683,0.000928604732938
24,1.00032232276,0.000322270829806,0.000161122433289
25,1.00180275052,0.00180112751809,0.000900158373202
26,1.00092169176,0.000921267262208,0.000460527555721
27,1.00177321108,0.00177164080216,0.000885428178008
28,1.00040028845,0.000400208355099,0.000200084158044
29,0.999584572761,-0.000415513552678,-0.000207778359273
30,1.00084933638,0.000848975902829,0.000424397869151
31,1.00140613055,0.00140514287916,0.000702324694053
32,1.00025667725,0.000256644318525,0.000128313926326
33,1.00146663128,0.00146555682327,0.000732509995103
34,1.00245103918,0.00244804027989,0.00122327133284
35,1.0006142735,0.000614084907282,0.000306995320931
36,1.0001381793,0.000138169754603,6.90824909962e-05
37,1.0011952521,0.0011945383513,0.000597090845922
38,1.00063176704,0.000631567562777,0.000315733926938
39,1.00104316267,0.00104261895527,0.000521173619458
40,1.00011604967,0.00011604293307,5.80197833222e-05
41,1.00123867523,0.00123790870497,0.000618762839756
42,1.00118234202,0.00118164360526,0.000590647301799
43,1.00088302361,0.000882633976664,0.000441219622314
44,0.999650308958,-0.000349752197839,-0.000174891390636
45,1.00009327039,9.32660368297e-05,4.66319311125e-05
46,1.00138806635,0.00138710387698,0.000693311486934
47,0.999575631079,-0.000424458991021,-0.000212252017783
48,1.00141249795,0.00141150131641,0.000705501674787
49,1.00106583989,0.00106527228358,0.000532494316342
50,1.00124789764,0.00124711965864,0.000623365456294
51,1.00167298602,0.00167158813417,0.00083544488851
52,1.00096573167,0.000965265649008,0.000482516376017
53,1.00084050465,0.000840151620265,0.000419987590643
54,1.0002282043,0.000228178263865,0.000114082624015
55,1.00047701952,0.000476905781691,0.000238424463215
56,1.00080055793,0.000800237650035,0.000400038788155
57,1.00034997106,0.000349909839175,0.000174939615868
58,0.999967662236,-3.23382863929e-05,-1.61692739178e-05
59,0.999958076222,-4.19246563872e-05,-2.09625479048e-05
60,1.00090853685,0.000908124375733,0.000453959117232
61,1.0016919867,0.00169055690309,0.00084492130435
62,1.00046617648,0.000466067855555,0.000233006777481
63,1.00169243362,0.00169100307022,0.000845144199405
64,1.00171456899,0.00171310079283,0.000856183661838
65,1.00156862695,0.00156739793502,0.000783391955682
66,1.00106663689,0.00106606843448,0.000532892179741
67,1.0003840161,0.000383942388877,0.000191952769148
68,0.99960908333,-0.000390993098207,-0.000195515659799
69,1.00058290381,0.000582733987903,0.000291324550711
70,1.00110339905,0.00110279075015,0.000551243384584
71,1.00075972592,0.000759437477119,0.000379646654524
72,1.00032830066,0.000328246778487,0.000164109921737
73,1.00151439254,0.00151324700312,0.000756337334176
74,1.00051611492,0.000515981776236,0.000257957611331
75,1.00060360705,0.000603424955056,0.000301666966895
76,1.00065002096,0.000649809787577,0.000324852117909
77,1.00165395797,0.00165259168422,0.000825954553708
78,0.999892136435,-0.000107869382933,-5.39361459684e-05
79,1.00154444767,0.00154325623251,0.000771330487838
80,1.00022544846,0.000225423051466,0.000112705174027
81,1.00130853492,0.00130767953227,0.000653626059493
82,1.00130226673,0.00130141951614,0.000650498092388
83,1.00118616597,0.00118546303457,0.000592555886661
84,1.00132601079,0.00132513241517,0.000662346759065
85,1.00036788708,0.000367819421499,0.000183892800395
86,0.998456476165,-0.0015447162948,-0.000772656492758
87,0.999706074861,-0.000293968343078,-0.000146994974241
88,0.999894707084,-0.000105298460177,-5.26506160836e-05
89,1.0006514148,0.000651202725699,0.000325548360478
90,1.00059634341,0.000596165671322,0.000298038413387
91,1.00122082496,0.00122008035533,0.00060985414099
92,1.00108770212,0.00108711100496,0.000543407802948
93,1.00134562596,0.00134472141685,0.000672134724612
94,1.00074668864,0.00074641000673,0.00037313537104
95,1.00148871357,0.0014876065391,0.000743526716468
96,0.999821113803,-0.000178902199163,-8.94551004504e-05
97,0.999853267539,-0.000146743227325,-7.33743054249e-05
98,1.00133181901,0.00133093292453,0.000665245088566
99,0.999986540616,-1.34594741973e-05,-6.72975974347e-06
100,1.00159982044,0.00159854209549,0.000798951715726
101,1.00025575752,0.000255724814899,0.0001278542334
102,1.00105576571,0.00105520877716,0.000527465229861
103,1.00011575102,0.000115744325959,5.7870488418e-05
104,1.0008672075,0.000866831697226,0.000433321937532
105,1.0007049323,0.000704683956707,0.000352279913208
106,0.998960369502,-0.00104017128868,-0.000520220912328
107,1.00047122837,0.000471117375595,0.000235530946028
108,1.00117998414,0.00117928850907,0.000589470448527
109,1.00047104151,0.000470930603002,0.000235437581723
110,1.00023431072,0.000234283274793,0.000117134776583
111,0.999682416758,-0.00031763368174,-0.000158829452932
112,1.00000553533,5.53531406986e-06,2.76765320495e-06
113,1.00100827255,0.00100776458729,0.000503755366282
114,1.00126557065,0.00126477048787,0.00063218533053
115,1.00200498558,0.00200297827974,0.00100098781699
116,1.00078228877,0.000781982941239,0.000390915043416
117,1.00056303506,0.000562876616325,0.000281398708117
118,1.00001542578,1.54256565464e-05,7.7127985294e-06
119,1.00068777465,0.000687538241551,0.000343710038942
120,1.0014206767,0.00141966849554,0.000709582375041
121,1.0008667182,0.000866342818208,0.000433077603914
122,1.00134695566,0.00134604933079,0.000672798235094
123,0.999257313192,-0.000742962736284,-0.00037155037589
124,0.999648305814,-0.000351756044442,-0.000175893489667
125,1.00054643857,0.000546289326178,0.000273107362482
126,1.00204514394,0.00204305547982,0.00102100615807
127,1.00055526092,0.000555106822794,0.000277514897012
128,1.00075437588,0.000754091486174,0.000376974670274
129,0.99989504475,-0.000104960758016,-5.24817561272e-05
130,1.00202084344,0.00201880428547,0.00100889286776
131,1.00208216721,0.00208000250545,0.00103946063885
132,1.00007824462,7.82415604997e-05,3.91200150421e-05
133,1.00140581424,0.00140482700834,0.000702166869556
134,1.0003369651,0.000336908337765,0.000168439981276
135,1.00149968831,0.00149856490486,0.000749001810429
136,1.00027402236,0.000273984824538,0.000136983029237
137,1.00094421604,0.000943770552596,0.000471773955952
138,1.0009675686,0.000967100806013,0.000483433511352
139,1.00210909271,0.00210687169509,0.00105288117879
140,1.00022864032,0.000228614183888,0.000114300559137
141,0.999767211828,-0.000232815271661,-0.000116414411462
142,1.0003699526,0.000369884186235,0.000184924992383
143,1.00147900197,0.0014779093196,0.000738681700045
144,1.00067752732,0.000677297898412,0.000338591614123
145,1.00121352279,0.0012127870686,0.0006062097149
146,0.99951614288,-0.000483974217088,-0.000242016389786
147,1.001378207,0.0013772581474,0.000688392023117
148,1.00112016914,0.00111954221929,0.000559614467027
149,1.001306021,0.00130516889307,0.000652371559615
150,1.0005061832,0.000506055131215,0.000252995556833
151,1.00067343817,0.000673211512963,0.00033654911112
152,1.00083261872,0.0008322722839,0.000416049569315
153,1.00027644437,0.000276406161326,0.000138193531057
154,1.00145950599,0.00145844194157,0.000728955153792
155,1.00111199557,0.00111137776138,0.000555534514218
156,1.00188403329,0.00188226072694,0.000940687639186
157,1.00037502615,0.000374955845706,0.000187460349965
158,1.00147551157,0.00147442407242,0.000736940362183
159,1.0004003485,0.000400268382665,0.000200114165821
160,1.00035175948,0.000351697631793,0.0001758333554
161,0.999930674707,-6.93276960991e-05,-3.46644488476e-05
162,1.00039549508,0.000395416888356,0.000197688901152
163,1.00073765816,0.0007373862203,0.000368625151198
164,1.00120782574,0.00120709690171,0.000603366352125
165,1.00037618294,0.000376112204054,0.000188038420587
166,1.00168995488,0.00168852851709,0.000843907967748
167,1.0001944435,0.000194424598613,9.72075743438e-05
168,0.999924993283,-7.50095300619e-05,-3.75054683435e-05
169,1.00096960666,0.000969136890443,0.000484451060893
170,1.00066630579,0.000666083906631,0.000332986501
171,1.00004581782,4.58167706276e-05,2.29081229187e-05
172,1.0008746199,0.000874237643399,0.000437023299186
173,1.00021220647,0.000212183954641,0.000106086349765
174,1.00158850507,0.00158724472946,0.000793307529795
175,1.00068248125,0.000682248468374,0.000341066057931
176,1.00117365216,0.00117296396909,0.000586310037602
177,1.00341665693,0.00341083341925,0.00170396331288
178,1.00164282752,0.0016414795526,0.000820403061537
179,1.00142921475,0.00142819439628,0.000713842291416
180,1.00016067163,0.000160658722929,8.0326135148e-05
181,1.00131372964,0.00131286745422,0.000656218321625
182,1.00002234895,2.23486952785e-05,1.11742852065e-05
183,1.00052206921,0.000521932982821,0.000260932442618
184,1.00234059603,0.00233786109775,0.00116824761569
185,1.00121106013,0.00121032739194,0.000604980621351
186,1.00159211331,0.00159084724052,0.000795107354753
187,1.00087753457,0.000877149764069,0.000438478722129
188,1.00061582708,0.000615637536447,0.000307771396887
189,0.999794400017,-0.000205621121329,-0.000102815845852
190,1.00049192896,0.000491808001602,0.00024587376889
191,0.999969467334,-3.05331320115e-05,-1.52666825404e-05
192,1.00069099427,0.000690755646397,0.000345318187144
193,1.00080547171,0.000805147493073,0.000402492724598
194,1.00109123841,0.00109064343899,0.000545173058629
195,1.00133702386,0.00133613083843,0.000667842313198
196,1.0013242409,0.00132336487077,0.000661463571837
197,1.00136281959,0.0013618917981,0.000680714108005
198,1.00059272139,0.000592545799883,0.00029622901546
199,1.00116784812,0.00116716671289,0.000583413104797
200,1.00131384912,0.00131298677891,0.000656277944817
201,1.00124596094,0.00124518537043,0.000622398914606
202,1.00005443133,5.44298487428e-05,2.72145540486e-05
203,1.00108266081,0.00108207515499,0.000540891243059
204,1.00188646696,0.00188468981478,0.000941901039866
205,1.00172407046,0.0017225859574,0.000860922172368
206,1.00104846591,0.00104791664921,0.000523821082413
207,1.00101658166,0.00101606529514,0.000507903620837
208,0.999515543305,-0.000484574082397,-0.000242316395074
209,1.00113883626,0.0011381882755,0.000568932234395
210,1.00210526743,0.00210305445905,0.0010509745685
211,1.00194905186,0.00194715492313,0.000973103688794
212,1.00039198487,0.000391908066323,0.000195934835424
213,1.00029261974,0.000292576932875,0.000146277766802
214,1.00133807898,0.00133718454722,0.0006683688156
215,0.999233792338,-0.000766501349347,-0.000383324124596
216,1.00186526178,0.00186352433801,0.000931328213427
217,1.00103618762,0.00103565114935,0.000517691526153
218,1.0017656316,0.00176407470823,0.000881648473513
219,1.00116172051,0.00116104623541,0.000580354646759
220,1.00087530534,0.000874922480141,0.000437365567854
221,1.00168144631,0.0016800342637,0.000839664416226
222,1.00027530751,0.00027526962248,0.000137625340004
223,1.00025859633,0.000258562900144,0.000129273093586
224,1.00129518756,0.00129434952442,0.000646965389791
225,1.00268062386,0.00267703739747,0.00133762328214
226,1.000387583,0.000387507909037,0.000193735185433
227,1.00129148823,0.00129065497515,0.000645119308575
228,0.999359553725,-0.000640651447982,-0.000320377033754
229,1.00191781588,0.00191597921897,0.000957530883933
230,1.00035911522,0.000359050751518,0.000179509262043
231,1.00097074435,0.000970273486762,0.000485019083579
232,1.00145357305,0.00145251763445,0.000725995155124
233,1.00204909233,0.00204699580096,0.00102297430515
234,0.99970611017,-0.000293933023898,-0.000146977312056
235,1.0004835555,0.000483438624341,0.000241690100411
236,0.999746760179,-0.000253271891567,-0.000126643964453
237,1.00130764339,0.00130678917367,0.000653181171075
238,1.00057400889,0.000573844214448,0.000286880949013
239,0.999511757176,-0.000488362053731,-0.000244210841479
240,1.00111681165,0.00111618847992,0.000557938534335
241,0.999529082045,-0.000471028871405,-0.000235542171405
242,1.00104881428,0.00104826465725,0.000523994995269
243,1.00251875447,0.00251558772329,0.00125700317049
244,1.00302985834,0.00302527756634,0.00151149532175
245,1.00165660578,0.0016552351221,0.000827275180095
246,1.00050088317,0.000500757769398,0.000250347542522
247,1.00164086191,0.00163951716615,0.000819422672804
248,1.00132719872,0.00132631876901,0.000662939542919
249,1.00149694418,0.00149582488055,0.000747632823479
250,1.00210629553,0.0021040803982,0.00105148699882
251,1.00182784335,0.00182617487952,0.000912670702273
252,1.00009997353,9.99685370205e-05,4.99830193176e-05
253,1.0017119732,0.0017105094418,0.000854889094825
254,0.999993521257,-6.47876380437e-06,-3.23938714897e-06
255,1.00083572203,0.000835373011184,0.000417599286727
256,1.00117227633,0.00117158974664,0.000585623329001
257,1.0006701398,0.000669915352933,0.000334901584407
258,1.00162357011,0.00162225354789,0.00081079789955
259,0.999019488536,-0.000980992479565,-0.000490616552733
260,1.00080088433,0.000800563790269,0.000400201793025
261,1.00072578406,0.000725520809998,0.000362694615399
262,1.00148621619,0.00148511286476,0.000742280805579
263,1.00141207579,0.0014110797475,0.000705291039017
264,0.998887773945,-0.0011128450373,-0.000556577350374
265,1.000531006,0.000530865063436,0.00026539730762
266,1.00164720086,0.00164584571552,0.000822584349608
267,1.00140595236,0.00140496493837,0.000702235786143
268,0.999773250735,-0.000226774976658,-0.000113393916934
269,1.00218355057,0.00218117009199,0.00108999057425
270,1.0011078222,0.00110720901785,0.000553451298221
271,1.00153988449,0.00153870008079,0.000769054166535
272,1.00083601502,0.000835665757297,0.000417745598648
273,1.00150255033,0.00150142262858,0.000750429601053
274,1.00119931309,0.0011985944881,0.000599117701327
275,0.999880030585,-0.000119976611915,-5.9990105292e-05
276,1.00011602308,0.000116016350699,5.8006492908e-05
277,1.00101449139,0.0010139771417,0.000506860073861
278,1.00201879357,0.00201675853979,0.00100787102637
279,1.00075899021,0.000758702326111,0.000379279218501
280,1.00109490745,0.00109430847777,0.000547004577302
281,1.00112187812,0.00112124928116,0.00056046751995
282,1.00171860919,0.00171713407052,0.000858198572043
283,1.0002482358,0.00024820499731,0.000124094798258
284,1.00188821811,0.00188643766498,0.000942774141429
285,0.999630737194,-0.000369331000255,-0.000184682551851
286,1.0005031215,0.000502994973788,0.000251465864052
287,0.999773567014,-0.000226458625937,-0.000113235723649
288,1.0007497016,0.000749420715276,0.00037464016248
289,1.00248148531,0.00247841151312,0.00123843825817
290,1.00104279612,0.00104225278946,0.000520990631955
291,1.00083539595,0.000835047202137,0.00041743645022
292,1.00198141472,0.00197945431029,0.000989237536767
293,1.00190425413,0.0019024433318,0.000950769397987
294,1.0009657774,0.000965311340502,0.00048253921074
295,0.999863186505,-0.000136822854781,-6.84137675053e-05
296,1.00160767926,0.00160638833191,0.000802871691865
297,0.999936699739,-6.33022645266e-05,-3.16516331658e-05
298,1.00000209095,2.09094535664e-06,1.04547213187e-06
299,1.00112009909,0.00111947224543,0.000559579499674
300,1.00070884221,0.000708591103007,0.000354232796246
301,1.00152655587,0.00152539186643,0.000762405154602
302,1.00048471786,0.000484600418547,0.000242270856949
303,1.00131116828,0.00131030944512,0.000654940155568
304,1.00083238942,0.000832043176183,0.00041593506311
305,0.9995509086,-0.00044919227128,-0.00022462135924
306,0.99970233192,-0.000297712391656,-0.000148867275461
307,1.00080573288,0.00080540845471,0.000402623152891
308,1.00115871903,0.00115804823538,0.000578856515577
309,1.00019185478,0.000191836375515,9.5913587755e-05
310,1.00097752127,0.000977043805977,0.000488402595592
311,1.00047159266,0.000471481490641,0.000235712960655
312,0.999254879542,-0.000745398198714,-0.000372768560295
313,1.00067331104,0.000673084465308,0.000336485608669
314,1.00090039623,0.000899991121174,0.00044989432777
315,0.999777221537,-0.000222803281763,-0.000111407846275
316,1.00080853839,0.00080821169513,0.000404024207794
317,1.00124724103,0.00124646387543,0.000623037769029
318,1.00093997261,0.000939531109147,0.000469655232011
319,1.00088353113,0.000883141042938,0.000441473043555
320,1.00094707025,0.0009466220603,0.000473199036154
321,1.00127209854,0.0012712901087,0.00063544307483
322,1.00098647752,0.000985991269231,0.000492874132235
323,1.00017099273,0.000170978114197,8.54854030132e-05
324,1.00159245599,0.00159118937233,0.000795278284628
325,1.00139022001,0.00138925454512,0.000694386074889
326,1.00073554745,0.000735277063516,0.000367570960994
327,1.00018889845,0.00018888061538,9.44358483445e-05
328,1.00052079492,0.000520659357559,0.000260295795949
329,1.00029407351,0.000294030274334,0.000147004330971
330,1.00214544453,0.00214314635265,0.00107099924681
331,1.00034474137,0.000344681956634,0.000172326128464
332,0.999844769784,-0.000155242265241,-7.76241452185e-05
333,1.000796423,0.00079610602756,0.00039797380119
334,1.00031332322,0.000313274148135,0.000156624807122
335,0.9992955248,-0.000704723459477,-0.000352423816425
336,1.00112715226,0.00112651750082,0.00056310014998
337,1.00143776643,0.00143673383689,0.000718108954707
338,0.999635049816,-0.000365016794035,-0.000182525052688
339,1.00061301685,0.000612829035831,0.000306367577782
340,0.999564979942,-0.000435114706492,-0.000217581020563
341,1.00180823712,0.00180660422627,0.000902894258598
342,1.000911908,0.000911492467852,0.000455642397386
343,1.00068591703,0.000685681891998,0.000342782182758
344,1.00043890046,0.000438804169541,0.000219378017894
345,1.00024752004,0.000247489415253,0.000123737051566
346,1.00053027926,0.000530138715166,0.000265034229805
347,0.99866783878,-0.0013330493354,-0.000666746844625
348,1.00124474101,0.00124396696059,0.00062179008867
349,1.00103319323,0.00103265985078,0.000516196650032
350,1.00120866767,0.00120793781653,0.000603786555757
351,1.00131792435,0.00131705665387,0.000658311544744
352,1.00103177979,0.0010312478721,0.000515491024875
353,1.00064864544,0.000648435156545,0.000324165025433
354,0.999161091507,-0.000839260573638,-0.000419718343925
355,1.00085243123,0.000852068115118,0.000425943317936
356,1.00055965005,0.000559493501754,0.000279707625403
357,1.00070722127,0.000706971305697,0.000353423184156
358,1.00187519415,0.00187343817246,0.00093628050186
359,0.999371973106,-0.000628224185092,-0.000314161430915
360,1.00175940235,0.00175785641095,0.000878542061221
361,1.00046976658,0.000469656270427,0.000234800565245
362,0.99997651094,-2.34893361532e-05,-1.17447370456e-05
363,1.00092306452,0.000922638755301,0.000461212986227
364,1.00066157714,0.000661358396869,0.000330624530094
365,1.00028826112,0.000288219577862,0.000144099405614
366,1.00042800631,0.000427914743928,0.000213934484718
367,1.00089193597,0.000891538428645,0.000445669873988
368,1.00110801074,0.00110739734866,0.000553545411506
369,1.00107046676,0.00106989421469,0.000534804048653
370,1.0006243478,0.000624152971724,0.000312027795061
371,1.00172963262,0.0017281385301,0.000863696064701
372,1.0011338707,0.00113322835647,0.000566453682735
373,1.00185043636,0.00184872641192,0.000923936113898
374,1.00044916786,0.00044906701634,0.000224508302408
375,1.00185059608,0.00184888583291,0.000924015750744
376,1.00195167195,0.00194976991481,0.000974409911447
377,1.00045520853,0.000455104950647,0.000227526587222
378,1.00038536455,0.000385290317012,0.000192626603619
379,1.00053718806,0.000537043822509,0.000268485862473
380,0.999511999793,-0.000488119318275,-0.000244089444119
381,1.00153616649,0.00153498779562,0.0007671994497
382,1.00148015956,0.00147906520428,0.000739259215303
383,1.00164103618,0.0016396911505,0.000819509593688
384,1.00180490352,0.00180327664166,0.000901231967138
385,1.00151958068,0.00151842728926,0.000758925514875
386,1.00082440138,0.000824061746083,0.000411945999979
387,1.00039318762,0.000393110339768,0.000196535854182
388,0.999920432153,-7.95710124648e-05,-3.97862976862e-05
389,1.00091345823,0.000913041276239,0.000456416448428
390,1.00033075919,0.000330704503231,0.000165338581685
391,1.00143659995,0.00143556902418,0.00071752696641
392,1.00030599372,0.000305946915399,0.000152961757857
393,1.00075748995,0.000757203202048,0.000378529940482
394,1.00162996015,0.00162863320208,0.000813985135253
395,1.00068534653,0.000685111785593,0.000342497227226
396,1.00011507244,0.000115065817173,5.75312536003e-05
397,1.00088636826,0.000885975663584,0.00044288972717
398,0.999817819449,-0.000182197148015,-9.11027236086e-05
399,1.0014477698,0.001446722794,0.000723099834215
400,1.00060338783,0.000603205867297,0.000301557456056
401,1.00107449043,0.00107391357444,0.000536812651722
402,1.00042543969,0.00042534921173,0.000212651992224
403,1.00142888908,0.00142786918986,0.000713679804265
404,1.00096858713,0.000968118356677,0.000483942040596
405,1.00044701487,0.000446914990769,0.000223432530618
406,1.00191361102,0.00191178239411,0.000955434478601
407,1.00163863611,0.00163729500617,0.000818312502641
408,0.999913172091,-8.68316786249e-05,-4.34167817938e-05
409,1.00139267571,0.001391706836,0.000695611368157
410,1.00039170563,0.000391628928735,0.000195795293967
411,1.00073647264,0.000736201579054,0.000368033048744
412,0.999237544497,-0.000762746320026,-0.000381445892002
413,1.00063179312,0.000631593627529,0.000315746955199
414,1.00189870988,0.00189690960879,0.000948005163304
415,0.999295070912,-0.000705177667731,-0.000352651000614
416,1.00004417799,4.41770173393e-05,2.20882647204e-05
417,0.999601513834,-0.000398565582631,-0.00019930264945
418,1.00099385109,0.000993357545118,0.000496555448076
419,0.999739533009,-0.000260500918679,-0.000130258942299
420,1.00165162955,0.00165026710776,0.000824793224799
421,1.00035003244,0.000349971189355,0.000174970285591
422,1.00107904371,0.00107846195795,0.000539085620077
423,1.00060392207,0.000603739782746,0.000301824333242
424,1.00271155659,0.00270788695208,0.0013530273081
425,1.00062647224,0.000626276091639,0.000313089023219
426,1.00144506339,0.00144402029297,0.00072174955988
427,1.00140861849,0.00140762732176,0.000703566042142
428,1.00186020634,0.00185847830246,0.000928807542228
429,1.0009086547,0.000908242125946,0.00045401796561
430,1.00125450282,0.00125371658806,0.000626661859416
431,0.999762295497,-0.000237732759393,-0.000118873444584
432,0.999805856627,-0.000194162221481,-9.70858232641e-05
433,1.0010615715,0.00106100842831,0.000530363521677
434,1.00007906636,7.90632325845e-05,3.95308349282e-05
435,0.999771135133,-0.000228891060686,-0.000114452079482
436,1.0012227818,0.00122203481005,0.000610830771903
437,1.0007996252,0.000799305665283,0.000399572982086
438,1.0007944524,0.000794136994306,0.00039698967589
439,1.00232408629,0.00232138978257,0.00116002154551
440,1.00058009833,0.000579930142206,0.000289923035295
441,1.00096327084,0.000962807194422,0.000481287741091
442,1.00135203993,0.00135112674747,0.000675335232177
443,1.0012804372,0.00127961813932,0.000639604435481
444,1.00049564046,0.000495517673033,0.000247728146831
445,1.00148937657,0.00148826855091,0.000743857476207
446,1.00178096332,0.00177937928493,0.000889293985983
447,1.00074007223,0.000739798515118,0.000369830853263
448,1.00165687071,0.0016554996173,0.000827407318283
449,1.00081068797,0.000810359541999,0.000405097696761
450,0.999747505239,-0.000252526643026,-0.000126271293062
451,1.00180894666,0.00180731248963,0.00090324807047
452,1.00090059934,0.000900194046396,0.000449995744729
453,1.00092906713,0.000928635818681,0.000464210130462
454,1.00106553761,0.00106497032867,0.00053234341927
455,1.00069675233,0.000696509708464,0.000348194220549
456,1.00046449984,0.000464391994009,0.0002321690416
457,1.00089730231,0.00089689997859,0.000448349450628
458,1.00136171565,0.00136078935785,0.000680163262953
459,1.00092722774,0.000926798131276,0.000463291712874
460,1.00145077308,0.00144972172177,0.000724598212714
461,1.00174164429,0.00174012938418,0.000869686295557
462,1.00082885989,0.000828516579598,0.000414172496681
463,1.00052331957,0.00052318268165,0.000261557128793
464,1.00144829127,0.00144724350593,0.000723360001885
465,1.00138995712,0.00138899202367,0.000694254905299
466,1.00014625652,0.000146245821687,7.31202374284e-05
467,0.999764438208,-0.000235589540827,-0.00011780170849
468,1.00130715667,0.00130630308071,0.000652938283321
469,1.00021720511,0.000217181520939,0.000108584864706
470,1.00122308575,0.00122233839106,0.00061098246968
471,1.00088333738,0.000882947466832,0.000441376298226
472,1.00119208127,0.00119137130111,0.000595508265079
473,1.0006051618,0.000604978759101,0.000302443634251
474,1.00102661809,0.00102609147766,0.000512914153368
475,1.00185602548,0.00185430519534,0.000926722924501
476,1.00301903572,0.00301448758244,0.00150610846977
477,1.00037480106,0.000374730838263,0.000187347867327
478,1.00158285149,0.00158160010574,0.000790487452914
479,0.999470273383,-0.000529866971906,-0.000264968583928
480,1.0007405826,0.000740308500207,0.000370085751471
481,1.00028928196,0.000289240122614,0.00014460960433
482,1.001358529,0.00135760703136,0.000678573180693
483,1.00037939911,0.000379327157707,0.000189645593854
484,1.00086657239,0.000866197132247,0.000433004792477
485,0.999616936474,-0.000383136913369,-0.000191586807093
486,1.00042555836,0.000425467837794,0.000212711292641
487,1.00135108047,0.00135016857948,0.000674856471609
488,1.00089887127,0.000898467526546,0.000449132872894
489,1.00075009492,0.000749813743092,0.000374836602746
490,1.00062604095,0.000625845071614,0.000312873580657
491,1.00116845235,0.00116777024413,0.000583714694317
492,0.999310399081,-0.000689838803154,-0.000344978893114
493,1.00025417779,0.000254145494501,0.000127064673851
494,1.00163959959,0.00163825691285,0.000818793062295
495,1.00115920006,0.00115852871056,0.000579096614074
496,1.00097769733,0.00097721969188,0.000488490495589
497,1.00200297401,0.00200097073031,0.000999985046539
498,1.00054234323,0.000542196216692,0.000271061364575
499,1.00062232589,0.000622132326899,0.000311017787387
500,1.00084833259,0.000847972954667,0.000423896607769
501,1.00058050491,0.000580336485436,0.000290126147985
502,1.00029383476,0.00029379159561,0.000146885009146
503,1.00086551303,0.000865138686825,0.000432475798783
504,0.999537596607,-0.00046251033458,-0.000231281908828
505,1.00151383756,0.00151269286604,0.000756060475154
506,1.00073436318,0.000734093664294,0.000366979478699
507,1.00160960175,0.00160830772969,0.000803830619779
508,1.00016597488,0.000165961110115,8.29771122667e-05
509,1.00002834167,2.834127136e-05,1.4170535277e-05
510,1.00004102601,4.10251726813e-05,2.0512375959e-05
511,1.00053599917,0.000535855572918,0.000267891897015
512,1.00076813354,0.000767838673918,0.000383845649361
513,1.00090682849,0.000906417565636,0.000453106099231
514,1.00001736817,1.73680175744e-05,8.68397108134e-06
515,1.0003784031,0.000378331522357,0.000189147870464
516,1.00096679985,0.00096633280212,0.000483049694971
517,0.999358901336,-0.000641304255129,-0.000320703541953
518,1.00166816372,0.0016667738813,0.000833039770203
519,1.00065874557,0.000658528693057,0.000329210144973
520,1.00126366552,0.00126286776564,0.000631234570397
521,1.00140240864,0.00140142618249,0.000700467649157
522,0.999532904635,-0.000467204487676,-0.000233629530967
523,1.00171130005,0.00170983744443,0.000854553383324
524,1.0004007153,0.000400635035889,0.00020029745573
525,1.00227351015,0.00227092963498,0.00113482042123
526,1.00156111007,0.00155989279998,0.000779642320855
527,1.00043514602,0.000435051366966,0.000217502026487
528,1.00001179931,1.17992386842e-05,5.89960193942e-06
529,0.999811874191,-0.0001881435064,-9.40761780861e-05
530,1.00122621406,0.00122546287444,0.000612543755649
531,1.00135771758,0.00135679671513,0.000678168297427
532,0.999931376403,-6.86259518985e-05,-3.43135646461e-05
533,1.00134929189,0.00134838241312,0.000673963990736
534,0.997911674281,-0.00209050931204,-0.00104580112505
535,1.0019018645,0.00190005824949,0.00094957798995
536,1.00149769444,0.00149657401826,0.000748007112227
537,1.00034808216,0.000348021595379,0.000173995658689
538,1.00012001493,0.00012000772898,6.00020642942e-05
539,1.00030009185,0.000300046831042,0.000150012162571
540,1.00068400269,0.000683768866874,0.000341825997614
541,1.00157392564,0.00157268831874,0.000786035071826
542,1.00089055349,0.000890157179467,0.000444979556951
543,1.00040764733,0.000407564266204,0.000203761370934
544,1.00090973146,0.000909317901614,0.000454555609089
545,1.00275347436,0.00274969049821,0.00137390058235
546,0.999899567579,-0.000100437464786,-5.02199933745e-05
547,1.00083577484,0.000835425772081,0.000417625656159
548,1.00081512757,0.00081479553489,0.000407314792243
549,1.00069608274,0.000695840588344,0.000347859776925
550,1.00073922856,0.000738955464389,0.000369409483703
551,1.00073950814,0.000739234840992,0.000369549120392
552,1.00078029384,0.000779989567647,0.000389918745743
553,1.0003099452,0.000309897175594,0.000154936583884
554,1.00171298198,0.00171151650147,0.000855392194072
555,0.999230165297,-0.00077013117764,-0.000385139736091
556,1.00086738932,0.000867013352931,0.000433412726023
557,1.00061451768,0.000614328942743,0.000307117301195
558,1.00095487817,0.00095442256241,0.000477097434012
559,1.00023788898,0.00023786069085,0.000118923273492
560,1.0007458949,0.000745616856727,0.000372738943937
561,1.00215430456,0.00215198737098,0.00107541501185
562,1.00048248367,0.000482367311751,0.000241154573436
563,0.999997390174,-2.60982910993e-06,-1.3049154064e-06
564,1.00074149948,0.000741224700315,0.000370543681884
565,0.999932757706,-6.72445548916e-05,-3.36228426809e-05
566,1.00073246464,0.000732196517577,0.000366031252998
567,1.00062668949,0.00062649320325,0.000313197545031
568,0.999220100531,-0.000780203748834,-0.000390177974048
569,1.00072403662,0.000723774631679,0.000361821842523
570,1.00206440907,0.00206228111013,0.00103060911232
571,1.00104589993,0.00104535335393,0.000522540105306
572,0.999387330773,-0.000612856985274,-0.000306475446643
573,1.00011112797,0.000111121794318,5.5559353681e-05
574,1.00174138888,0.00173987441878,0.000869558923717
575,1.00206806465,0.00206592915211,0.0010324312518
576,1.0014386544,0.00143762052653,0.000718551981059
577,1.00045703064,0.000456926229402,0.000228437018991
578,1.00306347867,0.00305879577989,0.00152822895699
579,1.00215276289,0.00215044901518,0.00107464666084
580,0.999243127308,-0.000757159264499,-0.000378651302562
581,0.998918274521,-0.00108231096658,-0.000541301934336
582,1.00003996309,3.99622894826e-05,1.99809451196e-05
583,1.00081515822,0.000814826156667,0.000407330096895
584,1.0014189851,0.00141797929103,0.000708738371742
585,1.00041679196,0.000416705130262,0.000208330861243
586,1.00039659288,0.00039651426187,0.000198237479289
587,1.00090011271,0.000899707852937,0.000449752757362
588,1.00100239509,0.00100189302313,0.000500821058813
589,1.00059155906,0.000591384153827,0.00029564836432
590,1.00156318577,0.00156196526308,0.000780677743982
591,1.00047337846,0.000473266456481,0.000236605232806
592,1.00134337096,0.00134246944237,0.000671009493557
593,0.998449716856,-0.0015514860767,-0.000776044004798
594,1.00114029149,0.00113964184973,0.000569658607751
595,1.00023307521,0.000233048055306,0.000116517238992
596,1.00108910557,0.00108851292096,0.000544108379799
597,1.00125236621,0.00125158265391,0.0006255955604
598,1.00115125444,0.00115059225239,0.000575130675106
599,1.0018717826,0.00187003299751,0.000934579507037
600,1.00151371212,0.00151256761437,0.000755997896665
601,1.00039281847,0.000392741333872,0.000196351387479
602,1.00123012165,0.00122936567182,0.000614493957116
603,1.00060986634,0.000609680451905,0.000304793766892
604,0.999212361058,-0.000787949292557,-0.000394052264482
605,1.00121344026,0.00121270463406,0.000606168522613
606,1.00109046856,0.00108987442908,0.000544788763225
607,1.0000184729,1.8472729999e-05,9.23632234451e-06
608,1.00133615986,0.00133526798902,0.000667411176527
609,1.00079808873,0.00079777042858,0.00039880567016
610,1.00099173142,0.000991239980443,0.000495497190922
611,1.00187388481,0.0018721312799,0.000935627667176
612,0.999173738432,-0.000826603109989,-0.00041338697585
613,1.00032043076,0.000320379429986,0.000160176885306
614,1.00117470663,0.00117401719966,0.000586836343991
615,1.00118728127,0.00118657700547,0.000593112541913
616,1.00052605987,0.000525921551097,0.000262926204394
617,1.00128138625,0.00128056597597,0.000640078050574
618,1.00178491286,0.00178332179197,0.000891263484536
619,1.00131908834,0.00131821911028,0.00065889239015
620,1.00088066393,0.000880276370685,0.000440041338741
621,1.00017720716,0.000177191463527,8.85918072777e-05
622,1.00071442966,0.000714174581213,0.000357023542528
623,0.99952470965,-0.000475403336463,-0.000237729921511
624,1.00082641387,0.000826072582076,0.000412951003292
625,0.999639257594,-0.000360807489467,-0.000180420018468
626,1.0010783963,0.00107781525152,0.000538762441125
627,1.00017116391,0.000171149264541,8.55709708659e-05
628,1.00013933592,0.000139326215178,6.96606811712e-05
629,1.00155532326,0.00155411499637,0.000776755667191
630,1.00065052487,0.000650313374396,0.000325103829492
631,1.00071357542,0.000713320949045,0.000356596878736
632,1.00162454297,0.0016232248245,0.000811283143979
633,1.00070767072,0.000707420442151,0.00035364767299
634,1.00080669447,0.000806369268746,0.000403103366371
635,1.00108645401,0.00108586424646,0.000542784762254
636,1.00014115235,0.000141142386246,7.0568703035e-05
637,1.0011568638,0.00115619515078,0.000577930509181
638,0.999993295879,-6.70414390472e-06,-3.35207757063e-06
639,1.0000080357,8.03566272071e-06,4.01782328885e-06
640,1.00062273896,0.000622545138478,0.000311224128959
641,0.999639597714,-0.000360467246192,-0.000180249866151
642,1.00055395792,0.000553804541259,0.000276863936734
643,1.00181144095,0.00180980226681,0.000904491833843
644,1.00007313654,7.31338664658e-05,3.65662646707e-05
645,0.999712688702,-0.000287352579844,-0.000143686611854
646,1.00045319106,0.000453088403758,0.000226518542679
647,1.00032217198,0.000322120093357,0.000161047077205
648,1.0007012088,0.000700963063339,0.000350420120192
649,1.00053563157,0.000535488173649,0.000267708246575
650,1.00103277793,0.00103224498646,0.000515989324928
651,1.00124215001,0.00124137918144,0.000620497002784
652,1.0009146272,0.00091420917926,0.000457000133244
653,1.00140314436,0.0014021608679,0.000700834734485
654,1.00139018897,0.00138922354707,0.000694370586622
655,1.00102783375,0.00102730588565,0.000513521045738
656,1.00122864615,0.00122789197914,0.000613757563294
657,1.00129781407,0.00129697264018,0.000648276098282
658,1.0005874657,0.000587293209547,0.000293603494829
659,1.00111932944,0.00111870345626,0.000559195320115
660,1.00048349596,0.000483379114979,0.000241660352921
661,1.00075244277,0.000752159826253,0.00037600920394
662,1.00133661375,0.00133572127862,0.000667637670035
663,0.999641098449,-0.000358965971271,-0.00017949909367
664,1.00056439895,0.000564239734374,0.00028208007512
665,0.999282144085,-0.000718113697047,-0.000359121317149
666,1.00092300592,0.000922580209808,0.000461183726981
667,1.00099168503,0.000991193640178,0.00049547403227
668,0.999904720813,-9.52837259127e-05,-4.7642997848e-05
669,1.00224203235,0.00223952274836,0.00111913467535
670,1.00015660322,0.000156590955609,7.82924127938e-05
671,1.00105031916,0.00104976795877,0.000524746251887
672,1.00086537469,0.000865000470999,0.000432406720755
673,1.00026780735,0.00026777149763,0.000133876786518
674,1.00066961656,0.000669392469718,0.000334640230323
675,1.00205884656,0.00205673003977,0.00102783643379
676,1.00138402001,0.0013830631327,0.000691292513506
677,1.00070970752,0.000709455792927,0.000354664987962
678,0.999852646797,-0.000147364060709,-7.36847449418e-05
679,0.999842755438,-0.000157256926476,-7.86315545365e-05
680,1.00177236515,0.00177079636784,0.000885006334604
681,1.00132072179,0.00131985040382,0.000659707499163
682,1.00257465176,0.00257134302611,0.00128484539151
683,1.0006610201,0.000660801721656,0.000330346284475
684,1.00201311264,0.0020110890403,0.00100503912967
685,1.00018472375,0.000184706686715,9.23490789189e-05
686,1.00160662809,0.00160533883934,0.000802347366743
687,0.999942046552,-5.79551272856e-05,-2.89779834965e-05
688,1.00063289797,0.00063269777569,0.000316298854812
689,1.00096131543,0.000960853666301,0.000480311446658
690,1.00180274762,0.00180112462349,0.000900156927208
691,0.999214414411,-0.000785894323407,-0.000393024375553
692,1.0008746432,0.000874260926006,0.000437034935402
693,1.0013179534,0.00131708565695,0.000658326036737
694,1.00148842171,0.00148731511173,0.000743381111113
695,0.99928474992,-0.000715505993858,-0.000357816998165
696,1.00046316731,0.000463060079888,0.000231503238933
697,1.00113865215,0.00113800437766,0.000568840337782
698,1.00011554598,0.000115539305162,5.77679839466e-05
699,0.999998185415,-1.81458653105e-06,-9.07293677077e-07
700,1.00022708619,0.000227060405568,0.000113523758474
701,1.00012904549,0.000129037167219,6.45165023303e-05
702,1.00009348945,9.34850846688e-05,4.67414499187e-05
703,1.00199310982,0.00199112620779,0.000995067695364
704,1.00029228975,0.000292247042379,0.000146112845668
705,1.00202782221,0.00202576895715,0.00101237168424
706,1.00131232329,0.00131146294424,0.000655516527221
707,1.00133986849,0.00133897166313,0.000669261775932
708,1.00090270528,0.000902298091403,0.000451047293273
709,1.00000934082,9.34077930392e-06,4.67037874563e-06
710,1.00060008626,0.000599906279481,0.000299908158295
711,1.00003981592,3.98151277966e-05,1.99073657441e-05
712,1.00120771264,0.00120698394575,0.000603309908223
713,1.00192941131,0.00192755238348,0.000963311908632
714,1.00127183592,0.0012710278263,0.000635312016956
715,1.00104027577,0.00103973506129,0.000519732422932
716,1.00084442821,0.00084407188103,0.000421946895875
717,1.00051459441,0.000514462054493,0.000257197946182
718,0.999504806343,-0.000495316306176,-0.0002476888229
719,1.00155838965,0.00155717662523,0.000778285291381
720,1.00095243083,0.000951977554374,0.000475875512501
721,1.00004197485,4.19739675053e-05,2.09867635275e-05
722,1.00133287667,0.00133198918083,0.000665772865243
723,1.00087324544,0.000872864384914,0.000436336969781
724,0.999874323126,-0.000125684771995,-6.28443606214e-05
725,1.00177567742,0.00177410277331,0.000886658072881
726,1.00101485395,0.00101433933689,0.000507041079649
727,1.00049921311,0.000499088546821,0.000249513139828
728,1.00208990082,0.00208772001277,0.00104331537405
729,1.00117992951,0.00117923393721,0.000589443178678
730,1.00188860399,0.00188682282148,0.000942966538105
731,0.999052285679,-0.000948163685697,-0.000474194237406
732,1.00026133165,0.000261297512065,0.000130640221855
733,1.00026286184,0.000262827296105,0.000131405013657
734,1.00071184088,0.000711587641846,0.000355730533807
735,1.001875988,0.00187423052924,0.000936676309236
736,1.00176848236,0.00176692044037,0.000883070084101
737,1.00046071895,0.00046061284799,0.000230279905506
738,1.00079494583,0.000794630029156,0.00039723609542
739,1.00103810209,0.00103756363006,0.000518647271013
740,1.00041960984,0.000419521830503,0.000209738916969
741,1.00120258628,0.00120186374836,0.000600751350783
742,1.00092103616,0.000920612270003,0.000460200210386
743,1.00094035535,0.000939913493601,0.000469846334425
744,1.00156769742,0.00156646986852,0.000782928285845
745,1.00106123787,0.00106067515708,0.000530196974426
746,1.0015002507,0.00149912644358,0.000749282369457
747,1.00008073067,8.07274065124e-05,4.03628886529e-05
748,1.00067082832,0.000670603412473,0.000335245498902
749,1.00124258027,0.00124180891059,0.000620711734015
750,1.0003004654,0.000300420274171,0.000150198856108
751,1.00128014745,0.00127932875522,0.000639459835967
752,1.00124931753,0.00124853778488,0.000624074077155
753,1.00042597241,0.000425881711642,0.000212918185526
754,1.0014454742,0.00144443050722,0.000721954518949
755,1.00123651103,0.00123574718342,0.000617682747131
756,1.00004805663,4.80554757242e-05,2.40274491984e-05
757,1.00121639398,0.00121565477381,0.00060764269726
758,1.00009797144,9.79666365502e-05,4.89821186119e-05
759,1.00080940276,0.000809075366935,0.000404455869131
760,0.999886084757,-0.000113921732281,-5.69624884414e-05
761,1.00048852574,0.000488406449346,0.000244173409493
762,1.00191249796,0.00191067146679,0.000954879545495
763,1.0011536342,0.00115296927604,0.000576318502676
764,0.999276918819,-0.000723342730766,-0.000361736776357
765,1.00020650459,0.000206483269361,0.000103236305446
766,1.00067075999,0.000670535131221,0.000335211369721
767,1.00046099954,0.000460893316937,0.000230420107677
768,0.999882746358,-0.000117260517039,-5.86319773066e-05
769,1.00051350824,0.000513376435717,0.000256655276256
770,1.00080804524,0.000807718951881,0.00040377793568
771,1.00022430289,0.000224277740169,0.000112132582756
772,1.00052716854,0.000527029639348,0.000263480102694
773,0.999193101908,-0.000807223809124,-0.000403693366806
774,1.0010841433,0.0010835560367,0.00054163128314
775,1.00025420734,0.000254175030601,0.000127079440024
776,1.00057933967,0.000579171913288,0.000289544030678
777,1.00050273579,0.000502609460896,0.000251273156059
778,1.0001990625,0.000199042690651,9.95163932406e-05
779,1.00093232338,0.00093188903542,0.000465835982421
780,1.00000142896,1.42896241217e-06,7.14480950847e-07
781,1.0010025339,0.00100203169536,0.000500890360198
782,1.0008671861,0.00086681030941,0.000433311248258
783,1.00120224124,0.00120151912313,0.000600579141671
784,1.00156642293,0.0015651973722,0.000782292535616
785,1.00065286216,0.000652649140172,0.000326271332014
786,1.00031368223,0.000313633045805,0.000156804227834
787,1.00142677935,0.00142576246471,0.000712627192899
788,1.00118242242,0.00118172390953,0.000590687430217
789,1.00021828302,0.000218259195802,0.000109123643483
790,1.00024778579,0.000247755098527,0.000123869876757
791,1.00088685239,0.000886459373537,0.000443131475002
792,0.999831471214,-0.000168542988923,-8.42750454038e-05
793,1.00165285506,0.00165149059829,0.000825404465314
794,1.00151969446,0.00151854088916,0.000758982271717
795,1.00096003673,0.000959576191637,0.000479673015916
796,1.00091369735,0.000913280186731,0.000456535849146
797,1.00089683477,0.000896432857397,0.000448115994721
798,1.00071673828,0.000716481545992,0.000358176612432
799,0.999000608323,-0.000999891401418,-0.00050007069439
800,1.00026814124,0.000268105293701,0.000134043662196
801,1.00064312043,0.000642913712201,0.000321405194381
802,1.00038565494,0.000385580598948,0.000192771716618
803,0.999992587878,-7.41214901478e-06,-3.7060813749e-06
804,1.00102592056,0.00102539466583,0.000512565926095
805,0.999199643838,-0.00080067661806,-0.000400418455106
806,1.00103263211,0.00103209930842,0.000515916523487
807,1.00039187722,0.000391800457639,0.000195881041623
808,0.999926694405,-7.3308281643e-05,-3.66548125927e-05
809,1.00086361129,0.000863238593331,0.000431526162457
810,1.00061121114,0.00061102442984,0.000305465550816
811,1.00121895652,0.00121821420064,0.00060892163225
812,1.00043219597,0.000432102598666,0.000216027961932
813,1.00155482314,0.00155361565736,0.000776506191589
814,1.00084338084,0.00084302539726,0.000421423874633
815,0.999001193823,-0.000999305316594,-0.000499777505479
816,1.00053609632,0.000535952672879,0.000267940433988
817,1.00126632492,0.00126552380296,0.000632561749887
818,1.00076354605,0.000763254695245,0.000381554537169
819,1.0002775038,0.000277465298883,0.000138723026513
820,1.00130481961,0.00130396907257,0.000651772040552
821,0.99970462158,-0.00029542205267,-0.000147721936146
822,0.999729783773,-0.000270252741743,-0.000135135500851
823,1.00177811825,0.00177653926527,0.000887875237948
824,1.00064480173,0.000644593932261,0.000322245034043
825,1.00051798704,0.000517852928,0.000258892945436
826,1.00006956117,6.95587520936e-05,3.47787712514e-05
827,1.00014178116,0.000141771107093,7.08830412249e-05
828,1.0001072341,0.000107228353375,5.36127394734e-05
829,1.00070424971,0.000704001845078,0.000351938977483
830,0.999576923604,-0.000423165917831,-0.000211605344168
831,1.0016002209,0.00159894190777,0.000799151462129
832,1.000441452,0.00044135458446,0.000220652944788
833,1.00143124064,0.00143021739071,0.000714853066071
834,1.00081115908,0.000810830263719,0.00040533296225
835,1.00157153817,0.00157030459985,0.000784844148513
836,1.00013790628,0.00013789676769,6.89460069597e-05
837,1.00029617544,0.000296131587168,0.000148054832385
838,1.00132834403,0.00132746255858,0.000663511058412
839,1.00026062551,0.000260591548792,0.00013028728627
840,1.00158192904,0.00158067910418,0.000790027316048
841,1.00172432158,0.00172283664172,0.000861047406612
842,1.0005297911,0.000529650814316,0.000264790344005
843,1.0007086428,0.000708391830467,0.000354133195266
844,1.0008455637,0.00084520641696,0.000422513924322
845,1.000527293,0.000527154033795,0.000263542283527
846,1.00178280985,0.00178122253465,0.00089021479082
847,1.00114349806,0.00114284476809,0.000571259153366
848,1.00028056935,0.000280529995611,0.000140255161131
849,1.00036333615,0.000363270156534,0.000181618583615
850,0.999912459201,-8.75446307519e-05,-4.37732733978e-05
851,1.00074654416,0.000746265635005,0.000373063212111
852,1.00179527122,0.00179366165159,0.000896428793223
853,0.999389206748,-0.000610979861934,-0.000305536597768
854,1.00131284893,0.00131198790088,0.000655778833451
855,1.00119025915,0.00118955135341,0.000594598832712
856,1.00129307188,0.00129223658582,0.000645909603436
857,1.00079794175,0.000797623561405,0.000398732265855
858,1.00034429574,0.000344236479876,0.000172103428444
859,1.00115179291,0.00115113010543,0.000575399446926
860,1.00026009356,0.000260059743264,0.000130021418115
861,0.999966935499,-3.30650478017e-05,-1.65326605639e-05
862,1.00146774101,0.00146666493137,0.000733063643147
863,1.00004859794,4.85967590496e-05,2.42980843215e-05
864,0.998795053899,-0.00120567263177,-0.000603018058215
865,1.00217098875,0.0021686355632,0.0010837301215
866,1.00107858118,0.00107799993226,0.000538854731745
867,1.00031450452,0.000314455071078,0.000157215175938
868,1.00090700037,0.000906589295492,0.000453191925249
869,1.00207341911,0.00207127254097,0.00103510018432
870,0.999968896497,-3.11039869975e-05,-1.55521144316e-05
871,1.00137302937,0.00137208762517,0.000685808538332
872,1.00232063388,0.00231794536397,0.00115830133253
873,1.00123275225,0.00123199303849,0.00061580683234
874,1.00045675921,0.000456654930306,0.000228301400421
875,1.00100860828,0.00100809997348,0.000503922974887
876,1.00073434149,0.000734071990565,0.000366968645812
877,1.00136388318,0.00136295393881,0.000681244816712
878,1.00162985817,0.00162853139258,0.000813934271941
879,1.00097808783,0.000977609809425,0.000488685459058
880,1.000440392,0.00044029505124,0.000220123294931
881,0.999820238915,-0.000179777243902,-8.98926620541e-05
882,1.00019413833,0.000194119483161,9.70550314361e-05
883,1.00119082934,0.00119012086341,0.00059488341836
884,1.00193152889,0.00192966588263,0.000964367639669
885,1.00139173268,0.00139076511976,0.00069514083746
886,1.00176998877,0.00176842418352,0.000883821291442
887,1.00060443488,0.000604252278735,0.000302080503861
888,1.00046098914,0.000460882914082,0.000230414907448
889,1.00165900788,0.00165763324399,0.000828473248368
890,1.00145268873,0.00145163459357,0.000725553955128
891,1.00100138325,0.00100088219747,0.000500315898976
892,1.00071489295,0.000714637536232,0.000357254937368
893,1.00056018052,0.000560023676201,0.000279972638445
894,1.00155257475,0.00155137075635,0.000775384612045
895,1.00138430358,0.00138334631182,0.000691434005173
896,1.00025294003,0.000252908050932,0.000126446030493
897,1.00099656958,0.000996073338111,0.00049791266938
898,1.00017081182,0.000170797230774,8.53949690289e-05
899,1.00144251137,0.00144147194691,0.000720476305672
900,1.0003533343,0.000353271892489,0.000176620347034
901,1.00052636977,0.000526231281936,0.000263081029084
902,1.00000528635,5.28633486709e-06,2.64316394039e-06
903,1.00045586547,0.000455761594944,0.000227854834615
904,1.00084100195,0.000840648503558,0.000420235927916
905,1.00134312045,0.0013422192735,0.000670884493045
906,1.00009038929,9.03852068591e-05,4.51915822592e-05
907,1.00030310309,0.000303057162701,0.000151517101475
908,1.00108447991,0.00108389228214,0.000541799314786
909,1.00080349316,0.000803170528674,0.000401504639768
910,1.00166893415,0.00166754302857,0.000833424023397
911,1.00040300257,0.000402921385388,0.000201440400851
912,1.00159679548,0.00159552195498,0.000797442850802
913,1.0006634696,0.000663249599901,0.000331569818524
914,1.00067732204,0.000677092765703,0.000338489082491
915,1.00149586286,0.00149474517381,0.000747093373576
916,1.00153472417,0.00153354768764,0.000766479947878
917,1.00072802759,0.000727762705427,0.000363815155924
918,1.00123114859,0.00123039134914,0.00061500648051
919,1.00041207465,0.000411989771648,0.000205973670334
920,1.00147551185,0.00147442434734,0.000736940499538
921,0.999813474281,-0.000186543117364,-9.32759086092e-05
922,1.00099914815,0.0009986493288,0.000499200022586
923,1.00233483806,0.00233211655813,0.00116537869728
924,1.0003917465,0.000391669788448,0.000195815719823
925,1.00049660019,0.000496476926289,0.000248207654526
926,0.999739355075,-0.00026067889868,-0.000130347943895
927,1.00121091871,0.00121018614209,0.000604910039151
928,1.00081455123,0.000814219664709,0.000407026974391
929,1.00149731946,0.00149619959143,0.000747820038828
930,1.00078298987,0.000782683490837,0.000391265181226
931,1.00103561489,0.00103507901472,0.000517405606892
932,1.00004533456,4.53335360759e-05,2.26665111488e-05
933,1.00017326878,0.000173253773762,8.66231348806e-05
934,1.00188988443,0.00188810084091,0.000943604945054
935,1.00131223196,0.00131137173955,0.000655470954772
936,1.00096804678,0.000967578526866,0.000483672256277
937,1.00026355281,0.000263518084476,0.000131750362397
938,1.00090900382,0.000908590925136,0.000454192286009
939,1.00013061799,0.000130609462461,6.5302598923e-05
940,1.00164167751,0.00164033143021,0.000819829471135
941,0.999799914049,-0.00020010597054,-0.000100057990737
942,1.0016024559,0.00160117333847,0.000800266285233
943,1.00142629701,0.0014252808172,0.000712386540734
944,1.0007194958,0.000719237090471,0.000359553890237
945,1.00052009047,0.000519955271369,0.000259943844427
946,1.00020614934,0.000206128097241,0.000103058737704
947,1.00120496292,0.00120423753667,0.000601937531207
948,1.00103433339,0.00103379883866,0.000516765849843
949,1.00041338022,0.000413294798845,0.000206626049319
950,1.00009775135,9.77465758031e-05,4.88720936218e-05
951,1.00016405103,0.000164037576866,8.2015424984e-05
952,1.00043394018,0.000433846050376,0.00021689949909
953,1.00117374299,0.00117305469363,0.000586355373276
954,1.00027881374,0.000278774880892,0.000139377726468
955,1.00116031625,0.00115964360242,0.000579653737031
956,1.00193836814,0.00193649192565,0.000967777363954
957,1.00120976802,0.00120903683674,0.000604335733925
958,1.00080313697,0.000802814628067,0.000401326760896
959,1.00094509805,0.000944651723655,0.000472214333528
960,1.00005419415,5.41926822773e-05,2.70959740362e-05
961,1.00071154652,0.000711293489709,0.000355583510047
962,1.00039442391,0.000394346147176,0.000197153636255
963,0.999877667932,-0.000122339550935,-6.11716463761e-05
964,1.00135935346,0.00135843037786,0.00067898457451
965,1.00213302587,0.00213075419672,0.00106480978566
966,0.999421007021,-0.000579160659766,-0.000289622262314
967,1.0014928751,0.00149176186796,0.000745602833942
968,0.999915248539,-8.47550526957e-05,-4.23784242878e-05
969,1.00150033684,0.00149921246062,0.00074932534575
970,1.00101502423,0.00101450944529,0.00050712609072
971,0.99899396224,-0.00100654415562,-0.000503398740448
972,1.00082804598,0.000827703342996,0.000413766046707
973,1.00001754499,1.75448373101e-05,8.77238017749e-06
974,1.00106218467,0.00106162094755,0.000530669618818
975,1.00081729673,0.00081696292749,0.00040839804655
976,1.00137276093,0.00137181955191,0.000685674593619
977,1.00003056043,3.05599627755e-05,1.52798646494e-05
978,1.00014595575,0.000145945096829,7.29698859828e-05
979,1.00004753719,4.7536057542e-05,2.37677463136e-05
980,1.00080419486,0.00080387166723,0.000401855068229
981,1.00078524826,0.000784940111249,0.000392393049327
982,1.00186435659,0.00186262083095,0.000930876880525
983,1.00143529187,0.00143426282295,0.000716874334201
984,1.00188292525,0.00188115476535,0.000940135178424
985,1.00083094229,0.000830597250636,0.000415212400781
986,1.00081011181,0.000809783845862,0.000404809965258
987,1.00078474211,0.000784434365714,0.000392140275753
988,1.0006878041,0.000687567669954,0.000343724748085
989,0.999923756898,-7.62460084318e-05,-3.81237309068e-05
990,1.00173512044,0.0017336168574,0.000866432858799
991,1.00062084624,0.000620653598392,0.000310278652815
992,1.00243098995,0.0024280398773,0.00121328331457
993,1.0001764765,0.000176460927908,8.82265717611e-05
994,0.999937784271,-6.22176641642e-05,-3.11093159668e-05
995,1.00178224205,0.00178065574353,0.000889931647506
996,1.00071835532,0.00071809742307,0.00035898426126
997,1.00181580116,0.00181415458194,0.000906666020726
998,1.00063510609,0.000634904491685,0.00031740186321
999,1.00099273378,0.000992241345444,0.000495997625211
1000,1.00133898497,0.00133808933206,0.00066882090555
1001,1.00038814046,0.000388065152914,0.000194013753354
1002,1.00000646166,6.46164399337e-06,3.23081677756e-06
1003,0.999627839478,-0.000372229790899,-0.000186132215901
1004,1.00026106907,0.000261034995251,0.000130508980587
1005,1.00045602814,0.000455924189177,0.000227936113205
1006,1.00086056254,0.000860192470457,0.000430003757101
1007,1.00044647335,0.000446373712346,0.000223161951839
1008,1.00090761386,0.00090720222294,0.000453498250039
1009,1.00132101438,0.0013201426042,0.00065985350296
1010,1.00147838703,0.00147729528778,0.000738374910872
1011,1.00120852727,0.00120779758939,0.000603716484518
1012,1.000214817,0.000214793926885,0.000107391196595
1013,1.00027715894,0.000277120535338,0.000138550668639
1014,1.00076453552,0.000764243414982,0.00038204870829
1015,0.999884793401,-0.000115213235819,-5.76082772026e-05
1016,1.00111680098,0.00111617782355,0.000557933209125
1017,1.00125472681,0.00125394029918,0.000626773644877
1018,1.00067289328,0.000672666985532,0.000336276938998
1019,1.00117280201,0.00117211481772,0.000585885710758
1020,1.00026026269,0.000260228830868,0.00013010595092
1021,1.00159696325,0.0015956894613,0.000797526537171
1022,1.00139273082,0.00139176186544,0.000695638863738
1023,1.00156610835,0.00156488327962,0.000782135612172
1024,1.00092092522,0.000920501430578,0.000460144816176
1025,1.00015951015,0.00015949743106,7.97455356857e-05
1026,0.99974704781,-0.000252984188114,-0.000126500094519
1027,1.00048485766,0.00048474015375,0.000242340707621
1028,1.00090559578,0.000905185978504,0.000452490584495
1029,1.0014221592,0.00142114888551,0.000710322044521
1030,1.00055508358,0.000554929575383,0.000277426297897
1031,1.00061558247,0.000615393081144,0.000307649206846
1032,1.00019740432,0.000197384833431,9.8687546779e-05
1033,1.00058998635,0.000589812371993,0.000294862705442
1034,1.00039706751,0.000396988694988,0.000198474648794
1035,1.00050764264,0.000507513830042,0.000253724721458
1036,1.0016556353,0.00165426625176,0.000826791145569
1037,1.00057883764,0.000578670174997,0.000289293234139
1038,1.00076807566,0.000767780836597,0.0003838167418
1039,1.00084496244,0.000844605664415,0.000422213674917
1040,1.00224961449,0.00224708789165,0.00112291300664
1041,1.00154126872,0.0015400821833,0.000769744686096
1042,1.0000893663,8.9362311145e-05,4.46801573846e-05
1043,1.0014376451,0.00143661267847,0.000718048418994
1044,1.00113241541,0.00113177471012,0.000565727271007
1045,1.0017614656,0.00175991603729,0.000879570969127
1046,1.00027447581,0.000274438148679,0.000137209660233
1047,1.00074991785,0.000749636797471,0.000374748163095
1048,1.00078668323,0.000786373956953,0.000393109690606
1049,1.00065114402,0.000650932114554,0.000325413098945
1050,1.00157527302,0.0015740335822,0.000786707174615
1051,0.999870783427,-0.000129224922381,-6.46145486205e-05
1052,1.00281262412,0.00280867609212,0.00140335242482
1053,1.0016587226,0.00165734843881,0.000828330963746
1054,1.00116362084,0.00116294435306,0.000581303154346
1055,1.00187294256,0.00187119079184,0.000935157863011
1056,1.0006590545,0.000658837416144,0.000329364455687
1057,1.00085128814,0.000850925996197,0.000425372501552
1058,1.00151637833,0.0015152297869,0.000757327975749
1059,1.00058387513,0.000583704745578,0.000291809788028
1060,1.00111481493,0.00111419398098,0.000556941840776
1061,1.00018883781,0.000188819979568,9.4405533301e-05
1062,1.00068432603,0.000684091983882,0.00034198750088
1063,1.00018110839,0.000181091994956,9.05418983127e-05
1064,0.999491576783,-0.000508552507628,-0.000254308584761
1065,1.00191156501,0.0019097402937,0.000954414403421
1066,1.00041942747,0.000419339532144,0.000209647786903
1067,1.00131268423,0.00131182341101,0.000655696642447
1068,1.00081150297,0.000811173883761,0.000405504702616
1069,1.00071215759,0.000711904129896,0.000355888721528
1070,1.00139901372,0.00139803601175,0.000698773749704
1071,1.00207487788,0.00207272829774,0.00103582730902
1072,0.999517411167,-0.00048270531649,-0.000241381786141
1073,1.00032381177,0.000323759349299,0.000161866572842
1074,0.999465860827,-0.000534281876589,-0.000267176623612
1075,1.0032691589,0.00326382681294,0.00163058255983
1076,1.00145776242,0.00145670091413,0.000728085274259
1077,1.00052222214,0.000522085829421,0.000261008845973
1078,0.999986579539,-1.34205513989e-05,-6.71029821331e-06
1079,1.00053423408,0.000534091426775,0.000267010059855
1080,1.00125739484,0.00125660498531,0.000628105151976
1081,0.999806932742,-0.000193085897778,-9.65476093093e-05
1082,0.999893879451,-0.000106126179816,-5.30644977788e-05
1083,1.00095859779,0.000958138624699,0.00047895457697
1084,1.00160859381,0.00160730141375,0.000803327866134
1085,0.998950535883,-0.00105001518956,-0.000525145435387
1086,1.0007154498,0.000715193988521,0.000357533064076
1087,1.00190553022,0.00190371699953,0.000951405626166
1088,1.00018491313,0.000184896032634,9.24437431308e-05
1089,1.00123577678,0.00123501383407,0.000617316298878
1090,0.999755829688,-0.000244200126755,-0.000122107517894
1091,1.000968085,0.000967616706248,0.000483691336735
1092,1.00127466365,0.0012738519523,0.000636723181858
1093,1.0010907578,0.00109016335867,0.000544933149307
1094,1.00128115612,0.00128033614254,0.000639963207408
1095,0.999864672413,-0.000135336745065,-6.76706620886e-05
1096,1.00118229687,0.00118159850442,0.000590624764695
1097,0.999781872861,-0.000218150932626,-0.000109081415258
1098,1.00045374335,0.000453640439815,0.000226794498146
1099,1.00043595539,0.000435860392188,0.000217906451034
1100,1.00167747911,0.00167607371691,0.000837685803638
1101,1.00041216856,0.000412083640386,0.000206020595035
1102,1.00117956836,0.00117887321954,0.000589262926136
1103,1.00163724207,0.0016359032551,0.000817617196305
1104,1.00061887318,0.000618681757655,0.000309293037871
1105,1.00053400431,0.000533861780366,0.000266895267303
1106,1.00115439288,0.00115372708395,0.000576697188194
1107,0.999951016589,-4.89846109273e-05,-2.44926054025e-05
1108,1.00102861836,0.00102808969527,0.000513912749219
1109,1.00225883112,0.00225628379575,0.00112750578504
1110,1.00137865523,0.00137770575426,0.000688615672455
1111,0.999353537026,-0.000646672021759,-0.000323388289602
1112,1.00063072615,0.00063052732835,0.000315213973808
1113,1.00198172696,0.00197976592592,0.000989393190438
1114,1.00143525483,0.00143422583751,0.000716855854736
1115,0.999745378696,-0.000254653725418,-0.000127334969118
1116,1.00051143731,0.000511306574228,0.000255620610597
1117,1.00034457174,0.000344512386084,0.000172241357796
1118,1.00084970033,0.00084933954233,0.000424579611721
1119,1.00124413782,0.00124336452492,0.000621489058083
1120,1.0011407802,0.00114013000903,0.000569902548331
1121,0.999751454167,-0.000248576726048,-0.000124296087142
1122,1.00054192298,0.00054177619358,0.000270851409922
1123,1.00232939805,0.0023266892083,0.00116266818115
1124,1.00029395526,0.000293912059479,0.000146945232231
1125,1.00046393236,0.000463824776127,0.000231885498464
1126,1.00121361993,0.00121288409169,0.000606258197034
1127,0.999450823684,-0.000549327168073,-0.000274701307532
1128,1.00049894589,0.000498821462164,0.000249379630811
1129,1.00183517533,0.00183349345559,0.000916326643892
1130,1.00146110457,0.00146003819474,0.000729752698258
1131,1.00218772901,0.00218533941779,0.00109207296272
1132,1.00123793259,0.0012371669806,0.000618392206975
1133,1.00090567938,0.00090526949889,0.000452532325791
1134,1.00037622049,0.000376149733049,0.000188057181556
1135,1.00020823686,0.000208215178982,0.000104102170484
1136,1.00105351235,0.00105295779888,0.000526340333744
1137,1.0009139637,0.000913546284552,0.000456668837306
1138,0.999472535522,-0.000527603636729,-0.000263836617124
1139,0.999505609596,-0.000494512655066,-0.000247286897898
1140,1.00222408282,0.00222161321011,0.00111018988777
1141,1.00203305704,0.00203099317521,0.00101498114544
1142,1.00045771998,0.000457615256479,0.000228781453771
1143,0.998609511601,-0.00139145602534,-0.00069597008754
1144,1.00149671682,0.00149559785102,0.000747519393577
1145,0.998838491377,-0.00116218369678,-0.000581260714964
1146,1.00086606099,0.000865686179233,0.000432749426561
1147,1.00026793434,0.000267898456748,0.000133940257576
1148,1.00035993896,0.000359874195762,0.000179920910172
1149,1.00078269022,0.00078238407808,0.000391115533411
1150,1.00179516526,0.00179355587487,0.000896375952275
1151,0.99916471245,-0.00083563659708,-0.000417905596763
1152,1.00094728031,0.000946831926878,0.000473303919784
1153,0.999943444155,-5.65574441048e-05,-2.82791218993e-05
1154,1.00231973811,0.00231705167201,0.00115785500403
1155,1.00032044969,0.000320398352443,0.000160186345019
1156,1.00052651372,0.000526375157687,0.000263152948031
1157,1.0029102632,0.00290603658577,0.0014519631729
1158,1.00065141522,0.000651203142618,0.00032554856887
1159,1.0013314348,0.00133054922756,0.000665053367689
1160,1.00006820201,6.81996844888e-05,3.40992608514e-05
1161,1.00000772519,7.72515972514e-06,3.86257240281e-06
1162,1.00042122488,0.000421136193885,0.000210545929037
1163,1.00043250777,0.000432414267777,0.000216183762811
1164,1.00134469486,0.00134379156997,0.000671670113559
1165,1.00098380642,0.000983322798608,0.000491540553644
1166,1.00118823437,0.00118752897868,0.000593588246088
1167,1.00035558541,0.000355522201437,0.00017774530215
1168,1.00101571879,0.00101520329848,0.000507472841316
1169,1.00208392026,0.00208175190682,0.00104033442994
1170,1.00047998676,0.000479871604895,0.000239907020155
1171,1.00129582056,0.00129498170611,0.000647281276087
1172,1.00114476793,0.00114411318288,0.000571892998266
1173,1.00167674306,0.00167533889547,0.000837318700625
1174,1.0018076375,0.00180600568996,0.000902595260605
1175,0.999921352167,-7.86509259029e-05,-3.93262362077e-05
1176,1.00139916384,0.00139818592121,0.000698848652057
1177,0.999543157232,-0.00045694715196,-0.000228499678055
1178,1.00007962453,7.96213557302e-05,3.98098854306e-05
1179,1.00076688015,0.000766586248903,0.000383219677026
1180,1.00044521944,0.00044512035552,0.000222535413081
1181,1.00076427669,0.000763984783658,0.000381919442025
1182,1.00033974625,0.000339688545121,0.000169829849839
1183,1.00125783357,0.00125704315559,0.000628324099483
1184,1.00081356758,0.000813236816287,0.000406535750082
1185,1.00025442264,0.000254390276712,0.000127187049398
1186,1.00174937575,0.00174784737223,0.000873541926028
1187,0.999549245727,-0.000450855892965,-0.000225453357271
1188,1.00066770541,0.000667482590873,0.000333685610006
1189,1.00122624897,0.00122549774251,0.000612561179003
1190,1.00013939999,0.000139390277313,6.96927100067e-05
1191,1.00023171317,0.000231686325673,0.000115836453276
1192,1.0011739234,0.00117323488662,0.000586445416937
1193,1.00005967851,5.96767258504e-05,2.98379177657e-05
1194,1.00173988804,0.00173837618664,0.000868810458768
1195,1.00000763422,7.63419399312e-06,3.81708971142e-06
1196,1.00137484383,0.00137389959445,0.000686713901233
1197,1.00117223223,0.00117154570138,0.000585601319269
1198,1.00029376589,0.000293722748894,0.000146850590843
1199,1.00111167379,0.00111105633884,0.000555373892218
1200,1.00052059753,0.000520462062402,0.000260197174043
1201,1.00126825649,0.00126745292988,0.000633525702736
1202,1.00052730494,0.000527165961943,0.000263548246029
1203,1.0017045299,0.00170307883917,0.000851176962783
1204,1.00055511254,0.000554958524016,0.000277440768198
1205,0.999753216582,-0.000246813874435,-0.000123414552167
1206,1.00064428216,0.000644074703878,0.000321985503477
1207,1.00029422802,0.000294184742755,0.000147081553825
1208,1.0020406503,0.00203857099886,0.00101876620442
1209,1.00199962954,0.00199763294566,0.000998317821691
1210,1.00058659258,0.000586420597598,0.00029316731686
1211,1.00198114816,0.00197918827901,0.000989104652702
1212,1.00137468728,0.00137374326581,0.000686635790587
1213,1.00262718271,0.0026237376999,0.00131100872618
1214,1.00034752125,0.000347460879051,0.000173715349267
1215,1.00230564958,0.00230299565166,0.0011508351066
1216,1.00141611153,0.00141510978499,0.000707304634558
1217,0.999262764843,-0.000737507048246,-0.000368821522062
1218,1.00172696775,0.00172547825589,0.000862367075547
1219,0.999883138621,-0.000116868207884,-5.84358112476e-05
1220,0.999955867027,-4.4133946842e-05,-2.20672168985e-05
1221,1.00187222095,0.00187047052894,0.000934798068275
1222,1.00053225775,0.000532116147291,0.000266022683335
1223,1.00125225197,0.00125146855385,0.00062553854606
1224,0.999790548359,-0.000209473579154,-0.000104742274666
1225,1.00052978689,0.000529646604396,0.000264788239602
1226,1.00044455654,0.000444457752905,0.000222204185444
1227,1.00020410856,0.000204087729898,0.000102038658651
1228,1.00046813136,0.000468021815756,0.000233983529461
1229,1.00135854121,0.0013576192291,0.000678579275424
1230,1.00076143854,0.000761148796502,0.000380501989001
1231,1.00130386307,0.00130301377459,0.000651294702767
1232,1.00071191234,0.000711659045978,0.000355766223172
1233,1.00091607296,0.000915653620527,0.000457722023561
1234,1.00125747519,0.00125668523287,0.000628145250553
1235,1.00181837843,0.00181672717802,0.000907951151695
1236,1.00061709154,0.000616901213727,0.000308403040866
1237,1.00155049594,0.00154929516413,0.000774347620088
1238,0.999770901259,-0.000229124987667,-0.000114569056367
1239,0.999951353781,-4.86474023032e-05,-2.43239969753e-05
1240,0.999674940256,-0.000325112587644,-0.000162569506812
1241,1.00186290583,0.00186117277016,0.000930153523853
1242,1.00079789847,0.000797580321734,0.00039871065464
1243,1.00128670784,0.00128588074163,0.000642733728944
1244,1.00007343314,7.34304461751e-05,3.67145490919e-05
1245,1.00071383796,0.000713583299141,0.000356728006999
1246,1.00062081112,0.000620618498207,0.000310261108168
1247,0.999783024357,-0.00021699918518,-0.000108505478884
1248,1.00114083387,0.0011401836154,0.000569929336242
1249,1.00096735584,0.000966888256089,0.000483327287762
1250,1.00074534392,0.000745066291293,0.00037246376379
1251,0.99967330619,-0.000326747185854,-0.000163386939119
1252,1.00122749679,0.00122674403472,0.0006131839432
1253,0.999992583819,-7.41620814537e-06,-3.70811094785e-06
1254,1.00319233309,0.00318724840849,0.00159235505946
1255,1.00123878523,0.00123801856859,0.000618817737571
1256,1.00164799759,0.00164664112951,0.000822981729375
1257,1.00107534134,0.00107476357937,0.000537237425953
1258,0.999674849587,-0.000325203285994,-0.000162614863361
1259,0.999860039419,-0.000139970375905,-6.99876369727e-05
1260,0.99999244782,-7.55220881355e-06,-3.77611153635e-06
1261,1.00127259815,0.00127178907976,0.000635692401797
1262,0.999017879446,-0.000982603150084,-0.000491422283428
1263,1.00046468642,0.000464578490993,0.000232262268439
1264,1.00077459691,0.00077429706636,0.000387073600857
1265,1.00062959213,0.000629394018293,0.000314647497236
1266,1.00054533935,0.000545190703792,0.000272558201159
1267,1.00182506502,0.00182340161267,0.000911285333429
1268,1.00002310658,2.31063094907e-05,1.15530880079e-05
1269,1.00219429031,0.00219188636617,0.00109534285668
1270,1.00073159898,0.00073133149145,0.000365598898154
1271,1.00159767609,0.00159640116082,0.00079788210307
1272,1.00026391617,0.000263881352483,0.000131931972453
1273,0.999474645632,-0.000525492415082,-0.000262780728349
1274,1.00019983032,0.000199810354391,9.99001868396e-05
1275,1.00229200443,0.00228938179795,0.00114403599026
1276,0.999114440361,-0.000885951978222,-0.000443074117463
1277,1.00181687567,0.0018152271514,0.000907201819079
1278,1.00012768535,0.00012767720325,6.38365639851e-05
1279,1.00133025126,0.00132936725928,0.000664462776414
1280,0.999873716814,-0.000126291159913,-6.31475736803e-05
1281,1.0013069196,0.00130606631912,0.000652819979812
1282,0.999983438728,-1.65614088623e-05,-8.28073871628e-06
1283,1.00005811414,5.81124547213e-05,2.90558052326e-05
1284,0.99878493489,-0.00121580390022,-0.000608086759947
1285,0.999606843268,-0.000393234038167,-0.000196636349476
1286,0.999873757795,-0.000126250174162,-6.31270795113e-05
1287,1.00023809114,0.000238062803748,0.000119024317918
1288,1.00150428863,0.00150315832568,0.000751296797965
1289,0.999631992539,-0.000368075192677,-0.000184054532296
1290,1.00030403575,0.000303989539908,0.000151983219334
1291,1.00128304986,0.00128222745317,0.000640908257092
1292,1.00073904936,0.000738776393851,0.000369319981505
1293,0.999985869644,-1.41304559688e-05,-7.06525294314e-06
1294,1.00098916917,0.000988680260433,0.000494217964265
1295,1.00049707895,0.000496955451177,0.000248446857555
1296,1.0004918926,0.000491771663592,0.000245855604352
1297,1.00125269716,0.00125191318478,0.000625760722434
1298,1.00103818532,0.00103764677988,0.000518688824357
1299,1.00143630949,0.00143527898878,0.000717382052757
1300,1.00205921518,0.0020570979036,0.00102802017664
1301,1.00117571133,0.00117502072658,0.000587337812872
1302,1.00106207666,0.00106151305124,0.00053061569929
1303,1.00063534272,0.000635140975268,0.000317520067464
1304,1.00069231185,0.000692072312043,0.000345976292416
1305,1.0011342128,0.00113357006368,0.000566624439547
1306,1.000044728,4.47269972714e-05,2.23632485745e-05
1307,1.0010202171,0.00101969702858,0.00050971856362
1308,1.00064538463,0.000645176459762,0.000322536203893
1309,1.00107427153,0.00107369490847,0.000536703377425
1310,1.00182589781,0.0018242328825,0.000911700589492
1311,1.00043589033,0.000435795354419,0.000217873939235
1312,1.00117795218,0.0011772589424,0.00058845626286
1313,1.00048421764,0.000484100439897,0.000242020928157
1314,0.999958520038,-4.1480821944e-05,-2.07406260559e-05
1315,1.00216186505,0.00215953158274,0.00107918305405
1316,0.998969336393,-0.00103119510637,-0.000515730496448
1317,1.00105509054,0.00105453432208,0.000527128180137
1318,1.00240985314,0.00240695409879,0.00120275316132
1319,0.9995688701,-0.000431222862907,-0.000215634677269
1320,1.00165205479,0.0016506916497,0.000825005320667
1321,1.00124303551,0.00124226358222,0.000620938928693
1322,1.00165064754,0.00164928671589,0.000824303433055
1323,1.00053610705,0.000535963398427,0.000267945795325
1324,0.999723680696,-0.000276357486993,-0.000138188290619
1325,1.0013436796,0.00134277766718,0.00067116350254
1326,1.00023314755,0.000233120372511,0.000116553393381
1327,0.999856331092,-0.000143679229252,-7.18421951529e-05
1328,1.00156063194,0.00155941541959,0.000779403816724
1329,1.00066061324,0.000660395132455,0.000330143057011
1330,1.00174455288,0.00174303291717,0.000871136798419
1331,1.00007048034,7.04778571744e-05,3.52383077035e-05
1332,1.00116301373,0.00116233795452,0.000581000131282
1333,1.00100882819,0.00100831966909,0.000504032767331
1334,1.00107472629,0.00107414918537,0.000536930393945
1335,1.00053440226,0.000534259519481,0.000267094083763
1336,1.00035939291,0.000359328345763,0.00017964803424
1337,1.00007978196,7.97787747679e-05,3.98885918129e-05
1338,1.00109594524,0.00109534513297,0.000547522621241
1339,1.00023915648,0.000239127888605,0.000119556796819
1340,1.00138520806,0.0013842495419,0.00069188530785
1341,1.00098113315,0.000980652149059,0.000490205884345
1342,1.00164659339,0.0016452392428,0.000822281362638
1343,1.00088422004,0.000883829344663,0.000441817042425
1344,1.00078287248,0.000782566199947,0.000391206558725
1345,1.00066423014,0.000664009633076,0.000331949709038
1346,1.00087418567,0.000873803793139,0.000436806468834
1347,1.0011833441,0.00118264450352,0.000591147455214
1348,0.999768600451,-0.000231426326275,-0.000115719858164
1349,1.00070037829,0.00070013313905,0.000350005303373
1350,1.00061565026,0.00061546082598,0.000307683068843
1351,1.00032435008,0.000324297490285,0.000162135599745
1352,1.00149062772,0.00148951784077,0.000744481656296
1353,1.00011429276,0.000114286227351,5.71414810386e-05
1354,1.0007615745,0.000761284650811,0.000380569890307
1355,1.00189724845,0.001895450952,0.000947276526049
1356,1.00139503728,0.00139406512359,0.000696789691034
1357,1.00083579785,0.000835448768416,0.000417637149525
1358,1.00008874203,8.87380976525e-05,4.43680645347e-05
1359,1.00033948661,0.000339428999257,0.000169700098937
1360,0.999443106818,-0.000557048304564,-0.000278562943735
1361,0.999539226248,-0.000460879940557,-0.000230466523608
1362,1.00201580531,0.00201377630302,0.00100638140973
1363,1.00078939199,0.000789080585845,0.000394462472136
1364,1.00192019584,0.00191835461638,0.00095871744468
1365,1.00157268928,0.00157145389526,0.000785418345045
1366,1.00064038253,0.000640177571421,0.000320037562761
1367,1.00148388393,0.0014827840603,0.000741117266986
1368,1.00019223856,0.000192220087933,9.61054255441e-05
1369,1.00069535427,0.000695112623828,0.000347495921216
1370,0.999828313246,-0.000171701493648,-8.58544321052e-05
1371,1.00110511002,0.00110449983753,0.000552097456847
1372,1.00126302176,0.00126222482301,0.000630913301958
1373,1.00066029792,0.000660080023429,0.000329985554501
1374,1.00066837537,0.000668152103664,0.000334020254642
1375,1.00021823672,0.000218212911662,0.000109100503938
1376,1.00135925088,0.00135832793258,0.000678933386647
1377,1.00066231547,0.000662096237477,0.000330993328357
1378,1.00134247606,0.00134157574365,0.000670562943935
1379,1.00206095787,0.00205883701349,0.00102888883728
1380,1.00199987582,0.00199787872657,0.000998440589454
1381,1.00006413669,6.41346382422e-05,3.20668049701e-05
1382,1.00135271776,0.00135180366505,0.000675673462335
1383,1.00064378147,0.000643574331312,0.000321735397719
1384,1.00096967733,0.000969207491927,0.000484486344533
1385,0.999298534307,-0.000701711834761,-0.000350917474517
1386,1.00068941872,0.000689181177138,0.000344531224051
1387,0.999737107357,-0.000262927204832,-0.000131472244134
1388,1.00010525393,0.000105248395698,5.26228132199e-05
1389,1.00025294896,0.000252916971291,0.000126450490108
1390,1.00092554512,0.000925117068728,0.000462451570658
1391,1.00117308386,0.00117239633933,0.000586026389085
1392,1.00057524538,0.000575079991722,0.000287498660198
1393,1.00169528252,0.00169384714673,0.000846565034821
1394,0.999652582507,-0.000347477856831,-0.000173754021898
1395,1.00203952149,0.00203744449124,0.00101820352427
1396,0.99996619345,-3.38071212942e-05,-1.69037035131e-05
1397,1.00077109203,0.000770794895549,0.000385323191718
1398,0.99989888159,-0.000101123522987,-5.05630397609e-05
1399,1.00109245934,0.00109186303691,0.000545782524961
1400,0.999223757116,-0.000776544316499,-0.000388347545641
1401,0.999679855587,-0.000320195670384,-0.000160110651534
1402,1.00038554141,0.000385467112349,0.000192714984256
1403,1.00057716581,0.00057699931244,0.000288458044196
1404,1.00016628436,0.000166270539486,8.31318141022e-05
1405,1.00091170276,0.000911287407935,0.000455539914139
1406,0.999948798871,-5.12024400742e-05,-2.56015477511e-05
1407,1.00013082229,0.000130813736838,6.54047294364e-05
1408,1.00063764791,0.000637444694632,0.000318671560745
1409,1.00075516396,0.000754878967316,0.000377368262337
1410,1.00164165562,0.0016403095778,0.000819818553889
1411,1.00105872426,0.00105816420542,0.000528942163455
1412,1.00108522829,0.00108463985305,0.000542172897652
1413,1.00069673836,0.000696495750721,0.000348187244107
1414,1.00110074234,0.0011001369632,0.000549917221669
1415,1.0009894458,0.000988956620591,0.000494356076044
1416,0.999958889942,-4.11109026852e-05,-2.05556626074e-05
1417,1.00164917043,0.00164781203774,0.000823566701502
1418,1.00108047098,0.00107988769437,0.000539798103738
1419,1.00117987698,0.00117918147076,0.000589416960916
1420,1.00181926702,0.00181761415704,0.00090839423844
1421,1.00213532722,0.00213305064905,0.00106595678853
1422,1.00143667949,0.001435648456,0.000717566653822
1423,1.00179076206,0.00178916055523,0.000894180259971
1424,0.999846881927,-0.000153129796504,-7.65678294183e-05
1425,1.00041245817,0.000412373135651,0.000206165312836
1426,1.00094165017,0.000941207093277,0.000470492830158
1427,1.00191898104,0.00191714214732,0.000958111791173
1428,1.00031658376,0.000316533661758,0.000158254307345
1429,1.00132852685,0.00132764513794,0.000663602287514
1430,1.0005446997,0.000544551404355,0.000272238638512
1431,1.00136775034,0.00136681582545,0.000683174442728
1432,1.00091809149,0.000917670297905,0.000458729900203
1433,1.00024945683,0.000249425723497,0.000124705085423
1434,0.999585023323,-0.000415062804089,-0.000207552938176
1435,1.00137648577,0.00137553928212,0.000687533181731
1436,1.00057003683,0.000569874419107,0.000284896618802
1437,1.0001159849,0.000115978170986,5.79874041583e-05
1438,1.00107043361,0.00106986110579,0.000534787503055
1439,1.00109254813,0.00109195173569,0.000545826850143
1440,0.999892849513,-0.000107156228398,-5.35795495318e-05
1441,0.999673146201,-0.000326907227072,-0.000163466972806
1442,1.00167206035,0.00167066401786,0.000834983216272
1443,0.999450485662,-0.000549665376695,-0.000274870458311
1444,1.00115345954,0.00115279481195,0.000576231320903
1445,1.00032846084,0.000328406907745,0.000164189973223
1446,1.0012785773,0.00127776061716,0.000638676268012
1447,1.00119440254,0.00119368980764,0.000596666827328
1448,1.00126867436,0.00126787027283,0.00063373424199
1449,1.00047956975,0.000479454795767,0.000239698665567
1450,1.0010314638,0.00103093221161,0.000515333275978
1451,1.00030747472,0.000307427464078,0.000153701918688
1452,0.999452907689,-0.000547242021019,-0.000273658448153
1453,1.00090259827,0.000902191173887,0.000450993858626
1454,1.00076332402,0.000763032838122,0.000381443650926
1455,1.0013157307,0.00131486588729,0.000657216881958
1456,1.00012111595,0.000121108618872,6.05524760608e-05
1457,1.00121485912,0.00121412178064,0.000606876666136
1458,0.999775426245,-0.000224598975959,-0.000112305793803
1459,1.00073774932,0.000737477319389,0.00036867068395
1460,0.999481877778,-0.000518256493209,-0.000259161823229
1461,1.00182372903,0.00182206805701,0.000910619162998
1462,1.00099643968,0.000995943563872,0.000497847814567
1463,1.00024068324,0.000240654275677,0.000120319898819
1464,1.00058244376,0.000582274203046,0.00029109472523
1465,1.0014952909,0.00149417406627,0.000746808033102
1466,1.00161642729,0.00161512228111,0.000807235150817
1467,1.00059548746,0.000595310230318,0.00029761082027
1468,1.00230190029,0.00229925497591,0.00114896691943
1469,1.00074756053,0.000747281244725,0.000373570827398
1470,1.00118595098,0.00118524830036,0.000592448583174
1471,1.00026241358,0.000262379154786,0.000131180972417
1472,1.00089675265,0.000896350805179,0.000448074986996
1473,1.00038018993,0.000380117674072,0.000190040776999
1474,1.00061926335,0.000619071684248,0.000309487940848
1475,1.00134332139,0.00134241994531,0.000670984761633
1476,0.999827260374,-0.000172754547434,-8.63810043412e-05
1477,1.00105952548,0.00105896457952,0.000529342138747
1478,1.00097826169,0.00097778350165,0.000488772262726
1479,1.00139539635,0.00139442368602,0.000696968847312
1480,1.00107164947,0.00107107565906,0.000535394454743
1481,1.00118915106,0.0011884445772,0.000594045773501
1482,0.999330685448,-0.000669538643009,-0.000334825363007
1483,1.00209068248,0.00208850004425,0.00104370498281
1484,0.999999347207,-6.52793314422e-07,-3.26396710548e-07
1485,1.00078284353,0.00078253726688,0.000391192097851
1486,1.00128941712,0.00128858653729,0.000644085756308
1487,1.00014809659,0.000148085626278,7.40400720375e-05
1488,1.00210488287,0.00210267071155,0.00105078289638
1489,1.0004682875,0.000468177883587,0.000234061545115
1490,1.00072834505,0.000728079935056,0.000363973713019
1491,1.00171886186,0.00171738630913,0.000858324583103
1492,1.00145210368,0.00145105039772,0.000725262069095
1493,1.00154470897,0.00154351713361,0.00077146083776
1494,1.00246450243,0.00246147052102,0.00122997821648
1495,1.00165448206,0.00165311491517,0.000826215953066
1496,1.0014691408,0.00146806266381,0.00073376199681
1497,1.00112306051,0.00112243035165,0.000561057724042
1498,0.999805848564,-0.000194170285703,-9.70898557664e-05
1499,1.00023182037,0.00023179350246,0.000115890035461
1500,1.00103384127,0.00103330722221,0.000516520168609
1501,1.00143018345,0.00142916170993,0.00071432560287
1502,1.00030366524,0.000303619147936,0.000151798051478
1503,1.00055609351,0.00055593894259,0.000277930841361
1504,1.00178412114,0.00178253149044,0.000890868685875
1505,1.00049181579,0.000491694883394,0.000245817223691
1506,1.00015508562,0.00015507359231,7.75337902553e-05
1507,1.00008897466,8.89707011182e-05,4.44843611006e-05
1508,1.00023973121,0.000239702479032,0.000119844057643
1509,1.00062859797,0.000628400486875,0.00031415088771
1510,0.999776344001,-0.0002236810135,-0.000111846761132
1511,1.00005471396,5.47124598523e-05,2.7355855748e-05
1512,1.00137963736,0.00137868653706,0.000689105726045
1513,1.0002405948,0.000240565864609,0.000120275698603
1514,1.00164121528,0.00163986995458,0.000819598922458
1515,1.00005373149,5.37300438899e-05,2.68646610835e-05
1516,0.999763009807,-0.000237018279442,-0.000118516162206
1517,1.00021369858,0.000213675750692,0.000106832168384
1518,0.99998019135,-1.9808846544e-05,-9.90447232097e-06
1519,0.99948766439,-0.000512466899076,-0.000256266280132
1520,1.00119971039,0.00119899131036,0.000599315993562
1521,1.00112276805,0.00112213821688,0.000560911738602
1522,1.00069594327,0.000695701215438,0.000347790114711
1523,1.0000151522,1.51520839181e-05,7.57601326096e-06
1524,0.99940945699,-0.000590717448965,-0.000295402347165
1525,0.9997902899,-0.000209732092033,-0.000104871544653
1526,1.00147211498,0.00147103248099,0.000735245814728
1527,1.00134435672,0.00134345387915,0.000671501381542
1528,0.999723981258,-0.000276056842301,-0.000138037947511
1529,1.00071574353,0.000715487505925,0.000357679770296
1530,1.00058147804,0.000581309044145,0.000290612286139
1531,1.00104066907,0.00104012794693,0.000519928763637
1532,1.00166930068,0.00166790894586,0.000833606829546
1533,1.00116463631,0.0011639586486,0.000581810007181
1534,1.00083076577,0.000830420875116,0.000415124249634
1535,1.00055049942,0.000550347952865,0.000275136119546
1536,1.00082644823,0.00082610691179,0.000412968161061
1537,1.00122769675,0.00122694374206,0.000613283735637
1538,1.00149988959,0.00149876587993,0.000749102222695
1539,0.99978162948,-0.000218394366327,-0.000109203145393
1540,1.00136338964,0.0013624610661,0.000680998548212
1541,1.00120375931,0.00120303537505,0.000601336812029
1542,1.00033793998,0.00033788289604,0.000168927178217
1543,1.00211075608,0.00210853155935,0.00105371023676
1544,1.00147959391,0.00147850038477,0.000738977014283
1545,1.00163214547,0.00163081497171,0.000815075131513
1546,1.00023190238,0.000231875496961,0.000115931027959
1547,1.00176598281,0.00176442529786,0.000881823613765
1548,1.00011463668,0.000114630107113,5.73134110804e-05
1549,1.00139802971,0.00139705337761,0.000698282775833
1550,1.00226730306,0.00226473660289,0.00113172741439
1551,1.00225324554,0.00225071079065,0.00112472242041
1552,1.00139905901,0.00139808123422,0.000698796345141
1553,1.00194289474,0.00194100975917,0.000970034092038
1554,1.00071703541,0.000716778462701,0.000358325017602
1555,1.00181702997,0.00181538116636,0.000907278756697
1556,1.00118408588,0.00118338540659,0.000591517687687
1557,0.999944201909,-5.57996482308e-05,-2.79002133192e-05
1558,1.00167449711,0.0016730967028,0.000836198542378
1559,1.00074741833,0.000747139147662,0.000373499805406
1560,1.00022929724,0.000229270957752,0.000114628908481
1561,1.00042421492,0.00042412496466,0.000212039998671
1562,1.00097583518,0.000975359359282,0.000487560783235
1563,0.999563105832,-0.000436989634538,-0.000218518689
1564,0.999312314462,-0.000687922101879,-0.000344020212325
1565,1.00015587875,0.000155866602404,7.79302644811e-05
1566,1.00027061312,0.000270576506607,0.000135279102261
1567,1.00049137638,0.000491255694276,0.000245597683088
1568,1.00048092481,0.000480809203364,0.000240375706811
1569,0.999902960011,-9.7044697757e-05,-4.85235261067e-05
1570,1.00022649935,0.00022647369834,0.00011323043812
1571,1.00148027678,0.00147918225399,0.000739317696888
1572,1.00050776479,0.000507635918272,0.000253785750083
1573,1.00088060386,0.000880216353501,0.000440011343353
1574,1.00010963444,0.000109628425696,5.48127105763e-05
1575,1.00106940864,0.00106883722505,0.000534275836331
1576,1.00124647101,0.00124569480528,0.00062265347346
1577,1.00065789714,0.000657680825224,0.000328786350529
1578,1.00127787484,0.00127705905633,0.000638325711569
1579,1.0004213048,0.000421216078699,0.000210585863033
1580,1.00128111837,0.00128029843931,0.000639944367857
1581,1.00145330851,0.00145225348041,0.000725863173979
1582,1.00131799895,0.00131713115641,0.000658348771493
1583,1.00067178813,0.000671562578183,0.000335724920864
1584,1.00126151808,0.00126072303418,0.000630162881011
1585,1.00117217955,0.00117149308726,0.000585575027614
1586,1.00066290333,0.000662683702799,0.000331286963751
1587,1.00093863259,0.000938192347945,0.000468986165565
1588,1.00055979941,0.000559642781849,0.00027978224457
1589,1.00184051596,0.00183882428571,0.000918989613015
1590,1.00095356397,0.000953109620656,0.00047644127612
1591,0.999789983179,-0.000210038877438,-0.000105024953453
1592,1.0002202126,0.000220188351902,0.000110088115809
1593,0.999603532129,-0.000396546485312,-0.000198292900095
1594,1.00061183135,0.000611644259362,0.00030577537086
1595,1.00153231393,0.00153114113532,0.000765277593281
1596,1.00228199906,0.00227939925708,0.00113905041758
1597,1.00124675529,0.00124597873628,0.000622795350554
1598,1.00081134908,0.000811020109543,0.000405427846682
1599,1.00109947418,0.00109887019661,0.00054928418648
1600,0.999917225691,-8.27777349868e-05,-4.13897240243e-05
1601,1.00127843223,0.00127761573224,0.000638603871813
1602,1.00099372791,0.000993234488018,0.000496493950076
1603,1.00175056593,0.0017490354743,0.000874135457959
1604,1.0029277045,0.00292342711693,0.00146064577553
1605,1.0009473359,0.000946887456315,0.00047333167136
1606,1.00045997036,0.000459864606293,0.000229905870741
1607,1.00151278634,0.00151164322915,0.000755536053369
1608,1.00097927707,0.000978797893243,0.000489279210491
1609,1.00000341296,3.41295629811e-06,1.70647669295e-06
1610,1.00019479584,0.000194776868085,9.73836919431e-05
1611,0.999403457308,-0.000596720694632,-0.000298404861191
1612,0.999782383589,-0.000217640092763,-0.000108825967498
1613,1.00188138584,0.00187961824742,0.000939367641431
1614,1.0002836097,0.000283569487508,0.000141774692772
1615,1.00137092796,0.00136998909254,0.000684759991067
1616,1.00089746742,0.000897064941623,0.00044843189516
1617,1.00141680037,0.00141579765295,0.000707648325212
1618,1.00055501755,0.000554863585655,0.000277393312186
1619,1.00181235143,0.00181071110268,0.000904945840655
1620,1.00052255216,0.000522415682047,0.000261173729226
1621,1.0004570442,0.000456939783361,0.000228443794422
1622,1.00076449118,0.00076419911025,0.000382026564387
1623,1.00066544385,0.000665222543532,0.000332555962769
1624,1.00066766402,0.000667441230343,0.000333664936641
1625,1.0016671128,0.00166572470849,0.000832515620662
1626,1.00029131229,0.000291269862194,0.000145624326845
1627,1.00115156736,0.00115090481709,0.000575286867564
1628,1.00174705841,0.00174553407548,0.000872386287365
1629,0.998908796804,-0.00109179899168,-0.000546048526085
1630,1.00042259224,0.000422502977041,0.000211229176496
1631,1.00089231531,0.000891917430912,0.000445859290649
1632,1.00012497674,0.000124968927446,6.24825116098e-05
1633,0.99962737067,-0.00037269877335,-0.000186366750801
1634,1.00168016858,0.00167875867873,0.000839027159074
1635,1.00029617882,0.000296134969441,0.000148056523271
1636,1.00153660825,0.00153542887766,0.000767419821497
1637,1.00074528872,0.000745011127352,0.000372436192092
1638,0.99969564429,-0.000304402035571,-0.000152212600948
1639,1.00121594782,0.00121520915007,0.000607420020754
1640,1.00136601448,0.00136508232619,0.00068230828486
1641,1.00086988707,0.000869508934277,0.000434659975109
1642,1.00222586916,0.00222339558359,0.00111108008473
1643,1.00180663901,0.00180500900528,0.00090209736794
1644,0.99995843374,-4.15671241837e-05,-2.07837780715e-05
1645,1.00041075394,0.000410669602748,0.000205313721627
1646,1.00129262192,0.00129178720278,0.000645685057022
1647,1.00038293485,0.00038286154583,0.000191412451214
1648,1.00048164684,0.00048153088144,0.000240736459047
1649,0.999708404151,-0.000291638371641,-0.000145829817955
1650,1.00211952902,0.00211728599211,0.00105808283125
1651,0.999827777483,-0.000172237348502,-8.61223825706e-05
1652,1.00060907496,0.000608889544634,0.00030439843371
1653,0.999871405058,-0.000128603211171,-6.43036729782e-05
1654,1.00020882241,0.000208800607539,0.000104394854247
1655,1.00104304954,0.00104250594305,0.000521117142795
1656,1.00157116766,0.00156993466364,0.000784659325561
1657,0.999551767004,-0.0004483334827,-0.000224191868591
1658,0.999656677048,-0.000343381901078,-0.000171705690274
1659,0.999268515565,-0.000731752100348,-0.00036594299098
1660,1.00007571846,7.57155937603e-05,3.78570802828e-05
1661,1.00110525017,0.00110463982845,0.000552167413658
1662,1.00091424931,0.000913831641462,0.000456811450594
1663,1.00144512406,0.00144408087018,0.000721779826622
1664,1.00039347947,0.000393402074536,0.000196681692887
1665,0.999460566419,-0.000539579127304,-0.00026982596013
1666,1.0014755646,0.00147447702591,0.000736966819413
1667,1.00061789616,0.00061770534316,0.000308804981504
1668,1.00089033632,0.000889940205917,0.000444871118445
1669,1.00093875431,0.000938313951506,0.000469046938828
1670,1.00045539373,0.00045529006805,0.00022761912486
1671,1.00132031455,0.00131944370454,0.000659504283658
1672,1.00091192706,0.000911511506394,0.00045565191232
1673,1.00131668973,0.00131582365615,0.000657695451545
1674,1.00114054801,0.00113989807435,0.000569786647075
1675,1.00101159941,0.00101108808706,0.000505416277669
1676,1.00074535896,0.000745081317934,0.000372471274312
1677,1.00006877462,6.8772251289e-05,3.43855344485e-05
1678,1.0006159073,0.00061571770356,0.000307811468106
1679,1.00101751417,0.00101699685653,0.00050836916485
1680,1.00211426836,0.00211203643924,0.0010554608286
1681,1.00067060026,0.00067037550486,0.000335131583291
1682,0.999439869391,-0.000560287540298,-0.00028018301408
1683,1.00221460887,0.00221216023857,0.00110546863814
1684,1.00024258799,0.000242558570696,0.000121271931313
1685,1.00028559368,0.000285552910353,0.000142766263103
1686,1.00001936537,1.9365184133e-05,9.6825451904e-06
1687,1.00150001542,0.00149889152359,0.000749164997466
1688,1.0015201576,0.00151900333229,0.00075921331776
1689,1.00034835207,0.000348291406317,0.000174130540676
1690,1.00026728913,0.000267253418929,0.000133617781813
1691,1.00119467195,0.00119395889504,0.000596801290743
1692,1.00013587799,0.000135868756864,6.79320709445e-05
1693,1.00016056153,0.00016054863848,8.02710973432e-05
1694,1.00037371629,0.000373646480012,0.000186805789631
1695,0.999121653839,-0.000878732132871,-0.000439462601843
1696,1.00076474462,0.000764452354636,0.000382153138199
1697,1.00069925128,0.000699006922254,0.000349442391907
1698,0.999979624715,-2.03754924297e-05,-1.018779811e-05
1699,1.00046619332,0.000466084684964,0.000233015190225
1700,1.00160877551,0.00160748281351,0.00080341849315
1701,1.00009525575,9.52512123595e-05,4.76244720986e-05
1702,0.999720284826,-0.000279754301671,-0.0001398869341
1703,1.00146532373,0.00146425119566,0.000731857659278
1704,1.0010143608,0.0010138466875,0.000506794879819
1705,1.00082336217,0.000823023388525,0.000411427034938
1706,1.00100700259,0.00100649590437,0.000503121344174
1707,1.00002324283,2.32425639312e-05,1.16212144388e-05
1708,1.00202664458,0.00202459371056,0.00101178465566
1709,1.00139681458,0.00139583994046,0.000697676480735
1710,1.00093492521,0.000934488443855,0.000467135080345
1711,1.00153891649,0.00153773356725,0.0007685712813
1712,1.00147753796,0.00147644747102,0.000737951315407
1713,1.00154198522,0.00154079758169,0.000770102109889
1714,1.00069286121,0.000692621288127,0.000346250685454
1715,1.00126625488,0.0012654538604,0.000632526800728
1716,0.999707589544,-0.000292453216689,-0.000146237299976
1717,1.00111198114,0.00111136334194,0.000555527308506
1718,1.00078698328,0.000786673775492,0.000393259540934
1719,1.00056056749,0.000560410432254,0.000280165962312
1720,1.00111132352,0.00111070645529,0.000555199047585
1721,1.00147340716,0.00147232276145,0.000735890480417
1722,0.999204957384,-0.000795358830178,-0.000397758500031
1723,1.00028705362,0.000287012423009,0.000143495914981
1724,1.00027539436,0.000275356445227,0.000137668745402
1725,1.00120915542,0.00120842498199,0.000604029991387
1726,1.00205500645,0.00205289780778,0.00102592228541
1727,1.00038656136,0.000386486665962,0.000193224662691
1728,1.00073090288,0.000730635899763,0.000365251229404
1729,1.00084796268,0.000847603363159,0.000423711890332
1730,0.999936849377,-6.31526168323e-05,-3.1576806953e-05
1731,1.00065508644,0.000654871960698,0.000327382379039
1732,1.00190520581,0.00190339320401,0.000951243882425
1733,1.00188491383,0.00188313960576,0.000941126665127
1734,0.999394182307,-0.000606001274832,-0.000303046546746
1735,1.00050491441,0.000504786982651,0.000252361642768
1736,1.00073996076,0.000739687120047,0.000369775176325
1737,1.00259860952,0.0025952389766,0.00129677794417
1738,1.0015482075,0.00154701026078,0.000773206052416
1739,1.00144009627,0.00143906032624,0.000719271363366
1740,1.00097480334,0.00097432852377,0.000487045616643
1741,1.00139153206,0.00139056478091,0.000695040737665
1742,0.999931068946,-6.89334301473e-05,-3.44673090578e-05
1743,1.00020726613,0.000207244650349,0.000103616956567
1744,1.00038539638,0.000385322136388,0.000192642510242
1745,1.00049583442,0.000495711532771,0.000247825052683
1746,1.00065168662,0.00065147435978,0.000325684133295
1747,1.0013109741,0.0013101155228,0.000654843257907
1748,1.00145517494,0.00145411719829,0.000726794356083
1749,1.00027205631,0.000272019313703,0.000136000407957
1750,1.00180841233,0.00180677911815,0.000902981625576
1751,1.00065089857,0.000650686825165,0.000325290494154
1752,1.00149183338,0.0014907216991,0.000745083137154
1753,0.999908022825,-9.19814055075e-05,-4.59917603424e-05
1754,1.0004683593,0.000468249654707,0.000234097422275
1755,1.00076371898,0.000763427497198,0.000381640905175
1756,1.00059237789,0.000592202505003,0.000296057418852
1757,1.00107705667,0.00107647706384,0.000538093707546
1758,1.00174786968,0.00174634393567,0.000872790864123
1759,1.00071011132,0.000709859313311,0.000354866676576
1760,1.00078625437,0.00078594543043,0.000392895511551
1761,1.00066306535,0.000662845614818,0.000331367892937
1762,1.00147618889,0.00147510039235,0.000737278272883
1763,1.00255627392,0.00255301221223,0.00127569171875
1764,1.00036343299,0.000363366960601,0.000181666976856
1765,1.00050311496,0.000502988440583,0.000251462598271
1766,1.00040434867,0.000404266947337,0.000202113046074
1767,1.00196889313,0.00196695740402,0.000982995245333
1768,1.00143705948,0.00143602789375,0.000717756236544
1769,1.00005984137,5.98395844186e-05,2.99193446168e-05
1770,1.00173088454,0.00172938828935,0.000864320404426
1771,0.99960595647,-0.000394121185609,-0.000197080010518
1772,1.00009575659,9.57520058364e-05,4.78748568806e-05
1773,1.00130624705,0.00130539464887,0.000652484363874
1774,1.00057029126,0.000570128700953,0.000285023723495
1775,1.00068075007,0.000680518468503,0.000340201352643
1776,1.00177586096,0.00177428598162,0.00088674959581
1777,1.00122504027,0.00122429052173,0.000611957938181
1778,1.00009275251,9.27482043175e-05,4.63730268967e-05
1779,1.00020409052,0.00020406969471,0.000102029641977
1780,1.00010969484,0.000109688822274,5.484290721e-05
1781,1.00227422057,0.00227163844349,0.00113517442324
1782,1.00038990636,0.000389830368496,0.000194896189518
1783,1.00135582629,0.00135490798328,0.000677224571497
1784,1.00158932215,0.00158806051296,0.000793715097875
1785,1.0013209748,0.00132010307956,0.000659833753683
1786,1.00047286871,0.000472756945654,0.000236350537637
1787,1.00000258048,2.5804765781e-06,1.29023745665e-06
1788,1.00101248876,0.00101197654193,0.000505860280486
1789,1.00001841191,1.8411735633e-05,9.20582544262e-06
1790,1.00122475682,0.00122400741327,0.000611816470563
1791,1.00090778518,0.000907373396083,0.000453583797793
1792,1.00044300286,0.000442904762943,0.000221427862703
1793,1.00015247755,0.000152465923705,7.62300561941e-05
1794,0.99974900465,-0.000251026854394,-0.000125521304337
1795,0.999581360505,-0.000418727148785,-0.000209385492475
1796,1.00092021445,0.000919791309457,0.000459789918932
1797,1.00047490893,0.000474796198114,0.000237369922358
1798,1.0014838156,0.00148271583709,0.00074108318066
1799,1.00037995203,0.000379879867297,0.000189921896201
1800,1.00092763276,0.000927202774737,0.00046349394085
1801,0.999599725285,-0.000400354846589,-0.000200197460132
1802,1.00109503832,0.00109443920004,0.000547069902679
1803,1.00026348546,0.000263450755337,0.000131716702262
1804,1.00056915076,0.000568988854985,0.000284453962791
1805,0.999494164919,-0.000505963058238,-0.000253013531645
1806,1.00087260335,0.000872222854671,0.00043601634457
1807,1.00112476959,0.00112413751083,0.000561910824364
1808,1.00152657851,0.0015254144764,0.000762416450967
1809,1.00093486274,0.000934426032155,0.000467103889072
1810,1.00075071121,0.000750429564906,0.00037514439819
1811,1.00076679182,0.000766497982469,0.000383175560721
1812,1.00060295285,0.000602771149512,0.000301340162686
1813,0.999769342381,-0.000230684224585,-0.000115348764449
1814,1.00131310141,0.00131224005083,0.000655904825738
1815,1.0001467957,0.000146784930902,7.33897722897e-05
1816,0.999643422279,-0.000356641310224,-0.000178336555185
1817,1.00190944203,0.00190762136578,0.000953355950068
1818,0.999558097857,-0.00044199981086,-0.000221024327708
1819,1.00118884802,0.00118814190062,0.000593894525102
1820,1.00118339181,0.00118269214927,0.000591171264004
1821,1.00000076111,7.61110216087e-07,3.80555035595e-07
1822,1.00074338587,0.000743109692996,0.000371485828544
1823,1.00064957519,0.000649364305002,0.000324629448955
1824,1.00039179751,0.000391720773092,0.000195841207153
1825,1.0011516971,0.00115103440615,0.000575351624817
1826,1.00122551681,0.00122476647694,0.000612195770125
1827,1.00163868185,0.00163734067948,0.000818335320607
1828,1.00023993606,0.000239907279741,0.00011994644572
1829,1.0004261868,0.000426096009202,0.000213025311487
1830,1.00057502573,0.000574860467319,0.000287388929548
1831,1.00073970121,0.000739427762172,0.000369645545331
1832,1.00177179334,0.00177022556159,0.00088472118402
1833,1.00185339323,0.00185167781336,0.000925410450075
1834,0.998833367852,-0.00116731319311,-0.000583826957209
1835,1.00059007907,0.000589905040359,0.000294909025961
1836,1.00090225517,0.000901848383483,0.000450822540708
1837,1.00205607045,0.00205395963067,0.00102645265204
1838,0.999381798364,-0.000618392801543,-0.000309244206906
1839,1.00092393792,0.000923511353512,0.000461649084011
1840,1.00109810356,0.00109750108715,0.000548600007533
1841,1.00073147806,0.000731210657162,0.000365538503097
1842,1.00167354783,0.00167214901284,0.000835725093513
1843,1.00050995634,0.000509826358788,0.00025488069179
1844,1.0006911495,0.000690910768196,0.000345395721257
1845,1.00154373112,0.00154254079036,0.000770973042619
1846,1.00004032111,4.03202996726e-05,2.01599466219e-05
1847,0.999868954588,-0.000131053999694,-6.55291467877e-05
1848,1.00023272336,0.000232696285729,0.000116341374682
1849,1.00135353991,0.00135262470021,0.000676083702456
1850,1.00136173353,0.00136080720983,0.000680172182873
1851,0.999363074917,-0.000637128005816,-0.000318614749809
1852,1.00039246523,0.000392388235195,0.00019617487279
1853,1.00078919446,0.000788883213045,0.000394363824659
1854,0.999827948178,-0.000172066625068,-8.60370135056e-05
1855,1.00142298892,0.00142197742833,0.00071073602158
1856,0.999217053811,-0.00078325285116,-0.000391703121221
1857,1.00115784248,0.00115717270169,0.000578419002038
1858,1.00146522671,0.00146415431356,0.000731809253678
1859,1.00090798423,0.000907572264249,0.00045368318677
1860,1.00101598076,0.00101546499708,0.000507603624205
1861,1.00039545439,0.000395376214988,0.000197668568488
1862,1.00108411556,0.00108352833287,0.000541617438729
1863,1.00109024719,0.00108965329989,0.000544678258856
1864,1.00146075122,0.00145968535796,0.000729576408596
1865,1.00140647833,0.00140549016118,0.0007024982131
1866,1.00062442517,0.000624230299114,0.000312066446691
1867,1.00122759451,0.00122684163252,0.000613232712177
1868,0.999892744863,-0.000107260889639,-5.36318829574e-05
1869,1.00041742057,0.000417333474034,0.000208644967628
1870,1.0008124536,0.00081212374261,0.000405979439341
1871,1.00115977661,0.00115910458712,0.000579384385569
1872,0.999905382955,-9.46215214095e-05,-4.73118798765e-05
1873,1.00071856883,0.000718310787051,0.000359090904948
1874,0.999880392113,-0.000119615040867,-5.98093089388e-05
1875,1.00101986269,0.00101934298796,0.000509541633529
1876,1.00072094371,0.000720683950869,0.000360277060062
1877,1.0003540095,0.000353946857789,0.000176957770021
1878,1.00073273763,0.000732469313429,0.000366167600989
1879,1.00072104752,0.000720787693163,0.00036032891252
1880,1.00055875638,0.000558600333115,0.000279261165897
1881,1.00112176348,0.00112113477623,0.000560410299571
1882,0.999564405027,-0.000435689871601,-0.000217868665731
1883,1.00041601493,0.000415928421017,0.000207942587451
1884,1.00143977199,0.00143873650731,0.000719109570345
1885,1.00168560117,0.00168418214124,0.000841736611438
1886,0.999927091845,-7.2910812436e-05,-3.64560707244e-05
1887,1.0014947633,0.00149364725515,0.000746544824218
1888,1.00242095851,0.00241803270774,0.00120828578805
1889,1.00005701734,5.70157147705e-05,2.85074510402e-05
1890,1.00111509885,0.00111447758563,0.000557083564114
1891,1.00170563945,0.00170418649663,0.000851730319952
1892,1.00086912516,0.00086874769189,0.000434279519284
1893,1.00076855051,0.000768255328003,0.000384053896416
1894,1.00191855948,0.00191672139831,0.000957901618208
1895,0.999849555681,-0.000150455636421,-7.52306478937e-05
1896,1.00080555774,0.000805233454269,0.000402535687896
1897,1.00067815667,0.000677926830181,0.000338905973482
1898,1.00093072373,0.00093029087195,0.000465037272608
1899,1.00034561911,0.000345559392998,0.000172764770947
1900,1.00081638691,0.000816053843411,0.000407943690042
1901,1.00088906935,0.000888674357135,0.000444238475423
1902,1.00005037238,5.03711095405e-05,2.51852376169e-05
1903,1.00121097078,0.00121023814872,0.000604936026736
1904,0.999910061609,-8.99424360777e-05,-4.49722292593e-05
1905,1.00136601952,0.00136508736794,0.000682310804016
1906,1.00159920259,0.00159792522857,0.000798643528642
1907,1.001099873,0.00109926858536,0.000549483271424
1908,1.00044181622,0.000441718644873,0.000220834934812
1909,0.999652227152,-0.00034783333542,-0.000173931792091
1910,0.999787421764,-0.000212600834085,-0.000106306067132
1911,1.00072487999,0.000724617392861,0.00036224307056
1912,1.00115178521,0.00115112241864,0.000575395605741
1913,1.00091697014,0.000916549980001,0.000458169998056
1914,0.999849188903,-0.000150822470342,-7.54140786698e-05
1915,1.00227867224,0.0022760800085,0.00113739268231
1916,0.999688561196,-0.000311487311384,-0.000155755784365
1917,1.00059620572,0.000596028058044,0.000297969627252
1918,1.00146381329,0.00146274296408,0.000731104095109
1919,1.00141344185,0.00141244388428,0.000705972626118
1920,1.00014687023,0.000146859443059,7.34270256335e-05
1921,0.999177090262,-0.000823248514043,-0.000411708985911
1922,1.00074260352,0.000742327922961,0.000371095088659
1923,1.00049520278,0.000495080209529,0.00024750946924
1924,1.00169710138,0.00169566292702,0.000847472155965
1925,1.00104598807,0.00104544140308,0.000522584106873
1926,1.00041227218,0.000412187221912,0.000206072375127
1927,1.00183251221,0.00183083521269,0.000914998739472
1928,1.0003579612,0.000357897148967,0.000178932564143
1929,1.00173928404,0.00173777323397,0.000868509244312
1930,0.999998127282,-1.87272016555e-06,-9.3636052112e-07
1931,0.999876487348,-0.000123520280135,-6.17620472643e-05
1932,1.00053846433,0.000538319407475,0.000269123483514
1933,1.00155697686,0.00155576602506,0.000777580539974
1934,1.00043619641,0.000436101300208,0.000218026878789
1935,1.0011539162,0.00115325095039,0.000576459258673
1936,0.999433610585,-0.000566549874293,-0.000283315063281
1937,1.00091722482,0.000916804429899,0.000458297164706
1938,1.00161303742,0.00161173786795,0.000805544308812
1939,1.00076238294,0.000762092476216,0.000380973649211
1940,1.00029984127,0.000299796327636,0.00014988692965
1941,1.00046599522,0.000465886673612,0.000232916207614
1942,1.00081124713,0.000810918249526,0.00040537693732
1943,1.00062976106,0.00062956284517,0.000314731884111
1944,0.999855443529,-0.000144566919862,-7.22860724434e-05
1945,1.00022219401,0.000222169326723,0.000111078493689
1946,1.00144768059,0.0014466337102,0.000723055324525
1947,1.00000340732,3.4073175581e-06,1.70365732777e-06
1948,1.00141801706,0.00141701262276,0.000708255380048
1949,1.00012899052,0.000128982205067,6.4489023027e-05
1950,1.00059753647,0.000597358020993,0.000298634410361
1951,1.00237412076,0.00237130699231,0.00118495088676
1952,1.00074683502,0.00074655627968,0.000373208480223
1953,1.00097525656,0.000974781306078,0.000487271897509
1954,1.00189813655,0.00189633736253,0.000947719311381
1955,1.00143216435,0.00143113977679,0.000715313929318
1956,1.00037333168,0.000373262013175,0.000186613592104
1957,1.00083233659,0.000831990386502,0.000415908679247
1958,1.00091247693,0.000912060873285,0.000455926470567
1959,1.00057697368,0.000576807292078,0.000288362061705
1960,1.00076640749,0.000766113950558,0.000382983618323
1961,1.00065478801,0.000654573731045,0.000327233313019
1962,1.00150998472,0.00150884584359,0.000754138416375
1963,1.00193033007,0.00192846938113,0.000963769965677
1964,1.00066054657,0.000660328501721,0.000330109752642
1965,1.00095045068,0.000949999284446,0.000474886847753
1966,1.0003841017,0.000384027950257,0.000191995541625
1967,1.00126520812,0.00126440841477,0.000632004408412
1968,1.00019280514,0.000192786551672,9.63886301532e-05
1969,1.00121575068,0.00121501225214,0.000607321631584
1970,1.00093796021,0.000937520604253,0.000468650451181
1971,1.00048806424,0.00048794517353,0.000243942827873
1972,1.00136457351,0.00136364332238,0.000681589273622
1973,0.999699081616,-0.000300963668539,-0.000150493157228
1974,0.99980452732,-0.000195491786951,-9.77506707611e-05
1975,1.00137259259,0.00137165144972,0.000685590600153
1976,1.00070107527,0.00070082963393,0.000350353428864
1977,1.00030676248,0.000306715433668,0.000153345958141
1978,1.00164080615,0.00163946150053,0.000819394862801
1979,1.0006231389,0.000622944832277,0.000311423913641
1980,1.00091077083,0.000910356328074,0.000455074586173
1981,1.00048371043,0.000483593476383,0.000241767507716
1982,1.00184539217,0.00184369152626,0.000921420993856
1983,1.00148883623,0.00148772901708,0.000743587909923
1984,1.00056308386,0.000562925390101,0.000281423088142
1985,1.00028579007,0.000285749243402,0.000142864415609
1986,1.00121731412,0.00121657379789,0.000608101929974
1987,0.999491669398,-0.000508459845706,-0.000254262242019
1988,1.00055156057,0.000551408520885,0.000275666257515
1989,1.0018398735,0.00183818300173,0.000918669265639
1990,0.999384115104,-0.00061607463123,-0.00030808476398
1991,0.999207729709,-0.00079258430338,-0.000396370685799
1992,1.00118050188,0.00117980563692,0.000589728860001
1993,1.00081526873,0.000814936574018,0.000407385283081
1994,0.999963962813,-3.60378361913e-05,-1.80190804373e-05
1995,1.00055990742,0.000559750727323,0.000279836202205
1996,0.999175611659,-0.00082472833576,-0.000412449201671
1997,1.0003838539,0.000383780248296,0.000191871714415
1998,1.00016977977,0.000169765357442,8.48790762884e-05
1999,1.00018947643,0.000189458476626,9.47247516402e-05
2000,1.00131179964,0.00131093998057,0.000655255216757
2001,0.999100101621,-0.000900303531088,-0.000450253099055
2002,1.00148400835,0.0014829083012,0.000741179341393
2003,1.00109034713,0.0010897531381,0.000544728150771
2004,1.0012565429,0.00125575410616,0.000627679979531
2005,1.00008718613,8.71823254288e-05,4.35902126334e-05
2006,0.999754712523,-0.000245317564569,-0.00012266630518
2007,1.00045460787,0.00045450457179,0.00022722646605
2008,1.00008909546,8.90914871079e-05,4.4544751407e-05
2009,1.00127874164,0.0012779247413,0.000638758277664
2010,1.00014110862,0.000141098669946,7.0546846427e-05
2011,0.999579986776,-0.000420101453952,-0.000210072789175
2012,1.00103259688,0.0010320641211,0.000515898938906
2013,0.999877968241,-0.000122039205247,-6.10214643575e-05
2014,1.000440136,0.000440039170669,0.0002199953828
2015,1.00024579717,0.000245766962672,0.000122875931471
2016,0.999912913569,-8.70902229409e-05,-4.35460595727e-05
2017,1.00105411196,0.00105355677487,0.000526639664058
2018,1.00039156825,0.000391491602408,0.000195726644244
2019,1.00101500535,0.00101449058422,0.000507116664965
2020,1.00091335033,0.000912933479873,0.000456362574844
2021,1.00142701349,0.00142599627838,0.000712744016416
2022,1.00075941022,0.00075912201349,0.000379488982579
2023,1.00147081499,0.00146973439608,0.000734597249269
2024,1.00034340921,0.000343350256644,0.00017166039299
2025,1.00147225918,0.00147117647364,0.000735317758116
2026,1.0015792243,0.00157797863826,0.000788678148897
2027,0.999642817034,-0.000357246770817,-0.000178639339516
2028,1.00008022181,8.02185941707e-05,4.01084927183e-05
2029,1.00142675946,0.00142574260966,0.000712617272447
2030,1.00094111734,0.000940674762872,0.000470226790149
2031,1.00099604,0.000995544284539,0.00049764827427
2032,1.00037879355,0.00037872182999,0.000189342987349
2033,1.00186151353,0.00185978305813,0.000929459313921
2034,1.00079106848,0.000790755747885,0.000395299722411
2035,1.00121902248,0.00121828007531,0.000608954549527
2036,1.00165356145,0.00165219582555,0.000825756787835
2037,1.00057321089,0.000573046667421,0.00028648228982
2038,1.00036844436,0.000368376503781,0.000184171290276
2039,1.00003113884,3.11383524876e-05,1.55690550449e-05
2040,1.00037792643,0.000377855038744,0.000188909673692
2041,1.0009637406,0.000963276496597,0.000481522279217
2042,1.00046006149,0.000459955691505,0.000229951402875
2043,1.00150489087,0.00150375965507,0.000751597236729
2044,1.00093461229,0.000934175815949,0.0004669788394
2045,1.00135290366,0.00135198930705,0.000675766220613
2046,1.00153973141,0.00153854723927,0.000768977804543
2047,1.00212328479,0.00212103380239,0.00105995475189
2048,1.00150287883,0.00150175063741,0.000750593482377
2049,1.00087828196,0.000877896491988,0.000438851922307
2050,1.00187903564,0.00187727245945,0.000938195848538
2051,1.00079461877,0.000794303226823,0.000397072759149
2052,0.999212161908,-0.000788148599193,-0.000394151957074
2053,1.00009631894,9.63142990369e-05,4.81559899815e-05
2054,1.00131404308,0.00131318048183,0.00065637473271
2055,1.00128721973,0.00128639197735,0.000642989182477
2056,1.00026436836,0.00026433342286,0.000132157977795
2057,1.0025078969,0.0025047573753,0.00125159478874
2058,0.999866816983,-0.000133191886211,-6.65981606647e-05
2059,1.00223759672,0.002235097033,0.00111692429171
2060,1.00014102741,0.000141017461944,7.05062452899e-05
2061,1.00130668788,0.00130583490926,0.000652704350412
2062,0.999571727282,-0.000428364452774,-0.000214205165038
2063,1.00091639732,0.000915977685036,0.000457883981637
2064,1.00084705681,0.000846698260434,0.000423259530618
2065,1.00067280798,0.000672581750078,0.000336234335601
2066,0.999873255262,-0.000126752770699,-6.33783936752e-05
2067,0.999958731881,-4.12689704311e-05,-2.0634698108e-05
2068,1.00062890647,0.000628708787809,0.000314304989739
2069,1.00075361508,0.000753331256732,0.000376594698774
2070,1.00109861063,0.00109800759632,0.000548853123152
2071,1.00142621405,0.00142519796868,0.000712345145983
2072,1.00044365117,0.000443552788982,0.000221751803924
2073,1.00055756852,0.000557413139045,0.000278667734454
2074,1.0018329037,0.00183122598026,0.000915193944458
2075,1.00151415512,0.00151300994323,0.000756218893871
2076,1.00062965033,0.000629452187849,0.000314676572863
2077,1.00072590667,0.000725643323752,0.000362755850057
2078,1.00195952769,0.00195761032057,0.000978326286767
2079,1.00068166073,0.000681428502159,0.00034065621457
2080,1.00063711481,0.000636911936395,0.000318405266478
2081,1.00007993753,7.99343304188e-05,3.99663665329e-05
2082,1.00089641829,0.000896016747105,0.000447908032786
2083,1.00258033177,0.00257700842756,0.00128767444865
2084,1.00091804694,0.000917625790252,0.000458707656585
2085,1.00112210351,0.00112147441876,0.000560580025652
2086,1.00044046347,0.000440366497085,0.00022015900999
2087,1.00097573092,0.000975255208936,0.00048750873345
2088,1.00089347968,0.000893080762568,0.000446440696966
2089,1.00026699755,0.000266961910679,0.000133472047153
2090,0.999991574124,-8.42591194257e-06,-4.21296484587e-06
2091,1.00003547481,3.54741799394e-05,1.77369326685e-05
2092,1.00125982387,0.0012590309622,0.000629317377803
2093,1.00183950843,0.00183781860689,0.00091848723558
2094,1.0011494713,0.00114881116554,0.000574240643467
2095,0.999623067376,-0.000377003681352,-0.000188519608264
2096,1.00033949725,0.000339439632587,0.0001697054147
2097,1.00253813738,0.00253492175382,0.00126665798762
2098,1.00140366842,0.00140268420002,0.000701096217127
2099,1.00059853698,0.000598357924319,0.000299134212597
2100,0.999882931466,-0.000117075387308,-5.85394070183e-05
2101,1.00122985256,0.00122909691109,0.000614359659322
2102,1.00067578117,0.000675552929014,0.000337719424459
2103,1.0019592459,0.00195732908467,0.00097818580638
2104,1.0020166918,0.00201466100509,0.00100682331549
2105,1.00086349708,0.000863124476084,0.000431469128454
2106,1.00186557696,0.00186383893542,0.000931485365625
2107,0.999936555364,-6.34466491472e-05,-3.17238277636e-05
2108,1.00254154551,0.00253832124489,0.00126835557872
2109,1.00091032132,0.00090990722743,0.000454850138012
2110,1.00094723209,0.000946783744728,0.000473279840111
2111,1.00058894347,0.000588770115392,0.000294341730666
2112,1.00022665672,0.000226631032934,0.000113309096507
2113,1.00014209513,0.000142085037558,7.1039995319e-05
2114,1.00074206679,0.000741791594374,0.000370827023844
2115,0.999217827421,-0.000782478635996,-0.000391315862082
2116,0.999257573466,-0.000742702268606,-0.000371420093671
2117,1.00025875929,0.000258725813441,0.0001293545397
2118,1.00154384145,0.00154265094757,0.000771028078757
2119,1.00129355675,0.00129272083027,0.000646151569241
2120,1.00147961026,0.00147851671468,0.000738985173204
2121,1.0005701713,0.000570008811532,0.000284963795869
2122,1.00209082187,0.00208863914244,0.00104377445931
2123,1.00039713354,0.000397054701798,0.000198507645648
2124,1.00187786651,0.00187610551861,0.000937612925354
2125,1.00059054887,0.000590374561968,0.000295143717505
2126,1.00002761032,2.76099363434e-05,1.38048728836e-05
2127,1.00061851149,0.000618320292346,0.000309112361099
2128,1.00004413558,4.41346089165e-05,2.20670609771e-05
2129,1.00141760596,0.00141660210497,0.00070805026651
2130,1.0008526012,0.000852237941696,0.000426028195054
2131,1.00170491959,0.00170346786424,0.000851371309733
2132,1.00116901438,0.00116833161277,0.000583995214759
2133,1.00106664234,0.00106607388514,0.000532894903618
2134,1.00014625521,0.000146244515002,7.31195841336e-05
2135,1.00124925808,0.00124847841115,0.00062404440882
2136,1.00012866927,0.000128660994327,6.43284280014e-05
2137,1.0001454556,0.000145445026712,7.27198691384e-05
2138,1.00111867905,0.00111805379912,0.000558870673138
2139,1.00096637853,0.000965911882781,0.000482839336942
2140,1.00118783859,0.00118713366297,0.000593390705543
2141,1.00101645027,0.00101593403302,0.000507838023107
2142,1.00112990977,0.00112927190039,0.000564476573316
2143,1.00120841486,0.00120768531497,0.000603660381198
2144,0.999906308114,-9.36962753451e-05,-4.68492350636e-05
2145,1.00124977111,0.00124899079586,0.000624300441267
2146,1.00027500986,0.000274972048129,0.000137476573294
2147,1.00118302221,0.00118232298607,0.000590986791506
2148,1.00064981893,0.000649607887203,0.000324751200511
2149,1.00121871345,0.00121797141985,0.000608800315764
2150,1.00123004696,0.00122929107318,0.000614456680715
2151,1.00152173903,0.00152058235718,0.000760002230485
2152,1.00111165057,0.00111103313995,0.000555362299213
2153,0.999019649587,-0.000980831270559,-0.000490535908688
2154,1.00148323528,0.00148213636826,0.000740793660923
2155,1.0014721917,0.00147110908447,0.00073528408831
2156,1.00068882394,0.000688586812479,0.000344234144066
2157,1.00116990368,0.00116921987586,0.000584439086837
2158,1.00055234306,0.000552190572752,0.00027605717558
2159,1.00011966993,0.000119662767027,5.9829593652e-05
2160,1.00070728176,0.000707031754633,0.000353453397942
2161,1.00211345794,0.00211122773018,0.00105505690077
2162,1.00076799389,0.00076769913045,0.000383775904406
2163,1.00073735396,0.000737082251034,0.000368473222578
2164,1.00063948352,0.000639279141122,0.000319588491276
2165,1.00068188861,0.000681656233813,0.000340770041602
2166,1.00165362177,0.00165225604345,0.000825786871921
2167,1.00067925433,0.000679023741029,0.000339454242882
2168,1.00019704222,0.000197022808385,9.85065521036e-05
2169,1.0005931909,0.000593015033539,0.00029646356276
2170,1.0005765101,0.000576343983765,0.000288130474322
2171,1.00091534605,0.000914927376623,0.000457359067752
2172,1.00217377514,0.00217141591263,0.00108511878867
2173,1.00023376197,0.000233734651967,0.000116860497264
2174,1.00063856377,0.000638359974824,0.000319129054899
2175,1.00160121366,0.00159993308226,0.000799646653204
2176,0.999241547483,-0.000758740287914,-0.000379442113911
2177,1.00044681924,0.000446719441642,0.000223334777896
2178,1.00052711306,0.000526974188901,0.000263452384775
2179,1.0013688641,0.00136792805943,0.000683730179638
2180,1.00091342686,0.000913009937839,0.00045640078638
2181,1.00121825295,0.00121751148295,0.000608570487293
2182,1.00217564049,0.00217327721552,0.00108604842982
2183,1.00123702998,0.00123626548954,0.000617941740082
2184,1.00140239526,0.00140141282377,0.000700460974478
2185,1.00045297725,0.000452874681791,0.000226411705896
2186,1.00092352849,0.000923102302781,0.000461444653043
2187,1.00158507921,0.00158382430165,0.000791598671153
2188,1.00019855678,0.00019853707126,9.92636086719e-05
2189,1.00061303017,0.000612842345737,0.000306374230696
2190,1.00153473505,0.0015335585517,0.000766485375747
2191,1.00095061358,0.000950162035291,0.000474968184528
2192,1.00071752275,0.000717265452415,0.000358568425179
2193,1.00138533261,0.00138437391847,0.000691947453104
2194,1.00100698662,0.00100647995374,0.000503113372873
2195,1.00168970973,0.00168828378047,0.000843785702701
2196,1.0014892212,0.00148811340593,0.000743779961417
2197,1.00115873831,0.00115806749486,0.000578866139739
2198,1.0013458418,0.00134493696679,0.00067224242714
2199,0.999748503019,-0.000251528611909,-0.000125772214616
2200,0.999755235755,-0.000244794204665,-0.000122404593163
2201,1.00106875653,0.00106818581913,0.000533950307334
2202,1.00113569685,0.00113505243145,0.000567365203184
2203,1.00133832333,0.00133742857231,0.000668490746588
2204,1.001018563,0.00101804461564,0.000508892777942
2205,1.00242384676,0.00242091398196,0.00120972468342
2206,0.999989657498,-1.0342555346e-05,-5.17129104405e-06
2207,1.00117762574,0.00117693288719,0.000588293331177
2208,1.0015301107,0.00152894127037,0.000764178501954
2209,1.00146226214,0.00146119407997,0.00073033021895
2210,1.00118824312,0.0011875377159,0.000593592612107
2211,1.00019627019,0.000196250928206,9.8120649957e-05
2212,1.00017769332,0.000177677534748,8.88348213278e-05
2213,0.999796783643,-0.000203237007932,-0.000101623667301
2214,1.00005348991,5.34884825134e-05,2.67438836327e-05
2215,1.00057296675,0.000572802667333,0.00028636032472
2216,1.0025718275,0.00256852601119,0.00128343869278
2217,1.0029194511,0.00291519777745,0.00145653710741
2218,1.00141100103,0.00141000650331,0.000704754795252
2219,1.00003486464,3.48640348745e-05,1.74318655005e-05
2220,0.999958849996,-4.1150850624e-05,-2.05756369875e-05
2221,1.00128585565,0.00128502964607,0.000642308454588
2222,1.00202650698,0.00202445638582,0.00101171606276
2223,1.00124473961,0.0012439655641,0.000621789390857
2224,1.00075941326,0.000759125049236,0.000379490499876
2225,1.00032824892,0.000328195061583,0.000164084067528
2226,1.00156590614,0.00156468138832,0.000782034745468
2227,1.00061851071,0.000618319515586,0.00030911197284
2228,1.00110155414,0.0011009478747,0.000550322454367
2229,1.00092138895,0.000920964734444,0.000460376361488
2230,1.00190891865,0.00190709897772,0.000953095005015
2231,1.00098817088,0.00098768295818,0.000493719559457
2232,1.00234308699,0.00234034623932,0.00116948873407
2233,1.00131177551,0.00131091588731,0.000655243178022
2234,1.00055628255,0.00055612788166,0.000278025284636
2235,1.00099362152,0.000993128208973,0.000496440836936
2236,1.00226238904,0.00225983369435,0.0011292787315
2237,1.00073333215,0.00073306338861,0.00036646452977
2238,1.0000620134,6.20114742654e-05,3.10052564598e-05
2239,1.00047335307,0.000473241075755,0.000236592545446
2240,0.999738911364,-0.00026112272585,-0.00013056988643
2241,1.0008188242,0.000818489144933,0.000409160843329
2242,1.00112157182,0.00112094332987,0.000560314630029
2243,1.00050733213,0.0005072034825,0.000253569587046
2244,1.0011067827,0.00110617066926,0.000552932411129
2245,1.00023590362,0.000235875798016,0.000117930944608
2246,1.00059897053,0.000598791218356,0.000299350794785
2247,1.00061984219,0.000619650168886,0.000309777093608
2248,1.0017670419,0.00176548251728,0.000882351757195
2249,1.001103537,0.0011029285538,0.000551312248424
2250,1.00162464412,0.0016233258109,0.000811333596215
2251,1.00019278486,0.000192766276849,9.63784937188e-05
2252,1.00133933826,0.0013384421452,0.000668997194123
2253,1.00102460343,0.00102407888089,0.000511908370625
2254,1.00087900633,0.000878620233614,0.000439213634246
2255,1.00059555309,0.000595375817592,0.000297643604147
2256,1.0004313251,0.000431232106168,0.000215592809613
2257,1.00058995443,0.000589780478375,0.000294846763335
2258,1.00087194713,0.000871567206953,0.000435688663594
2259,1.00057931515,0.000579147414192,0.000289531784677
2260,1.0004044905,0.000404408711189,0.000202183913672
2261,1.00144428426,0.0014432422805,0.000721360834332
2262,1.00087330482,0.000872923707487,0.000436366618125
2263,0.999425732684,-0.000574432270397,-0.000287257385702
2264,1.00046433073,0.00046422296518,0.000232084546804
2265,1.00085657395,0.000856207296218,0.000428012024818
2266,1.0005551943,0.000555040237522,0.000277481613615
2267,0.999949695331,-5.03059338357e-05,-2.51532832565e-05
2268,1.00161500201,0.00161369929633,0.000806524232512
2269,1.001264435,0.00126363627371,0.000631618581807
2270,1.00049796584,0.000497841899277,0.000248889971389
2271,1.0001837664,0.00018374951735,9.18705383188e-05
2272,1.00101989952,0.00101937977208,0.000509560016215
2273,1.00020900782,0.000208985977956,0.000104487529776
2274,1.00095855497,0.000958095852041,0.000478933200883
2275,1.00198890095,0.00198692570844,0.00099296953338
2276,1.00127040895,0.0012696026612,0.000634599886862
2277,1.00096146782,0.000961005908932,0.000480387531409
2278,1.00040163104,0.000401550408002,0.000200755050008
2279,1.00081053811,0.00081020980067,0.000405022856424
2280,1.00018143797,0.000181421515235,9.07066435208e-05
2281,0.999738855175,-0.000261178929624,-0.000130597991987
2282,1.00013820188,0.000138192335642,6.90937807355e-05
2283,1.00070210512,0.000701858762857,0.000350867812915
2284,1.00135378081,0.00135286527027,0.000676203906154
2285,1.00068605669,0.000685821457937,0.000342851941805
2286,1.00043223477,0.00043214138566,0.000216047351239
2287,0.999320239774,-0.000679991367685,-0.000340053488926
2288,1.00065185681,0.000651644448051,0.000325769149729
2289,1.00127569984,0.00127488682687,0.000637240289544
2290,1.00072984358,0.000729577378569,0.00036472216198
2291,1.00227243147,0.00226985340112,0.00113428291483
2292,1.00157110025,0.00156986736635,0.000784625703317
2293,1.00057249606,0.000572332247284,0.000286125182023
2294,0.999826213928,-0.000173801174696,-8.69043633134e-05
2295,1.00102074355,0.00102022294962,0.000509981390074
2296,1.00137859667,0.00137764727596,0.000688586453442
2297,1.00048344473,0.000483327905494,0.000241634754366
2298,1.00128804081,0.00128721200082,0.000643398930492
2299,0.999981238813,-1.87613630143e-05,-9.38072550594e-06
2300,0.999537233607,-0.00046287350195,-0.000231463534526
2301,1.0010655027,0.00106493545767,0.000532325993049
2302,1.00111219294,0.0011115749068,0.000555633032163
2303,1.000532355,0.00053221334782,0.00026607127067
2304,1.0009952662,0.000994771250286,0.000497261949419
2305,1.00059721296,0.000597034700094,0.000298472798176
2306,1.00185757664,0.00185585347501,0.000927496346622
2307,0.999579101671,-0.000420986931379,-0.000210515620993
2308,1.0006261245,0.000625928567041,0.000312915315308
2309,1.00154016019,0.00153897536132,0.000769191700935
2310,0.999444390584,-0.00055576382395,-0.00027792052473
2311,1.00015457654,0.000154564598134,7.72793128669e-05
2312,1.00022190734,0.000221882720401,0.000110935206435
2313,1.00021380279,0.000213779935,0.000106884254971
2314,0.99983454475,-0.000165468938825,-8.27378920034e-05
2315,1.00119391564,0.00119320349206,0.000596423814597
2316,1.00086013244,0.000859762737942,0.000429788983214
2317,1.00097478147,0.000974306676813,0.000487034698485
2318,1.00171651698,0.00171504545197,0.000857155158447
2319,1.00111011951,0.00110950378265,0.000554598044946
2320,1.00070671756,0.000706467954684,0.000353171597566
2321,1.00079786396,0.00079754583805,0.000398693419672
2322,1.00097458191,0.000974107315638,0.000486935066441
2323,1.00103944307,0.00103890322298,0.000519316719861
2324,1.00088878957,0.000888394826464,0.000444098772167
2325,1.00178454538,0.00178295496677,0.000891080235387
2326,1.00019156599,0.000191547648217,9.57692379421e-05
2327,1.00038240675,0.000382333652203,0.000191148554888
2328,1.00062961749,0.00062941936143,0.000314660164818
2329,1.00032119554,0.000321143962874,0.000160559090446
2330,1.0010981479,0.00109754537555,0.000548622139585
2331,1.00142340142,0.00142238934072,0.000710941831374
2332,1.00114931958,0.001148659616,0.000574164912208
2333,1.0000822356,8.2232220878e-05,4.11152651834e-05
2334,1.00112017597,0.00111954903736,0.000559617874152
2335,1.00149302608,0.00149191262941,0.00074567815846
2336,1.0014445383,0.00144349595442,0.000721487579789
2337,1.00132060056,0.00131972933312,0.000659647003749
2338,1.00012842855,0.00012842029996,6.42080885526e-05
2339,1.0013185721,0.00131770354547,0.000658634777562
2340,0.998852915585,-0.00114774281948,-0.000574036105442
2341,0.999248039448,-0.000752243416266,-0.000376192450772
2342,1.0006711441,0.000670918980836,0.000335403230174
2343,0.999588922366,-0.000411162149836,-0.000205602208156
2344,1.0017499065,0.0017483772015,0.000873806609215
2345,1.00075634003,0.000756054150852,0.000377955632194
2346,1.00183973074,0.00183804050514,0.000918598082793
2347,0.999553321714,-0.000446778076515,-0.000223413991447
2348,1.00118077572,0.00118007915227,0.000589865537018
2349,1.0010843986,0.00108381106778,0.000541758729603
2350,1.00054692128,0.000546771771044,0.000273348519006
2351,1.00102458628,0.0010240617539,0.00051189981151
2352,1.00085617956,0.000855813245048,0.000427815083543
2353,1.00041319653,0.000413111190376,0.00020653426405
2354,1.00156769192,0.00156646437002,0.000782925538743
2355,1.00082579038,0.00082544960226,0.000412639641965
2356,1.00024340893,0.000243379315196,0.000121682253712
2357,1.00018610391,0.000186086589889,9.30389665516e-05
2358,1.00019252422,0.000192505690802,9.62482132442e-05
2359,1.00071822198,0.000717964184241,0.000358917665759
2360,0.99933083113,-0.000669392863289,-0.000334752448745
2361,1.00019925095,0.000199231106256,9.96105916635e-05
2362,1.00171630917,0.00171483799419,0.000857051518463
2363,1.00060057867,0.000600398398116,0.000300154143787
2364,1.00025202623,0.000251994473607,0.000125989299485
2365,1.00111282868,0.00111220994963,0.000555950377101
2366,0.99952929959,-0.000470811224686,-0.000235433322419
2367,1.00024988278,0.000249851561991,0.000124917978095
2368,1.0003234769,0.000323424595852,0.000161699223197
2369,1.00068547811,0.000685243278976,0.000342562951397
2370,1.00083553867,0.000835189802839,0.000417507720805
2371,1.00074950921,0.000749228467061,0.00037454407438
2372,0.999693594936,-0.000306452015711,-0.00015323774756
2373,1.00070491888,0.000704670539155,0.000352273206795
2374,1.00034529618,0.000345236583719,0.000172603394179
2375,1.00109255847,0.00109196206134,0.000545832010148
2376,0.999693323755,-0.000306723279958,-0.000153373400477
2377,1.00101206638,0.00101155458134,0.000505649406898
2378,1.00030434427,0.000304297970208,0.000152137411034
2379,1.00168359855,0.00168218288561,0.000840737824548
2380,1.00003035865,3.03581926441e-05,1.51789811201e-05
2381,1.00003724909,3.72483918103e-05,1.8624022476e-05
2382,1.00037649817,0.000376427316969,0.000188195947405
2383,0.999841009488,-0.000159003152315,-7.95047364917e-05
2384,1.00175469503,0.00175315735053,0.000876194592414
2385,0.998896170825,-0.001104438843,-0.000552371922713
2386,1.0008696533,0.000869275374404,0.000434543245925
2387,1.00164263189,0.00164128424303,0.000820305486862
2388,1.0005706456,0.000570482838856,0.000285200741962
2389,0.999975093629,-2.49066808785e-05,-1.24534179824e-05
2390,1.00097275657,0.000972283750698,0.000486023727534
2391,1.00110644009,0.00110582843135,0.00055276138678
2392,1.00106494087,0.00106437421808,0.0005320455226
2393,0.999669152383,-0.00033090235913,-0.000165464867366
2394,0.999719833914,-0.000280205339886,-0.00014011248478
2395,1.00211147245,0.00210924642705,0.00105406729391
2396,1.00112817073,0.0011275348237,0.000563608524862
2397,1.00117823405,0.00117754047381,0.000588596945718
2398,1.00031065253,0.00031060428545,0.000155290083972
2399,0.99900924016,-0.000991250966479,-0.000495748325843
2400,1.00074550198,0.000745224231449,0.000372542704452
2401,1.00187055954,0.001868812219,0.000933969688052
2402,0.999930188165,-6.98142719377e-05,-3.490774523e-05
2403,1.00186764429,0.00186590240732,0.000932516139995
2404,1.00124657678,0.00124580045297,0.000622706264414
2405,1.00028283836,0.00028279837332,0.000141389190266
2406,1.0015634715,0.0015622505558,0.000780820278967
2407,1.00006868818,6.86858241211e-05,3.43423223496e-05
2408,1.00099832504,0.000997827049322,0.000498789088004
2409,1.00085754427,0.000857176793624,0.000428496565925
2410,1.00170809544,0.00170663830557,0.000852955179531
2411,1.00137667148,0.00137572473614,0.000687625844984
2412,1.00098013804,0.000979658019265,0.000489709062988
2413,1.00080926571,0.000808938426745,0.000404387426727
2414,1.00059655475,0.000596376881372,0.000298143986932
2415,1.00055011557,0.000549964312182,0.000274944351963
2416,1.00109970552,0.00109910128552,0.000549399667465
2417,1.00005705568,5.70540552936e-05,2.8526620755e-05
2418,0.999343701631,-0.000656513826926,-0.000328310795659
2419,0.999867081059,-0.000132927775819,-6.64660966827e-05
2420,1.00111942029,0.00111879420999,0.000559240671605
2421,1.00103160805,0.00103107631276,0.000515405289416
2422,0.999717845573,-0.000282194240072,-0.000141107074703
2423,1.0013248491,0.00132397226365,0.000661767067347
2424,1.00061084646,0.00061065997217,0.000305283377629
2425,1.00078043137,0.00078012699192,0.000389987431085
2426,1.00066823063,0.000668007466351,0.000333947960138
2427,1.00150310219,0.00150197366344,0.000750704911684
2428,1.00068416454,0.000683930607863,0.000341906840462
2429,0.999845175887,-0.000154836099802,-7.74210467553e-05
2430,0.999148246432,-0.000852116516591,-0.000426149034007
2431,1.00162391357,0.00162259644374,0.000810969208449
2432,1.00084851,0.000848150217301,0.000423985201511
2433,1.00198186089,0.0019798995983,0.000989459960498
2434,1.00045851537,0.000458410282476,0.000229178875746
2435,1.00074005704,0.000739783330786,0.000369823263905
2436,1.00081638887,0.000816055808371,0.000407944672121
2437,1.00121337082,0.00121263528456,0.000606133868883
2438,1.00043576435,0.000435669431534,0.000217810991508
2439,1.00035982284,0.000359758116886,0.000179862881175
2440,1.00067406016,0.000673833084832,0.000336859792411
2441,1.00150251319,0.00150138555107,0.000750411076205
2442,1.00114773214,0.00114707400234,0.000573372560265
2443,1.0011725097,0.00117182285059,0.000585739812713
2444,1.0002893376,0.000289295749187,0.000144637413594
2445,1.00015206523,0.000152053673916,7.60239469912e-05
2446,1.00068444115,0.0006842070261,0.000342045002315
2447,1.00160366508,0.00160238058006,0.000800869422789
2448,1.0001980195,0.000197999894362,9.89950468482e-05
2449,1.00034636042,0.000346300449908,0.000173135235319
2450,0.999125632882,-0.000874749599677,-0.000437470462143
2451,1.0015253872,0.00152422498175,0.000761822156912
2452,1.00145667712,0.00145561719901,0.000727543811066
2453,1.00045802951,0.000457924644979,0.000228936112617
2454,0.99935635809,-0.000643849136716,-0.000321976391633
2455,1.00135191081,0.00135099780157,0.000675270802766
2456,1.00131151364,0.00131065435888,0.000655112499484
2457,1.00122234813,0.00122160167254,0.00061061433541
2458,1.00168516744,0.00168374913447,0.000841520290266
2459,1.00040507546,0.000404993439416,0.000202476218631
2460,1.0008050598,0.000804735912982,0.000402287017361
2461,1.00065198461,0.000651772165056,0.000325832987426
2462,1.00019629713,0.00019627786661,9.81341178375e-05
2463,1.00006035725,6.03554251014e-05,3.01772572081e-05
2464,1.00112239069,0.00112176128458,0.000560723378145
2465,0.999543842831,-0.000456261240115,-0.000228156643826
2466,1.00090759977,0.000907188149932,0.000453491216726
2467,1.00083235895,0.000832012734449,0.000415919848574
2468,1.00062064792,0.000620455402052,0.000310179585388
2469,0.999339898821,-0.000660319141234,-0.000330214079287
2470,1.00039892549,0.000398845944719,0.00019940308892
2471,1.0006851792,0.000684944567006,0.000342413646565
2472,1.00050937962,0.000509249930038,0.000254592550834
2473,1.00099894361,0.00099844499392,0.000499097906143
2474,1.00042398462,0.000423894766853,0.000211924924166
2475,1.00027004251,0.000270006058583,0.000134993916793
2476,1.00142671417,0.00142569738096,0.000712594674216
2477,1.00013371014,0.000133701197442,6.68483642697e-05
2478,0.999918592176,-8.14111377889e-05,-4.07063973773e-05
2479,1.00039990608,0.00039982613952,0.000199893088474
2480,1.00155851366,0.00155730043501,0.00077834714809
2481,1.00058820869,0.000588035767563,0.000293974664759
2482,1.00049837014,0.00049824599677,0.000249091969828
2483,1.00077865052,0.000778347531536,0.000389098047481
2484,0.999898807535,-0.000101197585655,-5.06000729681e-05
2485,1.00050213666,0.000502010633559,0.00025097381758
2486,1.00163224574,0.00163091507326,0.000815125141492
2487,1.00130279246,0.00130194456689,0.000650760446955
2488,0.999369391996,-0.000630806921258,-0.00031545320553
2489,0.999443999237,-0.000556155389155,-0.000278116361764
2490,1.00137154558,0.00137060587245,0.000685068169799
2491,1.00016256264,0.000162549432389,8.12714134942e-05
2492,1.00087572867,0.000875345446535,0.000437576958533
2493,1.00174143676,0.0017399222171,0.000869582802096
2494,1.00037546419,0.000375393720724,0.000187679246408
2495,1.00063821105,0.000638007481361,0.000318952864397
2496,1.00134012691,0.00133922974043,0.000669390728212
2497,1.00156119195,0.00155997455424,0.000779683166115
2498,1.00086474377,0.000864370097398,0.000432091670194
2499,1.0003424476,0.000342388978559,0.000171179836339
2500,1.0010267584,0.00102623164057,0.000512984198878
2501,1.00169184358,0.00169041402505,0.000844849925688
2502,1.00130050842,0.00129966349621,0.000649620653184
2503,1.00262913658,0.00262568644864,0.00131198182266
2504,0.999694039399,-0.000306007416448,-0.000153015413888
2505,1.00118456217,0.0011838611314,0.000591755409366
2506,0.999897914444,-0.000102090766773,-5.10466862242e-05
2507,1.00065527639,0.000655061787914,0.000327477261569
2508,1.00014709168,0.000147080861686,7.35377268117e-05
2509,1.00092606134,0.000925632810269,0.000462709322143
2510,1.00104947246,0.00104892214766,0.000524323568159
2511,0.999943202511,-5.67991023973e-05,-2.83999544697e-05
2512,1.00171957307,0.00171809629503,0.000858679271289
2513,1.00142354196,0.00142252968468,0.00071101195346
2514,1.00106302853,0.00106246391441,0.000531090878493
2515,1.00153706298,0.00153588291248,0.000767646664664
2516,1.00160894664,0.00160765367431,0.000803503854912
2517,1.00052220251,0.000522066213964,0.000260999040805
2518,1.00083937996,0.000839027876101,0.000419425954382
2519,1.00069590026,0.000695658230393,0.000347768629663
2520,1.0002969971,0.000296953000756,0.000148465478288
2521,1.00097874969,0.000978271028356,0.000489015906904
2522,1.00205983978,0.00205772121571,0.00102833151225
2523,1.00100183284,0.0010013313407,0.000500540358205
2524,1.00088634052,0.000885947954954,0.00044287587899
2525,1.00100700282,0.00100649613019,0.000503121457026
2526,1.0003827218,0.000382648580421,0.000191305988886
2527,1.00106574699,0.00106517948907,0.00053244794379
2528,1.00196952269,0.00196758571812,0.000983309093518
2529,1.00175294243,0.00175140781809,0.000875320592273
2530,1.00027785011,0.000277811516261,0.000138896111172
2531,1.00123050141,0.00122974496317,0.000614683486241
2532,1.00137667912,0.00137573236978,0.000687629659182
2533,1.00179101067,0.00178940872468,0.000894304233734
2534,0.998690287646,-0.0013105707764,-0.000655500134574
2535,1.00067005747,0.000669833080992,0.000334860462212
2536,1.00126457622,0.00126377731243,0.000631689056624
2537,1.00157720041,0.00157595793184,0.000787668592023
2538,1.00056542305,0.000565263263176,0.000282591695031
2539,1.00042793653,0.000427844996078,0.000213899618253
2540,1.00161236968,0.0016110712039,0.000805211245244
2541,1.0015090606,0.00150792311215,0.000753677398479
2542,1.00021484975,0.000214826674339,0.000107407568564
2543,1.00121220073,0.00121146660293,0.000605549882084
2544,1.00008139362,8.13903103056e-05,4.06943271162e-05
2545,1.00036051291,0.000360447935867,0.00018020772857
2546,0.999778598941,-0.000221425572322,-0.000110718915048
2547,1.00126046422,0.00125967050251,0.000629636946668
2548,1.00096958516,0.000969115415923,0.000484440328835
2549,1.00073079975,0.000730532843591,0.000365199720137
2550,0.999833885166,-0.000166128632182,-8.30677660271e-05
2551,1.00070162288,0.000701376857384,0.000350626944693
2552,1.00119125259,0.00119054360698,0.000595094664381
2553,1.00103227003,0.00103173760925,0.000515735767189
2554,1.00048600208,0.000485884020756,0.000242912502358
2555,1.00051358675,0.000513454905064,0.00025669450086
2556,0.999749162844,-0.000250868620811,-0.000125442177618
2557,1.00052300234,0.000522865623109,0.000261398640975
2558,1.00089553016,0.00089512941068,0.000447464563198
2559,0.998984896101,-0.00101561946624,-0.000507938690311
2560,1.00125800383,0.00125721320568,0.000628409071102
2561,1.0000481596,4.81584450195e-05,2.40789326076e-05
2562,1.00066859997,0.000668376554731,0.000334132442683
2563,1.00164646626,0.0016451123214,0.000822217954117
2564,1.00062036899,0.000620176637678,0.000310040246425
2565,1.00006189618,6.18942665561e-05,3.09466544205e-05
2566,1.00090034898,0.00089994390797,0.000449870731788
2567,0.999509258448,-0.000490862005312,-0.000245461123308
2568,1.00030101267,0.000300967374103,0.000150472364949
2569,1.00151019138,0.00150905218365,0.000754241508594
2570,1.00072660738,0.000726343531767,0.000363105827
2571,1.00097799111,0.000977513183477,0.000488637169692
2572,1.00194060178,0.00193872124393,0.000968890943733
2573,0.999432880461,-0.000567280411871,-0.000283680435622
2574,0.99985344979,-0.000146560949226,-7.32831596923e-05
2575,1.00180538958,0.00180376181827,0.000901474336783
2576,1.0014889248,0.00148781745062,0.000743632093812
2577,1.00073771647,0.000737444495274,0.000368654277943
2578,1.00018309724,0.000183080481705,9.15360511724e-05
2579,1.00134727779,0.00134637102846,0.000672958975699
2580,1.00075630527,0.000756019418017,0.00037793827234
2581,1.0005064251,0.000506296911711,0.000253116416489
2582,1.00047372239,0.00047361021743,0.000236777072598
2583,1.00111207178,0.00111145388854,0.000555572556651
2584,1.0011759282,0.0011752373426,0.000587446057258
2585,1.00034313918,0.000343080325122,0.000171525450389
2586,1.00178117063,0.00177958622979,0.00088939736639
2587,1.00036730025,0.000367232810811,0.000183599548945
2588,1.00010289217,0.00010288687869,5.14421161538e-05
2589,1.00088482841,0.000884437179301,0.000442120825421
2590,1.00073154236,0.000731274916042,0.000365570620792
2591,1.00138028174,0.00137933002584,0.000689427248668
2592,1.00024596814,0.000245937891297,0.000122961385278
2593,1.00089092374,0.000890527106006,0.000445164437899
2594,1.00067749096,0.000677261565516,0.000338573453826
2595,1.00022300707,0.000222982203139,0.000111484886668
2596,1.00072787271,0.000727607942151,0.000363737802435
2597,1.00064937177,0.000649161020357,0.000324527839624
2598,1.00109140999,0.00109081483973,0.000545258712273
2599,1.0013392222,0.00133832624569,0.000668939283133
2600,1.00082035675,0.000820020439071,0.000409926176832
2601,1.00029705318,0.000297009065522,0.000148493506509
2602,1.00094549722,0.0009450505216,0.000472413638321
2603,0.999597953647,-0.00040212719551,-0.000201083812395
2604,0.999936506809,-6.34952071472e-05,-3.1748107534e-05
2605,1.00131019084,0.00130933328805,0.000654452396576
2606,1.00049909546,0.000498970951349,0.000249454356761
2607,1.00144908961,0.00144804069302,0.000723758307025
2608,1.00054723105,0.000547081375208,0.000273503278761
2609,1.00055167805,0.000551525927417,0.000275724944597
2610,1.00135015233,0.00134924169321,0.000674393341123
2611,1.00154977398,0.00154857431799,0.000773987476042
2612,1.00104370923,0.00104316494078,0.000521446469897
2613,1.00100043781,0.000999937701869,0.000499843887336
2614,1.00205409096,0.00205198419655,0.00102546594834
2615,1.00169724354,0.001695804845,0.000847543054818
2616,1.00107039233,0.001069819864,0.000534766893186
2617,1.00044951607,0.000449415068708,0.000224682289507
2618,1.00118004896,0.00117935324622,0.00058950279802
2619,1.00072848817,0.000728222953524,0.000364045196223
2620,1.00085925053,0.000858881586763,0.000429348596882
2621,0.999427100413,-0.000573063756712,-0.000286572932536
2622,1.00065234918,0.000652136495737,0.000326015093395
2623,0.999148550578,-0.00085181211095,-0.000425996766337
2624,1.0014509858,0.00144993413253,0.000724704341135
2625,1.00083613909,0.000835789718982,0.000417807553596
2626,1.00063286111,0.000632660939643,0.000316280442613
2627,1.00222413686,0.00222166713238,0.00111021681897
2628,1.00220388494,0.00220145994424,0.0011001243911
2629,1.00037103497,0.000370966155745,0.00018546587695
2630,1.00109281453,0.00109221783973,0.000545959829532
2631,1.00196268391,0.00196076036624,0.00097989976748
2632,0.999865737487,-0.000134271527132,-6.71380172219e-05
2633,1.00090027543,0.000899870425972,0.000449834007317
2634,1.00146719201,0.00146611673631,0.000732789746512
2635,1.00191194275,0.00191011730928,0.00095460273128
2636,1.00066091107,0.000660692763773,0.000330291823528
2637,0.999947596697,-5.24046765076e-05,-2.62026815381e-05
2638,1.0007195104,0.000719251672231,0.000359561178496
2639,1.00057530546,0.000575140034226,0.000287528672819
2640,1.0014800264,0.00147893223909,0.000739192781854
2641,1.00147901035,0.0014779176867,0.000738685880502
2642,0.999818138451,-0.000181878087922,-9.0943179041e-05
2643,0.999928910552,-7.10919752433e-05,-3.55466193878e-05
2644,1.00090824027,0.000907828069881,0.00045381103155
2645,1.00144307734,0.00144203710538,0.000720758681272
2646,0.99969131133,-0.000308736323747,-0.000154380077251
2647,1.00164163025,0.00164028424421,0.000819805897477
2648,1.00086920158,0.000868824047351,0.000434317680434
2649,0.999599093013,-0.000400987371632,-0.000200513786019
2650,1.00105576915,0.00105521222115,0.000527466950944
2651,1.00161682616,0.00161552050401,0.000807434101514
2652,1.00029350421,0.000293461142567,0.00014671980688
2653,1.00043307564,0.000432981891359,0.000216467513206
2654,1.00022664698,0.000226621297135,0.000113304229158
2655,1.00078746519,0.000787155298661,0.000393500207808
2656,1.00200856714,0.00200655266389,0.00100277321851
2657,0.999661480884,-0.000338576426152,-0.000169302543134
2658,1.00037462223,0.000374552080577,0.000187258505226
2659,1.00133870104,0.00133780578259,0.00066867922563
2660,1.00093908541,0.000938644749485,0.000469212260224
2661,1.00091993226,0.000919509383028,0.000459649020521
2662,1.00035427549,0.000354212753865,0.000177090694524
2663,0.999709221502,-0.000290820782522,-0.000145420963864
2664,0.999783270512,-0.000216752977636,-0.000108382361762
2665,1.0012394117,0.00123864426412,0.000619130391693
2666,1.00022328404,0.00022325911858,0.000111623328942
2667,0.999115594031,-0.000884797286748,-0.000442496516086
2668,1.00103646761,0.00103593084926,0.000517831303699
2669,1.00112043358,0.00111980636013,0.00055974646353
2670,1.00058837904,0.000588206010743,0.000294059761322
2671,1.00232725319,0.00232454932611,0.00116159948346
2672,1.00057645307,0.000576286987591,0.000288101984446
2673,1.00059010511,0.000589931069378,0.000294922036633
2674,1.00118779463,0.00118708975748,0.000593368765824
2675,1.00113677373,0.0011361280959,0.000567902730115
2676,1.00026145378,0.000261419602478,0.000130701259085
2677,0.999116659821,-0.000883730553853,-0.000441962913768
2678,1.00061452391,0.000614335171325,0.00030712041453
2679,1.0017024441,0.00170099658756,0.000850136722619
2680,1.00098687029,0.000986383656767,0.000493070229285
2681,1.00163918033,0.00163783834317,0.000818583948793
2682,1.00076361452,0.000763323119548,0.000381588736266
2683,1.00150629903,0.00150516570183,0.000752299731469
2684,1.00139228445,0.0013913161212,0.000695416146631
2685,1.00040700838,0.000406925574302,0.000203442090002
2686,1.00162531536,0.00162399596392,0.000811668400813
2687,1.0016184053,0.00161709709753,0.000808221761469
2688,0.999757058426,-0.000242971088959,-0.000121492924147
2689,1.00032632984,0.000326276604583,0.000163124995962
2690,1.00015746829,0.000157455892677,7.8724847375e-05
2691,1.00108535236,0.00108476379337,0.000542234834212
2692,1.00020492179,0.000204900796485,0.000102445150379
2693,1.00086226293,0.000861891391283,0.000430852851883
2694,1.00006634116,6.6338964307e-05,3.31689320523e-05
2695,0.999542203815,-0.000457901006139,-0.000228976714236
2696,1.00014738919,0.000147378332117,7.36864510785e-05
2697,1.00086705005,0.000866674378565,0.000433243312284
2698,1.00188706217,0.00188528390333,0.000942197804308
2699,1.00068594346,0.000685708311357,0.000342795387909
2700,1.00014292527,0.000142915054442,7.14549741928e-05
2701,1.00143461393,0.00143358585282,0.000716536091732
2702,1.00043687737,0.000436781967826,0.000218367138338
2703,1.00038036244,0.000380290117858,0.000190126982503
2704,1.00171196894,0.00171050518803,0.000854886969754
2705,1.00079299263,0.000792678378581,0.00039626065729
2706,1.00046683981,0.00046673087419,0.000233338209499
2707,1.00164734468,0.00164598929312,0.000822656079354
2708,1.00001393684,1.39367412057e-05,6.96834632385e-06
2709,1.00205088959,0.00204878938365,0.0010238701787
2710,0.999995592501,-4.40750878477e-06,-2.20375682058e-06
2711,1.00016229561,0.000162282442134,8.11379292072e-05
2712,1.0016930457,0.00169161411066,0.000845449461367
2713,1.00054775975,0.000547609781415,0.000273767409569
2714,0.999724223953,-0.000275814079933,-0.000137916549579
2715,1.00061009678,0.000609910742838,0.000304908877256
2716,1.00016924725,0.000169232933367,8.46128868115e-05
2717,1.0008724784,0.000872098016416,0.000435953952656
2718,1.00057951416,0.000579346302977,0.000289631200272
2719,1.00149953417,0.00149841098899,0.000748924910137
2720,1.00028254388,0.0002825039738,0.000141242011308
2721,1.00063780068,0.000637597367855,0.000318747873027
2722,1.00161380434,0.00161250355631,0.000805926844523
2723,1.00054674574,0.000546596327689,0.000273260821303
2724,1.0006251724,0.00062497706612,0.000312439713603
2725,1.00067255212,0.000672326057249,0.000336106532164
2726,1.00147637811,0.00147528933347,0.000737372673788
2727,0.999798467967,-0.000201552343202,-0.00010078124969
2728,1.00217465933,0.00217229818086,0.00108555944401
2729,1.00171368821,0.0017122215246,0.000855744404034
2730,1.00063831257,0.000638108936944,0.000319003576008
2731,1.00092077946,0.0009203558046,0.000460072036689
2732,1.00080109308,0.000800772371711,0.000400306042003
2733,1.00089605223,0.000895651018782,0.000447725250515
2734,1.00114905632,0.00114839665918,0.000574033509279
2735,1.00064715367,0.00064694435452,0.000323419865776
2736,1.00058821788,0.000588044949092,0.000293979254174
2737,0.998959929431,-0.00104061181774,-0.000520441291467
2738,1.00195290361,0.00195099917227,0.000975023941091
2739,1.00051905459,0.000518919927208,0.000259426306778
2740,1.00067406681,0.000673839728007,0.00033686311288
2741,1.00029854207,0.000298497510216,0.000149237618067
2742,1.00002947728,2.94768419485e-05,1.47383123643e-05
2743,1.00009437602,9.43715651061e-05,4.71846693215e-05
2744,1.00023692799,0.000236899930745,0.000118442950452
2745,1.00151610002,0.00151495189925,0.00075718913714
2746,0.999987592471,-1.2407606059e-05,-6.20382227323e-06
2747,0.999303239259,-0.00069700359193,-0.000348562529771
2748,1.0012038385,0.00120311446629,0.000601376333866
2749,0.999715650956,-0.000284389478936,-0.000142204849619
2750,1.00006057309,6.0571251313e-05,3.02851670516e-05
2751,1.00032738526,0.000327331681799,0.000163652448376
2752,1.00207397289,0.00207182517315,0.00103537621436
2753,0.99984057554,-0.000159437169607,-7.97217624142e-05
2754,0.998980595139,-0.00101992480777,-0.00051009245682
2755,1.00112161052,0.00112098198305,0.000560333945792
2756,1.00202445729,0.00202241083926,0.00101069432372
2757,0.999953680639,-4.63204334024e-05,-2.3160484901e-05
2758,1.00135933246,0.00135840940816,0.000678974096779
2759,0.999135039912,-0.000865334381484,-0.000432760804692
2760,1.0012574943,0.00125670431233,0.00062815478429
2761,1.00194501238,0.00194312329161,0.000971089832603
2762,1.00221611155,0.00221365959553,0.00110621748759
2763,1.00070683781,0.00070658812075,0.000353231659378
2764,1.00001572987,1.57297436967e-05,7.86484092019e-06
2765,1.00001963842,1.96382250043e-05,9.81906429487e-06
2766,1.00147797016,0.00147687903411,0.000738166937694
2767,0.99988976377,-0.000110242306763,-5.51226725802e-05
2768,1.00119084315,0.0011901346627,0.0005948903139
2769,1.00050075594,0.000500630599005,0.000250283973242
2770,1.00098076253,0.000980281892616,0.000490020846857
2771,0.999992375836,-7.62419287881e-06,-3.81210370559e-06
2772,0.999993201674,-6.79834939553e-06,-3.39918047487e-06
2773,1.00018863027,0.000188612477075,9.43017918441e-05
2774,1.00030513694,0.000305090397892,0.000152533564519
2775,1.00057434244,0.000574177569674,0.000287047578795
2776,1.0003641929,0.000364126595899,0.000182046725433
2777,1.00140892263,0.00140793102648,0.00070371778765
2778,1.00060164229,0.000601461375376,0.000300685472747
2779,1.00058410012,0.000583929601525,0.000291922183188
2780,1.0012880176,0.00128718881693,0.000643387346009
2781,1.00006708581,6.70835596683e-05,3.35412173149e-05
2782,1.00082603423,0.000825693254955,0.000412761418035
2783,1.0008506664,0.000850304790746,0.0004250620309
2784,1.00142849936,0.00142748002189,0.000713485359134
2785,1.00073226876,0.000732000781115,0.000365933420585
2786,1.00078623736,0.000785928441103,0.000392887020225
2787,0.999630060467,-0.000370007977835,-0.000185021103211
2788,1.00177057915,0.0017690135275,0.000884115702949
2789,1.00178837116,0.00178677393178,0.000892988014567
2790,1.00201111067,0.00200909109784,0.00100404116195
2791,1.00117176523,0.00117107924718,0.000585368228721
2792,1.00047809373,0.000477979483724,0.000238961186088
2793,0.998848132566,-0.00115253134344,-0.000576431744682
2794,1.00211834496,0.0021161044301,0.00105749267516
2795,1.00091226435,0.000911848489439,0.000455820327055
2796,1.0013179109,0.00131704322071,0.000658304832586
2797,1.00083202878,0.00083168283864,0.000415754969261
2798,1.00046762378,0.000467514482185,0.000233729921997
2799,1.00158135158,0.00158010256147,0.000789739272396
2800,1.00148016651,0.00147907213858,0.000739262679888
2801,1.00044990295,0.000449801773049,0.000224875598216
2802,1.00116671142,0.00116603134511,0.000582845751943
2803,1.00139277268,0.00139180366695,0.000695659749953
2804,1.00065849152,0.000658274809571,0.000329083245012
2805,0.999931529218,-6.84731266796e-05,-3.42371494175e-05
2806,1.00106834693,0.00106777665013,0.000533745832055
2807,1.00089737815,0.000896975746399,0.000448387317547
2808,1.00130592497,0.00130507299163,0.000652323640178
2809,1.00174913823,0.00174761026462,0.000873423475779
2810,1.000459568,0.000459462429396,0.000229704828503
2811,1.00078694589,0.000786636410893,0.000393240865981
2812,1.00058910816,0.000588934706274,0.000294424001881
2813,1.0004421626,0.000442064873143,0.000221008010702
2814,1.00080163632,0.000801315178945,0.000400577336939
2815,1.00112311676,0.0011224865375,0.000561085801207
2816,1.00106352848,0.00106296333193,0.000531340454601
2817,1.00043534078,0.000435246048737,0.000217599346196
2818,1.00142635147,0.00142533519367,0.000712413709598
2819,1.00087874743,0.00087836155839,0.000439084353433
2820,1.00016515912,0.000165145484314,8.25693331222e-05
2821,1.0007985242,0.000798205552019,0.00039902314509
2822,1.00180927746,0.00180764268748,0.000903413020258
2823,1.0010528982,0.00105234429462,0.000526033743021
2824,1.00151411214,0.00151296702652,0.000756197451746
2825,1.00247339747,0.00247034365402,0.00123440931627
2826,1.00141039526,0.00140940159019,0.000704452551804
2827,1.00023679493,0.000236766896962,0.000118376441437
2828,0.999548151623,-0.000451950490855,-0.000226000779757
2829,1.00113019309,0.00112955489819,0.000564617992334
2830,0.999793177284,-0.000206844107086,-0.000103427401788
2831,1.00081142007,0.000811091045874,0.000405463300467
2832,1.00057134185,0.000571178697729,0.000285548572108
2833,1.00103705616,0.00103651879001,0.000518125121803
2834,1.00068895476,0.000688717538277,0.000344299484463
2835,1.00147660538,0.00147551626697,0.000737486056869
2836,1.00123842931,0.00123766308833,0.000618640107417
2837,1.00019110209,0.000191083828804,9.55373504189e-05
2838,1.00124067589,0.00123990689151,0.000619761314322
2839,1.00035953913,0.000359474515747,0.0001797211061
2840,1.00070475142,0.000704503199666,0.000352189566522
2841,1.0007138474,0.000713592731746,0.000356732721619
2842,1.00167712631,0.00167572150209,0.000837509843735
2843,0.999949611088,-5.03901819032e-05,-2.51954083506e-05
2844,0.999847893436,-0.000152118133406,-7.6061959267e-05
2845,1.00009299403,9.29897035955e-05,4.64937709289e-05
2846,1.00130642832,0.0013055756893,0.000652574825017
2847,1.00037718356,0.000377112445313,0.000188538447049
2848,1.00041923809,0.000419150232393,0.000209553156866
2849,1.00171676686,0.00171529490161,0.000857279776349
2850,0.999601258187,-0.000398821331651,-0.000199430549454
2851,1.00026749285,0.000267457080025,0.00013371959875
2852,1.00228360891,0.00228100544078,0.00113985259434
2853,1.00071748986,0.000717232588685,0.000358551999205
2854,1.0005009054,0.000500779984034,0.000250358647059
2855,1.00119282668,0.00119211582583,0.000595880305688
2856,1.0010027186,0.00100221621833,0.000500982575466
2857,1.000497486,0.000497362297261,0.000248650230036
2858,1.00131633332,0.00131546771194,0.000657517596475
2859,1.00111867184,0.00111804659179,0.000558867071483
2860,1.00090654646,0.000906135792774,0.000452965276626
2861,1.00190517287,0.00190336032771,0.000951227459907
2862,1.00036706681,0.000366999459154,0.000183482894531
2863,1.00077587037,0.000775569543111,0.000387709592759
2864,1.00111278046,0.0011121617814,0.000555926306378
2865,1.00154203141,0.00154084369615,0.000770125149362
2866,1.00143242494,0.00143140000256,0.000715443949122
2867,1.00071325319,0.000712998944167,0.000356435933697
2868,1.00060039895,0.000600218783804,0.000300064363583
2869,1.00080265258,0.000802330623558,0.000401084855734
2870,1.00057638851,0.000576222461351,0.00028806973062
2871,0.999969654608,-3.03458528608e-05,-1.51730415399e-05
2872,1.00089332138,0.000892922601115,0.000446361651542
2873,1.00104561927,0.00104507299209,0.000522399997624
2874,1.00060395942,0.000603777111146,0.000301842991808
2875,0.999684261316,-0.000315788540332,-0.000157906736123
2876,1.0002510457,0.000251014190629,0.000125499219628
2877,1.0009784884,0.00097800998811,0.0004888854506
2878,1.00114051699,0.00113986709636,0.000569771166905
2879,1.00132970657,0.00132882329636,0.000664190975635
2880,1.00133032112,0.00132943702303,0.000664497635107
2881,1.00080811859,0.000807792237059,0.000403814563472
2882,1.00091962566,0.000919203061684,0.000459495930237
2883,1.00106058285,0.00106002082503,0.000529869981809
2884,0.999630950509,-0.000369117606844,-0.000184575835446
2885,1.00124611305,0.00124533729374,0.00062247482898
2886,1.00019146317,0.000191444841032,9.57178392714e-05
2887,0.998685168296,-0.00131569685341,-0.000658064856437
2888,1.00190697631,0.00190516033917,0.000952126609126
2889,1.00059681638,0.000596638354294,0.000298274684406
2890,1.00034583592,0.000345776133821,0.00017287312263
2891,1.00001964356,1.96433690428e-05,9.82163628882e-06
2892,1.00112203369,0.0011214046844,0.000560545178019
2893,1.00040219898,0.000402118122255,0.000201038850109
2894,1.00137238866,0.00137144779284,0.00068548884152
2895,1.00080262114,0.000802299216001,0.000401069158254
2896,1.00036839151,0.000368323669596,0.000184144878048
2897,1.00158187386,0.00158062401779,0.000789999794615
2898,1.00101219247,0.00101168054535,0.000505712357052
2899,1.00153660675,0.00153542737775,0.000767419072121
2900,0.999623006488,-0.000377064592153,-0.000188550069407
2901,1.00044593934,0.000445839936681,0.00022289512353
2902,1.00054217207,0.000542025143404,0.000270975851113
2903,1.00050189922,0.000501773306096,0.000250855183623
2904,1.00009213161,9.21273681008e-05,4.60626231351e-05
2905,1.00102642805,0.00102590163719,0.000512819281814
2906,1.00087308431,0.00087270339714,0.000436256511013
2907,0.999726067911,-0.000273969614956,-0.000136994190325
2908,1.00114040092,0.0011397511541,0.000569713228805
2909,1.00079904096,0.000798721894099,0.000399281213081
2910,1.00236236144,0.00235957545482,0.00117909205148
2911,1.00220295114,0.00220052820392,0.00109965903334
2912,0.999353533714,-0.000646675335706,-0.000323389947111
2913,1.00061200898,0.000611821780941,0.000305864104505
2914,1.00107178429,0.00107121033996,0.000535461759134
2915,1.00192869527,0.00192683772676,0.000962954924426
2916,0.999052663394,-0.000947785612447,-0.000474005111159
2917,1.00038228822,0.000382215163135,0.000191089321677
2918,1.00216338083,0.00216104409372,0.00107993849311
2919,1.00108064532,0.00108006184312,0.000539885131109
2920,0.999248016738,-0.000752266143003,-0.000376203818415
2921,1.00124933346,0.00124855369376,0.000624082026633
2922,1.00100711931,0.00100661250941,0.000503179617361
2923,1.0006752324,0.000675004528498,0.000337445316766
2924,1.00092099421,0.000920570354704,0.000460179262381
2925,1.00079707693,0.000796759433276,0.000398300373975
2926,1.00052618456,0.000526046175195,0.000262988500058
2927,1.00034482383,0.00034476439146,0.000172367338773
2928,1.00198806972,0.00198609612547,0.000992555153683
2929,1.00093610715,0.000935669276347,0.000467725220613
2930,1.0021631648,0.00216082853257,0.00107983082893
2931,1.00103180089,0.00103126894918,0.000515501557982
2932,1.00153479595,0.0015336193557,0.000766515754442
2933,1.00075213135,0.000751848642402,0.000375853670507
2934,0.999354643942,-0.000645564389697,-0.000322834294627
2935,1.00062455778,0.000624362826324,0.000312132689615
2936,1.0012901475,0.00128931597442,0.000644450239893
2937,1.00116595439,0.00116527519426,0.000582467896802
2938,1.00083857797,0.000838226556308,0.000419025462453
2939,1.00104806367,0.00104751483256,0.000523620279306
2940,0.999953126528,-4.68745704043e-05,-2.34375598576e-05
2941,1.00133765001,0.00133675615122,0.00066815476074
2942,1.00031213237,0.000312083664585,0.000156029658399
2943,0.999890649536,-0.000109356443344,-5.46797165535e-05
2944,1.00125579759,0.00125500973746,0.000627308028725
2945,1.00190534538,0.00190353250889,0.000951313468605
2946,0.999811149755,-0.000188868079822,-9.4438498945e-05
2947,1.00069641365,0.000696171268845,0.000348025059647
2948,1.00158236614,0.00158111551574,0.000790245349418
2949,1.00053814139,0.000537996641882,0.000268962144137
2950,1.00077656124,0.000776259874027,0.000388054624333
2951,1.00190587515,0.00190406127562,0.000951577600425
2952,1.0005737356,0.000573571071919,0.000286744416918
2953,1.00184522851,0.0018435281714,0.000921339391683
2954,0.999640266466,-0.000359798253623,-0.00017991530963
2955,1.00181585824,0.00181421155765,0.000906694482749
2956,1.0002177666,0.000217742895325,0.000108865521382
2957,0.999398549683,-0.000601631261056,-0.000300860880087
2958,1.00049088729,0.000490766848912,0.000245353320406
2959,1.00154676985,0.00154557483474,0.000772488894079
2960,1.00214353252,0.0021412384305,0.00107004630697
2961,1.00039116689,0.000391090399744,0.000195526082156
2962,0.999769966439,-0.000230060023202,-0.000115036627806
2963,1.00131635162,0.00131548598941,0.0006575267292
2964,0.999915310075,-8.46935113711e-05,-4.23476523221e-05
2965,0.999885661737,-0.000114344800168,-5.7174034457e-05
2966,1.00122375565,0.00122300747595,0.000611316807669
2967,1.00063658945,0.000636386908228,0.000318142835946
2968,0.999992588616,-7.41141175517e-06,-3.70571274377e-06
2969,0.999897290349,-0.000102714925614,-5.1358781624e-05
2970,1.00094465205,0.000944206143174,0.000471991648467
2971,0.999619550649,-0.000380521739728,-0.000190278970611
2972,1.00103145579,0.00103092420979,0.000515329277129
2973,1.00117051522,0.00116983069886,0.000584744319794
2974,1.0003154954,0.000315445642473,0.000157710383646
2975,1.00219557378,0.00219316702712,0.00109598248557
2976,1.00074981973,0.000749538760095,0.000374699162775
2977,1.0001527578,0.000152746134391,7.63701508472e-05
2978,0.999595452607,-0.000404629244098,-0.000202335089032
2979,1.00083031666,0.000829972134215,0.000414899972299
2980,0.999902750691,-9.72540380885e-05,-4.8628201357e-05
2981,1.00191154922,0.00190972452981,0.000954406528997
2982,1.00068194025,0.000681707838593,0.000340795835199
2983,1.00080723738,0.000806911742298,0.000403374493773
2984,0.999616478783,-0.000383594780222,-0.000191815784407
2985,1.0014904395,0.0014893299005,0.000744387756118
2986,1.00065296674,0.000652753654702,0.000326323572228
2987,1.00131637594,0.0013155102747,0.000657538863862
2988,1.0013624195,0.00136149224435,0.000680514467104
2989,1.00117476223,0.00117407273392,0.000586864094822
2990,1.00240210179,0.00239922135413,0.00119889143181
2991,1.00175134794,0.00174981611849,0.000874525438783
2992,1.00013154474,0.000131536091764,6.57658832114e-05
2993,1.00069118842,0.0006909496602,0.000345415160543
2994,1.00125304351,0.00125225910492,0.000625933574256
2995,1.00080978656,0.000809458861754,0.000404647538969
2996,1.00002589136,2.58910214921e-05,1.29454269533e-05
2997,1.00131476855,0.00131390499974,0.000656736753823
2998,1.00048473252,0.000484615076743,0.000242278184271
2999,1.00015391698,0.00015390513992,7.6949609187e-05
3000,1.00132116495,0.00132029297918,0.000659928640836
3001,1.00138210479,0.00138115055806,0.000690336886801
3002,1.00054531267,0.000545164039092,0.000272544872443
3003,1.00125106242,0.00125028049433,0.00062494488771
3004,1.00055925916,0.000559102833495,0.000279512345891
3005,0.999180645901,-0.000819689952977,-0.000409928974416
3006,1.00108768544,0.00108709434138,0.000543399475685
3007,1.00045535312,0.00045524947552,0.000227598833215
3008,1.00003258259,3.25820583808e-05,1.62908964924e-05
3009,1.00115919938,0.00115852802513,0.000579096271557
3010,1.00083256161,0.000832215218286,0.000416021048379
3011,1.00090611207,0.000905701795727,0.000452748376372
3012,1.0012521525,0.00125136920782,0.000625488904118
3013,0.999969867848,-3.01326061563e-05,-1.50664165754e-05
3014,1.00142382919,0.00142281650312,0.000711155260707
3015,1.00125961119,0.00125881854841,0.000629211237739
3016,1.00156594733,0.00156472250982,0.000782055290141
3017,1.00012187453,0.000121867106062,6.09316966198e-05
3018,0.999892191349,-0.000107814462704,-5.39086843727e-05
3019,1.00031441394,0.000314364518941,0.000157169906986
3020,0.99961925586,-0.000380816641314,-0.000190426449472
3021,1.00171649907,0.00171502757246,0.000857146226356
3022,1.00086822838,0.000867851689333,0.000433831712463
3023,1.0006312888,0.000631089616612,0.000315495029279
3024,1.00121017482,0.0012094431439,0.000604538764709
3025,0.999662148945,-0.000337908139451,-0.000168968343268
3026,0.999169662273,-0.000830682648662,-0.000415427590482
3027,1.00056374675,0.000563587899944,0.000281754249786
3028,1.00061775953,0.000617568794725,0.000308736728367
3029,1.00008260589,8.2602474368e-05,4.13003842997e-05
3030,1.0012613708,0.00126057593571,0.000630089378119
3031,1.00050035845,0.000500233315997,0.000250085381435
3032,1.00205728938,0.00205517605609,0.00102706024026
3033,1.00161546288,0.00161415942694,0.000806754112241
3034,1.0013585397,0.00135761771553,0.000678578519152
3035,1.00052629333,0.000526154885161,0.000263042840745
3036,1.00129362035,0.00129278434793,0.00064618330755
3037,1.00121546368,0.00121472560109,0.000607178393096
3038,1.00144278367,0.00144174385503,0.000720612161772
3039,1.00046349091,0.000463383534388,0.000231664928729
3040,1.00078104597,0.000780741116975,0.000390294373815
3041,1.00063785647,0.000637653122169,0.000318775741298
3042,1.00033924256,0.000339185027269,0.000169578133637
3043,1.00191291062,0.00191108333514,0.000955085283006
3044,1.00090387341,0.000903465159329,0.000451630563865
3045,1.00099519188,0.000994697004514,0.000497224844992
3046,1.00071584331,0.000715587220286,0.000357729609643
3047,0.999713581664,-0.000286459361153,-0.000143239938437
3048,1.00037476767,0.000374697458461,0.000187331180553
3049,0.999796628821,-0.000203391861906,-0.00010170110216
3050,1.00234500689,0.00234226164986,0.00117044531886
3051,1.00019536835,0.000195349263996,9.76698619863e-05
3052,1.00103413587,0.00103360151736,0.000516667240168
3053,1.00188048847,0.0018787225676,0.000938920222104
3054,0.999390900805,-0.000609284771619,-0.000304688794013
3055,1.0014404901,0.00143945358612,0.000719467851856
3056,0.999719965287,-0.000280073929994,-0.000140046770631
3057,1.00037668453,0.000376613604457,0.000188289073615
3058,1.00106252224,0.00106195816206,0.000530838136586
3059,1.00109010636,0.00108951262938,0.000544607961907
3060,0.999899033794,-0.000100971303546,-5.0486926195e-05
3061,1.00139742908,0.00139645358203,0.000697983087413
3062,1.00161533604,0.00161403279033,0.000806690845016
3063,1.00077866317,0.000778360167659,0.000389104363084
3064,1.0009338526,0.000933416830946,0.000466599524041
3065,1.00155404072,0.00155283444668,0.000776115889479
3066,1.00122138835,0.00122064305894,0.00061013532117
3067,1.00197614293,0.00197419292709,0.000986609444091
3068,1.00033878269,0.000338725316367,0.000169348317138
3069,1.00088541133,0.000885019582085,0.000442411898025
3070,0.999876070314,-0.000123937365754,-6.19706029754e-05
3071,1.000137217,0.000137207590483,6.86014420547e-05
3072,1.0007982691,0.000797950650723,0.00039889574529
3073,1.00066720411,0.00066698162605,0.000333435211145
3074,1.00049146741,0.000491346676649,0.000245643163101
3075,1.00027562952,0.000275591545419,0.000137786279308
3076,1.00083054776,0.000830203042068,0.000415015378318
3077,1.00148714626,0.00148604154949,0.000742744803163
3078,1.00092341954,0.000922993453149,0.00046139025334
3079,1.00100656432,0.0010060580758,0.000502902540006
3080,1.00134198762,0.00134108796438,0.000670319217815
3081,1.00046746059,0.000467351368814,0.000233648384371
3082,1.00145351087,0.00145245554695,0.000725964133909
3083,1.00072169307,0.000721432770717,0.000360651335025
3084,1.00011306986,0.000113063471716,5.65301379697e-05
3085,1.00158069585,0.00157944786703,0.000789412183638
3086,1.00100919342,0.00100868452979,0.000504215105714
3087,1.00057599347,0.000575827650299,0.000287872381942
3088,1.00012812306,0.000128114853579,6.40553751561e-05
3089,1.00058006955,0.000579901371777,0.000289908654251
3090,1.00036624134,0.000366174290705,0.000183070385924
3091,1.00080033928,0.000800019175606,0.000399929594634
3092,1.00060877499,0.000608589763428,0.000304248588722
3093,1.00075617181,0.000755886055946,0.000377871616504
3094,1.00119966372,0.00119894469988,0.000599292702292
3095,0.999947849197,-5.2152162798e-05,-2.60764213829e-05
3096,1.00074467937,0.000744402235479,0.000372131859496
3097,1.00059060341,0.000590429068459,0.000295170962706
3098,0.999951305332,-4.86958532559e-05,-2.43482230411e-05
3099,1.00050066472,0.00050053942842,0.000250238399357
3100,1.00051420882,0.000514076656665,0.000257005296812
3101,1.00019638307,0.000196363790963,9.81770757971e-05
3102,1.00111976765,0.00111914117406,0.000559414056608
3103,1.00136041032,0.00135948579643,0.000679511925347
3104,0.999410877834,-0.000589295766414,-0.000294691296159
3105,0.999671325692,-0.000328728333071,-0.000164377675065
3106,0.999543622808,-0.000456481363278,-0.000228266730525
3107,1.00083347305,0.00083312590515,0.000416476202275
3108,1.0018190068,0.0018173544152,0.000908264485487
3109,1.00124109745,0.0012403279293,0.000619971702724
3110,1.00083718071,0.000836830471628,0.000418327712367
3111,1.00077474427,0.000774444306695,0.000387147192525
3112,1.00185698098,0.00185525892733,0.000927199348462
3113,1.00087631282,0.000875929083022,0.000437868649041
3114,0.99993014526,-6.98571801327e-05,-3.49292000765e-05
3115,1.001771434,0.00176986686551,0.000884541994638
3116,1.0008211653,0.000820828327472,0.000410329955364
3117,1.0007646153,0.00076432313232,0.00038208855173
3118,1.0005713225,0.000571159354506,0.000285538903259
3119,1.00014586659,0.000145855953354,7.29253174968e-05
3120,1.00167889639,0.0016774886238,0.00083839266421
3121,1.00079659203,0.000796274918533,0.000398058213065
3122,1.00123428812,0.00123352701594,0.000616573348454
3123,1.00103737891,0.00103684120855,0.000518286247533
3124,1.00175861448,0.00175706992345,0.000878149162872
3125,0.99956085632,-0.000439240131401,-0.000219644183953
3126,1.00085911146,0.00085874263095,0.000429279148804
3127,1.00088788563,0.000887491691861,0.000443647405304
3128,1.0020292914,0.0020272351657,0.00101310404607
3129,1.00096657323,0.000966106402876,0.000482936550024
3130,1.00122313186,0.00122238444116,0.000611005480659
3131,1.00094721373,0.000946765406945,0.000473270675559
3132,1.00075741991,0.000757133207766,0.000378494956588
3133,1.000589074,0.000588900565428,0.000294406936484
3134,1.00001904575,1.90455694711e-05,9.52273939403e-06
3135,1.00122933645,0.00122858143814,0.000614102081154
3136,0.999104182836,-0.000896218647769,-0.000448209739866
3137,1.00207654523,0.00207439218775,0.00103665839192
3138,1.00096683109,0.000966364007011,0.00048306528988
3139,1.00077843729,0.000778134464135,0.000388991555227
3140,1.00029754379,0.000297499534723,0.000148738704663
3141,1.00080405661,0.000803733531044,0.000401786027889
3142,1.00204640119,0.00204431016064,0.00102163285776
3143,1.00098538231,0.000984897141449,0.000492327337828
3144,1.00180279162,0.00180116854098,0.000900178866187
3145,1.00102485291,0.00102432810217,0.000512032917464
3146,1.00038112114,0.000381048532783,0.000190506117796
3147,0.999908218607,-9.17856047026e-05,-4.5893855442e-05
3148,1.00106559195,0.00106502460879,0.00053237054488
3149,1.00032678103,0.000326727652731,0.000163350483222
3150,1.00063826639,0.000638062786962,0.000318980508377
3151,1.00075093356,0.00075065175044,0.000375255449275
3152,1.0000226751,2.26748418308e-05,1.13373566472e-05
3153,1.00133344464,0.00133255639106,0.0006660562815
3154,1.00001821111,1.82109443922e-05,9.1054307414e-06
3155,1.00091730438,0.000916883911634,0.00045833688736
3156,1.00114769194,0.00114703384106,0.000573352491134
3157,1.00044744441,0.000447344337951,0.000223647156221
3158,1.00074374124,0.000743464799394,0.000371663315769
3159,1.00206880647,0.00206666943646,0.00103280101176
3160,1.00031456442,0.000314514957731,0.000157245114556
3161,1.00194491303,0.0019430241379,0.000971040303888
3162,1.00156895358,0.00156772406318,0.000783554892003
3163,1.00130533493,0.00130448372126,0.000652029197144
3164,1.00172146653,0.00171998650433,0.000859623563952
3165,1.00130481436,0.00130396383275,0.000651769422348
3166,1.00059563394,0.000595456617761,0.000297683992206
3167,1.00131463937,0.00131377598926,0.000656672290946
3168,1.00151837943,0.00151722786036,0.00075832625538
3169,0.999776353336,-0.000223671676332,-0.000111842092026
3170,1.00093545008,0.000935012823672,0.000467397147741
3171,1.00062513676,0.00062494144144,0.000312421906829
3172,1.00105735273,0.00105679412951,0.000528257487613
3173,1.00069646155,0.000696219138199,0.000348048985993
3174,1.00146067887,0.00145961311382,0.00072954031288
3175,1.00098578414,0.000985298577236,0.000492527956883
3176,0.999746642532,-0.000253389568704,-0.000126702810475
3177,1.0010031634,0.00100266057082,0.000501204640382
3178,1.00156857575,0.00156734682038,0.000783366418381
3179,0.999889430721,-0.000110575392303,-5.52892245445e-05
3180,1.00121908424,0.00121834175916,0.00060898537267
3181,1.0008104448,0.000810116565855,0.000404976257896
3182,1.0000185516,1.85514305193e-05,9.27567224041e-06
3183,1.00081110241,0.000810773643204,0.000405304663467
3184,1.00093577365,0.000935336082116,0.000467558701405
3185,1.0014312915,0.0014302681801,0.00071487844261
3186,1.00037117607,0.000371107198109,0.00018553638505
3187,1.0003052822,0.000305235606983,0.000152606157987
3188,1.00076640481,0.000766111275076,0.000382982281094
3189,1.00170060691,0.00169916251157,0.000849220463811
3190,1.0019152158,0.00191338411246,0.000956234572288
3191,0.998808064083,-0.00119264683793,-0.000596501255123
3192,1.0003978073,0.00039772819732,0.000198844326506
3193,1.00046799635,0.000467886869825,0.000233916072281
3194,1.00066579145,0.000665569904695,0.000332729585577
3195,1.00179130558,0.00178970310719,0.000894451293342
3196,1.00082618404,0.000825842935634,0.000412836227481
3197,1.00168731152,0.00168588961112,0.000842589627391
3198,1.00168222024,0.00168080689461,0.000840050407231
3199,1.00281565441,0.00281169787581,0.00140486119521
3200,1.00126065303,0.00125985907915,0.000629731175618
3201,1.00118177134,0.00118107359638,0.000590362465651
3202,1.00124419593,0.00124342256214,0.000621518058655
3203,1.00087354344,0.000873162121597,0.000436485773154
3204,1.00085617782,0.000855811509472,0.000427814216125
3205,1.00123868815,0.00123792160656,0.000618769286558
3206,1.00051171397,0.000511583089048,0.000255758832656
3207,0.999891603706,-0.00010840216979,-5.42025538004e-05
3208,1.00072076924,0.000720509612193,0.000360189922126
3209,1.00048506364,0.000484946036273,0.00024244362393
3210,1.00086623167,0.000865856706433,0.000432834653259
3211,1.00008209345,8.20900825268e-05,4.10441989273e-05
3212,1.00147792596,0.00147683490236,0.000738144888108
3213,1.00118567928,0.00118497691476,0.000592312970755
3214,1.00042530275,0.000425212337283,0.000212583569552
3215,1.00177628822,0.00177471248255,0.000886962657148
3216,1.0011094053,0.00110879036797,0.000554241535372
3217,1.0009151879,0.000914769375496,0.000457280103317
3218,0.999579428563,-0.0004206599017,-0.000210352071745
3219,1.00041835122,0.000418263739371,0.00020911000314
3220,1.00176214002,0.00176058927073,0.000879907289712
3221,1.00060711083,0.000606926612319,0.000303417265828
3222,0.999764573634,-0.000235454083634,-0.000117733971917
3223,1.00027203031,0.000271993320273,0.00013598741301
3224,1.00091389792,0.000913480572358,0.000456635996213
3225,1.00024454101,0.000244511110839,0.000122248082513
3226,0.999942948773,-5.70528549388e-05,-2.85268343518e-05
3227,1.00124866564,0.00124788670726,0.000623748741451
3228,1.0010672975,0.00106672833953,0.000533221956379
3229,0.999863966046,-0.000136043207474,-6.80239172586e-05
3230,1.00044898214,0.000448881377466,0.000224415503806
3231,1.00045597855,0.000455874618667,0.000227911333599
3232,1.00078447623,0.000784168690419,0.000392007490187
3233,0.999995060885,-4.93912765665e-06,-2.46956687766e-06
3234,1.00054393121,0.000543783337519,0.000271854709569
3235,1.00185051535,0.00184880525314,0.000923975498086
3236,1.00009802414,9.80193317951e-05,4.90084649435e-05
3237,1.00084705431,0.000846695761545,0.000423258281703
3238,1.00137151518,0.00137057551079,0.000685052999367
3239,1.00266681308,0.00266326344428,0.00133074549404
3240,0.999904163909,-9.58406832611e-05,-4.79214898286e-05
3241,1.00061988473,0.000619692680969,0.000309798343064
3242,0.999876904223,-0.000123103354208,-6.1553571447e-05
3243,1.00074285943,0.000742583646509,0.000371222902976
3244,1.00013440288,0.000134393848473,6.7194666574e-05
3245,1.00117929956,0.00117860472898,0.000589128759954
3246,1.00185239019,0.00185067663252,0.000924910322785
3247,1.00071445095,0.000714195854463,0.000357034175355
3248,1.00157112334,0.0015698904202,0.000784637221198
3249,0.999787541416,-0.000212481156519,-0.00010624622199
3250,0.99965079357,-0.000349267416754,-0.000174648957731
3251,1.00020152931,0.000201509010429,0.00010074942965
3252,1.0004721489,0.000472037474454,0.000235990886996
3253,1.00094027386,0.000939832082248,0.000469805647874
3254,1.00041985439,0.000419766272297,0.000209861112224
3255,1.00020811274,0.000208091085175,0.000104040130038
3256,0.999551022702,-0.000449078118137,-0.00022456426985
3257,1.00075562863,0.000755343290505,0.000377600336294
3258,1.00020575347,0.000205732306939,0.000102860862928
3259,1.0009224576,0.000922032393057,0.00046090994489
3260,0.999505617748,-0.000494504499321,-0.000247282819017
3261,1.0006245288,0.00062433386718,0.000312118214562
3262,1.00062282463,0.000622630757495,0.000311266925143
3263,1.00004034796,4.03471484631e-05,2.01733707464e-05
3264,1.00083008062,0.000829736293835,0.000414782101027
3265,1.00106058531,0.00106002328871,0.000529871212997
3266,1.00039527937,0.000395201269899,0.00019758111323
3267,1.00070371259,0.000703465096467,0.000351670697593
3268,1.00166438135,0.00166299779846,0.000831153299816
3269,1.00255122937,0.00254798051045,0.00127317907416
3270,1.00046596263,0.000465854107986,0.000232899928593
3271,0.99879367959,-0.00120704860046,-0.000603706457666
3272,1.00286365739,0.00285956493746,0.00142876081675
3273,1.00167227619,0.00167087949449,0.000835090864624
3274,1.00045053796,0.000450436500592,0.00022519289057
3275,1.00013235003,0.000132341276778,6.61684491604e-05
3276,1.00137519722,0.0013742525031,0.000686890234366
3277,1.00110429078,0.00110368149888,0.000551688513341
3278,1.00012170459,0.000121697186507,6.08467420152e-05
3279,1.00142804314,0.00142702445873,0.000713257740046
3280,1.00081349816,0.000813167445916,0.000406501078997
3281,1.00196834899,0.00196641432889,0.000982723974654
3282,0.999788355727,-0.000211666672901,-0.000105838936996
3283,1.00156799767,0.00156676964377,0.000783078056105
3284,1.00038977188,0.000389695934648,0.000194828985692
3285,1.00123573183,0.00123496894512,0.000617293868256
3286,1.00167735126,0.00167594607547,0.000837622036378
3287,0.999788186815,-0.000211835620692,-0.000105923419835
3288,1.00108820216,0.00108761049866,0.000543657414056
3289,1.00021332096,0.000213298205615,0.000106643415994
3290,1.00022017354,0.000220149304595,0.000110068594306
3291,1.00124381316,0.00124304026271,0.000621327027724
3292,1.00085808618,0.000857718238344,0.000428767172245
3293,1.00092186782,0.00092144316238,0.0004606154653
3294,1.00064355105,0.000643344057021,0.00032162029761
3295,1.0010656657,0.00106509828447,0.000532407363112
3296,0.998881044135,-0.00111958236336,-0.000559947894005
3297,1.00030924012,0.000309192316978,0.000154584209119
3298,1.00103067129,0.00103014051322,0.000514937630695
3299,1.0001274244,0.000127416279858,6.37061106084e-05
3300,1.0014331295,0.00143210355472,0.000715795473466
3301,1.00072621201,0.000725948444905,0.000362908355279
3302,1.00020292173,0.000202901141855,0.000101445424992
3303,0.999245453252,-0.000754831561393,-0.000377487010993
3304,0.999697417235,-0.000302628552402,-0.000151325724784
3305,1.00089504574,0.0008946454268,0.000447222679511
3306,1.00128519798,0.00128437281892,0.000641980251902
3307,1.00027435155,0.000274313924577,0.000137147556702
3308,1.00051408882,0.000513956718622,0.000256945343201
3309,1.00098975258,0.00098926309469,0.000494509237328
3310,0.999426228204,-0.000573936465935,-0.00028700941229
3311,1.00068042094,0.000680189562917,0.000340036955784
3312,1.00071994052,0.00071968148484,0.000359776007505
3313,1.00014490319,0.000144892695165,7.24437234091e-05
3314,1.00027032914,0.00027029260834,0.00013513717232
3315,0.999235686315,-0.000764605921213,-0.000382376047697
3316,1.00251059683,0.00250745054876,0.00125293968918
3317,1.00028929168,0.000289249845067,0.000144614464854
3318,0.999727452845,-0.000272584302461,-0.000136301439428
3319,1.00073297378,0.000732705282692,0.000366285542411
3320,0.999436993819,-0.000563164728972,-0.000281622012521
3321,1.00046696824,0.000466859244144,0.000233402379497
3322,1.00207318808,0.00207104199298,0.00103498502964
3323,1.0020954312,0.00209323884317,0.00104607190651
3324,1.00102784026,0.00102731239307,0.000513524297776
3325,1.00045609603,0.000455992053889,0.000227970037825
3326,1.00056082122,0.000560664014338,0.000280292717823
3327,1.0010038963,0.00100339273603,0.000501570539436
3328,1.00071072897,0.000710476518052,0.000355175169387
3329,1.00053044026,0.000530299630213,0.000265114666001
3330,1.00003463267,3.46320699217e-05,1.73158850392e-05
3331,0.999970791255,-2.92091714443e-05,-1.46046923697e-05
3332,1.0004082945,0.000408211168689,0.000204084756217
3333,1.00072865591,0.000728390569724,0.00036412897381
3334,1.00062748237,0.000627285585722,0.000313593612102
3335,1.00138143798,0.001380484672,0.000690004173561
3336,1.00121169873,0.0012109652118,0.000605299338295
3337,1.00155508031,0.00155387242526,0.000776634475838
3338,1.0015490515,0.0015478529554,0.000773627073849
3339,1.00114306365,0.00114241084662,0.00057104231655
3340,1.00081429058,0.000813959227046,0.000406896808554
3341,1.00043829634,0.000438200314118,0.000219076156373
3342,0.999334428034,-0.000665793557721,-0.000332952195143
3343,1.00026490845,0.000264873368601,0.00013242791495
3344,1.00087948278,0.000879096261244,0.000439451543494
3345,1.001300273,0.00129942837678,0.000649503169829
3346,1.00117863874,0.00117794469381,0.00058879893674
3347,1.00107783913,0.00107725867585,0.000538484303187
3348,1.00115245973,0.00115179615772,0.000575732281391
3349,1.00207201638,0.00206987271869,0.00103440099742
3350,1.00114612001,0.00114546371506,0.000572567877945
3351,1.00139741554,0.00139644005871,0.00069797633047
3352,1.00127718788,0.00127637297051,0.000637982887572
3353,0.999641173059,-0.00035889133503,-0.000179461768852
3354,1.00034148302,0.000341424726277,0.000170697792612
3355,1.00061967496,0.000619483043591,0.000309693556843
3356,1.00245030852,0.00244731140835,0.00122290734281
3357,1.00202256826,0.00202052562022,0.00100975266644
3358,1.00048218356,0.000482067348851,0.000241004628143
3359,1.00093045959,0.000930026983163,0.000464905389565
3360,1.00027848891,0.000278450136213,0.000139215376747
3361,0.99985244472,-0.000147566167091,-7.37858055841e-05
3362,1.00097825676,0.000977778578713,0.00048876980246
3363,1.00156437803,0.00156315566546,0.000781272480331
3364,1.00003212498,3.21244594276e-05,1.60621007169e-05
3365,1.00151782214,0.00151667140742,0.000758048239858
3366,1.00031151426,0.000311465749182,0.000155720748857
3367,1.00030193786,0.000301892283801,0.000150934750105
3368,1.00093997065,0.000939529154646,0.00046965425522
3369,1.00093414527,0.000933709228958,0.00046674565482
3370,0.999995247921,-4.7520906967e-06,-2.3760481711e-06
3371,1.00044750406,0.000447403956426,0.000223676958791
3372,1.00100769464,0.00100718725456,0.000503466845292
3373,1.00129023072,0.00128939909058,0.000644491771191
3374,1.00111950257,0.00111887639694,0.000559281742097
3375,1.00098440955,0.000983925336265,0.000491841674341
3376,1.00097084846,0.000970377494304,0.000485071062126
3377,1.00116705771,0.00116637722492,0.000583018591036
3378,1.00160716028,0.0016058701804,0.000802612824081
3379,1.00168017166,0.00167876174708,0.000839028691959
3380,1.00108230799,0.00108172271462,0.00054071511817
3381,1.00126407219,0.00126327392031,0.000631437519524
3382,1.00051961922,0.0005194842689,0.000259708404382
3383,1.00058713929,0.000586966991067,0.000293440433465
3384,1.00142244785,0.00142143712712,0.000710466062946
3385,1.00151543137,0.0015142842651,0.000756855572775
3386,1.00026228163,0.000262247243356,0.000131115025352
3387,1.00194333386,0.00194144803007,0.000970253014896
3388,1.00158008496,0.00157883794402,0.000789107462831
3389,1.00127739271,0.00127657753506,0.000638085104591
3390,1.00007367604,7.36733275186e-05,3.68359852977e-05
3391,1.00154188289,0.00154069541189,0.000770051064329
3392,1.00062607571,0.000625879806639,0.000312890942735
3393,1.0008384468,0.000838095495894,0.000418959959703
3394,1.00092087489,0.000920451145962,0.000460119685436
3395,1.00138098186,0.00138002918573,0.00068977658754
3396,1.00132547515,0.0013245974822,0.000662079469699
3397,1.00035425336,0.000354190628191,0.000177079633646
3398,1.00113310914,0.00113246765322,0.000566073546493
3399,1.00237417441,0.00237136050885,0.00118497761332
3400,1.00064885611,0.000648645694688,0.000324270260375
3401,1.00140322788,0.00140224427457,0.000700876408591
3402,0.999587809931,-0.000412275042782,-0.00020615876919
3403,1.00183518077,0.00183349888282,0.00091632935502
3404,1.00016375054,0.000163737137203,8.18652174619e-05
3405,1.00066465744,0.00066443665016,0.000332163146683
3406,1.00131092504,0.00131006652648,0.000654818775785
3407,1.00066376534,0.000663545145392,0.000331717542262
3408,1.00093924734,0.000938806523979,0.000469293109514
3409,1.00106586853,0.00106530089235,0.00053250861311
3410,1.00004461579,4.46147995696e-05,2.23071509766e-05
3411,1.00140248317,0.00140150060544,0.000700504834569
3412,1.00116277603,0.00116210052584,0.000580881485907
3413,1.00099709264,0.000996595878199,0.0004981738093
3414,1.00191240557,0.00191057924718,0.000954833479717
3415,1.00115772033,0.0011570506926,0.000578358032778
3416,0.99990633124,-9.3673146905e-05,-4.6837670302e-05
3417,0.999268078556,-0.000732189429662,-0.000366161735679
3418,1.00043451747,0.000434423094069,0.000217187958314
3419,1.00176391834,0.0017623644657,0.000880794105798
3420,0.999105424955,-0.000894975415913,-0.000447587845517
3421,1.00152567029,0.00152450764078,0.000761963378746
3422,1.0008016373,0.000801316159231,0.000400577826885
3423,1.0003578055,0.000357741507411,0.000178854757286
3424,1.00150538825,0.00150425629308,0.000751845369064
3425,1.00115501161,0.00115434509561,0.000577006015769
3426,1.00184515734,0.00184345713218,0.000921303904799
3427,1.00179863966,0.00179702404492,0.000898108481405
3428,1.00154058639,0.00153940090728,0.000769404310233
3429,1.00057154567,0.000571382400745,0.000285650394528
3430,1.00114054865,0.00113989872269,0.000569786971058
3431,1.00108024913,0.00107966608529,0.000539687359003
3432,1.00136042371,0.00135949917083,0.000679518608002
3433,1.00145478002,0.00145372285064,0.000726597325545
3434,1.0024871239,0.00248403612831,0.00124124707894
3435,1.00129207133,0.00129123732429,0.000645410295263
3436,0.999581527359,-0.000418560224685,-0.000209302012953
3437,0.99936819229,-0.000632007384773,-0.000316053626813
3438,1.00028160239,0.000281562743342,0.000140771462439
3439,1.00135354402,0.00135262880389,0.000676085752911
3440,1.00110541031,0.00110479979157,0.000552247351051
3441,1.00044222263,0.000442124876426,0.000221038005713
3442,1.00078803121,0.000787720874509,0.000393782884415
3443,1.00051066766,0.000510537314223,0.00025523607884
3444,1.00090686121,0.000906450256808,0.00045312243741
3445,1.00069349945,0.000693259088641,0.000346569475241
3446,1.00105907713,0.00105851670427,0.000529118319639
3447,1.00150052615,0.00149940148291,0.000749419786068
3448,1.00014204695,0.000142036863315,7.10159099081e-05
3449,1.00013356722,0.000133558303411,6.67769220274e-05
3450,1.00051344591,0.000513314145794,0.000256624139288
3451,1.00147132814,0.00147024679357,0.000734853259781
3452,0.99962430831,-0.00037576227969,-0.000187898790612
3453,1.00069773144,0.000697488135351,0.000348683263532
3454,1.00043397561,0.000433881471089,0.000216917205605
3455,1.00078599286,0.000785684128112,0.000392764911715
3456,1.00112439922,0.00112376755344,0.000561725949593
3457,1.00102296229,0.00102243941808,0.000511089058511
3458,1.00168342622,0.00168201084905,0.000840651878579
3459,1.00088378474,0.000883394433145,0.000441599682718
3460,1.00003123826,3.12377688865e-05,1.5618762469e-05
3461,1.00095051963,0.000950068171288,0.000474921274816
3462,1.00216252297,0.00216018808506,0.00107951095091
3463,1.00099952429,0.000999025100383,0.000499387814568
3464,1.0014313602,0.00143033678242,0.000714912719248
3465,1.00144957159,0.00144852197528,0.00072399877396
3466,0.999125994846,-0.000874387319035,-0.000437289242595
3467,1.00077398403,0.000773684663065,0.000386767517685
3468,1.00007072062,7.0718119054e-05,3.53584344028e-05
3469,1.00130895543,0.00130809949199,0.000653835902082
3470,1.00028796749,0.000287926039657,0.00014395265765
3471,1.00099314875,0.000992655902438,0.000496204800877
3472,1.00146142455,0.001460357707,0.000729912337794
3473,0.999756551946,-0.000243477692439,-0.000121746256694
3474,1.0005400468,0.000539901023448,0.000269914078363
3475,1.00117394014,0.00117325160626,0.000586453771856
3476,1.00143960811,0.00143857287004,0.000719027810546
3477,1.00077482442,0.000774524393934,0.000387187220641
3478,1.00006032068,6.03188627142e-05,3.0158976566e-05
3479,1.00029866385,0.000298619259593,0.000149298483669
3480,0.999502721699,-0.000497401984962,-0.000248731921137
3481,0.999387402044,-0.000612785670557,-0.000306439778357
3482,0.999750252255,-0.000249778937585,-0.000124897267807
3483,0.99912636052,-0.000874021325794,-0.000437106165968
3484,1.0009140632,0.000913645701069,0.000456718522863
3485,1.00129467436,0.00129383699225,0.000646709289469
3486,1.00205946019,0.0020573424091,0.0010281423037
3487,1.00072619045,0.000725926899237,0.000362897586354
3488,1.00125955195,0.00125875938483,0.000629181674559
3489,1.00062526911,0.000625073713273,0.000312488022081
3490,0.999665809287,-0.000334246566745,-0.000167137249246
3491,1.00119235588,0.00119164559193,0.00059564532881
3492,1.00152124965,0.00152009371977,0.000759758097433
3493,1.00050820604,0.00050807694416,0.000254006207039
3494,1.0011718374,0.00117115133788,0.000585404252968
3495,1.00030038155,0.000300336443526,0.00015015694708
3496,1.00143798988,0.00143695696015,0.000718220436217
3497,1.00143688539,0.00143585405709,0.000717669380598
3498,0.999892336143,-0.000107669652671,-5.38362754556e-05
3499,1.00052279096,0.000522654353803,0.000261293033929
3500,1.0001050105,0.000105004991023,5.25011172796e-05
3501,1.0000512527,5.12513833759e-05,2.56253633527e-05
3502,0.99964134172,-0.000358722613258,-0.00017937739283
3503,1.00150806484,0.00150692885519,0.00075318064455
3504,1.00110258267,0.00110197527151,0.000550835869943
3505,1.0016653085,0.00166392341607,0.000831615723848
3506,1.0012181269,0.00121738558212,0.000608507575184
3507,1.0004343597,0.000434265397901,0.000217109127352
3508,1.00117812545,0.00117743200921,0.00058854274534
3509,1.00091380181,0.000913384551704,0.000456588007808
3510,1.00156895966,0.0015677301304,0.000783557923235
3511,0.999198099249,-0.00080222244541,-0.000401191678568
3512,0.99913586259,-0.000864510991796,-0.000432348931767
3513,1.00079205396,0.00079174045402,0.00039579188073
3514,1.00042672289,0.000426631870953,0.00021329318525
3515,1.00138448351,0.00138352600055,0.000691523787414
3516,1.0004306455,0.00043055279629,0.000215253227844
3517,1.00130188428,0.00130103756308,0.000650307240073
3518,1.00151774672,0.0015165961115,0.000758010620437
3519,1.00069868298,0.000698439013043,0.000349158536487
3520,1.00040821641,0.000408133108673,0.000204045734173
3521,1.00095372327,0.000953268766496,0.000476520811125
3522,1.00150465077,0.00150351991391,0.000751477456234
3523,1.00169253501,0.00169110428686,0.000845194764952
3524,1.00042184715,0.000421758193819,0.000210856863475
3525,1.00151938933,0.00151823623001,0.000758830057745
3526,1.00100562316,0.00100511785683,0.000502432666828
3527,1.00115555121,0.00115488407867,0.000577275351766
3528,1.00066230404,0.000662084815624,0.00033098761932
3529,1.0002510105,0.000250978997305,0.000125481625175
3530,1.00097889394,0.000978415139057,0.000489087927016
3531,1.00108361907,0.00108303237618,0.000541369594662
3532,1.00009783009,9.78253093592e-05,4.89114584752e-05
3533,1.00183415878,0.00183247876566,0.000915819763693
3534,1.00023201022,0.000231983307026,0.000115984926741
3535,1.00070099955,0.000700753960483,0.000350315605396
3536,1.00157425062,0.00157301278301,0.000786197176425
3537,0.999877650757,-0.00012235672792,-6.11802353945e-05
3538,1.00033638418,0.000336327612044,0.000168149667282
3539,1.00049231063,0.000492189485567,0.000246064463956
3540,1.000432808,0.000432714367693,0.000216333780319
3541,1.00093472238,0.000934285795488,0.000467033803489
3542,1.00046807368,0.000467964167648,0.000233954712151
3543,0.999021161991,-0.000979317383543,-0.000489778594159
3544,1.00098096569,0.00098048485504,0.000490122278336
3545,1.00122359041,0.00122284243469,0.000611234337483
3546,1.00059657023,0.000596392353206,0.000298151720542
3547,1.00087360833,0.000873226956127,0.00043651817627
3548,1.00044429096,0.000444192294444,0.000222071485698
3549,1.00084046175,0.000840108763305,0.000419966171162
3550,1.0019416905,0.00193980785853,0.00096943372448
3551,1.00147583166,0.00147474369197,0.000737100054173
3552,1.0004794399,0.000479325010187,0.000239633788329
3553,1.0002601481,0.000260114264941,0.000130048675408
3554,1.00042552484,0.000425434327347,0.000212694540981
3555,1.00075545931,0.000755174094797,0.00037751577038
3556,1.00134114576,0.00134024722525,0.000669899129944
3557,0.99972743151,-0.0002726056434,-0.000136312111352
3558,1.00010466315,0.000104657677082,5.23274694113e-05
3559,1.0000639126,6.39105595658e-05,3.19547692184e-05
3560,1.00039743557,0.000397356614035,0.000198658571789
3561,1.00082758107,0.000827238814768,0.00041353387867
3562,1.00080788561,0.000807559446005,0.000403698214941
3563,1.00026948839,0.000269452086056,0.000134716967882
3564,0.998704346957,-0.00129649312724,-0.000648456720834
3565,1.00005919887,5.91971150032e-05,2.95981194686e-05
3566,1.00102593003,0.00102540412276,0.000512570652136
3567,1.00072586336,0.000725600044372,0.000362734218216
3568,1.00067783511,0.000677605485157,0.00033874535541
3569,1.0014082461,0.00140725545527,0.000703380239693
3570,1.00141090829,0.00140991389047,0.000704708521468
3571,1.00018925226,0.000189234358159,9.46127030156e-05
3572,1.00156192741,0.0015607088667,0.000780050036011
3573,1.00074893847,0.000748658156164,0.000374259025694
3574,1.00070476189,0.000704513666337,0.000352194798015
3575,1.0008106222,0.000810293819732,0.000405064848939
3576,0.999444854578,-0.000555299572666,-0.000277688334603
3577,1.00026888054,0.000268844396483,0.000134413163982
3578,1.00053860895,0.000538463950344,0.000269195735496
3579,1.000099026,9.9021097583e-05,4.95093231645e-05
3580,1.00143412653,0.00143309914841,0.000716292913867
3581,1.00147743449,0.00147634416228,0.000737899699155
3582,1.00048828799,0.000488168813534,0.000244054620592
3583,1.0010348375,0.00103430242897,0.000517017514842
3584,1.00076338438,0.000763093154573,0.000381473797648
3585,1.00176949441,0.00176793069929,0.000883574767369
3586,1.00046587512,0.000465766638876,0.000232856204223
3587,1.00186394371,0.0018622087217,0.000930671017692
3588,1.00039872582,0.0003986463525,0.000199303312706
3589,1.00121247083,0.00121173637928,0.00060568468857
3590,1.00099742875,0.000996931650479,0.00049834161179
3591,1.0013383633,0.00133746848526,0.000668510689722
3592,1.00064327349,0.000643066674784,0.000321481651088
3593,1.00187894784,0.00187718482433,0.000938152072087
3594,1.0005591398,0.000558983538095,0.000279452714861
3595,1.00026639287,0.000266357391767,0.000133169827995
3596,1.001664989,0.00166360443971,0.000831456368288
3597,1.0011462899,0.00114563341246,0.00057265267806
3598,1.00011379043,0.000113783959435,5.68903613997e-05
3599,0.99957086651,-0.000429225593997,-0.000214635827972
3600,1.00092440438,0.000923977379813,0.000461881989564
3601,1.00002624905,2.62487095351e-05,1.31242686435e-05
3602,1.00012367286,0.000123665212988,6.18306948978e-05
3603,1.00061746897,0.000617278409782,0.000308591580711
3604,1.00091329602,0.000912879221828,0.000456335458202
3605,1.0009240839,0.000923657194198,0.000461721970688
3606,1.0011483214,0.00114766258062,0.000573666680625
3607,1.00038325283,0.000383179405114,0.000191571350422
3608,1.0020640102,0.00206188305829,0.0010304102915
3609,1.00057718647,0.000577019966752,0.000288468368373
3610,1.00063323855,0.000633038142832,0.00031646898454
3611,1.00173953159,0.00173802036019,0.000868632700102
3612,1.0007967733,0.000796456046725,0.000398148741108
3613,1.00097311728,0.000972644106295,0.000486203817745
3614,1.0011124186,0.00111180032057,0.000555745676417
3615,1.00073778717,0.000737515142057,0.000368689588312
3616,0.999781328454,-0.000218695457855,-0.000109353707608
3617,0.999945900561,-5.41009026878e-05,-2.70508172107e-05
3618,1.00097779784,0.000977320104419,0.000488540677332
3619,0.999408996883,-0.000591177827688,-0.000295632604552
3620,1.00022988034,0.000229853920855,0.000114920356578
3621,1.00120210748,0.00120138552881,0.000600512384624
3622,1.0010077234,0.00100721598682,0.000503481204188
3623,1.0005127372,0.000512605798011,0.000256270056224
3624,1.00090106489,0.000900659172098,0.0004502282029
3625,1.00103358341,0.00103304963511,0.000516391441576
3626,1.00021598294,0.000215959618499,0.00010797397964
3627,1.00044117509,0.000441077797531,0.00022051458185
3628,1.00186398387,0.00186224881219,0.00093069104428
3629,1.00114823357,0.00114757485547,0.000573622843209
3630,1.0006035852,0.000603403116608,0.000301656050966
3631,1.00075181667,0.000751534198264,0.000375696507518
3632,1.00155737326,0.00155616180865,0.000777778277873
3633,1.00135129869,0.00135038651148,0.000674965364066
3634,1.00088558133,0.000885189429671,0.000442496784243
3635,1.00110713601,0.0011065235909,0.000553108774363
3636,0.99976001543,-0.000240013371004,-0.000120013886592
3637,1.00269353612,0.00268991505082,0.00134405347538
3638,1.00081903541,0.000818700183923,0.000409266319644
3639,1.00114319875,0.00114254579176,0.000571109750586
3640,1.00042784145,0.000427749955584,0.000213852108169
3641,1.00080949264,0.000809165182029,0.000404500758515
3642,1.001528392,0.00152722519591,0.000763321120053
3643,1.00158015454,0.001578907414,0.000789142170408
3644,1.00253799637,0.00253478110007,0.00126658774982
3645,1.0003934373,0.000393359923332,0.00019666062143
3646,1.00123727386,0.00123650906612,0.000618063453106
3647,1.00185830492,0.00185658040966,0.000927859476769
3648,1.00132912785,0.00132824534398,0.000663902191342
3649,1.00061726434,0.000617073907671,0.000308489361205
3650,1.00213378969,0.00213151639258,0.00106519047772
3651,1.0025649045,0.00256162074854,0.00127999048674
3652,0.999901153918,-9.88509671101e-05,-4.94267050144e-05
3653,1.00074037752,0.000740103579669,0.000369983329116
3654,1.00089812853,0.000897725457098,0.000448762004746
3655,1.0004375805,0.000437484788376,0.000218718471815
3656,1.00113252332,0.001131882495,0.000565781132958
3657,1.00090454471,0.000904135857201,0.000451965761291
3658,1.00147153965,0.0014704579996,0.000734958785185
3659,0.999944811218,-5.5190304828e-05,-2.75955331637e-05
3660,1.00106946379,0.0010688923213,0.000534303369742
3661,1.00179986021,0.00179824239837,0.000898717110838
3662,1.00182591522,0.00182425025976,0.000911709270202
3663,1.00064217094,0.00064196483459,0.00032093090795
3664,1.00027601594,0.000275977854697,0.000137979407315
3665,1.00201186378,0.002009842697,0.00100441658414
3666,1.00035171511,0.000351653274516,0.000175811180661
3667,1.0009098987,0.000909484991296,0.00045463911595
3668,1.00144169844,0.0014406601931,0.000720070721111
3669,0.999937465364,-6.2536591867e-05,-3.12687847916e-05
3670,1.00101311388,0.00101260102829,0.000506172365668
3671,1.00097809452,0.000977616497119,0.000488688801271
3672,1.00048392614,0.000483809090044,0.000241875288477
3673,1.00134357689,0.00134267509892,0.000671112252825
3674,1.00188688689,0.0018851089502,0.00094211041016
3675,1.00086000285,0.000859633256623,0.000429724270377
3676,1.00035975397,0.000359689269354,0.0001798284636
3677,1.0005743969,0.000574231996147,0.00028707478422
3678,1.00109157286,0.00109097753109,0.000545340013599
3679,1.00069544924,0.000695207529962,0.000347543357792
3680,1.00074072579,0.00074045158739,0.000370157268583
3681,1.00126923761,0.00126843281355,0.000634015334059
3682,1.00033321459,0.000333159090568,0.000166565671682
3683,1.00179836672,0.00179675159016,0.000897972376363
3684,1.00054647434,0.000546325073704,0.000273125231363
3685,1.00143510045,0.00143407167336,0.000716778827914
3686,1.00188727724,0.00188549857305,0.00094230503803
3687,1.00099068342,0.000990193013427,0.000494973966662
3688,1.00147312195,0.00147203796654,0.000735748187741
3689,1.000556403,0.000556248269449,0.000278085461793
3690,1.00042483556,0.000424745339586,0.000212350120314
3691,1.00147266458,0.00147158127645,0.000735520010672
3692,1.00152363148,0.00152247193531,0.00076094630106
3693,0.999810127706,-0.000189890322183,-9.49496685261e-05
3694,1.00186966714,0.00186792149223,0.000933524740526
3695,1.00184056019,0.00183886843507,0.000919011667407
3696,1.00082350238,0.000823163484063,0.000411497053885
3697,1.00074207098,0.00074179577945,0.000370829115606
3698,1.00024873684,0.000248705908409,0.000124345222696
3699,1.00057799044,0.000577823469363,0.000288870003705
3700,1.00133295567,0.00133206807152,0.000665812284328
3701,1.00052743014,0.000527291093987,0.00026361079556
3702,1.00147811423,0.00147702289363,0.000738238814355
3703,1.00078379448,0.00078348747548,0.000391667016181
3704,1.00186799896,0.00186625642105,0.000932692981784
3705,1.00083731483,0.000836964482232,0.000418394689636
3706,1.00033903653,0.000338979072188,0.000169475173554
3707,1.00158559518,0.00158433944655,0.000791856039678
3708,1.00144916821,0.00144811917707,0.000723797520646
3709,1.00184156515,0.00183987154287,0.000919512760249
3710,0.998839041871,-0.00116163256249,-0.00058098498768
3711,1.0011440577,0.00114340376761,0.000571538493419
3712,0.999917489274,-8.2514130495e-05,-4.1257916332e-05
3713,1.00204592827,0.00204383821147,0.00102139712423
3714,1.00106703841,0.001066469534,0.000533092622608
3715,1.00035149186,0.00035143010016,0.000175699613095
3716,0.999836831438,-0.000163181875905,-8.15942665839e-05
3717,0.999963031696,-3.69689876457e-05,-1.84846646623e-05
3718,1.00172622771,0.00172473948886,0.000861998010507
3719,1.00146493758,0.00146386560804,0.000731665006547
3720,1.00033909919,0.000339041705916,0.00016950648511
3721,1.00058641869,0.000586246814288,0.000293080450675
3722,1.00067487235,0.000674644722537,0.000337265474477
3723,1.00037438937,0.000374319308503,0.000187142140976
3724,1.00132391645,0.00132304084301,0.000661301665111
3725,0.999913366364,-8.66373886149e-05,-4.33196325755e-05
3726,1.00168299002,0.00168157538089,0.000840434327515
3727,1.00241231907,0.00240941409645,0.00120398168
3728,1.0009272583,0.000926828665533,0.000463306972929
3729,1.00084517571,0.000844818749205,0.000422320172323
3730,0.999842696019,-0.000157316354675,-7.86612709729e-05
3731,1.00058003533,0.000579867173075,0.000289891559857
3732,1.00088042782,0.000880040471751,0.000439923441169
3733,1.00083029373,0.000829949223366,0.000414888521628
3734,1.00020346974,0.000203449038371,0.000101719345422
3735,1.0017111331,0.00170967078291,0.000854470123768
3736,1.00176001213,0.00175846512386,0.000878846150238
3737,1.00082207039,0.000821732675491,0.000410781943731
3738,1.00096424707,0.000963782479772,0.000481775148951
3739,0.999573799246,-0.000426291603,-0.000213168518681
3740,1.00192411771,0.00192226896742,0.000960672741908
3741,1.00108234333,0.001081758021,0.000540732761815
3742,1.00116359167,0.00116291522362,0.000581288598095
3743,1.00077997096,0.00077966694212,0.000389757495865
3744,0.999204791763,-0.00079552458286,-0.00039784140934
3745,1.00171522315,0.00171375383174,0.000856509901684
3746,1.00039089417,0.000390817791446,0.000195389804648
3747,0.999999811223,-1.88776991205e-07,-9.4388499905e-08
3748,1.00162943037,0.00162810429337,0.000813720896126
3749,1.00119474857,0.00119403542607,0.000596839533419
3750,1.00119201488,0.0011913049942,0.00059547513137
3751,1.00144364857,0.00144260750696,0.000721043676461
3752,1.00065706035,0.000656844583967,0.000328368367286
3753,1.00102900214,0.00102847307661,0.000514104341358
3754,1.0006956742,0.000695432328677,0.000347655718079
3755,0.999903824461,-9.61801646572e-05,-4.80912386751e-05
3756,1.00023068884,0.000230662233604,0.000115324466424
3757,1.00125438265,0.00125359656779,0.000626601886888
3758,1.00042226065,0.000422171527503,0.000211063486719
3759,1.0008934806,0.000893081684232,0.000446441157593
3760,0.999716027826,-0.000284012502085,-0.000142016334407
3761,0.999359642251,-0.000640562865584,-0.000320332728367
3762,1.00007185409,7.18515099087e-05,3.59251096321e-05
3763,0.999886259049,-0.000113747419828,-5.68753272541e-05
3764,1.00095418527,0.000953730321002,0.000476751478381
3765,1.00080395475,0.000803631752843,0.000401735159234
3766,1.00050798783,0.000507858851939,0.000253897188621
3767,1.00174342121,0.00174190321677,0.000870572440121
3768,1.00124392712,0.00124315407915,0.000621383900587
3769,0.999852175675,-0.000147835252214,-7.3920358082e-05
3770,0.999870279891,-0.000129728523568,-6.48663655158e-05
3771,1.00084413477,0.000843778684958,0.000421800359685
3772,1.0009620121,0.000961549665978,0.000480659279288
3773,1.00119238251,0.00119167219072,0.000595658620283
3774,1.00169655041,0.00169511289112,0.00084719737105
3775,1.00238260447,0.00237977056949,0.00118917765195
3776,1.00152254237,0.00152138448115,0.000760402987582
3777,1.00060953096,0.000609345276261,0.000304626230135
3778,1.00143744747,0.00143641533408,0.000717949817646
3779,0.999010172406,-0.0009903177971,-0.000495281509954
3780,1.00070151262,0.000701266674222,0.000350571872426
3781,1.00167747354,0.00167606815213,0.000837683023579
3782,1.00253718351,0.00253397029322,0.00126618285979
3783,1.00197667924,0.00197472818173,0.00098687680733
3784,1.00211923579,0.00211699337451,0.00105793667725
3785,1.00082723363,0.000826891657427,0.000413360371764
3786,1.00205789885,0.00205578427604,0.00102736403785
3787,0.999596025224,-0.000404056396045,-0.000202048607093
3788,1.00061223607,0.000612048728369,0.000305977543505
3789,1.00233703546,0.00233430884244,0.00116647356141
3790,1.00116820587,0.00116752405127,0.000583591669734
3791,1.00013047752,0.000130469010943,6.52323777475e-05
3792,0.99994255944,-5.74422102318e-05,-2.87215175707e-05
3793,1.00093685441,0.00093641583339,0.000468098324473
3794,1.00155676445,0.00155555395283,0.000777474586307
3795,1.00048108916,0.000480973477682,0.000240457824223
3796,0.999666983717,-0.000333071745594,-0.000166549740666
3797,1.00106688715,0.00106631843314,0.000533017112451
3798,1.0001598734,0.000159860617499,7.99271144073e-05
3799,1.00040552808,0.000405445876888,0.000202702391538
3800,0.999967113746,-3.28867951476e-05,-1.64435327672e-05
3801,1.00088308566,0.00088269597088,0.000441250605744
3802,0.999986730415,-1.32696725812e-05,-6.63485830121e-06
3803,1.0018802496,0.00187848414721,0.000938801123833
3804,1.0010208004,0.00102027973532,0.00051000976844
3805,1.00159392424,0.00159265529165,0.000796010661114
3806,1.00118611134,0.00118540846446,0.000592528617774
3807,1.00078679458,0.00078648522279,0.000393165301653
3808,1.00042638661,0.00042629573089,0.000213125151053
3809,1.00107984768,0.00107926506003,0.000539486954568
3810,1.00058169234,0.000581523226627,0.000290719346252
3811,0.999666305769,-0.000333749919118,-0.00016688888396
3812,0.999397102004,-0.000603079812055,-0.000301585373755
3813,1.00028041191,0.000280372604522,0.00014017647662
3814,1.00156329223,0.00156207156305,0.000780730852469
3815,1.00078685505,0.000786545644011,0.000393195500386
3816,1.00119070876,0.00119000042411,0.000594823234531
3817,1.00065366279,0.000653449246201,0.000326671254424
3818,1.00120949697,0.00120876611896,0.000604200456828
3819,1.00040000534,0.000399925362901,0.000199942690246
3820,1.00092713882,0.000926709292057,0.000463247313843
3821,1.00167498665,0.00167358542816,0.000836442700694
3822,1.00077385037,0.000773551105101,0.000386700764529
3823,1.00058522166,0.000585050488545,0.000292482462935
3824,1.00100629594,0.00100578996766,0.00050276855334
3825,1.00170495934,0.00170350754485,0.000851391133147
3826,1.00139855644,0.0013975793725,0.000698545589597
3827,1.00178535292,0.00178376106784,0.000891482926693
3828,1.00071519357,0.000714937943076,0.000357405087118
3829,1.00042880225,0.000428710343853,0.000214332199498
3830,0.999700912299,-0.000299132436798,-0.000149577403984
3831,1.00264063014,0.00263714980658,0.00131770596537
3832,1.00018644759,0.000186430206385,9.32107587996e-05
3833,1.00097148388,0.000971012296244,0.000485388309083
3834,1.00088437805,0.000883987216151,0.00044189594329
3835,1.00100519625,0.00100469138034,0.000502219535701
3836,1.00066341816,0.000663198198912,0.000331544126551
3837,1.00117831887,0.00117762519533,0.000588639281544
3838,1.00079713032,0.000796812775907,0.000398327034667
3839,0.999663792695,-0.000336263835267,-0.000168146052597
3840,0.999667570647,-0.000332484619753,-0.000166256128895
3841,1.0014991656,0.00149804297659,0.000748741041727
3842,1.00115124404,0.00115058187082,0.00057512548731
3843,1.00103106785,0.00103053666647,0.000515135605304
3844,1.00102391349,0.00102338964353,0.000511563928296
3845,1.00115736582,0.00115669659237,0.000578181085046
3846,1.00056524763,0.000565087937531,0.000282504056977
3847,1.00021520955,0.000215186394775,0.000107587409447
3848,1.00097649937,0.000976022903376,0.000487892393467
3849,1.00188900996,0.00188722802654,0.000943168949565
3850,1.00113858627,0.00113793857201,0.000568807453673
3851,1.00088372545,0.000883335194235,0.000441570076342
3852,1.00148732953,0.00148622455416,0.000742836237532
3853,1.0004695073,0.000469397114118,0.000234671017507
3854,1.00143732403,0.0014362920714,0.000717888230555
3855,0.998752089363,-0.00124868992634,-0.000624539907054
3856,1.00055640197,0.000556247232547,0.000278084943486
3857,1.00128900403,0.00128817397852,0.000643879609763
3858,0.999362075522,-0.00063812803871,-0.000319114925693
3859,0.999602929157,-0.000397149696588,-0.000198594565584
3860,0.999682504871,-0.000317545541108,-0.000158785375618
3861,0.999716229773,-0.000283810497512,-0.000141915317782
3862,1.00083298688,0.000832640140812,0.000416233421231
3863,1.00151874725,0.00151759512289,0.000758509747377
3864,1.00070292292,0.00070267598906,0.000351276282564
3865,1.00090613962,0.000905729328086,0.000452762136319
3866,1.00066018259,0.000659964768192,0.000329927945897
3867,1.00131812726,0.00131725928981,0.000658412796011
3868,1.00208894531,0.00208676649767,0.0010428391138
3869,1.00096460239,0.000964137460636,0.000481952553857
3870,1.00043944962,0.000439353089514,0.000219652417631
3871,1.00083603998,0.000835690694874,0.000417758062228
3872,1.00077980752,0.000779503629031,0.000389675871143
3873,1.0009779694,0.000977491497589,0.000488626332047
3874,1.00024479994,0.000244769981251,0.000122377501888
3875,0.999778710754,-0.000221313734238,-0.000110662989816
3876,1.00067282461,0.000672598367201,0.000336242641368
3877,1.00064533058,0.00064512244335,0.000322509204397
3878,1.00016672104,0.000166707141655,8.33500970152e-05
3879,1.00061860789,0.000618416631283,0.000309160515677
3880,1.00106544336,0.00106487617941,0.000532296369698
3881,1.00029114815,0.000291105772255,0.00014554229382
3882,1.00129480126,0.0012939637291,0.000646772616912
3883,0.999608702263,-0.000391374314391,-0.000195706305176
3884,1.00109077398,0.00109017951528,0.000544941223206
3885,1.00237180315,0.00236899486881,0.00118379619422
3886,1.000234584,0.000234556485906,0.000117271366129
3887,1.00046264619,0.000462539203389,0.000231242860942
3888,1.00041418172,0.000414095971685,0.000207026552887
3889,1.0008702152,0.000869836785755,0.000434823829583
3890,1.00143516808,0.00143413921077,0.000716812572417
3891,1.00006372934,6.37273067496e-05,3.1863145734e-05
3892,1.00166776874,0.00166637955998,0.000832842773765
3893,1.00053330621,0.000533164049706,0.000266546495022
3894,1.00205951542,0.00205739752269,0.00102816983216
3895,1.00134640638,0.00134550078312,0.000672524145756
3896,1.00060831562,0.000608130669489,0.000304019111566
3897,1.00113354556,0.00113290358318,0.000566291388065
3898,1.0000854061,8.54024571995e-05,4.27003169153e-05
3899,1.00128102888,0.0012802090591,0.000639899706352
3900,1.00005253027,5.25288924975e-05,2.62641013412e-05
3901,1.00030571553,0.000305668810521,0.000152822726678
3902,1.00080116417,0.000800843412077,0.000400341547967
3903,1.00071302773,0.000712773649805,0.000356323326662
3904,0.999759329443,-0.0002406995232,-0.000120357003923
3905,1.00090748744,0.000907075923779,0.000453435129095
3906,1.00173130206,0.00172980508484,0.000864528622025
3907,1.00045588011,0.00045577623234,0.000227862151645
3908,1.00179203739,0.00179043360354,0.000894816214755
3909,1.00013900236,0.000138992700389,6.94939353791e-05
3910,1.00155713986,0.00155592877966,0.000777661853994
3911,1.00059356377,0.000593387683663,0.000296649832566
3912,1.00073686284,0.000736591492727,0.000368227933811
3913,1.00141990968,0.00141890256143,0.00070919967966
3914,1.00071114469,0.000710891946824,0.000355382809976
3915,1.00147717147,0.00147608152276,0.000737768476288
3916,1.00177355908,0.0017719881805,0.000885601713376
3917,1.00136818207,0.00136724696522,0.000683389865318
3918,1.0009424345,0.000941990688048,0.000470884443129
3919,1.00017922653,0.000179210471349,8.96012212452e-05
3920,1.0011923823,0.00119167197194,0.00059565851096
3921,1.00192004865,0.00191820771551,0.00095864406466
3922,1.00039984682,0.000399766902152,0.00019986347571
3923,1.00053587874,0.000535735208478,0.000267831730915
3924,1.0014795709,0.00147847741628,0.000738965538525
3925,1.00164154545,0.00164019958807,0.000819763604109
3926,1.00011743712,0.00011743022052,5.87133865616e-05
3927,1.00090298657,0.000902579119487,0.000451187743927
3928,1.00150851362,0.00150737695215,0.000753404524258
3929,1.00081966464,0.000819328897073,0.000409580547514
3930,0.999749416066,-0.000250615335685,-0.000125315519176
3931,1.00079113125,0.000790818470054,0.000395331071098
3932,1.0016354095,0.00163407367088,0.000816703151729
3933,0.999629169706,-0.00037089906813,-0.000185466730893
3934,1.00103695245,0.00103641518636,0.000518073346815
3935,0.999991320328,-8.67970953614e-06,-4.33986418535e-06
3936,1.00090239933,0.000901992411838,0.000450894522417
3937,1.00043076576,0.000430673007627,0.000215313320573
3938,1.00093708937,0.00093665057208,0.000468215638871
3939,1.00036235026,0.000362284631919,0.000181125910681
3940,1.00028693361,0.000286892447579,0.000143435935872
3941,0.999626046211,-0.000374023727597,-0.000187029351607
3942,1.00116816888,0.00116748710253,0.000583573206144
3943,1.00104416252,0.00104361776024,0.000521672761543
3944,0.999652925913,-0.00034713433093,-0.000173582229117
3945,0.999747000557,-0.000253031453156,-0.00012652373003
3946,1.00066623368,0.000666011848798,0.00033295048408
3947,1.0014186,0.0014175947415,0.000708546233233
3948,1.00155116902,0.00154996720464,0.000774683380087
3949,1.00068284066,0.000682607629129,0.000341245577044
3950,1.00151777899,0.00151662833239,0.000758026718673
3951,1.00158865744,0.0015873968543,0.000793383531871
3952,1.00047428994,0.000474177498231,0.000237060645799
3953,1.00093692668,0.000936488036979,0.000468134409368
3954,1.00135812667,0.00135720524688,0.000678372424755
3955,1.00231092616,0.00230826007782,0.00115346428698
3956,1.00067901351,0.000678783080191,0.000339333953302
3957,1.00189443375,0.00189264156998,0.000945873164682
3958,1.00073840231,0.00073812982509,0.000368996816468
3959,1.00125474645,0.00125395991114,0.000626783444708
3960,1.00138243843,0.001381483741,0.000690503363251
3961,1.00096295906,0.00096249570792,0.000481132072785
3962,1.00156041372,0.0015591975442,0.000779294963933
3963,1.00014234113,0.000142331004276,7.11629699335e-05
3964,1.00047953183,0.000479416888732,0.000239679716592
3965,1.00206993142,0.00206779206534,0.00103336174631
3966,1.00011309574,0.000113089347216,5.6543074988e-05
3967,1.00035221424,0.000352152223705,0.000176060611364
3968,1.00098379062,0.000983307013959,0.000491532665199
3969,1.0001271717,0.000127163613033,6.35797852364e-05
3970,0.999682763155,-0.0003172871756,-0.000158656172359
3971,1.00127104909,0.00127024199044,0.000634919348575
3972,1.00056983257,0.000569670278729,0.000284794577687
3973,1.00240855164,0.00240565572527,0.00120210475515
3974,1.00056873296,0.000568571288847,0.000284245239089
3975,1.00030535671,0.000305310095609,0.000152643396615
3976,0.999963989584,-3.60110646655e-05,-1.80056944332e-05
3977,1.00192173199,0.00191988782362,0.000959483313046
3978,1.00118079124,0.00118009465025,0.000589873281433
3979,1.00078392896,0.00078362185172,0.000391734177983
3980,1.00116406103,0.00116338403549,0.000581522867745
3981,1.00000608105,6.08103205205e-06,3.04051140365e-06
3982,1.00025956234,0.000259528655328,0.000129755908638
3983,1.00128146709,0.00128064670827,0.000640118390887
3984,0.999242811562,-0.000757475249926,-0.000378809355113
3985,1.00109593172,0.00109533162899,0.000547515872945
3986,0.999820405971,-0.000179610158253,-8.98091117234e-05
3987,0.999885558453,-0.000114448095442,-5.72256850482e-05
3988,1.00180465957,0.00180303313271,0.000901110322381
3989,1.0007773876,0.000777085590251,0.000388467322149
3990,1.00082174909,0.000821411643597,0.000410621493707
3991,1.00116727494,0.00116659420838,0.000583127019504
3992,1.00017168191,0.000171667171105,8.58299019557e-05
3993,1.00020440165,0.0002043807619,0.000102185159691
3994,1.00085047835,0.000850116900358,0.000424968125634
3995,0.998965261761,-0.0010352739499,-0.000517770972091
3996,1.00153642169,0.00153524259758,0.000767326752932
3997,1.00073243013,0.000732162035213,0.000366014018127
3998,1.00165222862,0.00165086518766,0.000825092018062
3999,1.00105906519,0.00105850478065,0.000529112360984
4000,0.999972958593,-2.70417729027e-05,-1.35209778589e-05
4001,1.00145782302,0.00145676143036,0.00072811551034
4002,1.00113486826,0.00113422478375,0.000566951614036
4003,1.00004894548,4.89442793632e-05,2.44718402412e-05
4004,1.00004074668,4.07458469169e-05,2.03727159319e-05
4005,1.00068243036,0.000682197611353,0.000341040638092
4006,1.00035531353,0.000355250420158,0.000177609435655
4007,1.00098955477,0.000989065486686,0.000494410482181
4008,1.00157516236,0.00157392309216,0.000786651973055
4009,1.0004822572,0.000482140955089,0.000241041422392
4010,1.00085354792,0.000853183850856,0.00042650094803
4011,0.99995552905,-4.44719386215e-05,-2.22362165316e-05
4012,1.0008659199,0.000865545212259,0.000432678973573
4013,1.00131698799,0.00131612152592,0.000657844288462
4014,1.00109879484,0.00109819160842,0.0005489450787
4015,1.0006112122,0.000611025485442,0.000305466078455
4016,1.00152774668,0.00152658086011,0.000762999198019
4017,1.00044585023,0.000445750869222,0.000222850599726
4018,1.00003363652,3.36359557313e-05,1.68178364442e-05
4019,0.999535338934,-0.000464769054774,-0.000232411530763
4020,1.00070639528,0.00070614590514,0.00035301062965
4021,1.00106689604,0.00106632730773,0.000533021547379
4022,0.999820537023,-0.000179479082471,-8.97435679483e-05
4023,1.00048485314,0.000484735636134,0.00024233844936
4024,1.00169961053,0.00169816782423,0.000848723542372
4025,1.00000916057,9.16052328642e-06,4.5802511538e-06
4026,1.00064676019,0.000646551132836,0.000323223318502
4027,1.00093013947,0.000929707162827,0.000464745553727
4028,1.00123493951,0.00123417760037,0.00061689844005
4029,1.00013202934,0.000132020620115,6.60081314251e-05
4030,1.00052663722,0.000526498595555,0.000263214650722
4031,1.0018047136,0.00180308705644,0.000901137259951
4032,1.00164263287,0.00164128522019,0.000820305975039
4033,0.999824731679,-0.00017528368219,-8.76456817531e-05
4034,1.00043191983,0.00043182657974,0.000215889982273
4035,1.00061519206,0.000615002907555,0.000307454180051
4036,0.999875136343,-0.000124871453528,-6.24376759144e-05
4037,0.999402413208,-0.000597765417937,-0.000298927378856
4038,1.00081216191,0.000811832284956,0.000405833769667
4039,0.999622382636,-0.000377688679427,-0.000188862171928
4040,1.0015268287,0.00152566428229,0.000762541258676
4041,0.999845164382,-0.000154847606209,-7.74268004045e-05
4042,1.001113598,0.00111297841104,0.00055633439412
4043,1.00148339872,0.00148229956819,0.000740875200436
4044,1.00053031517,0.000530174601711,0.000265052168322
4045,1.00149808755,0.00149696653537,0.000748203223957
4046,0.999349639149,-0.000650572426865,-0.00032533912473
4047,1.00071537739,0.00071512162907,0.000357496897285
4048,1.00014395391,0.000143943550911,7.19691855495e-05
4049,1.00063066609,0.000630467300679,0.000315183969433
4050,1.00137668397,0.00137573721213,0.000687632078689
4051,1.00136808057,0.0013671456054,0.000683339220037
4052,0.999194088492,-0.000806236429403,-0.000403199477768
4053,1.00228993426,0.00228731635824,0.00114300445134
4054,1.00093722592,0.000936786997855,0.000468283819818
4055,1.00150437631,0.00150324586786,0.00075134053617
4056,1.00012211428,0.000122106828958,6.10515507571e-05
4057,1.00092937275,0.000928941151428,0.000464362725955
4058,1.00104767881,0.00104713037769,0.000523428152509
4059,1.00052701041,0.000526871592036,0.000263401099856
4060,1.00071084191,0.000710589381149,0.00035523158089
4061,1.00034892305,0.000348862194549,0.000174415885055
4062,1.00122791956,0.00122716628347,0.000613394938091
4063,1.00032507936,0.00032502652846,0.000162500059665
4064,0.999960344699,-3.96560874063e-05,-1.98282402801e-05
4065,1.00069368685,0.000693446362792,0.00034666307986
4066,1.0017965347,0.00179492286345,0.000897058833661
4067,1.00217511526,0.00217275312545,0.00108578666934
4068,1.00114430316,0.00114364894599,0.00057166101254
4069,1.001302624,0.00130177632048,0.000650676378492
4070,1.00149619504,0.00149507685586,0.000747259090687
4071,1.00106278381,0.00106221945642,0.000530968714404
4072,1.00046305177,0.000462944596915,0.000231445510812
4073,1.001266594,0.00126579254884,0.000632696037816
4074,1.00159401089,0.00159274179816,0.000796053879936
4075,1.00092893997,0.00092850877588,0.000464146638547
4076,1.00117773858,0.00117704558681,0.000588349647836
4077,1.00138539705,0.00138443827507,0.000691979609139
4078,1.00072595727,0.000725693889966,0.000362781123992
4079,1.00156695047,0.00156572408694,0.00078255568693
4080,1.00080444921,0.000804125814343,0.000401982090712
4081,1.00072524424,0.000724981374227,0.000362424995302
4082,1.00136669356,0.00136576048049,0.0006826471306
4083,1.00101920088,0.0010186818514,0.00050921123363
4084,1.00140912479,0.00140813290969,0.000703818658219
4085,1.00168313217,0.00168171729184,0.000840505223357
4086,1.00091918637,0.000918764175645,0.000459276588027
4087,1.00022916455,0.000229138295227,0.000114562584819
4088,1.0010744402,0.00107386339897,0.000536787577457
4089,1.00225588278,0.00225334209774,0.00112603659334
4090,1.00110978863,0.00110917327134,0.000554432880925
4091,1.0005960313,0.000595853739626,0.00029788249401
4092,1.00196951436,0.00196757740528,0.000983304941189
4093,1.00224774618,0.00224522378194,0.00112198199797
4094,1.00099468661,0.000994192234162,0.000496972585276
4095,1.00027119185,0.000271155083609,0.000135568351585
4096,1.00192266935,0.00192082338608,0.00095995064534
4097,0.9997342082,-0.000265827129009,-0.000132922397904
4098,0.999969613988,-3.03864737433e-05,-1.51933522894e-05
4099,1.00145773084,0.00145666938206,0.000728069519699
4100,0.998736961396,-0.0012638369099,-0.000632118157478
4101,1.001181522,0.00118082454973,0.000590238015835
4102,1.00109571461,0.00109511475023,0.000547407492932
4103,1.0014599707,0.00145890597731,0.000729187002502
4104,1.0009269408,0.000926511458457,0.000463148442861
4105,0.999656895822,-0.000343163052198,-0.000171596247051
4106,1.00093170132,0.000931267553693,0.000465525386263
4107,0.999852162078,-0.000147848851265,-7.39271581103e-05
4108,1.00215133624,0.00214902542605,0.00107393563095
4109,1.00098703816,0.000986551355166,0.000493154037138
4110,1.00111595763,0.00111533541055,0.000557512237542
4111,1.00070514552,0.000704897025268,0.000352386409953
4112,1.0013980575,0.0013970811254,0.000698296640042
4113,1.00104286513,0.00104232172083,0.000521025079682
4114,1.00106767183,0.00106710227768,0.000533408825742
4115,1.0005897061,0.000589532287638,0.000294722704547
4116,1.00046414836,0.00046404067494,0.000231993422833
4117,1.00114673665,0.00114607964836,0.000572875668216
4118,1.00099796438,0.000997466743129,0.000498609024749
4119,1.00096387138,0.000963407157722,0.000481587578319
4120,0.999116019876,-0.000884371065217,-0.000442283311043
4121,1.00083878369,0.000838432102974,0.000419128192716
4122,1.00122133552,0.00122059030004,0.000610108957815
4123,1.00100957737,0.00100906809299,0.000504406790596
4124,1.00172228465,0.00172080321401,0.00086003156768
4125,0.999931082186,-6.89201887415e-05,-3.44606881266e-05
4126,1.00070528047,0.000705031880457,0.000352453813785
4127,1.00141333791,0.00141234008684,0.000705920764035
4128,1.00048034605,0.000480230721202,0.000240086535215
4129,0.999935999602,-6.40024462254e-05,-3.20017351572e-05
4130,1.00016304135,0.000163028060272,8.15107079576e-05
4131,1.00068226282,0.000682030188489,0.000340956955206
4132,1.00100526567,0.00100476072531,0.000502254190769
4133,1.00071826465,0.000718006820948,0.00035893897646
4134,1.00225996615,0.00225741626763,0.00112807138238
4135,1.00109025432,0.00108966042337,0.000544681818656
4136,1.00054904257,0.000548891904916,0.000274408295613
4137,0.999847241303,-0.000152770365412,-7.63881001282e-05
4138,1.00061659837,0.000616408355727,0.000308156687835
4139,1.00086713717,0.000866761419377,0.000433286813834
4140,1.00281932875,0.00281536190081,0.00140669063231
4141,0.999477136024,-0.000523000717166,-0.000261534552782
4142,1.00184991235,0.00184820336551,0.000923674832291
4143,1.00171065688,0.0017091953739,0.00085423262235
4144,1.00078655845,0.000786249273078,0.000393047373174
4145,1.00039051871,0.000390442480906,0.000195202186027
4146,1.00220326683,0.00220084319275,0.00109981635456
4147,1.0009146733,0.000914255242533,0.000457023154355
4148,1.00177837414,0.00177679470845,0.000888002846131
4149,1.00043985153,0.000439754823643,0.000219853240555
4150,1.00027557377,0.000275535803086,0.000137758411981
4151,1.00044219112,0.000442093378782,0.000221022260371
4152,1.00053483491,0.000534691937317,0.00026731023491
4153,1.00178200376,0.0017804178773,0.000889812820224
4154,1.00014824611,0.000148235119754,7.41148132388e-05
4155,1.00119941084,0.00119869212394,0.000599166489995
4156,1.0011868693,0.00118616552772,0.00059290692504
4157,0.999398795255,-0.000601385541347,-0.000300737983276
4158,1.00084967783,0.000849317055904,0.000424568373281
4159,1.00035736779,0.000357303951748,0.00017863601856
4160,1.00262231101,0.0026188787519,0.00130858243429
4161,1.00080862539,0.000808298632864,0.000404067659098
4162,0.999800618547,-0.000199401331999,-9.97056362761e-05
4163,0.999740219376,-0.000259814372732,-0.00012991562467
4164,1.00055419579,0.000554042276278,0.000276982771326
4165,0.999698176625,-0.000301868932665,-0.000150945857512
4166,1.00072738367,0.000727119253841,0.000363493547128
4167,1.00184114751,0.00183945467257,0.000919304516735
4168,1.00168387293,0.00168245680851,0.000840874670838
4169,1.00228455058,0.00228194496246,0.00114032181962
4170,1.00062865036,0.000628452842441,0.000314177057269
4171,1.00139656315,0.00139558886202,0.000697551029096
4172,0.999899595271,-0.000100409769493,-5.02061450329e-05
4173,1.00086720508,0.000866829271221,0.000433320725055
4174,1.00081225747,0.000811927763017,0.000405881489322
4175,1.00023633551,0.000236307590409,0.00011814681532
4176,0.999884821685,-0.000115184948576,-5.75941327665e-05
4177,1.00115261274,0.00115194898936,0.000575808653214
4178,1.00077152832,0.000771230849443,0.00038554108465
4179,1.00091353396,0.00091311694255,0.000456454264316
4180,0.999560027252,-0.000440069564695,-0.000220058991776
4181,1.00075518369,0.000754898678527,0.000377378114223
4182,1.00045851133,0.000458406250764,0.000229176860352
4183,1.0016440342,0.00164268425554,0.000821004918651
4184,1.00069415545,0.000693914637499,0.00034689713602
4185,1.00005329025,5.3288833376e-05,2.66440617287e-05
4186,1.00167398007,0.00167258052714,0.000835940670328
4187,1.00120105771,0.00120033701295,0.000599988441381
4188,1.00079523429,0.000794918263736,0.000397380155451
4189,1.0010302582,0.00102972785246,0.000514731406544
4190,1.00103775367,0.00103721557706,0.000518473334753
4191,1.00046684554,0.000466736603222,0.000233341073347
4192,1.0007965404,0.000796223328154,0.000398032428144
4193,1.0016952453,0.00169380999574,0.000846546475051
4194,1.0013393998,0.00133850360176,0.000669027901845
4195,1.00107761639,0.00107703617726,0.00053837311379
4196,1.00206981057,0.00206767146617,0.00103330150904
4197,1.00057148121,0.000571317980038,0.000285618193375
4198,1.0006334568,0.00063325625134,0.000316578004275
4199,1.00050501191,0.00050488443723,0.000252410357759
4200,0.999392009956,-0.000608174944771,-0.000304133711668
4201,1.00030937077,0.000309322926859,0.000154649503962
4202,1.00032640134,0.00032634808044,0.00016316072806
4203,1.00106046012,0.00105989822455,0.000529808714047
4204,1.00060342086,0.000603238871231,0.000301573953047
4205,1.00046968711,0.000469576841159,0.000234760859935
4206,1.00050539889,0.000505271215259,0.000252603697942
4207,1.00065675126,0.000656535697421,0.000328213974715
4208,1.00117543235,0.00117474207485,0.000587198568829
4209,1.00062458214,0.000624387166808,0.000312144856058
4210,1.00153968105,0.00153849695746,0.00076895268297
4211,1.0021102212,0.00210799780733,0.00105344364192
4212,1.0007245036,0.000724241270786,0.000362055077629
4213,0.999415372172,-0.000584798789141,-0.00029244214744
4214,1.00131465568,0.0013137922785,0.000656680430219
4215,1.00041960798,0.000419519973442,0.000209737988633
4216,1.00135536467,0.00135444699535,0.000676994233599
4217,1.00151355951,0.00151241523786,0.00075592176601
4218,1.00259489782,0.00259153689038,0.00129492929974
4219,1.00028010399,0.000280064766466,0.000140022579156
4220,1.00055726482,0.000557109603238,0.000278516008832
4221,1.00102432946,0.00102380519165,0.000511771596043
4222,1.00128600584,0.00128517964639,0.00064238340657
4223,1.00151433395,0.00151318850445,0.000756308106964
4224,1.00114044571,0.00113979589858,0.000569735588297
4225,1.00020339366,0.000203372982554,0.000101681321381
4226,1.0012278096,0.00122705645729,0.000613340058687
4227,1.00138760922,0.00138664738281,0.000693083398074
4228,1.00013534209,0.000135332928579,6.7664174966e-05
4229,1.0010641555,0.00106358968513,0.000531653464752
4230,1.00077151581,0.000771218344805,0.000385534834741
4231,1.00044851763,0.000448417079435,0.000224183406861
4232,1.00013325069,0.00013324181628,6.66186890167e-05
4233,1.00022683885,0.000226813129115,0.000113400134276
4234,0.999717551114,-0.000282488782078,-0.000141254366498
4235,1.0010152766,0.00101476155872,0.000507252083502
4236,1.00047549924,0.000475386224738,0.000237664865599
4237,1.00135731136,0.00135639105054,0.000677965602665
4238,1.00141367486,0.00141267656521,0.000706088884441
4239,1.00129104813,0.00129021544311,0.000644899684305
4240,1.00006307389,6.30719002613e-05,3.15354528778e-05
4241,1.00098191559,0.000981433829971,0.000490596533132
4242,1.00119554089,0.00119482679929,0.000597234983793
4243,1.00049214965,0.000492028583302,0.000245984032617
4244,1.00158295766,0.00158170610769,0.000790540411993
4245,1.0009746468,0.000974172135619,0.000486967460649
4246,0.999807601774,-0.000192416736954,-9.62129966506e-05
4247,1.00032867364,0.000328619639888,0.000164296321825
4248,1.00175389145,0.0017523551755,0.00087579385625
4249,1.00188785089,0.00188607114074,0.00094259105207
4250,1.00210256456,0.00210035726509,0.00104962738795
4251,1.00130903909,0.00130818304409,0.00065387765082
4252,1.00216779407,0.00216544779161,0.00108213796178
4253,1.00053250849,0.000532366755582,0.000266147954139
4254,1.00057874529,0.000578577878885,0.000289247099432
4255,1.00020287776,0.000202857183646,0.000101423448117
4256,1.00031323773,0.000313188681881,0.000156582080686
4257,1.00162427939,0.0016229616719,0.000811151674416
4258,1.00090805118,0.00090763914645,0.000453716612698
4259,1.00031917861,0.000319127680285,0.00015955111051
4260,1.00038144506,0.000381372332975,0.000190667987036
4261,1.0009972637,0.00099676676113,0.000498259208197
4262,1.00059855205,0.000598372990711,0.000299141743539
4263,1.00080528104,0.000804956971839,0.000402397502319
4264,0.999535566774,-0.000464541108181,-0.000232297530984
4265,1.00106567271,0.00106510528534,0.000532410861679
4266,1.00091253037,0.000912114263598,0.000455953153552
4267,1.00001961277,1.96125783667e-05,9.80624110181e-06
4268,1.00070194301,0.00070169676324,0.000350786841524
4269,0.999885419815,-0.00011458674962,-5.72950161069e-05
4270,1.00084106746,0.000840713963888,0.000420268644326
4271,1.00015307923,0.000153067517909,7.65308303213e-05
4272,1.00104412517,0.0010435804522,0.000521654117254
4273,0.999656554405,-0.00034350458548,-0.00017176704301
4274,1.00028479592,0.000284755377394,0.000142367553475
4275,1.00141331782,0.00141232002382,0.00070591073961
4276,1.00152837229,0.00152720551333,0.000763311286275
4277,1.00154372274,0.00154253242586,0.000770968863594
4278,1.00017514188,0.000175126548052,8.75594404741e-05
4279,1.0005235284,0.000523391408437,0.000261661464885
4280,1.00095148803,0.000951035650879,0.000475404784757
4281,0.999859833331,-0.000140176492893,-7.00907026852e-05
4282,1.00033125322,0.000331198369589,0.000165585474006
4283,1.00047109164,0.000470980712013,0.000235462630329
4284,1.00106100781,0.0010604453374,0.000530082125501
4285,1.00049761859,0.000497494822129,0.000248716475992
4286,1.00158528573,0.00158403048637,0.0007917016819
4287,1.0015241486,0.0015229882648,0.000761204269323
4288,1.00174523242,0.00174371127387,0.000871475681241
4289,1.0003494148,0.000349353765272,0.000174661627518
4290,1.00065016308,0.000649951812483,0.000324923107291
4291,1.0011598775,0.00115920535831,0.000579434741967
4292,1.00185327732,0.00185156212343,0.000925352658642
4293,1.00119155212,0.00119084278315,0.000595244163435
4294,1.00128917049,0.00128834022356,0.000643962678757
4295,1.00102291797,0.00102239514173,0.000511066931649
4296,1.00085824148,0.000857873401191,0.000428844720401
4297,1.00016498546,0.000164971854093,8.24825251758e-05
4298,1.0007811354,0.000780830475337,0.000390339035557
4299,1.00153669638,0.00153551687528,0.000767463786543
4300,1.00079586624,0.000795549701539,0.000397695748842
4301,1.00076210314,0.000761812887423,0.000380833908062
4302,1.00046510485,0.00046499672398,0.00023247133634
4303,1.00094458063,0.00094413478974,0.000471955988589
4304,0.999521123867,-0.00047899083035,-0.000239524096492
4305,1.00133925871,0.00133836270336,0.000668957499775
4306,1.00149199927,0.00149088734884,0.000745165900307
4307,1.00066257989,0.00066236047838,0.000331125405068
4308,1.00015100237,0.000150990972544,7.54926365595e-05
4309,1.00015202693,0.000152015375085,7.60047990315e-05
4310,1.00093954263,0.000939101532467,0.000469440544525
4311,1.00049769191,0.000497568103764,0.000248753107696
4312,1.00207935048,0.00207719162519,0.00103805665863
4313,1.00040511938,0.000405037345865,0.00020249816741
4314,1.00165269757,0.00165133337023,0.000825325916171
4315,1.00138661729,0.00138565682466,0.000692588462142
4316,1.00064841705,0.000648206923341,0.000324050945817
4317,0.999279628768,-0.000720630823567,-0.000360380333178
4318,0.999956189556,-4.38114035652e-05,-2.19059417144e-05
4319,1.00180803828,0.00180640574771,0.000902795108911
4320,1.00176418812,0.00176263377062,0.000880928639646
4321,1.00085311047,0.000852746782151,0.000426282506858
4322,1.00042485379,0.00042476356056,0.000212359228866
4323,1.00138212105,0.00138116680124,0.000690345002786
4324,1.00022188205,0.000221857437992,0.000110922566633
4325,1.00085729568,0.000856928411106,0.000428372427873
4326,1.00044738307,0.000447283027856,0.000223616508029
4327,1.00081124101,0.000810912131804,0.000405373879699
4328,1.00055619866,0.000556044034222,0.000277983372571
4329,1.00139833609,0.00139735932384,0.00069843564212
4330,0.999735434543,-0.000264600460229,-0.000132308982176
4331,0.999920999331,-7.90037899062e-05,-3.95026751632e-05
4332,1.00131682318,0.00131595692873,0.000657762044005
4333,1.00066416534,0.000663944875745,0.00033191734112
4334,1.00084211491,0.000841760530557,0.000420791707604
4335,1.00027455243,0.000274514747288,0.000137247954282
4336,1.00122280329,0.00122205627365,0.000610841497147
4337,0.999734348244,-0.000265687047634,-0.000132852347909
4338,1.00044750554,0.000447405435759,0.000223677698292
4339,1.00096818011,0.000967711728383,0.00048373882482
4340,1.00163113682,0.00162980796191,0.000814572036877
4341,1.00052969814,0.000529557896156,0.000264743897226
4342,1.00104486451,0.00104431902297,0.00052202320993
4343,1.00041940519,0.000419317267578,0.000209636656954
4344,0.998400116246,-0.00160116493468,-0.000800903019019
4345,0.999330666992,-0.00066955711166,-0.000334834600425
4346,1.000667652,0.000667429219401,0.000333658933174
4347,1.00077230829,0.000772010214243,0.000385930616735
4348,1.00091389045,0.00091347310412,0.000456632263799
4349,1.00086677041,0.000866394983784,0.000433103675406
4350,1.00118674876,0.00118604512829,0.000592846761017
4351,1.00196692387,0.00196499200907,0.000982013513361
4352,1.00084106839,0.000840714887982,0.000420269106179
4353,1.00199011533,0.00198813767301,0.000993574913759
4354,1.00144091458,0.00143987745985,0.000719679636219
4355,1.0021610432,0.00215871150947,0.00107877345983
4356,1.00079691364,0.000796596274591,0.000398218827123
4357,1.0009668534,0.000966386300294,0.000483076431137
4358,0.999653330526,-0.000346729577706,-0.000173379817397
4359,1.00075804942,0.000757762242064,0.000378809354644
4360,0.999559422336,-0.000440674747196,-0.00022036164966
4361,1.00204560901,0.00204351960434,0.00102123798336
4362,1.00034752318,0.000347462805495,0.000173716312321
4363,1.00074303078,0.000742754871516,0.000371308483694
4364,1.00031931833,0.000319267363007,0.000159620940725
4365,1.00163024464,0.00162891723482,0.000814127036018
4366,0.999656325506,-0.000343733563189,-0.000171881551536
4367,1.00117458016,0.00117389087993,0.000586773221187
4368,1.0007020959,0.000701849546537,0.000350863206372
4369,1.00059308204,0.000592906240171,0.000296409182201
4370,1.00046442361,0.000464315794444,0.000232130950663
4371,1.00167972496,0.00167831580245,0.000838805906699
4372,1.00038444822,0.000384374334541,0.0001921687005
4373,1.00059280233,0.000592626695972,0.000296269451521
4374,0.999624083125,-0.000375987549042,-0.000188011446458
4375,1.00106240706,0.00106184310824,0.000530780640211
4376,0.999661322465,-0.000338734899647,-0.0001693817933
4377,1.00217300683,0.00217064926847,0.00108473588247
4378,1.00114832131,0.00114766249394,0.00057366663731
4379,1.00109198138,0.00109138560404,0.000545543938783
4380,1.00014781429,0.000147803367632,7.38989531538e-05
4381,1.00152153431,0.0015203779452,0.000759900102166
4382,1.00210450797,0.00210229659923,0.00105059603676
4383,1.00075631376,0.000756027897538,0.000377942510498
4384,1.00042707056,0.000426979390707,0.00021346690805
4385,1.00059197618,0.000591801035108,0.000295856743313
4386,0.999819930707,-0.000180085507196,-9.00468075684e-05
4387,1.00061652654,0.000616336569999,0.000308120806031
4388,0.999832547838,-0.00016746618331,-8.37365973683e-05
4389,1.00006639722,6.63950178136e-05,3.31969578756e-05
4390,1.00100421686,0.00100371297404,0.000501730578116
4391,1.00016097098,0.000160958021822,8.04757725623e-05
4392,1.00030121825,0.00030117289513,0.000150575109995
4393,1.00213497998,0.00213270415205,0.00106578372469
4394,1.00174680424,0.00174528034764,0.000872259534113
4395,1.00224742913,0.00224490744137,0.00112182400514
4396,0.999721155268,-0.000278883616276,-0.000139451530599
4397,1.0005279153,0.000527775998531,0.00026385318389
4398,1.0001016735,0.000101668330538,5.08328732347e-05
4399,1.00108621514,0.00108562563652,0.000542665522034
4400,1.00087094528,0.000870566232151,0.000435188394124
4401,1.00135022952,0.00134931878001,0.000674431858528
4402,1.00069054101,0.000690302692955,0.000345091788604
4403,1.00123861236,0.00123784590923,0.000618731461312
4404,1.00001253093,1.25308490346e-05,6.26540488957e-06
4405,1.00162893758,0.00162761229572,0.000813475097446
4406,1.00097982643,0.000979346710591,0.000489553484865
4407,1.00068429536,0.000684061333497,0.000341972180928
4408,1.00085548405,0.000855118336976,0.000427467778092
4409,1.00054007308,0.000539927292564,0.000269927209376
4410,1.00025970497,0.000259671249837,0.000129827196639
4411,1.00108778628,0.00108719507384,0.000543449814546
4412,0.998992607757,-0.00100790000354,-0.000504077005904
4413,1.00089259189,0.00089219376463,0.000445997395895
4414,1.00156998938,0.0015687582397,0.000784071574964
4415,1.00148131316,0.00148021709644,0.000739834735441
4416,1.00137153014,0.00137059045615,0.000685060466928
4417,1.00020100086,0.000200980658588,0.00010048528031
4418,1.00096342759,0.000962963789237,0.000481366000812
4419,1.00079517262,0.000794856639784,0.000397349355718
4420,1.00115454272,0.00115387674966,0.000576771977886
4421,1.00060573444,0.000605551055954,0.000302729696093
4422,1.00032560353,0.000325550528259,0.000162762016955
4423,1.00066598694,0.000665765272482,0.000332827236963
4424,1.0001385477,0.000138538105378,6.92666536438e-05
4425,1.00137655749,0.00137561090803,0.000687568970064
4426,1.00054234853,0.000542201516509,0.000271064013765
4427,1.00106096373,0.00106040130846,0.0005300601227
4428,1.00087521915,0.000874836371381,0.000437322532303
4429,1.00160328316,0.00160199927177,0.000800678921313
4430,1.00040338984,0.000403308501947,0.000201633920122
4431,1.00048346229,0.000483345459976,0.000241643529486
4432,1.00207994384,0.00207778374972,0.00103835241353
4433,0.999994914439,-5.08557441755e-06,-2.54279044176e-06
4434,1.00123153837,0.00123078065351,0.000615201012963
4435,1.00150926707,0.00150812926883,0.000753780399128
4436,1.00030884216,0.000308794478056,0.000154385320388
4437,1.00254434946,0.00254111808663,0.00126975222491
4438,0.999553674401,-0.000446425232188,-0.000223237529884
4439,1.00045107511,0.000450973407886,0.000225461283727
4440,1.00167520443,0.00167380284282,0.000836551317089
4441,1.0009381952,0.000937755370662,0.000468767779367
4442,1.00087509353,0.000874710861762,0.000437259804936
4443,1.00020770607,0.000207684501666,0.000103836859413
4444,0.999853104396,-0.000146906394616,-7.34558950599e-05
4445,1.00045194965,0.000451847554389,0.00022589825834
4446,1.00016686744,0.000166853519809,8.34232799891e-05
4447,1.00154319005,0.0015420005546,0.000770703132958
4448,1.00083025169,0.000829907221071,0.000414867529193
4449,1.00023512404,0.000235096404386,0.000117541293674
4450,1.00050885751,0.000508728088383,0.000254331696401
4451,1.00087076419,0.000870385291986,0.000435097963409
4452,1.00055370103,0.00055354779337,0.000276735598323
4453,1.00020122988,0.000201209640172,0.000100599759591
4454,1.00137160795,0.00137066815665,0.000685099290562
4455,1.00055683146,0.000556676490568,0.000278299512788
4456,1.00043654337,0.000436448109906,0.000218200245816
4457,1.00049979803,0.000499673176125,0.000249805381501
4458,1.00142846942,0.0014274501293,0.000713470423499
4459,1.0008894857,0.000889090338794,0.000444446373834
4460,1.00060330781,0.00060312589219,0.00030151748056
4461,1.00128165187,0.0012808312506,0.00064021060298
4462,1.00099787188,0.000997374334761,0.000498562843602
4463,0.999564742645,-0.00043535210739,-0.000217699746846
4464,1.00083139393,0.00083104851363,0.000415437938567
4465,0.999290437016,-0.000709814842763,-0.000354970408472
4466,0.99994244272,-5.75589369263e-05,-2.8779882596e-05
4467,1.00100221287,0.00100171099082,0.000500730088233
4468,1.00156269496,0.00156147522564,0.00078043291651
4469,1.00100912038,0.00100861156137,0.000504178639899
4470,1.00199460022,0.00199261364675,0.000995810674515
4471,1.00073663208,0.000736360896932,0.000368112678362
4472,0.999975587404,-2.44128944915e-05,-1.22065217447e-05
4473,1.00010817702,0.000108171166768,5.40841207854e-05
4474,0.999919234909,-8.07683527075e-05,-4.03849918056e-05
4475,0.99929496883,-0.000705279820981,-0.000352702095253
4476,1.00090835739,0.000907945078575,0.000453869509346
4477,1.00093958173,0.000939140595134,0.000469460066689
4478,1.00106791583,0.00106734600948,0.000533530626632
4479,1.00015184732,0.000151835789173,7.59150128963e-05
4480,0.999842692705,-0.000157319669341,-7.86629284366e-05
4481,1.00148653704,0.00148543324185,0.000742440875207
4482,1.00121880553,0.001218063386,0.000608846270844
4483,1.00102763622,0.00102710856523,0.000513422436186
4484,1.00045333613,0.0004532334036,0.000226591026175
4485,1.00099747801,0.000996980857473,0.000498366203025
4486,1.00185067697,0.00184896657504,0.000924056084503
4487,1.00057975694,0.000579588946296,0.000289752486785
4488,1.00028546311,0.000285422368366,0.000142701001426
4489,1.00116602347,0.00116534418956,0.000582502374361
4490,1.00152861739,0.00152745024389,0.000763433558146
4491,1.00045114959,0.000451047851224,0.000225498497003
4492,1.00144847639,0.00144742836109,0.0007234523626
4493,0.99993456742,-6.54347212638e-05,-3.27178958506e-05
4494,1.00185598839,0.00185426817198,0.000926704429975
4495,1.00059962502,0.000599445316013,0.000299677745658
4496,1.00046534313,0.000465234887038,0.000232590390179
4497,0.999949752328,-5.02489342775e-05,-2.51247827607e-05
4498,1.00044996849,0.000449867280815,0.000224908344733
4499,1.00140883675,0.00140784526692,0.000703674938045
4500,1.00097330711,0.000972833756068,0.000486298596523
4501,1.00146608293,0.00146500928235,0.000732236425143
4502,1.0015152815,0.00151413461811,0.000756780805903
4503,1.00214598806,0.00214368871168,0.00107127013586
4504,1.00049166569,0.00049154486517,0.000245742233015
4505,1.00131808527,0.00131721736238,0.000658391846096
4506,1.00098518106,0.000984696087876,0.000492226860529
4507,0.999396745344,-0.000603436686848,-0.000301763864981
4508,0.999855996913,-0.000144013456607,-7.20093208504e-05
4509,1.00087488819,0.000874505699538,0.000437157268673
4510,1.00024208819,0.000242058889372,0.000121022120918
4511,1.00223745673,0.00223495734906,0.00111685452775
4512,1.00045603899,0.000455935032058,0.000227941533409
4513,1.00008241877,8.24153698387e-05,4.12068358944e-05
4514,1.00193747643,0.00193560194599,0.000967332804677
4515,1.0012270468,0.00122629459621,0.000612959361713
4516,1.00047961458,0.000479499600549,0.000239721062588
4517,1.00083092828,0.000830583252014,0.000415205404376
4518,1.0016577948,0.0016564221728,0.000827868214263
4519,1.00026217378,0.000262139422878,0.00013106112218
4520,1.00233109225,0.00232837946478,0.00116351232642
4521,1.00079048132,0.000790169050968,0.00039500648987
4522,1.00058573154,0.000585560069942,0.000292737179079
4523,0.999655886936,-0.000344172284207,-0.000172100949773
4524,1.0000892688,8.92648162887e-05,4.46314121332e-05
4525,1.00066083732,0.000660619058824,0.000330254983225
4526,1.00120895296,0.00120822276584,0.00060392894438
4527,1.00053144006,0.00053129889863,0.000265614167624
4528,0.999940585258,-5.94165071487e-05,-2.97086948688e-05
4529,1.00082454196,0.000824202212675,0.00041201620434
4530,1.0012796632,0.00127884512665,0.000639218176283
4531,1.0007353619,0.000735091657682,0.000367478292147
4532,1.00069549481,0.000695253068912,0.000347566119353
4533,1.00076832809,0.000768033076305,0.000383942813239
4534,1.00031783983,0.000317789331016,0.000158882042419
4535,1.00056361712,0.000563458345692,0.000281689490909
4536,1.00156939055,0.00156816033896,0.000783772858948
4537,1.00023533804,0.000235310352499,0.000117648255151
4538,1.00077693824,0.000776636575668,0.000388242902046
4539,1.00048928203,0.000489162370095,0.000244551277508
4540,1.00020478997,0.000204769005208,0.00010237926149
4541,0.999251409831,-0.000748870502769,-0.000374505361014
4542,1.00075826352,0.000757976179004,0.000378916282588
4543,1.0003132393,0.000313190250706,0.000156582864976
4544,1.00093623685,0.000935798854967,0.000467789979617
4545,1.00077173104,0.000771433404916,0.000385642323334
4546,1.00052905515,0.000528915251577,0.000264422659953
4547,1.00084735148,0.000846992683749,0.000423406679956
4548,1.00169092081,0.00168949281631,0.000844389710355
4549,1.00062576756,0.000625571846625,0.000312737010895
4550,0.999753357778,-0.000246672642806,-0.00012334392764
4551,1.00084988011,0.000849519165927,0.000424669385383
4552,1.00243417672,0.0024312189096,0.00121487090092
4553,0.999609371222,-0.000390705092923,-0.000195371629013
4554,1.001031014,0.00103048287067,0.000515108721262
4555,1.0012617082,0.00126091291757,0.000630257762871
4556,1.00115932051,0.00115864902088,0.000579156734399
4557,1.00116800965,0.00116732805778,0.000583493730173
4558,1.0008519776,0.000851614872996,0.000425716793378
4559,1.0001171684,0.000117161532655,5.85790505078e-05
4560,1.00095836233,0.000957903398161,0.000478837020025
4561,1.00189327084,0.00189148086632,0.000945293361626
4562,0.999726197219,-0.000273840272003,-0.000136929509991
4563,0.99993541062,-6.45914656382e-05,-3.2296254332e-05
4564,1.00060377643,0.00060359422595,0.000301751576807
4565,1.00148058013,0.00147948514893,0.000739469032382
4566,1.00118652293,0.00118581956869,0.000592734048071
4567,1.00122904394,0.00122828928061,0.000613956092085
4568,1.00081281749,0.000812487327905,0.000406161158168
4569,1.00161513268,0.00161382975488,0.000806589409178
4570,0.999690335965,-0.000309711990875,-0.000154867986246
4571,1.00070421302,0.000703965176531,0.000351920649661
4572,0.999985587288,-1.44128154797e-05,-7.206433706e-06
4573,1.00105177559,0.0010512228569,0.000525473318959
4574,1.00038622294,0.000386148370872,0.000193055547815
4575,0.999714666118,-0.000285374597755,-0.000142697479194
4576,0.999970405054,-2.95953843108e-05,-1.47978016418e-05
4577,1.00234842429,0.00234567105141,0.00117214802292
4578,1.00158372461,0.00158247184088,0.000790922975842
4579,1.00187180978,0.00187006012736,0.000934593059284
4580,1.00030012999,0.000300084960287,0.000150031224334
4581,1.00008096095,8.09576777449e-05,4.04780196154e-05
4582,1.00099298029,0.000992487612025,0.00049612069742
4583,1.00084306867,0.000842713487327,0.000421267985377
4584,0.999466192864,-0.000533949661839,-0.000267010471872
4585,0.999840449007,-0.00015956372283,-7.97850440724e-05
4586,1.00084343267,0.000843077179199,0.000421449754691
4587,0.998423794147,-0.00157744937244,-0.000789035811326
4588,0.999978473725,-2.15265065085e-05,-1.07633111783e-05
4589,1.00141035168,0.00140935806699,0.000704430805535
4590,1.00051379105,0.000513659105241,0.000256796574734
4591,0.999766834229,-0.00023319295863,-0.000116603276949
4592,1.00130914832,0.00130829213381,0.000653932160012
4593,1.00122198719,0.00122124116699,0.000610434192686
4594,1.00099830717,0.000997809196656,0.000498780166123
4595,1.0008906893,0.000890292868066,0.000445047371059
4596,1.00113061395,0.00112997528808,0.000564828068573
4597,0.999886500634,-0.000113505807752,-5.67545143524e-05
4598,1.00093299552,0.000932560545836,0.000466171581166
4599,1.00015788267,0.000157870205051,7.89319872322e-05
4600,0.999686249807,-0.000313799422508,-0.000156912020658
4601,1.00039071443,0.000390638123861,0.000195299988404
4602,1.00090014198,0.00089973709364,0.000449767371138
4603,1.00132363873,0.00132276349748,0.000661163084042
4604,1.00030703961,0.000306992479686,0.000153484459898
4605,1.0011264884,0.00112585438612,0.000562768779274
4606,1.00279388276,0.00278998712753,0.00139402101253
4607,1.00169023814,0.00168881129102,0.000844049235386
4608,1.0010169896,0.00101647281958,0.000508107279542
4609,1.00204205683,0.00203997466271,0.0010194673211
4610,1.00151149889,0.00151035772121,0.000754893784813
4611,1.00210785259,0.00210563418666,0.00105226307586
4612,1.00062769695,0.000627500030195,0.000313700800709
4613,1.00100455116,0.00100404693633,0.000501897475467
4614,0.999667456454,-0.000332598850608,-0.00016631325382
4615,1.00151528442,0.00151413753218,0.000756782261836
4616,0.999567299541,-0.000432794100836,-0.000216420465948
4617,1.00072767884,0.000727414210575,0.000363640971876
4618,1.0013119126,0.00131105279065,0.000655311584837
4619,1.00130416967,0.00130331998386,0.000651447707672
4620,1.00221343305,0.00221098702059,0.00110488267746
4621,1.00105408307,0.00105352791818,0.000526625243311
4622,1.00144048356,0.00143944706027,0.00071946459128
4623,1.00053064424,0.000530503498372,0.000265216573051
4624,1.00142734184,0.00142632415782,0.000712907839277
4625,1.00100926846,0.00100875949284,0.00050425256834
4626,1.00089002323,0.00088962739331,0.00044471478171
4627,1.00030774794,0.00030770059351,0.000153838462405
4628,0.999419685492,-0.00058048295551,-0.000290283601888
4629,1.00084510665,0.000844749750638,0.000422285687609
4630,1.0015371883,0.00153600803621,0.000767709178504
4631,0.999839412337,-0.000160600558985,-8.03035036461e-05
4632,0.999730651327,-0.000269384953389,-0.000134701548134
4633,1.00161174782,0.00161045034687,0.000804901066642
4634,1.00112314395,0.00112251369765,0.00056109937366
4635,1.00067011792,0.00066989349595,0.000334890659575
4636,1.00260484268,0.00260145595996,0.0012998824
4637,0.999138105665,-0.000862265979193,-0.000431225940781
4638,1.00152617909,0.00152501565817,0.000762217193863
4639,1.00190519315,0.00190338056959,0.000951237571221
4640,0.999124752598,-0.000875630654812,-0.000437911182525
4641,1.000632143,0.000631943285003,0.000315921728719
4642,1.00185932034,0.00185759394186,0.000928365772532
4643,1.00190303486,0.00190122637991,0.000950161500374
4644,0.999872982184,-0.000127025882989,-6.35149584838e-05
4645,1.00079162797,0.000791314793958,0.000395579134913
4646,1.00109555941,0.00109495972274,0.000547330021616
4647,1.00235196932,0.00234920777063,0.00117391430819
4648,1.00017784256,0.000177826743774,8.89094192106e-05
4649,1.00104392413,0.00104337962213,0.000521553754594
4650,0.998880418197,-0.00112020900326,-0.000560261389446
4651,1.00176044839,0.00175890061657,0.000879063705205
4652,1.00012123989,0.000121232544054,6.06144348978e-05
4653,1.00147727416,0.00147618406315,0.000737819708654
4654,1.00085622414,0.00085585778721,0.000427837345095
4655,0.999882043889,-0.000117963068823,-5.89832738562e-05
4656,1.00113287399,0.00113223276869,0.000565956170701
4657,1.0003382727,0.000338215497647,0.000169093450914
4658,1.0001463667,0.000146355987645,7.31753163782e-05
4659,1.00251508916,0.00251193161586,0.00125517741298
4660,1.00057967406,0.000579506114143,0.000289711082708
4661,0.999990758092,-9.24195108229e-06,-4.6209862179e-06
4662,1.00124631665,0.00124554064663,0.000622576442127
4663,0.999802769913,-0.000197249539633,-9.86296333991e-05
4664,1.00000633621,6.33618649087e-06,3.16808822698e-06
4665,1.00033379291,0.000333737214794,0.000166854685605
4666,0.998677916889,-0.00132295783369,-0.000661697742271
4667,1.00157412675,0.0015728891106,0.000786135388833
4668,1.0015744896,0.00157325138668,0.000786316384459
4669,1.00174881842,0.00174729102085,0.000873263993296
4670,1.00105459025,0.00105403455659,0.000526878429083
4671,1.00157751797,0.00157627499953,0.000787827000983
4672,0.999986358749,-1.36413437466e-05,-6.82069513425e-06
4673,1.0018336325,0.00183195344753,0.000915557345142
4674,1.00052893079,0.000528790950969,0.000264360526081
4675,1.00025507871,0.000255046181493,0.000127514960023
4676,0.999984261313,-1.57388109048e-05,-7.86943641629e-06
4677,1.00006919684,6.91944463368e-05,3.45966246913e-05
4678,1.00058275935,0.000582589608912,0.000291252382244
4679,1.00150981514,0.00150867651665,0.000754053816745
4680,1.00088670748,0.000886314583098,0.00044305911186
4681,1.00160652929,0.00160524020599,0.000802298089636
4682,0.999515494258,-0.000484623152822,-0.000242340936232
4683,1.0019531675,0.00195126255087,0.000975155501981
4684,1.00059307756,0.000592901762817,0.000296406944188
4685,1.00106242126,0.00106185728539,0.000530787725025
4686,1.00017277791,0.000172762982525,8.6377760489e-05
4687,1.00231202056,0.00230935195682,0.00115400959661
4688,1.00054730419,0.000547154478471,0.000273539820395
4689,1.001331141,0.00133025582195,0.00066490676244
4690,1.00061973024,0.000619538289172,0.000309721171078
4691,1.00147181897,0.0014707369068,0.000735098136284
4692,1.0006676386,0.000667415824212,0.000333652237814
4693,1.00116999215,0.00116930824112,0.00058448324364
4694,0.999919304728,-8.06985281777e-05,-4.03500781314e-05
4695,1.00063621713,0.000636014825019,0.000317956853512
4696,1.00182342077,0.00182176035911,0.000910465454135
4697,1.00121619979,0.00121546082219,0.00060754578037
4698,1.00075593385,0.000755648273879,0.000377752770389
4699,1.00106244567,0.0010618816755,0.000530799913604
4700,1.00192957532,0.00192771607597,0.000963393676029
4701,1.00053993824,0.00053979252638,0.00026985984447
4702,1.00079044839,0.000790136154772,0.000394990048269
4703,0.99956856104,-0.000431532057019,-0.000215789307673
4704,1.00159306722,0.00159179962958,0.000795583170542
4705,1.00088735763,0.000886964161102,0.000443383756908
4706,1.00127525923,0.00127444677483,0.000637020403711
4707,1.00102497958,0.00102445464908,0.000512096158519
4708,1.00130036746,0.0012995227129,0.000649550307251
4709,1.0012337199,0.00123295948862,0.000616289759716
4710,1.00121064822,0.00120991597384,0.00060477503673
4711,1.000661594,0.000661375242149,0.00033063294995
4712,1.00003846089,3.8460154088e-05,1.92298921472e-05
4713,1.00173595455,0.00173444951888,0.000866848828727
4714,1.00083003199,0.000829687701544,0.000414757814959
4715,1.00037006481,0.000369996348996,0.000184981063391
4716,1.00109198735,0.00109139156573,0.000545546917999
4717,1.00003078209,3.07816198643e-05,1.53906914941e-05
4718,1.00201195119,0.0020099299248,0.00100446015423
4719,1.00133569012,0.00133479888029,0.000667176778678
4720,1.00073509615,0.000734826096181,0.000367345560182
4721,1.00072257683,0.000722315894124,0.000361092737381
4722,1.00078728276,0.000786973012781,0.000393409100728
4723,1.00063422618,0.000634025138651,0.00031696232615
4724,1.00027687517,0.000276836850269,0.000138408845746
4725,1.00101888202,0.00101836330845,0.000509052043245
4726,1.00025907476,0.000259041202727,0.000129512213933
4727,1.00034236744,0.000342308842476,0.000171139775156
4728,1.00195196121,0.00195005861204,0.0009745541194
4729,1.00077263274,0.000772334414888,0.000386092654485
4730,1.00085684362,0.00085647674261,0.000428146690341
4731,0.999964449331,-3.55513004664e-05,-1.77758082209e-05
4732,1.00137660023,0.00137565358045,0.000687590291603
4733,1.0004038635,0.000403781970532,0.000201870606653
4734,1.00125578912,0.0012550012729,0.000627303799102
4735,1.00035205455,0.000351992588681,0.000175980807901
4736,1.00019273912,0.000192720545795,9.63556303957e-05
4737,1.0014096518,0.00140865917417,0.000704081605226
4738,1.00069801449,0.000697770990361,0.000348824641713
4739,1.00005839796,5.83962525877e-05,2.91977000327e-05
4740,1.00031551154,0.000315461780136,0.000157718451205
4741,0.999654917217,-0.00034514233727,-0.000172586059896
4742,1.0022202769,0.00221781572467,0.00110829325122
4743,1.00103039616,0.00102986567041,0.000514800280048
4744,1.00057569042,0.00057552477164,0.000287720986196
4745,1.00088018051,0.000879793379824,0.000439799949549
4746,0.999770303114,-0.000229723270306,-0.000114868232003
4747,1.0011684718,0.00116778966378,0.000583724398475
4748,1.00082339619,0.000823057382586,0.000411444024976
4749,1.00088378513,0.00088339482552,0.000441599878818
4750,1.00054706024,0.000546910652302,0.000273417940651
4751,1.00131509092,0.00131422694336,0.000656897619905
4752,0.999515060711,-0.000485056909852,-0.00024255786733
4753,1.00048569983,0.00048558191924,0.00024276148828
4754,1.00124646768,0.00124569148811,0.000622651815907
4755,1.00024777183,0.000247741142778,0.000123862899746
4756,1.00047951055,0.000479395617733,0.000239669083642
4757,1.00081642185,0.000816088758997,0.000407961140713
4758,1.0007715973,0.000771299774815,0.000385575534048
4759,1.00042380938,0.000423719593706,0.000211837356151
4760,0.99946979666,-0.000530343947832,-0.000265207135112
4761,1.00070889705,0.000708645898695,0.000354260184384
4762,1.00106869935,0.00106812869472,0.000533921760383
4763,1.0004172975,0.000417210450898,0.000208583468892
4764,1.00086249143,0.00086211970298,0.00043096695854
4765,1.00140017006,0.00139919073566,0.000699350708049
4766,1.00086267937,0.000862307471663,0.000431060802416
4767,1.0005018839,0.000501757999901,0.000250847532446
4768,0.999646837592,-0.000353224784063,-0.000176627988918
4769,1.00130674109,0.00130588804304,0.000652730899961
4770,1.00103804741,0.00103750901342,0.000518619976854
4771,0.999552143269,-0.000447957048345,-0.000224003609235
4772,0.999558874914,-0.000441222410741,-0.000220635541812
4773,1.00124059959,0.00123983068139,0.000619723232878
4774,1.00079687382,0.000796556484168,0.000398198939833
4775,1.00123937203,0.00123860463903,0.000619110591416
4776,1.0014539602,0.00145290422382,0.000726188309461
4777,1.00197949952,0.00197754289465,0.000988282773915
4778,1.00059645453,0.000596276722714,0.000298093922532
4779,1.00052636946,0.000526230975244,0.000263080875778
4780,1.00150937824,0.0015082402766,0.000753835861172
4781,1.0011781861,0.00117749258655,0.000588573016181
4782,1.00037570268,0.000375632117627,0.000187798422482
4783,0.999823650214,-0.000176365337053,-8.81865567324e-05
4784,1.00008567935,8.56756798784e-05,4.2836922412e-05
4785,1.00055481902,0.000554665160468,0.000277294127109
4786,1.00161377521,0.00161247447479,0.000805912315483
4787,1.00229017705,0.0022875585918,0.00114312542968
4788,1.00050387281,0.000503745905346,0.000251841235344
4789,1.00143767122,0.00143663875919,0.000718061449992
4790,0.999794944073,-0.000205076953442,-0.00010254373397
4791,1.00047311139,0.000472999508481,0.000236471790378
4792,1.00099506155,0.000994566802517,0.000497159776361
4793,1.00134417887,0.0013432762744,0.000671412638794
4794,1.0010004668,0.000999966670231,0.000499858364277
4795,1.00216233497,0.00216000049272,0.00107941725599
4796,1.00109888309,0.00109827976264,0.000548989131609
4797,1.00084377493,0.000843419154156,0.000421620670092
4798,1.00081250785,0.000812177948509,0.000406006531287
4799,1.00143661563,0.00143558468211,0.000717534789759
4800,1.00116340998,0.0011627337478,0.000581197912924
4801,1.00047488459,0.000474771866555,0.000237357759466
4802,1.00126504795,0.00126424845186,0.0006319244775
4803,1.00184406857,0.00184237036312,0.000920761020744
4804,1.00181310245,0.00181146075943,0.000905320329763
4805,1.00027568417,0.000275646179713,0.000137813592691
4806,1.00032086723,0.000320815762487,0.000160395016587
4807,0.999811094268,-0.000188923576572,-9.44662499411e-05
4808,1.00111464629,0.00111402553317,0.000556857663775
4809,1.00167076228,0.00166936810722,0.000834335801773
4810,1.00056016065,0.000560003820666,0.000279962713457
4811,1.00047404353,0.000473931202971,0.000236937527355
4812,1.00079666458,0.000796347406672,0.000398094442707
4813,1.00111870129,0.00111807600773,0.000558881771236
4814,1.00083996342,0.000839610850896,0.00041971731948
4815,1.00137347645,0.00137253409006,0.000686031617658
4816,1.00095828364,0.000957824783533,0.000478797731532
4817,1.00107091441,0.00107034138957,0.000535027516494
4818,1.00031577797,0.000315728125732,0.000157851602991
4819,1.00194090535,0.0019390242238,0.000969042286879
4820,1.00066058251,0.00066036441957,0.000330127705638
4821,1.00121281756,0.00121208269456,0.000605857741316
4822,1.00032600053,0.000325947398464,0.00016296041974
4823,1.00103568909,0.00103515313286,0.000517442646784
4824,1.00035371786,0.000353655317441,0.000176812025631
4825,1.00039252024,0.000392443220751,0.000196202360175
4826,1.00082959325,0.00082924932719,0.000414538718668
4827,1.00160011108,0.00159883226792,0.000799096686011
4828,1.00169234977,0.00169091936205,0.000845102380692
4829,1.0015371754,0.001535995158,0.00076770274434
4830,1.00070073915,0.000700493742729,0.00035018554209
4831,1.00064322727,0.00064302048303,0.000321458562636
4832,1.00187873998,0.00187697735776,0.000938048436111
4833,1.00002093,2.09297816421e-05,1.04648360643e-05
4834,0.999850589593,-0.000149421569894,-7.47135758672e-05
4835,1.00019715632,0.000197136883832,9.85635842068e-05
4836,1.00054722837,0.000547078690458,0.000273501936753
4837,0.99970643451,-0.000293608588384,-0.00014681507047
4838,0.999821347655,-0.000178668305675,-8.93381432518e-05
4839,1.00175298017,0.00175144549405,0.000875339413766
4840,1.00141565669,0.00141465558908,0.000707077697208
4841,1.00168489412,0.00168347627948,0.000841383977571
4842,0.999747368802,-0.000252663114267,-0.000126339537301
4843,0.999876877169,-0.000123130410956,-6.15671006541e-05
4844,1.00050623023,0.000506102135855,0.000253019053206
4845,1.00139182326,0.0013908555758,0.000695186034041
4846,0.999787908314,-0.000212114181105,-0.000106062714804
4847,1.00111175802,0.0011111404721,0.000555415935483
4848,1.00002847278,2.8472374736e-05,1.42360860339e-05
4849,0.999976165971,-2.38343135171e-05,-1.19172277682e-05
4850,1.00039732363,0.00039724471507,0.000198602633421
4851,1.00051188088,0.000511749913473,0.000255842223532
4852,1.00023901479,0.00023898622761,0.000119485974787
4853,1.00080309355,0.000802771238021,0.00040130507458
4854,1.00109210208,0.001091506167,0.000545604187372
4855,1.00153988322,0.00153869881945,0.000769053536348
4856,0.999734818441,-0.00026521672595,-0.000132617155852
4857,1.00110983193,0.0011092165178,0.000554454492166
4858,1.00156350895,0.00156228793997,0.000780838956458
4859,0.999402405833,-0.000597772797449,-0.000298931069715
4860,1.00136271581,0.00136178815965,0.000680662324052
4861,1.00246027015,0.0024572486414,0.00122786987085
4862,1.00060153653,0.000601355678371,0.000300632640134
4863,1.00006401983,6.40177849028e-05,3.20083801721e-05
4864,1.00154099833,0.00153981221131,0.000769609803998
4865,1.00128283131,0.00128200918068,0.000640799190787
4866,1.00078178767,0.000781482230969,0.000390664786117
4867,1.00134701779,0.00134611137116,0.000672829234412
4868,1.00084772508,0.000847365966698,0.000423593242388
4869,1.00146647746,0.00146540323657,0.000732433258
4870,0.999368962051,-0.000631237137391,-0.000315668381476
4871,1.00001686286,1.68627207777e-05,8.43132484507e-06
4872,1.00066241771,0.000662198410999,0.000331044398207
4873,1.00169087077,0.00168944285487,0.000844364750728
4874,1.00122575459,0.00122500396688,0.000612314442394
4875,1.00080136785,0.000801046923411,0.000400443262891
4876,1.00046077625,0.000460670127861,0.000230308538846
4877,1.00048679745,0.00048667899787,0.00024330989428
4878,1.00146789481,0.00146681850956,0.000733140375949
4879,1.00257521866,0.00257190846193,0.00128512774613
4880,1.00048107873,0.000480963047391,0.000240452610332
4881,1.00082678801,0.00082644640803,0.000413137839065
4882,1.00173780725,0.00173629900755,0.000867772771024
4883,1.00103453235,0.0010339975869,0.000516865172604
4884,1.00030980225,0.000309754272043,0.000154865143177
4885,0.999719720991,-0.000280318294452,-0.000140168969978
4886,1.00051998239,0.000519847246836,0.000259889846199
4887,1.00142690925,0.00142589218407,0.000712692006359
4888,0.999942478311,-5.75233430073e-05,-2.87620851245e-05
4889,0.999560691807,-0.000439404717445,-0.000219726495053
4890,0.999298362385,-0.000701883877864,-0.000351003526259
4891,1.00090893965,0.000908526815752,0.000454160245876
4892,1.00041071373,0.000410629407908,0.000205293628332
4893,1.00077884323,0.000778540086558,0.000389194287526
4894,1.00081888217,0.000818547072357,0.000409189795189
4895,1.00089548614,0.000895085427882,0.000447442581639
4896,0.999310264565,-0.00068997341143,-0.000345046220472
4897,1.00030939732,0.000309349464947,0.000154662770954
4898,1.00159606399,0.00159479163357,0.000797077981229
4899,1.00130503661,0.00130418579279,0.000651880330028
4900,1.00066748746,0.000667264791927,0.000333576746865
4901,1.00085179335,0.000851430779776,0.000425624785949
4902,1.00035760538,0.00035754145169,0.000178754747311
4903,1.00076305031,0.000762759337147,0.000381306952592
4904,1.00134627817,0.0013453727537,0.000672460174094
4905,1.00068230126,0.00068206859778,0.000340976153303
4906,1.00106077994,0.00106021770711,0.000529968370681
4907,1.00093706018,0.000936621418092,0.000468201068702
4908,1.00108426986,0.00108368246599,0.000541694463544
4909,1.00100083862,0.00100033811461,0.000500043993613
4910,0.998987872829,-0.00101263971738,-0.000506448060227
4911,1.00143746642,0.0014364342577,0.000717959272665
4912,1.00100097707,0.00100047643149,0.00050011311747
4913,1.00121746687,0.00121672636102,0.000608178165153
4914,1.00149920267,0.00149807998266,0.000748759530905
4915,1.00134782814,0.00134692063812,0.000673233595559
4916,1.00026683196,0.000266796366573,0.000133389286145
4917,1.00101626973,0.00101575367592,0.000507747890351
4918,1.00150793186,0.00150679606867,0.000753114301293
4919,1.00230657479,0.00230391872752,0.00115129611328
4920,1.00158000129,0.00157875440578,0.000789065726671
4921,1.00048351812,0.000483401267551,0.00024167142653
4922,0.999958718324,-4.12825285131e-05,-2.0641477289e-05
4923,1.00203913554,0.00203705932522,0.00101801113733
4924,0.99960833541,-0.000391741310212,-0.000195889839015
4925,1.0003328431,0.000332787723798,0.000166380019208
4926,1.0006992096,0.000698965262045,0.000349421569081
4927,1.00122018697,0.00121944314552,0.000609535730337
4928,1.00135829165,0.00135737000684,0.000678454748845
4929,1.00280351074,0.00279958823234,0.00139881486136
4930,1.00078912847,0.000788817273801,0.000394330868039
4931,1.00130651934,0.00130566658684,0.000652620244132
4932,1.00066260272,0.000662383294757,0.000331136809479
4933,0.999224372854,-0.000775928100723,-0.000388039318147
4934,1.000944532,0.0009440862069,0.000471931708633
4935,1.00078940646,0.00078909504421,0.000394469698467
4936,1.00124136864,0.00124059877473,0.000620107041471
4937,1.00029010105,0.000290058974831,0.000145018971148
4938,1.00199537373,0.00199338561933,0.000996196276366
4939,1.00020450485,0.000204483942153,0.000102236744544
4940,1.00048153563,0.000481419726286,0.000240680894848
4941,1.00076512053,0.000764827970278,0.000382340874231
4942,1.00010024803,0.000100243003508,5.01202456927e-05
4943,1.00112949301,0.00112885560827,0.000564268544725
4944,1.00073095348,0.000730686463236,0.000365276501906
4945,1.00112863394,0.00112799751583,0.00056383974051
4946,1.00122161655,0.00122087098257,0.000610249213448
4947,1.00202769234,0.00202563934696,0.00101230694475
4948,1.00047457935,0.000474466777437,0.000237205251103
4949,0.998897023093,-0.00110358563349,-0.000551945082409
4950,1.00190652215,0.00190470703902,0.000951900174825
4951,1.00007537922,7.53763814337e-05,3.76874805259e-05
4952,0.999910524838,-8.94791651618e-05,-4.4740583411e-05
4953,1.00231509893,0.00231242322005,0.00115554345492
4954,0.999994149305,-5.85071192068e-06,-2.92536023916e-06
4955,1.00158564393,0.00158438812768,0.000791880360967
4956,0.999036259428,-0.000964205268206,-0.000482218864255
4957,1.00083675356,0.000836403680967,0.000418114406283
4958,0.99948165239,-0.00051848199818,-0.000259274604942
4959,1.00114138119,0.00114073031033,0.000570202527879
4960,1.00026270656,0.000262672060687,0.000131327406145
4961,1.00119393542,0.00119322324475,0.000596433685052
4962,1.00103726843,0.00103673084072,0.000518231092214
4963,1.00058846013,0.000588287057515,0.000294100272791
4964,1.00097476137,0.000974286601428,0.000487024665681
4965,1.00153361424,0.00153243945568,0.000765926256462
4966,1.00082341612,0.000823077299471,0.000411453979321
4967,1.00015881871,0.000158806101638,7.93998984802e-05
4968,1.00124694445,0.00124616766024,0.000622889753701
4969,1.00017590057,0.000175885100932,8.79386836333e-05
4970,1.00124201853,0.00124124786149,0.000620431383551
4971,1.00158803532,0.00158677572411,0.000793073213123
4972,1.0010192101,0.00101869106021,0.000509215835691
4973,1.0015427091,0.00154152034667,0.00077046321401
4974,1.00039870756,0.000398628095093,0.000199294185822
4975,1.00121011305,0.00120938145171,0.000604507937264
4976,0.998603867277,-0.00139710822407,-0.00069879815778
4977,1.00032950379,0.000329449517061,0.000164711192152
4978,1.00031484461,0.000314795055413,0.000157385141366
4979,1.00012020667,0.000120199441416,6.00979147563e-05
4980,0.999742767656,-0.000257265434229,-0.000128640990657
4981,1.0008361509,0.000835801522841,0.00041781345306
4982,1.00165518474,0.00165381642878,0.000826566420008
4983,1.00050720152,0.000507072940711,0.000253504332701
4984,1.00144229318,0.00144125406931,0.000720367445351
4985,1.00164689705,0.00164554240451,0.00082243281884
4986,1.00107977425,0.00107919170995,0.000539450299313
4987,1.00172583315,0.00172434560852,0.000861801240082
4988,1.00048135982,0.000481244007604,0.000240593056649
4989,1.00225481208,0.0022522738044,0.001125503048
4990,1.00091119176,0.000910776876462,0.000455284764654
4991,1.00013625962,0.000136250339963,6.81228495151e-05
4992,0.999727590102,-0.000272447007971,-0.000136232782828
4993,1.0008606329,0.000860262765053,0.000430038889285
4994,1.00061037943,0.000610193226656,0.000305050076089
4995,1.00112905909,0.00112842218591,0.000564051955806
4996,1.00000743293,7.43290173259e-06,3.71644396036e-06
4997,1.00069762491,0.000697381681507,0.000348630055168
4998,1.00055669863,0.000556543728504,0.000278233150228
4999,1.00234236496,0.0023396259001,0.00116912898561
