replicate,RZ_ratio,log_RZ_ratio,coupling_advantage
0,1.01029464249,0.0102420135469,0.00510791677245
1,1.01038845662,0.0103348674252,0.00515410549445
2,1.00988759155,0.00983902916504,0.00490743358965
3,1.0100242287,0.00997431938059,0.0049747444569
4,1.01158190945,0.0115153525522,0.00574113262427
5,1.01003655793,0.00998652617207,0.00498081747127
6,1.01101023088,0.0109500595546,0.00546006911755
7,1.01009434184,0.0100437342487,0.00500927863105
8,1.01081252605,0.0107544886656,0.0053628128333
9,1.01138331362,0.0113190112281,0.0056435207818
10,1.00987841628,0.00982994368789,0.00490291313399
11,1.01085687097,0.0107983582784,0.00538462976818
12,1.00995542912,0.00990620029862,0.00494085377628
13,1.0104994177,0.0104446816113,0.00520872809097
14,1.01192158918,0.0118510868148,0.0059080220001
15,1.0113870021,0.0113226581825,0.00564533396652
16,1.00942737322,0.00938321286636,0.00468061803884
17,1.01009811226,0.0100474669866,0.00501113564908
18,1.00890600818,0.00886658358858,0.00442347926218
19,1.01014745598,0.0100963162183,0.0050354375731
20,1.01007627253,0.010025845363,0.00500037895358
21,1.01114700063,0.0110853306817,0.00552733311152
22,1.01092854484,0.0108692598308,0.00541988903011
23,1.0100854603,0.0100349414292,0.0050049042345
24,1.01299755342,0.0129138100772,0.00643610402139
25,1.00871606111,0.00867829553505,0.00432974726748
26,1.01184152037,0.0117719581744,0.00586869064873
27,1.01001010352,0.0099603342867,0.00496778667176
28,1.01147122221,0.0114059266111,0.00568673227997
29,1.0117177615,0.0116496401697,0.00580788871037
30,1.01121985595,0.0111573802462,0.00556315812749
31,1.00969767052,0.0096509499293,0.00481385106479
32,1.01034427142,0.010291135568,0.00513235202732
33,1.01035853693,0.0103052549243,0.00513937544796
34,1.01071702044,0.0106600002034,0.00531582085413
35,1.01105081217,0.010990198089,0.00548002860491
36,1.01091251597,0.0108534041219,0.00541200411248
37,1.01096478527,0.0109051078457,0.00543771573165
38,1.00934508561,0.00930169044582,0.00464004678937
39,1.01038936021,0.0103357617224,0.0051545503383
40,1.01014698201,0.0100958470078,0.00503520414918
41,1.01100932697,0.0109491654872,0.00545962452459
42,1.00990156774,0.00985286842188,0.00491431923663
43,1.012723925,0.0126436560376,0.00630188730675
44,1.00855295548,0.00851658618689,0.00424923941903
45,1.01030595548,0.0102532111992,0.00511348698467
46,1.01113827963,0.011076705789,0.00552304449227
47,1.01043835605,0.010384252589,0.00517867050491
48,1.01061962025,0.0105636281401,0.005267889816
49,1.0108004538,0.0107425454813,0.00535687324794
50,1.01034437682,0.0102912398899,0.00513240392056
51,1.01027600571,0.0102235664973,0.00509874031832
52,1.01045764788,0.0104033449403,0.0051881671987
53,1.01073279591,0.0106756082847,0.0053235833796
54,1.01255388678,0.0124757400964,0.00621845492746
55,1.01012724673,0.0100763097772,0.00502548467334
56,1.00986663917,0.00981828171313,0.00489711071852
57,1.01079968395,0.0107417838604,0.0053564944774
58,1.01077681827,0.010719162222,0.00534524418088
59,1.00920584722,0.00916373168559,0.00457138510871
60,1.01055927151,0.0105039117719,0.00523818847814
61,1.00993377263,0.00988475704906,0.00493018506829
62,1.00945975078,0.00941528752591,0.00469658017601
63,1.01123720156,0.0111745332492,0.00557168687999
64,1.0096183005,0.00957233912158,0.00477473410254
65,1.01016791269,0.0101165672186,0.00504551203592
66,1.01016981649,0.0101184518601,0.00504644960173
67,1.00867548641,0.00863807062397,0.00430972169242
68,1.01175511179,0.0116865571885,0.00582623984543
69,1.01019552905,0.0101439052383,0.00505911198564
70,1.00949338475,0.00944860574899,0.00471316090858
71,1.0116635467,0.0115960518493,0.0057812498108
72,1.01135000379,0.0112860757683,0.00562714585302
73,1.00935232089,0.00930885870568,0.00464361428238
74,1.01124439279,0.0111816445449,0.00557522271062
75,1.0098145551,0.00976670518036,0.00487144840924
76,1.01077378541,0.0107161616989,0.00534375193748
77,1.01068234427,0.0106256911334,0.00529875736319
78,1.00856056056,0.00852412673897,0.00425299366719
79,1.00944356279,0.00939925110685,0.00468859959264
80,1.01074584801,0.0106885217037,0.00533000569555
81,1.01035520129,0.0103019534752,0.00513773320573
82,1.01003094539,0.00998096938134,0.00497805291074
83,1.01073968715,0.010682426317,0.00532697424179
84,1.01088231192,0.0108235256615,0.00539714562245
85,1.011131368,0.0110698702722,0.00551964560447
86,1.0104806821,0.0104261405112,0.00519950578596
87,1.01120432862,0.0111420250794,0.00555552322639
88,1.01020582643,0.0101540986371,0.00506418288738
89,1.01146287187,0.0113976709437,0.00568262791168
90,1.00912752879,0.009086124649,0.00453275822682
91,1.01161425351,0.0115473257773,0.00575702732851
92,1.00917621781,0.00913437211953,0.00455677232537
93,1.01124295016,0.01118021795,0.00557451338969
94,1.01047429645,0.0104198210734,0.00519636249104
95,1.00947679841,0.00943217525868,0.00470498434962
96,1.01079901945,0.0107411264567,0.00535616753617
97,1.01107846942,0.0110175526703,0.00549363085057
98,1.01268248861,0.0126027394194,0.00628155771566
99,1.01250952594,0.0124319282946,0.00619668500899
100,1.0098937308,0.00984510828936,0.00491045823076
101,1.00962474382,0.00957872104149,0.00477790982145
102,1.01043382538,0.0103797687063,0.00517644017131
103,1.00961034311,0.00956445751735,0.00477081210899
104,1.01145604232,0.0113909187683,0.00567927100335
105,1.00984566351,0.00979751076679,0.0048867760505
106,1.00956413753,0.00951869071293,0.00474803761861
107,1.01153799501,0.0114719399595,0.0057195507124
108,1.00804397377,0.00801179346839,0.00399788383306
109,1.00980001789,0.00975230915628,0.00486428543617
110,1.01165278468,0.0115854138562,0.00577596155061
111,1.01015819777,0.0101069500421,0.00504072769796
112,1.00797987478,0.00794820395812,0.00396621568623
113,1.00895993351,0.00892003147174,0.00445008463546
114,1.0117372357,0.0116688886371,0.00581745700154
115,1.01118511976,0.0111230288799,0.0055460778487
116,1.01036328539,0.0103099546875,0.00514171324985
117,1.0106119445,0.0105560330271,0.00526411225743
118,1.0101133599,0.0100625620834,0.00501864534734
119,1.01012787469,0.0100769314471,0.00502579394618
120,1.01103911821,0.0109786318828,0.00547427717674
121,1.01019718057,0.0101455400899,0.0050599252757
122,1.00918903762,0.00914707527931,0.00456309494247
123,1.01051714775,0.0104622272879,0.00521745519567
124,1.01048548814,0.0104308966877,0.00520187150649
125,1.00992066341,0.00987177668845,0.00492372686481
126,1.01028326707,0.0102307539791,0.00510231572925
127,1.01088026255,0.0108214983601,0.00539613744209
128,1.00954464903,0.00949938665349,0.00473843137073
129,1.0102517385,0.0101995458359,0.00508679115341
130,1.01084987157,0.0107914340229,0.00538118627676
131,1.00923825277,0.00919584111479,0.00458736630274
132,1.01082178483,0.0107636483677,0.00536736811306
133,1.01067688056,0.0106202851522,0.00529606869149
134,1.00974412944,0.00969696157307,0.00483674587672
135,1.00984945856,0.00980126881361,0.00488864588979
136,1.0103174474,0.0102645858278,0.00511914520087
137,1.00855962531,0.00852319942739,0.00425253198322
138,1.01065988268,0.0106034667004,0.00528770396624
139,1.01036447132,0.0103111284467,0.00514229711172
140,1.01161463791,0.0115477057625,0.00575721622731
141,1.01169669726,0.0116288196782,0.00579753887229
142,1.01246046532,0.0123834726359,0.00617260702017
143,1.01002994427,0.00997997820344,0.00497755978874
144,1.01045018639,0.010395960649,0.00518449420175
145,1.0105001945,0.0104454503434,0.00520911045489
146,1.01162072897,0.011553726873,0.00576020944564
147,1.01120555937,0.0111432421879,0.00555612839964
148,1.0103195784,0.0102666950573,0.00512019441633
149,1.01108892591,0.0110278945362,0.00549877336304
150,1.01007373196,0.0100233301314,0.00499912762558
151,1.01312704158,0.0130416286351,0.00649959994457
152,1.0116353181,0.0115681483083,0.00576737860218
153,1.01040363075,0.0103498854281,0.00516157576567
154,1.01065054902,0.0105942314406,0.0052831107424
155,1.01121760615,0.0111551554031,0.00556205189393
156,1.01233821384,0.0122627184285,0.00611260078913
157,1.00931721855,0.00927408100648,0.0046263060294
158,1.01180727482,0.0117381128315,0.00585186714883
159,1.01018642662,0.0101348946368,0.00505462946763
160,1.00849738373,0.00846148419419,0.00422180511555
161,1.01001984828,0.0099699824177,0.00497258676075
162,1.00902712705,0.00898662609265,0.00448323321818
163,1.01032315788,0.0102702379745,0.00512195680317
164,1.00994632106,0.00989718197587,0.00493636688389
165,1.00983898767,0.0097908999937,0.0048834868112
166,1.01041992577,0.0103660125301,0.00516959766368
167,1.01129962361,0.0112362597407,0.00560237769179
168,1.01074606614,0.0106887375105,0.00533011302381
169,1.01199471664,0.0119233501386,0.00594393954648
170,1.01010668914,0.010055958085,0.00501535991431
171,1.00977841558,0.00973091626835,0.00485364096583
172,1.01131801159,0.0112544421051,0.00561141790065
173,1.01107718745,0.0110162847472,0.00549300037161
174,1.01032001206,0.0102671242906,0.00512040793411
175,1.01073678741,0.0106795573912,0.00532554741923
176,1.00902817321,0.00898766289659,0.00448374929591
177,1.00935372721,0.00931025200022,0.00464430769444
178,1.01052944604,0.0104743975026,0.00522350853579
179,1.01151327477,0.0114475013806,0.00570740123757
180,1.01112936609,0.0110678903936,0.00551866112881
181,1.01014718133,0.010096044321,0.00503530230898
182,1.00981969494,0.009771795056,0.0048739809463
183,1.01043012071,0.0103761022864,0.00517461644922
184,1.00941224518,0.0093682259938,0.00467315964853
185,1.01016011227,0.0101088452884,0.00504167054394
186,1.00978004827,0.00973253314573,0.00485444548032
187,1.01194849919,0.0118776794429,0.00592123967134
188,1.0118597613,0.0117899854746,0.00587765136013
189,1.01006383915,0.0100135359329,0.00499425499562
190,1.0092374456,0.00919504133459,0.004586968247
191,1.01087795349,0.010819214146,0.00539500149731
192,1.01059716842,0.0105414119935,0.00525684019743
193,1.0100882107,0.0100376643675,0.00500625888871
194,1.01025333588,0.0102011270041,0.00508757771567
195,1.01007653564,0.0100261058481,0.00500050854485
196,1.00849946014,0.00846354310183,0.00422283022269
197,1.01233390929,0.0122584663371,0.00611048773687
198,1.01172737078,0.0116591381133,0.00581261008947
199,1.00922305513,0.00918078247635,0.00457987149505
200,1.01044472586,0.0103905565738,0.0051818061692
201,1.00979212328,0.00974449113311,0.00486039543153
202,1.00997852841,0.00992907162487,0.0049522328724
203,1.01111985552,0.011058484462,0.00551398410607
204,1.01028590356,0.0102333636315,0.00510361389699
205,1.00988831489,0.00983974542505,0.00490778996209
206,1.01038642003,0.0103328517757,0.00515310286361
207,1.0081944485,0.00816105630025,0.00407221410754
208,1.01065266243,0.0105963225848,0.00528415079006
209,1.01075809155,0.0107006350022,0.00533603004457
210,1.01157753297,0.0115110261619,0.005738981846
211,1.01002718883,0.00997725012021,0.0049762025358
212,1.01041279121,0.0103589515202,0.00516608540382
213,1.01081805382,0.0107599572946,0.00536553248047
214,1.01169336875,0.0116255296457,0.00579590339175
215,1.01007733886,0.0100269010511,0.00500090415807
216,1.01011830707,0.0100674597079,0.00502108186693
217,1.01105561465,0.0109949480734,0.00548239057925
218,1.00980396373,0.00975621669393,0.0048662296994
219,1.01109757917,0.0110364528539,0.00550302898267
220,1.01188842007,0.0118183079426,0.00589172925962
221,1.00959884629,0.00955307006614,0.00476514553094
222,1.01053658894,0.0104814659581,0.00522702429626
223,1.01170309589,0.0116351443136,0.00580068285138
224,1.0120107865,0.0119392294066,0.00595183195643
225,1.00879111728,0.00875270039136,0.00436678792952
226,1.01052797793,0.0104729446947,0.00522278592598
227,1.00985350647,0.00980527723019,0.00489064029821
228,1.01028537451,0.0102328399601,0.00510335339756
229,1.00997477399,0.00992535429812,0.00495038341184
230,1.01202469548,0.0119529732191,0.00595866293876
231,1.00969184486,0.00964518019952,0.00481098008307
232,1.00952964529,0.00948452465199,0.00473103555379
233,1.01257422748,0.0124958284077,0.00622843657385
234,1.01006879232,0.0100184397441,0.00499669465277
235,1.00953034232,0.00948521509619,0.00473137914257
236,1.00988021374,0.0098317235635,0.00490379870811
237,1.00999430119,0.00994468845306,0.00496000258708
238,1.01014399027,0.0100928853162,0.00503373075864
239,1.00919196521,0.00914997620675,0.00456453878654
240,1.0117053881,0.0116374100085,0.00580180912689
241,1.01168517411,0.011617429688,0.00579187687802
242,1.00966736723,0.00962093723265,0.00479891684274
243,1.01082777959,0.0107695789307,0.00537031747441
244,1.01007491643,0.010024502786,0.00499971102158
245,1.0104647298,0.0104103535432,0.00519165331317
246,1.01122950274,0.0111669199588,0.00556790143703
247,1.00994819613,0.00989903857598,0.00493729060109
248,1.00923352897,0.00919116054876,0.00458503675274
249,1.0110362906,0.0109758351438,0.00547288646135
250,1.0092061066,0.00916398869296,0.00457151302495
251,1.01153770226,0.0114716505447,0.00571940683267
252,1.01098252216,0.0109226522126,0.00544644017617
253,1.01027556007,0.0102231253963,0.00509852089236
254,1.00993509805,0.0098860694368,0.00493083802678
255,1.01085542192,0.010796924784,0.00538391688015
256,1.01001780277,0.00996795720319,0.00497157918827
257,1.00851143931,0.00847542123952,0.00422874419429
258,1.0122162982,0.0121422814262,0.00605274857756
259,1.01079454894,0.0107367037013,0.00535396800055
260,1.01217937309,0.0121058012938,0.00603461874856
261,1.01034309581,0.010289971989,0.00513177322361
262,1.01087542044,0.0108167083549,0.00539375536036
263,1.00880636866,0.00876781875002,0.00437431407107
264,1.01196940571,0.011898338898,0.00593150818109
265,1.00895051255,0.00891069413013,0.00444543672979
266,1.01055983778,0.0105044721215,0.00523846718528
267,1.01008827018,0.0100377232546,0.00500628818485
268,1.01204068756,0.011968775156,0.00596651679698
269,1.00863656631,0.00859948452031,0.00429051160296
270,1.01011298295,0.0100621889018,0.00501845969297
271,1.01059091842,0.0105352275065,0.0052537642046
272,1.01073280696,0.0106756192106,0.00532358881347
273,1.01057628644,0.0105207487719,0.00524656284519
274,1.0105294542,0.0104744055802,0.00522351255353
275,1.00946688802,0.00942235785953,0.0047000987334
276,1.01040033376,0.0103466223833,0.00515995266317
277,1.01198452544,0.0119132796846,0.00593893423594
278,1.00956229645,0.00951686707193,0.00474713012705
279,1.0108130449,0.0107550019689,0.00536306810856
280,1.00996134329,0.00991205615205,0.00494376723227
281,1.01074586353,0.0106885370543,0.00533001332994
282,1.01254177932,0.0124637826743,0.00621251337702
283,1.01046817091,0.0104137590096,0.00519334720493
284,1.00992053838,0.00987165288197,0.00492366526637
285,1.00928520276,0.00924236025752,0.00461051890467
286,1.0088378749,0.00879904947344,0.0043898610049
287,1.00983433256,0.00978629022839,0.00488119318177
288,1.01135009294,0.0112861639094,0.00562718967557
289,1.01055006453,0.0104948009461,0.00523365691702
290,1.01051780142,0.0104628741564,0.00521777694236
291,1.01033876347,0.0102856839898,0.00512964022426
292,1.00972473548,0.00967775457676,0.00482718878236
293,1.01190470671,0.0118344030979,0.00589972939094
294,1.01038717379,0.0103335977837,0.00515347394546
295,1.01176018961,0.011691575997,0.00582873462616
296,1.00987114784,0.00982274632214,0.00489933208871
297,1.00999869659,0.00994904034952,0.00496216774024
298,1.01021613774,0.0101643057189,0.00506926057004
299,1.01076875443,0.0107111843294,0.00534127654858
300,1.0094716658,0.00942709081454,0.00470245408544
301,1.01090083744,0.0108418515907,0.00540625909145
302,1.00969509704,0.00964840115932,0.0048125828137
303,1.00919437785,0.00915236687133,0.00456572866198
304,1.0109383499,0.0108789588477,0.00542471224305
305,1.0107012576,0.0106444043846,0.00530806436681
306,1.01043603014,0.0103819507032,0.00517752552169
307,1.00909751252,0.00905637943308,0.00451795292269
308,1.00975725896,0.00970996430431,0.00484321577586
309,1.00943579725,0.00939155818651,0.00468477115962
310,1.01136527852,0.0113011789606,0.00563465492687
311,1.00920656147,0.00916443941506,0.00457173735573
312,1.01283222809,0.0127505926842,0.00635501725834
313,1.01185626448,0.0117865296358,0.00587593359535
314,1.01097663884,0.010916832785,0.00544354630576
315,1.0096755813,0.00962907262005,0.00480296500768
316,1.01151915826,0.0114533178901,0.00571029288958
317,1.01082947003,0.0107712512629,0.0053711491497
318,1.01146398201,0.0113987684973,0.00568317356982
319,1.01096179945,0.0109021544124,0.00543624704388
320,1.01153416439,0.0114681530242,0.00571766807277
321,1.01115388484,0.0110921389754,0.00553071843677
322,1.01038697361,0.0103333996618,0.00515337539499
323,1.01061658019,0.0105606200249,0.00526639368049
324,1.01222666212,0.0121525202088,0.00605783696943
325,1.0106789816,0.0106223639954,0.00529710260769
326,1.01082059621,0.0107624724715,0.0053667833205
327,1.00861351307,0.00857662842265,0.00427913252128
328,1.01110889837,0.0110476477615,0.00550859561793
329,1.01097963452,0.0109197959415,0.00544501981787
330,1.01075988013,0.0107024045435,0.00533691009367
331,1.01174733136,0.0116788671241,0.00582241720794
332,1.01083926249,0.0107809387653,0.00537596687272
333,1.01119642353,0.0111342075519,0.00555163617031
334,1.01190057288,0.0118303178937,0.00589769883756
335,1.00936998719,0.00932636116431,0.00465232483624
336,1.01038177618,0.0103282556438,0.00515081663721
337,1.01277994044,0.0126989661737,0.00632936771568
338,1.00968544273,0.00963883949836,0.00480782497999
339,1.00990251882,0.00985381017603,0.00491478779955
340,1.01132322476,0.0112595969149,0.00561398083939
341,1.0107730347,0.0107154189904,0.0053433825676
342,1.01132287731,0.0112592533574,0.00561381002495
343,1.01193479585,0.0118641378105,0.00591450892401
344,1.01146700571,0.0114017579216,0.00568465978614
345,1.0083897891,0.00835479043637,0.0041686820398
346,1.01092250431,0.0108632845919,0.00541691759876
347,1.01077294356,0.0107153288259,0.00534333772625
348,1.01087986997,0.0108211099971,0.00539594430836
349,1.01081327968,0.0107552342326,0.00536318361759
350,1.01052743623,0.0104724086333,0.00522251929511
351,1.01059266116,0.0105369519807,0.00525462191134
352,1.01185354002,0.0117838370909,0.00587459523257
353,1.01029884234,0.0102461705886,0.00510998467423
354,1.00966723356,0.0096208048471,0.00479885096762
355,1.01038353365,0.0103299950636,0.00515168186706
356,1.01027591071,0.0102234724663,0.00509869354257
357,1.01083283011,0.0107745753378,0.00537280225874
358,1.01046260364,0.0104082494018,0.00519060670388
359,1.01228720773,0.0122123327052,0.006087561606
360,1.0113713407,0.011307172999,0.00563763505445
361,1.0130355057,0.0129512746969,0.00645471559384
362,1.01057584463,0.0105203115857,0.00524634539892
363,1.01066509738,0.0106086263901,0.00529027016632
364,1.0108863898,0.0108275596367,0.00539915172207
365,1.00882421778,0.00878551190002,0.00438312190942
366,1.01131053355,0.0112470477208,0.00560774144819
367,1.00996639975,0.00991706272569,0.0049462581403
368,1.00991555211,0.00986671558096,0.00492120876764
369,1.0100558041,0.0100055809138,0.0049902973429
370,1.00986210913,0.00981379592288,0.0048948788046
371,1.01111484963,0.0110535336208,0.00551152233187
372,1.00911994126,0.0090786057197,0.00452901579588
373,1.01187613047,0.0118061626485,0.00588569237265
374,1.01080563557,0.0107476718693,0.00535942270798
375,1.00963372971,0.00958762122692,0.00478233864217
376,1.01105712894,0.0109964457984,0.00548313533593
377,1.01083178474,0.0107735411743,0.00537228795503
378,1.0098377699,0.00978969409082,0.00488288680409
379,1.00994740255,0.00989825281261,0.0049368996591
380,1.00996353941,0.00991423060894,0.00494484908512
381,1.01085793397,0.010799409858,0.00538515272668
382,1.01079261114,0.0107347865944,0.00535301457872
383,1.01211603935,0.0120432276828,0.00600352026051
384,1.01140204939,0.0113375359507,0.00565273082812
385,1.01039521505,0.010341556345,0.00515743271108
386,1.01111550664,0.011054183405,0.00551184543327
387,1.01012500108,0.0100740866411,0.00502437869085
388,1.01226464172,0.0121900403547,0.00607648322201
389,1.01052535661,0.0104703506772,0.00522149569039
390,1.01118063187,0.0111185906134,0.00554387102049
391,1.01011464471,0.0100638340258,0.00501927812663
392,1.01077948789,0.0107218033755,0.00534655769799
393,1.00789300491,0.00786201808774,0.00392329274208
394,1.00987530664,0.00982686446318,0.00490138106905
395,1.01183618406,0.011766684302,0.00586606918443
396,1.01288776026,0.0128054197765,0.00638225621757
397,1.00954516908,0.00949990178213,0.00473868771456
398,1.01054095953,0.0104857909637,0.00522917549328
399,1.00943654833,0.00939230224473,0.00468514144579
400,1.01046666385,0.0104122675566,0.00519260535098
401,1.01202261842,0.0119509208357,0.0059576428613
402,1.0102503545,0.010198175876,0.00508610965758
403,1.00992310664,0.00987419591731,0.00492493052271
404,1.00915942979,0.00911773660543,0.00454849243601
405,1.00972947073,0.00968244421277,0.00482952227875
406,1.01107679123,0.0110158928746,0.00549280551153
407,1.01127340344,0.0112103322024,0.00558948646702
408,1.01006189573,0.0100116118779,0.00499329777224
409,1.01177174858,0.0117030005399,0.00583441358609
410,1.00936650307,0.00932290938552,0.00465060697476
411,1.00917861369,0.00913674620682,0.00455795395922
412,1.01032481339,0.0102718765709,0.00512277190462
413,1.00932874288,0.00928549889287,0.00463198854505
414,1.01030857241,0.0102558014311,0.00511477547725
415,1.01098699385,0.010927075314,0.00544863967935
416,1.01073191365,0.0106747353875,0.00532314925437
417,1.01119268516,0.0111305105661,0.00554979793787
418,1.00928880199,0.00924592637703,0.00461229374201
419,1.0111439422,0.0110823059683,0.00552582911297
420,1.01003352673,0.00998352508079,0.00497932439846
421,1.00974608295,0.00969889622952,0.00483770852576
422,1.00977166575,0.00972423177837,0.00485031493734
423,1.01048503582,0.0104304490646,0.00520164885917
424,1.01124545856,0.011182698466,0.00557574673311
425,1.01102256082,0.0109622551359,0.00546613359538
426,1.01002865631,0.00997870303518,0.00497692537802
427,1.01045655302,0.0104022614139,0.00518762824612
428,1.0115820524,0.0115154938628,0.00574120287395
429,1.01087709667,0.0108183665415,0.0053945799814
430,1.01104912679,0.0109885311375,0.00547919969628
431,1.00935379849,0.00931032261514,0.00464434283792
432,1.01161831616,0.0115513417828,0.00575902376912
433,1.01166146603,0.0115939951662,0.0057802274138
434,1.0111227782,0.0110613749961,0.00551542140291
435,1.01046207684,0.0104077280507,0.00519034738137
436,1.00992416388,0.00987524276784,0.00492545137
437,1.01008162043,0.0100311398967,0.00500301297962
438,1.01283160825,0.0127499806998,0.00635471321068
439,1.01094144541,0.0108820208587,0.00542623494212
440,1.01145336506,0.0113882718259,0.00567795504764
441,1.01131438298,0.0112508540928,0.00560963395981
442,1.01031828177,0.0102654116742,0.00511955601018
443,1.01013788052,0.010086836901,0.00503072176954
444,1.01149805785,0.0114324575527,0.0056999222261
445,1.01211847635,0.0120456355002,0.00600471694079
446,1.00962906142,0.00958299747402,0.00478003781923
447,1.0099823972,0.00993290218918,0.00495413866781
448,1.01290573867,0.012823169276,0.00639107428725
449,1.01166964857,0.0116020833564,0.00578424812496
450,1.01056372776,0.010508321443,0.00524038176189
451,1.01200224105,0.0119307853343,0.00594763504029
452,1.01256338687,0.0124851223513,0.00622311687244
453,1.00996851109,0.0099191532323,0.00494729822298
454,1.01086577029,0.0108071619705,0.00538900790229
455,1.01132882741,0.0112651368152,0.00561673523524
456,1.01049300889,0.0104383393743,0.00520557348496
457,1.01262570834,0.0125466686775,0.00625369806001
458,1.01159957056,0.011532811301,0.00574981184431
459,1.01085318833,0.0107947151801,0.00538281802576
460,1.01182803655,0.0117586320642,0.00586206667497
461,1.01084756387,0.0107891510952,0.00538005095466
462,1.010077804,0.0100273615472,0.00500113325468
463,1.01243640972,0.0123597128102,0.00616080036722
464,1.01073471696,0.0106775089276,0.0053245286415
465,1.009707982,0.0096611623174,0.00481893266541
466,1.01024608836,0.0101939530118,0.00508400896227
467,1.0106550822,0.0105987168468,0.00528534159457
468,1.01140978101,0.0113451803846,0.0056565314318
469,1.00990357757,0.00985485854003,0.00491530940518
470,1.01053343509,0.0104783449788,0.00522547196213
471,1.01027356436,0.0102211499803,0.00509753821968
472,1.01063740126,0.0105812221544,0.00527664044299
473,1.01023084762,0.0101788667413,0.00507650414807
474,1.01131871187,0.0112551345417,0.00561176217612
475,1.00936030477,0.00931676858242,0.00464755084775
476,1.0104451094,0.0103909361481,0.00518199497293
477,1.01240696328,0.0123306276576,0.00614634727973
478,1.00921572014,0.00917351449201,0.00457625413952
479,1.01233995851,0.0122644418324,0.00611345722349
480,1.01125628063,0.0111934001292,0.00558106771557
481,1.010731082,0.010673912566,0.00532274003357
482,1.01077056504,0.0107129756506,0.00534216742484
483,1.00969182476,0.00964516029128,0.00481097017684
484,1.01092442482,0.0108651843484,0.00541786233116
485,1.00972840364,0.00968138740894,0.00482899642862
486,1.01109043887,0.0110293909084,0.00549951743478
487,1.01019585283,0.0101442257446,0.00505927142804
488,1.01028721899,0.0102346656677,0.00510426159233
489,1.00997240703,0.00992301070398,0.00494921741493
490,1.01158904005,0.0115224014823,0.00574463684872
491,1.00884364298,0.00880476700077,0.00439270721492
492,1.01044682751,0.0103926364919,0.00518284073889
493,1.01075718925,0.0106997422961,0.00533558607317
494,1.0091880094,0.00914605641832,0.00456258783643
495,1.01117434652,0.0111123747485,0.00554078031324
496,1.0115050191,0.0114393396489,0.00570334365459
497,1.01028863913,0.0102360713427,0.00510496084209
498,1.0070188096,0.00699429240645,0.00349103830958
499,1.01263979116,0.0125605758077,0.00626060811557
500,1.01068622473,0.0106295305699,0.00530066690753
501,1.01105018847,0.0109895812104,0.00547972185583
502,1.0111911709,0.0111290130632,0.00554905334155
503,1.01294268888,0.0128596480292,0.00640919692935
504,1.01147435049,0.0114090194141,0.00568826988629
505,1.01135574563,0.0112917531485,0.0056299685654
506,1.01103867215,0.010978190696,0.00547405779093
507,1.01029207013,0.0102394673983,0.0051066502001
508,1.01086312696,0.0108045470524,0.00538770748827
509,1.01013548684,0.0100844672396,0.0050295428987
510,1.01022648746,0.0101745507231,0.0050743570918
511,1.0114115206,0.0113469003428,0.00565738654607
512,1.01032155931,0.0102686557412,0.00512116973826
513,1.00989210232,0.00984349576058,0.00490965592518
514,1.01021983379,0.0101679643872,0.00507108062916
515,1.01044264095,0.0103884932098,0.00518077983267
516,1.0108675975,0.0108089695394,0.00538990681584
517,1.00996394311,0.00991463032627,0.0049450479555
518,1.01053844133,0.0104832990287,0.00522793604039
519,1.01233608378,0.0122606143268,0.00611155516849
520,1.00928625549,0.00924340330276,0.00461103802267
521,1.01040323475,0.0103494935056,0.00516138081588
522,1.00977982975,0.00973231673994,0.00485433780268
523,1.01159396812,0.0115272730867,0.00574705865517
524,1.01023337155,0.0101813651016,0.00507774698599
525,1.01128421975,0.0112210278745,0.0055948043972
526,1.01022979038,0.010177820205,0.00507598353617
527,1.0100518258,0.0100016422098,0.00498833781661
528,1.00976731572,0.00971992383132,0.00484817140895
529,1.01039073549,0.0103371228592,0.00515522739844
530,1.01024581528,0.0101936827017,0.00508387449432
531,1.01081153533,0.0107535085476,0.0053623254023
532,1.01236085392,0.0122850823241,0.00612371432404
533,1.00936164784,0.00931809919291,0.00464821306073
534,1.01254970124,0.0124716064399,0.0062164009496
535,1.00983278792,0.00978476063017,0.0048804321155
536,1.00994162244,0.00989252961761,0.00493405218494
537,1.00927447881,0.00923173491423,0.00460523071315
538,1.0102681172,0.0102157581941,0.00509485606539
539,1.01029797494,0.0102453120328,0.00510955758987
540,1.01233834167,0.0122628447067,0.0061126635423
541,1.01104258913,0.0109820649013,0.0054759842879
542,1.00938711117,0.00934332603971,0.00466076777508
543,1.01010085468,0.010050181991,0.00501248634777
544,1.01251086628,0.0124332520729,0.00619734279638
545,1.01086061863,0.0108020656752,0.00538647348339
546,1.01197998011,0.0119087881667,0.00593670181189
547,1.01019131354,0.0101397322588,0.00505703604954
548,1.0104237373,0.0103697847467,0.0051714740198
549,1.0098463703,0.00979821067449,0.00488712429414
550,1.00901695861,0.00897654857087,0.0044782170346
551,1.01033099832,0.0102779982722,0.0051258170706
552,1.01125288896,0.011190046212,0.00557940011478
553,1.01085028911,0.0107918470897,0.00538139169873
554,1.01132281731,0.0112591940303,0.00561378052796
555,1.01034134629,0.0102882403796,0.00513091186165
556,1.01027705078,0.0102246009365,0.00509925490063
557,1.01104648875,0.0109859219199,0.00547790223484
558,1.01203830452,0.0119664204673,0.00596534647659
559,1.01013175785,0.0100807756632,0.00502770639227
560,1.01154276714,0.0114766576394,0.00572189605812
561,1.01018498428,0.0101334668389,0.00505391917694
562,1.00980856156,0.00976076988034,0.0048684952116
563,1.01244420338,0.0123674107093,0.00616462559684
564,1.01056983871,0.0105143684957,0.00524338943926
565,1.00924947222,0.00920695780798,0.00459289913579
566,1.01026532401,0.0102129933898,0.00509348070544
567,1.01187323432,0.0118033004934,0.00588426971698
568,1.01192482061,0.011854280167,0.00590960924172
569,1.01114692321,0.0110852541192,0.00552729504186
570,1.01076710488,0.0107095523562,0.00534046492007
571,1.00956438505,0.00951893588103,0.00474815962062
572,1.01124259464,0.0111798663864,0.00557433858779
573,1.00968140925,0.0096348447088,0.00480583718634
574,1.0098789438,0.00983046604354,0.00490317303125
575,1.01251496229,0.0124372974626,0.0061993529539
576,1.01136840114,0.0113042664835,0.00563618998861
577,1.00996967852,0.00992030913348,0.00494787331411
578,1.00898057647,0.00894049090661,0.0044602687777
579,1.00975394727,0.00970668461139,0.00484158387019
580,1.01198212932,0.0119109119343,0.00593775739104
581,1.01110273465,0.0110415517385,0.0055055643921
582,1.01107504081,0.0110141616262,0.0054919446417
583,1.01108539765,0.011024404965,0.0054970381701
584,1.00981918033,0.00977128544458,0.00487372738248
585,1.0104822,0.0104276426684,0.005200252959
586,1.01034715086,0.0102939855181,0.0051337696879
587,1.01079837929,0.0107404931382,0.00535585257296
588,1.01029651158,0.010243863587,0.00510883706714
589,1.00999074123,0.00994116371024,0.00495824895549
590,1.01022600766,0.0101740757855,0.00507412082795
591,1.00998379553,0.00993428669028,0.00495482748861
592,1.01002483573,0.00997492037908,0.00497504346119
593,1.00940622102,0.00936225799076,0.0046701895873
594,1.01127469785,0.0112116121805,0.00559012287867
595,1.01127720611,0.0112140924718,0.00559135609097
596,1.00860308854,0.00856629285917,0.00427398683987
597,1.01109978277,0.0110386322708,0.00550411269384
598,1.00951389805,0.0094689259345,0.00472327306382
599,1.00917836047,0.0091364952981,0.00455782907667
600,1.01086119465,0.0108026355048,0.00538675686344
601,1.00960013741,0.00955434890928,0.00476578190537
602,1.01099935748,0.010939304509,0.00545472094205
603,1.01043313432,0.0103790847912,0.00517609998384
604,1.0102593809,0.0102071106551,0.00509055431557
605,1.01005353441,0.010003333811,0.00498917939771
606,1.00943961115,0.00939533642505,0.00468665142703
607,1.01092920901,0.0108699168279,0.00542021574817
608,1.01060414388,0.0105483142797,0.00526027319253
609,1.01022986296,0.0101778920475,0.00507601927507
610,1.0108448459,0.0107864622893,0.0053787137838
611,1.01088733025,0.0108284899562,0.00539961437021
612,1.01174015559,0.0116717746484,0.00581889161153
613,1.00989134568,0.00984274653265,0.00490928315037
614,1.01080181805,0.0107438951565,0.00535754447033
615,1.00928183217,0.00923902067499,0.00460885681062
616,1.01089372304,0.0108348138839,0.00540275925572
617,1.01108915084,0.0110281170022,0.0054988839844
618,1.01048605704,0.0104314596851,0.00520215154084
619,1.01169475509,0.011626899958,0.00579658457655
620,1.0111698832,0.0111079607415,0.00553858553584
621,1.00911687366,0.00907556584595,0.00452750274167
622,1.01039483659,0.0103411817764,0.00515724639269
623,1.01058915283,0.0105334804241,0.00525289525243
624,1.01045512701,0.0104008501551,0.00518692627705
625,1.01159200995,0.0115253373499,0.00574609634871
626,1.0102015956,0.0101499105349,0.00506209943874
627,1.01121774618,0.0111552938834,0.00556212074896
628,1.01186513186,0.0117952930729,0.00588028955764
629,1.01005003125,0.00999986552076,0.00498745390306
630,1.01008064252,0.010030171748,0.00500253132701
631,1.01184100266,0.0117714465295,0.00586843632758
632,1.01038546824,0.01033190977,0.00515263428781
633,1.01099060182,0.0109306440715,0.00545041433411
634,1.00959479916,0.00954906140844,0.00476315075101
635,1.01050944811,0.0104546077517,0.00521366529764
636,1.01058984407,0.0105341644148,0.00525323545124
637,1.01129263769,0.0112293518548,0.00559894309322
638,1.01091717516,0.0108580130077,0.00541429608107
639,1.00999581364,0.00994618593514,0.00496074761408
640,1.00979644201,0.00974876797187,0.00486252345506
641,1.01139391172,0.0113294899936,0.00564873058232
642,1.00940579987,0.00936184076368,0.004669981948
643,1.0101618769,0.0101105921719,0.00504253958171
644,1.01081569661,0.0107576253118,0.00536437274459
645,1.01008912195,0.0100385665155,0.0050067077044
646,1.00988394927,0.00983542253926,0.00490563912478
647,1.01079356591,0.0107357311721,0.00535348433926
648,1.01136403027,0.0112999447319,0.00563404128959
649,1.01226837563,0.0121937290143,0.00607831634309
650,1.01069206914,0.0106353131743,0.00530354287974
651,1.00955332274,0.00950797832173,0.00474270684015
652,1.01102257665,0.0109622707997,0.00546614138447
653,1.01071764876,0.0106606218602,0.00531613003018
654,1.00935463761,0.00931115395567,0.00464475657759
655,1.00983725908,0.00978918824666,0.00488263511696
656,1.01117491814,0.0111129400496,0.00554106139763
657,1.01014468297,0.0100935710553,0.00503407190219
658,1.01103681308,0.0109763519166,0.00547314343357
659,1.01072717979,0.0106700517868,0.00532081991705
660,1.00980917038,0.00976137278798,0.00486879519775
661,1.00995915533,0.00990988977069,0.00494268939605
662,1.01099962832,0.0109395723983,0.00545485415607
663,1.00939577028,0.00935190458191,0.00466503704572
664,1.01074147042,0.0106841906382,0.00532785170279
665,1.00972668632,0.00967968662915,0.0048281501449
666,1.00994431543,0.00989519609349,0.00493537884374
667,1.01133222366,0.0112684950172,0.0056184049038
668,1.01008352203,0.0100330225182,0.00500394958055
669,1.01027901832,0.0102265484637,0.00510022369832
670,1.01019376942,0.0101421633672,0.00505824545588
671,1.01044798376,0.0103937807911,0.00518340992293
672,1.01160919119,0.0115423215719,0.00575453962738
673,1.00996670377,0.00991736374276,0.00494640790438
674,1.01024710425,0.0101949586004,0.00508450920024
675,1.01042463078,0.0103706690104,0.00517191386509
676,1.01004017029,0.00999010262183,0.00498259678774
677,1.00975820171,0.0097108979462,0.00484368033578
678,1.01138261445,0.0113183199257,0.0056431770812
679,1.01096981187,0.0109100799161,0.00544018824539
680,1.01100803908,0.010947891618,0.00545899106725
681,1.01261101711,0.0125321605153,0.00624648931756
682,1.00985343188,0.00980520337248,0.00489060354996
683,1.00933088381,0.00928762003184,0.00463304420143
684,1.01240757763,0.0123312344803,0.00614664882621
685,1.01008679599,0.0100362637843,0.00500556210273
686,1.01053666194,0.0104815381958,0.00522706022635
687,1.0109486903,0.0108891873191,0.00542979872248
688,1.0102793891,0.0102269154755,0.00510040626827
689,1.01129878156,0.0112354270991,0.0056019637033
690,1.01112665539,0.0110652095278,0.00551732809241
691,1.01024196319,0.0101898696789,0.00508197767358
692,1.01070689635,0.0106499834161,0.00531083907172
693,1.01055702252,0.0105016862701,0.00523708155538
694,1.0096336121,0.00958750474633,0.0047822806804
695,1.01155699575,0.0114907237886,0.00572888886558
696,1.01113562084,0.0110740762796,0.00552173699816
697,1.01090225695,0.0108432557943,0.00540695739727
698,1.01091922284,0.010860038565,0.00541530337571
699,1.00832543347,0.0082909682054,0.00413690344457
700,1.01033488526,0.0102818454604,0.00512773080284
701,1.00828159405,0.00824748981553,0.00411525394726
702,1.00974906621,0.0097018506828,0.00483917860492
703,1.00982736002,0.00977938557145,0.00487775769885
704,1.01073331411,0.010676120982,0.00532383836352
705,1.00998590213,0.00993637247177,0.00495586521147
706,1.0082224007,0.00818878092427,0.00408601987356
707,1.01101654358,0.0109563034839,0.00546317403125
708,1.01076273949,0.0107052334547,0.00533831699948
709,1.01242689524,0.012350315155,0.0061561304772
710,1.01016961313,0.0101182505473,0.00504634945328
711,1.01005861935,0.0100083681317,0.00499168399635
712,1.01079380125,0.0107359639942,0.00535360012712
713,1.01114339948,0.0110817692236,0.00552556222359
714,1.01013303479,0.0100820397891,0.00502833527718
715,1.00963313129,0.00958702851922,0.00478204370554
716,1.00959070455,0.00954500570176,0.0047611325546
717,1.00883147903,0.00879270961717,0.00438670498731
718,1.0110584152,0.010997717997,0.00548376794722
719,1.01087887867,0.010820129371,0.00539545664089
720,1.01191747457,0.0118470206698,0.00590600093699
721,1.00934405853,0.00930067287079,0.00463954036252
722,1.01162948357,0.0115623808697,0.00576451151025
723,1.01067082298,0.0106142915513,0.00529308775784
724,1.00930968938,0.00926662131501,0.00462259343215
725,1.00938688606,0.00934310302179,0.00466065678583
726,1.01077507786,0.0107174403761,0.00534438785945
727,1.01125398905,0.0111911340565,0.00557994100212
728,1.00976469799,0.00971733142339,0.00484688148837
729,1.01047792822,0.0104234151919,0.00519815021052
730,1.01002698602,0.00997704932419,0.00497610263739
731,1.01004828955,0.0099981411426,0.00498659601373
732,1.01210249615,0.0120298465191,0.00599686982345
733,1.01067040926,0.0106138822014,0.0052928841662
734,1.01040668661,0.0103529098138,0.00516308015211
735,1.00920849171,0.00916635204557,0.00457268929851
736,1.0095409023,0.00949567533442,0.0047365845024
737,1.0090950255,0.00905391483165,0.0045167261887
738,1.01123681664,0.0111741526047,0.00557149761816
739,1.00924287735,0.00920042336052,0.00458964691277
740,1.00968407051,0.00963748044399,0.00480714871962
741,1.01020279787,0.0101511006663,0.00506269149197
742,1.00859650248,0.00855976295555,0.00427073583711
743,1.01148102146,0.0114156146832,0.00569154875761
744,1.01044794308,0.0103937405316,0.00518338989755
745,1.01080711384,0.0107491343345,0.00536015002132
746,1.01117039946,0.0111084712937,0.00553883939804
747,1.01262175849,0.0125427680623,0.00625175994715
748,1.00949421758,0.00944943074995,0.0047135714648
749,1.01074534347,0.010688022527,0.00532975743746
750,1.01051209247,0.0104572246075,0.00521496690296
751,1.00911025171,0.00906900369501,0.00452423651592
752,1.00997076567,0.00992138554989,0.00494840885918
753,1.00978931126,0.00974170637841,0.00485900982072
754,1.01171983242,0.0116516870998,0.00580890623072
755,1.01182804686,0.0117586422555,0.00586207174073
756,1.01261173133,0.0125328658457,0.00624683977979
757,1.01166611446,0.0115985900032,0.00578251155008
758,1.01204294345,0.0119710042004,0.00596762466874
759,1.01112204272,0.0110606476134,0.00551505971742
760,1.01066518307,0.010608711168,0.00529031233103
761,1.0098659543,0.00981760353513,0.00489677329002
762,1.00862595119,0.00858896024624,0.0042852720294
763,1.01048857343,0.0104339499616,0.0052033902009
764,1.01013897449,0.0100879198958,0.00503126054264
765,1.01026427395,0.0102119540006,0.00509296365775
766,1.00948261338,0.00943793562093,0.0047078509754
767,1.00982815222,0.00978017006037,0.00487814802996
768,1.01023403137,0.0101820182388,0.00507807189629
769,1.01190963898,0.011839277331,0.00590215212619
770,1.00909083174,0.00904975887004,0.00451465759142
771,1.01070566063,0.0106487607842,0.0053102310022
772,1.01221252806,0.0121385567855,0.00605089752766
773,1.01138167657,0.0113173926052,0.00564271603736
774,1.01079527772,0.0107374246948,0.00535432656718
775,1.01101859514,0.0109583326862,0.00546418308894
776,1.0120249217,0.0119531967501,0.00595877403827
777,1.01002274959,0.00997285494371,0.00497401588079
778,1.00961119398,0.00956530028755,0.00477123148365
779,1.01142521055,0.0113604357434,0.00566411593608
780,1.01120386062,0.0111415622616,0.00555529310309
781,1.01006127073,0.0100109931031,0.00499298992965
782,1.0100945753,0.0100439653811,0.00500939361831
783,1.01007264315,0.0100222521797,0.004998591344
784,1.0122581616,0.012183638727,0.00607330185277
785,1.01111385997,0.0110525548391,0.00551103563817
786,1.00971180423,0.00966494778567,0.00482081627681
787,1.01046790502,0.0104134958751,0.00519321632093
788,1.01132975185,0.0112660509064,0.00561718971365
789,1.00905920401,0.00901841557992,0.00449905657622
790,1.00992336621,0.00987445293411,0.0049250583982
791,1.01162035539,0.0115533575897,0.00576002586755
792,1.01029050172,0.010237914962,0.00510587794553
793,1.01073535716,0.0106781423312,0.00532484365695
794,1.00949352752,0.00944874717972,0.00471323129065
795,1.00976866799,0.00972126302372,0.00484883775862
796,1.01133164257,0.0112679204454,0.00561811923195
797,1.01196812516,0.0118970734912,0.00593087923037
798,1.01016323938,0.0101119409458,0.00504321056784
799,1.0101186483,0.0100677975199,0.00502124992481
800,1.01147548788,0.0114101438986,0.00568882893022
801,1.00956758143,0.00952210198296,0.00474973515376
802,1.01004022126,0.00999015309172,0.00498262189695
803,1.01023105069,0.0101790677548,0.00507660414461
804,1.01063021709,0.0105741135818,0.00527310490511
805,1.01028951579,0.0102369390769,0.00510539249422
806,1.01034687983,0.0102937172643,0.00513363624957
807,1.00995060597,0.00990142467442,0.00493847775917
808,1.01121114127,0.0111487622222,0.00555887307801
809,1.00908955652,0.0090484951336,0.00451402857567
810,1.00976686949,0.00971948192153,0.00484795152526
811,1.01013058965,0.0100796191741,0.0050271310548
812,1.01003217585,0.00998218762081,0.00497865899806
813,1.00971094345,0.00966409528277,0.00482039208014
814,1.00791444572,0.00788329077378,0.00393388729927
815,1.00956520249,0.00951974558165,0.00474856254855
816,1.01102500155,0.010964669257,0.00546733405723
817,1.01083899486,0.0107806740052,0.00537583520435
818,1.01260525385,0.0125264690128,0.00624366133827
819,1.011655426,0.0115880247403,0.00577725945161
820,1.01130282879,0.0112394291083,0.00560395349634
821,1.01075570331,0.0106982721713,0.0053348549325
822,1.01186477872,0.0117949440713,0.00588011608293
823,1.01188503243,0.0118149600919,0.00589006519522
824,1.01241446636,0.0123380387651,0.00615003005108
825,1.01157122972,0.0115047950405,0.0057358841606
826,1.01062300757,0.0105669798635,0.00526955684806
827,1.01032269822,0.0102697830143,0.00512173048817
828,1.01281219573,0.0127308139367,0.00634519068311
829,1.01000104944,0.0099513699051,0.00496332673754
830,1.00993818196,0.00988912299691,0.00493235727738
831,1.01315957604,0.0130737410304,0.00651555165531
832,1.00943278582,0.00938857490261,0.00468328650457
833,1.00949217366,0.0094474060521,0.00471256388714
834,1.01095096598,0.0108914383489,0.00543091812541
835,1.00915512228,0.00911346818898,0.00454636793294
836,1.01078348839,0.010725761211,0.0053485260334
837,1.01181017996,0.0117409840648,0.00585329436342
838,1.01289807325,0.0128156014961,0.0063873145733
839,1.00909097645,0.00904990227023,0.00451472896781
840,1.01084871331,0.0107902881942,0.00538061644517
841,1.01051004497,0.0104551984105,0.00521395908725
842,1.00939124081,0.00934741727027,0.00466280385414
843,1.0123329706,0.0122575390773,0.00611002693985
844,1.0103197599,0.0102668747131,0.0051202837843
845,1.0113672055,0.0113030842803,0.00563560221836
846,1.01103617532,0.010975721119,0.00547282976095
847,1.01074665904,0.0106893241111,0.00533040476078
848,1.01075642071,0.0106989819373,0.00533520792218
849,1.01057048609,0.0105150091057,0.00524370806475
850,1.01104149107,0.0109809788254,0.00547544422343
851,1.01211818693,0.0120453495461,0.00600457482229
852,1.0111565869,0.0110948112311,0.00553204717396
853,1.01125409451,0.0111912383428,0.00557999285435
854,1.01145545659,0.0113903396759,0.00567898310152
855,1.0115969387,0.0115302096124,0.00574851847879
856,1.01039715582,0.0103434771453,0.00515838815757
857,1.01237997786,0.0123039725839,0.00613310157031
858,1.01189281244,0.0118226486909,0.0058938868442
859,1.00916351054,0.00912178031126,0.0045505050905
860,1.0115550067,0.0114887574573,0.0057279113319
861,1.01031187287,0.0102590682059,0.00511640050889
862,1.00994690791,0.00989776304691,0.00493665598518
863,1.01106587587,0.0110050970326,0.00548743722579
864,1.01049028438,0.0104356431468,0.00520423238799
865,1.00948216709,0.00943749352534,0.00470763096825
866,1.0095860039,0.00954034969417,0.00475881563204
867,1.01044399639,0.0103898346448,0.00518144707511
868,1.01042403632,0.0103700806909,0.00517162122666
869,1.00974746009,0.00970026007125,0.00483838714746
870,1.00975822881,0.00971092477742,0.00484369368641
871,1.01140055804,0.0113360614092,0.00565199772468
872,1.01163089279,0.0115637738869,0.00576520400358
873,1.01037453742,0.0103210912435,0.00514725288196
874,1.01071591311,0.0106589046162,0.00531527597237
875,1.00944462174,0.00940030014577,0.00468912165271
876,1.01036035497,0.010307054323,0.00514027052299
877,1.01226316306,0.0121885796126,0.0060757572888
878,1.01144627374,0.0113812607814,0.00567446942346
879,1.01091290346,0.01085378743,0.00541219472929
880,1.00954653517,0.00950125495203,0.00473936109316
881,1.01100386521,0.0109437631864,0.00545693811784
882,1.00858525361,0.00854860990328,0.00426518311137
883,1.01131043084,0.0112469461567,0.00560769095096
884,1.01117106919,0.0111091336285,0.00553916873107
885,1.00966563269,0.00961921929755,0.00479806199694
886,1.01051192534,0.0104570592147,0.00521488463785
887,1.00963115547,0.00958507155089,0.00478106990005
888,1.01258921239,0.0125106271235,0.00623578981811
889,1.0106411239,0.0105849056053,0.00527847244862
890,1.0104632794,0.0104089181574,0.00519093934604
891,1.00993416985,0.00988515036147,0.00493038075492
892,1.01030897517,0.0102562000809,0.00511497378262
893,1.01077953333,0.0107218483393,0.00534658005969
894,1.01067781914,0.0106212138185,0.00529653056536
895,1.01073205939,0.0106748795801,0.00532322096693
896,1.0102065895,0.0101548540009,0.00506455865653
897,1.00936717479,0.00932357486872,0.00465093816886
898,1.01116891299,0.0111070012477,0.00553810844592
899,1.01009894291,0.0100482893356,0.00501154476306
900,1.00970670974,0.00965990228432,0.00481830568469
901,1.01163617033,0.0115689907415,0.00576779738939
902,1.01091491194,0.0108557742243,0.00541318274948
903,1.01031821988,0.010265350418,0.0051195255389
904,1.01186026106,0.0117904793787,0.00587789686065
905,1.01008335197,0.0100328541492,0.00500386581728
906,1.0114998025,0.0114341823663,0.00570077971686
907,1.01004024646,0.00999017804337,0.00498263431061
908,1.01011554576,0.0100647260483,0.00501972189912
909,1.011549531,0.0114833443011,0.00572522025321
910,1.01138986893,0.0113254927321,0.0056467432393
911,1.00876307502,0.00872490212865,0.00435294939656
912,1.00998106376,0.00993158192601,0.00495348180639
913,1.01006598647,0.0100156618535,0.00499531264663
914,1.01018874445,0.010137189086,0.00505577089278
915,1.00979784089,0.00975015328466,0.00486321274317
916,1.01132832356,0.011264638615,0.00561648753426
917,1.00885743856,0.00881844155342,0.00439951443382
918,1.01184353791,0.0117739521022,0.00586968176125
919,1.01133128886,0.0112675706945,0.00561794533896
920,1.01082254323,0.010764398648,0.0053677412396
921,1.01223338537,0.0121591622321,0.00606113785745
922,1.01042925947,0.0103752499407,0.00517419248155
923,1.01031449422,0.0102616628003,0.00511769116775
924,1.01098125929,0.010921403064,0.00544581900341
925,1.0109125362,0.0108534241333,0.00541201406404
926,1.01002003971,0.00997017195553,0.00497268105842
927,1.00979601553,0.00974834563843,0.00486231331513
928,1.01080211723,0.0107441911333,0.00535769166583
929,1.01070457327,0.0106476849413,0.0053096959371
930,1.01138906458,0.0113246974438,0.0056463478405
931,1.0107998044,0.0107419030174,0.00535655373674
932,1.01039501839,0.0103413617091,0.00515733589503
933,1.01121912071,0.0111566531643,0.00556279660892
934,1.00936218832,0.0093186346581,0.00464847954882
935,1.01170803955,0.0116400307775,0.00580311190794
936,1.01061551786,0.0105595688493,0.00526587086048
937,1.0109418587,0.0108824296833,0.00542643824518
938,1.01197168318,0.0119005894287,0.00593262677127
939,1.01149025007,0.0114247384972,0.00569608468995
940,1.00988276834,0.00983425316396,0.00490505730523
941,1.01189772895,0.0118275074102,0.00589630188255
942,1.01122172976,0.011159233259,0.00556407947915
943,1.01027338307,0.0102209705352,0.00509744895452
944,1.01005359964,0.0100033983959,0.00498921152907
945,1.01117193898,0.0111099938107,0.00553959643974
946,1.01166704394,0.011599508764,0.00578296827398
947,1.01050072933,0.0104459796097,0.00520937370947
948,1.00969735603,0.00965063845932,0.00481369607948
949,1.01111495285,0.0110536357011,0.00551157309069
950,1.01158661429,0.0115200035136,0.0057434447514
951,1.00982623025,0.00977826679839,0.00487720104072
952,1.00920534384,0.00916323289178,0.00457113685186
953,1.00954548131,0.00950021105589,0.00473884161866
954,1.01237882809,0.0123028368766,0.00613253719919
955,1.01071001128,0.0106530653403,0.00531237184887
956,1.01066421849,0.0106077567658,0.00528983765435
957,1.01047718033,0.0104226750514,0.00519778206386
958,1.01069753922,0.0106407253706,0.00530623462234
959,1.00998608081,0.00993654937916,0.0049559532268
960,1.01163505007,0.0115678833612,0.00576724689265
961,1.01151777492,0.011451950308,0.0057096130029
962,1.00913075184,0.00908931854411,0.00453434793452
963,1.01002806944,0.00997812199078,0.00497663630169
964,1.01220852447,0.0121346014911,0.00604893184502
965,1.01170991013,0.0116418797077,0.00580403100781
966,1.01100789119,0.0109477453357,0.00545891832538
967,1.00912492571,0.00908354511246,0.00453147430393
968,1.01073207287,0.0106748929179,0.00532322760032
969,1.00941720578,0.00937314032984,0.00467560533081
970,1.00868718403,0.00864966756546,0.00431549515662
971,1.01059266713,0.0105369578946,0.00525462485276
972,1.01108561871,0.0110246236043,0.00549714688881
973,1.01105371192,0.0109930661471,0.00548145477441
974,1.00972851171,0.0096814944324,0.00482904968194
975,1.01049881147,0.0104440816823,0.00520842968886
976,1.01136845748,0.011304322193,0.00563621768634
977,1.01097173932,0.0109119864482,0.00544113632509
978,1.01159944386,0.0115326860525,0.00574974958013
979,1.01103771635,0.0109772453253,0.00547358769298
980,1.01032420091,0.0102712703463,0.00512247034504
981,1.01057701652,0.0105214712095,0.00524692216875
982,1.00926413211,0.00922148323541,0.00460012846634
983,1.00953011791,0.00948499281048,0.00473126852557
984,1.00957826563,0.00953268487362,0.00475500145219
985,1.01122665975,0.0111641085327,0.00556650354985
986,1.01261177002,0.0125329040483,0.0062468587618
987,1.01118962305,0.0111274823461,0.00554829222972
988,1.01123639663,0.0111737372665,0.00557129110605
989,1.01049228586,0.0104376238465,0.00520521758334
990,1.01134337744,0.0112795237561,0.00562388827614
991,1.01102288391,0.0109625747061,0.00546629250705
992,1.01024907698,0.0101969113237,0.00508548059708
993,1.00991714366,0.00986829150656,0.0049219928524
994,1.01005068096,0.0100005087598,0.00498777391846
995,1.01113448547,0.0110729534152,0.00552117866585
996,1.01181869822,0.0117494028623,0.00585747911452
997,1.01039411298,0.0103404656124,0.00515689015733
998,1.01053103182,0.0104759667629,0.00522428906712
999,1.0111799318,0.0111178982923,0.00554352677898
1000,1.00979625123,0.00974857904736,0.00486242945213
1001,1.00939507854,0.00935121927946,0.00466469599292
1002,1.00979159804,0.00974397098955,0.00486013662376
1003,1.00953554557,0.00949036921555,0.0047339440059
1004,1.01194718321,0.0118763790031,0.00592059330138
1005,1.00971577898,0.00966888429964,0.00482277504326
1006,1.01036113008,0.010307821477,0.0051406521282
1007,1.01098431826,0.0109244288034,0.00544732363312
1008,1.01044826323,0.0103940573736,0.00518354749735
1009,1.01177294287,0.0117041809377,0.00583500034133
1010,1.01016123952,0.010109961199,0.00504222568607
1011,1.01020829607,0.0101565433241,0.00506539903994
1012,1.01168852487,0.0116207417448,0.00579352331355
1013,1.00868549093,0.00864798904183,0.00431465951629
1014,1.01035466575,0.0103014234212,0.00513746954032
1015,1.00897139337,0.00893138950635,0.00445573836461
1016,1.01062223286,0.0105662132973,0.00526917558463
1017,1.00980397828,0.00975623110774,0.00486623687124
1018,1.01093456646,0.010875216344,0.00542285114046
1019,1.00980156349,0.00975383975495,0.00486504701257
1020,1.01112421791,0.0110627988674,0.00551612941167
1021,1.01140364078,0.0113391093995,0.00565351310506
1022,1.01067764332,0.0106210398623,0.00529644404795
1023,1.01067507051,0.0106184942239,0.00529517796937
1024,1.00808653739,0.00805401655305,0.00401891075194
1025,1.01027630574,0.0102238634775,0.00509888805131
1026,1.00974029678,0.00969316588499,0.00483485721028
1027,1.01013273896,0.0100817469298,0.00502818958381
1028,1.0120806224,0.0120082340969,0.00598612835777
1029,1.01124158367,0.0111788666559,0.00557384150881
1030,1.00853859068,0.00850234310422,0.00424214811359
1031,1.01103177371,0.0109713675499,0.00547066488721
1032,1.0093163828,0.00927325297906,0.00462589393096
1033,1.01049097654,0.0104363281221,0.00520457309321
1034,1.01136997359,0.0113058212585,0.00563696299431
1035,1.01069597291,0.0106391756323,0.0053054638645
1036,1.01208835387,0.0120158732539,0.0059899250645
1037,1.00881795095,0.00877929986637,0.00438002950184
1038,1.01092298384,0.0108637589321,0.00541715348408
1039,1.00970273052,0.00965596131121,0.0048163446906
1040,1.00910816347,0.00906693431174,0.00452320650494
1041,1.00963237505,0.00958627949355,0.00478167098357
1042,1.00985931969,0.0098110337157,0.0048935044604
1043,1.01142532084,0.0113605447879,0.00566417014953
1044,1.01065562826,0.0105992571438,0.00528561031519
1045,1.00886339128,0.00882434199295,0.00440245166972
1046,1.01103946886,0.0109789786992,0.00547444963562
1047,1.0112741046,0.0112110255443,0.00558983120021
1048,1.01073443074,0.0106772257475,0.00532438780533
1049,1.01107656945,0.0110156735232,0.00549269643826
1050,1.00904461058,0.0090039530606,0.00449185782438
1051,1.01090340406,0.0108443905234,0.00540752169393
1052,1.01019740665,0.0101457638838,0.00506003660642
1053,1.01178975817,0.0117208004425,0.00584326157199
1054,1.01069358694,0.010636814914,0.00530428976703
1055,1.010032821,0.00998282636436,0.00497897677975
1056,1.01092326307,0.0108640351487,0.00541729084425
1057,1.01056687142,0.0105114322371,0.00524192900688
1058,1.01136404376,0.0112999580736,0.00563404792286
1059,1.01019297516,0.0101413771156,0.00505785431853
1060,1.01004449492,0.00999438425853,0.00498472693697
1061,1.01055184207,0.0104965599298,0.00523453180551
1062,1.01097378849,0.0109140133797,0.00544214427589
1063,1.00949010765,0.00944535947061,0.0047115454182
1064,1.00980862638,0.00976083406953,0.00486852714994
1065,1.01113734361,0.0110757800758,0.00552258419195
1066,1.00907563618,0.00903470008584,0.00450716216373
1067,1.01150711157,0.0114414083129,0.00570437208692
1068,1.01096319783,0.010903537625,0.00543693489017
1069,1.00977036833,0.00972294691107,0.00484967561949
1070,1.00963529054,0.009589167165,0.00478310791431
1071,1.01022514002,0.0101732169198,0.00507369357401
1072,1.01028649933,0.0102339533336,0.00510390724317
1073,1.00957845284,0.00953287029883,0.00475509372394
1074,1.01088512229,0.0108263057816,0.0053985281792
1075,1.01149371772,0.0114281667483,0.00569778905024
1076,1.00980116901,0.00975344910998,0.00486485264032
1077,1.00968239503,0.00963582103507,0.00480632300333
1078,1.01158168533,0.0115151309971,0.00574102248272
1079,1.01129722316,0.0112338861105,0.00560119752501
1080,1.0094633744,0.00941887718469,0.00469836657423
1081,1.0085357083,0.00849948512616,0.00424072518552
1082,1.01305610811,0.0129716118015,0.00646481845967
1083,1.01019535862,0.0101437365272,0.00505902805686
1084,1.01017422945,0.0101228203826,0.00504862283782
1085,1.01008380595,0.0100333035981,0.00500408941724
1086,1.01034319061,0.010290065823,0.00513181989982
1087,1.0093880865,0.0093442923008,0.00466124865375
1088,1.01253881915,0.0124608591599,0.00621106069995
1089,1.01041301984,0.0103591778026,0.00516619796055
1090,1.01120285997,0.0111405727,0.00555480107079
1091,1.01264267094,0.0125634196388,0.00626202112805
1092,1.0102100041,0.0101582340882,0.00506624013943
1093,1.01025989988,0.0102076243623,0.00509080986165
1094,1.00973063217,0.00968359445811,0.00483009462368
1095,1.00895097339,0.00891115088743,0.00444566409317
1096,1.01241026163,0.0123338855855,0.00614796623022
1097,1.01120660379,0.0111442750332,0.00555664195287
1098,1.00792390887,0.00789267956575,0.00393856321705
1099,1.01053459076,0.0104794886109,0.00522604079002
1100,1.01086739772,0.0108087719073,0.00538980853238
1101,1.01108812115,0.0110270986039,0.00549837758513
1102,1.00987058679,0.00982219075448,0.00489905566579
1103,1.01065767811,0.0106012853821,0.00528661907357
1104,1.01125536553,0.0111924952166,0.00558061778435
1105,1.01007491134,0.0100244977496,0.00499970851594
1106,1.01099304179,0.0109330575136,0.00545161447729
1107,1.01011788482,0.0100670416825,0.00502087390365
1108,1.01056700186,0.0105115613103,0.00524199320516
1109,1.0090613332,0.00902052564729,0.0045001068627
1110,1.01192118523,0.0118506876228,0.0059078235833
1111,1.01193328051,0.0118626403415,0.0059137646176
1112,1.01104825058,0.0109876644996,0.00547876875146
1113,1.01172098893,0.0116528302152,0.00580947446813
1114,1.01109251552,0.0110314447726,0.0055005387187
1115,1.00917905104,0.00913717958319,0.00455816965973
1116,1.01008809574,0.0100375505503,0.005006202265
1117,1.01103668176,0.0109762220325,0.00547307884697
1118,1.00914639506,0.00910482009976,0.00454206353772
1119,1.01061546456,0.0105595161116,0.00526584463053
1120,1.01122002568,0.0111575480925,0.00556324158376
1121,1.01144085001,0.0113758984132,0.00567180345011
1122,1.00983872257,0.00979063748157,0.00488335619611
1123,1.00822415845,0.00819052433752,0.00408688801799
1124,1.0102724398,0.010220036856,0.00509698449447
1125,1.00904209848,0.0090014634723,0.0044906186209
1126,1.01116179413,0.0110999609923,0.00553460780694
1127,1.01029858937,0.0102459202061,0.00510986012271
1128,1.01016624538,0.0101149166906,0.00504469093547
1129,1.00966081792,0.00961445060965,0.00479568909039
1130,1.01081056076,0.0107525443972,0.00536184591202
1131,1.00913273302,0.00909128179466,0.00453532510829
1132,1.01064148202,0.010585259951,0.0052786486863
1133,1.00907483594,0.00903390704645,0.00450676743113
1134,1.00985939064,0.00981110397262,0.00489353941695
1135,1.01192066296,0.011850171505,0.00590756704893
1136,1.01045433151,0.010400062886,0.00518653468415
1137,1.01051444133,0.0104595490352,0.00521612305523
1138,1.01229334115,0.0122183916558,0.00609057263462
1139,1.00991104311,0.00986225084098,0.00491898738113
1140,1.0107535407,0.0106961325774,0.0053337908422
1141,1.01214258378,0.0120694540055,0.00601655461128
1142,1.01002604947,0.00997612207161,0.00497564131804
1143,1.01004159136,0.00999150957206,0.00498329675748
1144,1.01053338575,0.0104782961551,0.00522544767783
1145,1.0106917009,0.0106349488251,0.00530336167129
1146,1.01142142332,0.0113566912897,0.00566225431202
1147,1.01140124906,0.0113367446448,0.00565233741159
1148,1.01088323696,0.0108244407467,0.00539760069554
1149,1.00967631329,0.00962979760165,0.00480332575739
1150,1.01149143403,0.0114259090076,0.00569666661131
1151,1.0105548834,0.0104995694997,0.0052360287125
1152,1.00915061687,0.00910900364073,0.00454414580508
1153,1.01056335603,0.0105079536026,0.0052401988055
1154,1.01103852084,0.0109780410343,0.00547398336968
1155,1.01046124154,0.0104069013962,0.00518993619936
1156,1.01000134704,0.00995166455752,0.0049634733325
1157,1.011219301,0.0111568314507,0.00556288525624
1158,1.00929002618,0.00924713929819,0.00461289740523
1159,1.0098477756,0.00979960226191,0.00488781668718
1160,1.01021959098,0.0101677240336,0.00507096106179
1161,1.0113207256,0.0112571257367,0.0056127521861
1162,1.01010419022,0.010053484162,0.00501412915585
1163,1.0100291715,0.00997921311253,0.00497717914736
1164,1.01015667143,0.0101054390497,0.00503997600972
1165,1.01147012011,0.0114048370129,0.00568619057885
1166,1.01073709153,0.0106798582773,0.00532569706107
1167,1.00967669382,0.00963017447759,0.00480351329021
1168,1.01187778721,0.0118077999436,0.00588650620158
1169,1.01150292345,0.0114372678372,0.00570231365635
1170,1.01064119188,0.0105849728667,0.00527850590183
1171,1.0106552991,0.0105989314524,0.00528544833021
1172,1.01016056246,0.0101092909468,0.00504189224969
1173,1.00952508399,0.00948000639592,0.00472878711123
1174,1.01117974667,0.0111177152045,0.00554343574251
1175,1.00980509421,0.00975733619795,0.00486678672737
1176,1.01111981584,0.0110584452254,0.00551396459598
1177,1.01031465108,0.0102618180629,0.00511776840178
1178,1.01036601579,0.010312657072,0.00514305749376
1179,1.01051645581,0.0104615425452,0.00521711461056
1180,1.01346527019,0.0133754191191,0.00666539659853
1181,1.01018094427,0.0101294675521,0.00505192963758
1182,1.00977366385,0.00972621054493,0.00485129952131
1183,1.01151944128,0.011453597684,0.00571043198763
1184,1.00961305296,0.00956714156487,0.00477214772931
1185,1.01254227034,0.0124642676088,0.0062127543379
1186,1.00966572173,0.00961930748677,0.00479810587998
1187,1.01064759393,0.0105913074926,0.00528165649111
1188,1.01087182382,0.0108131504154,0.00539198598438
1189,1.01056075104,0.0105053758397,0.0052389166772
1190,1.01025983574,0.0102075608726,0.00509077827838
1191,1.00801717068,0.007985203907,0.00398464211533
1192,1.01125090119,0.0111880805585,0.00557842277115
1193,1.00966447174,0.00961806945875,0.00479748983587
1194,1.01123500802,0.0111723640814,0.00557060833847
1195,1.01162966728,0.0115625624671,0.00576460178553
1196,1.0103365775,0.0102835203926,0.00512856397431
1197,1.01073978392,0.0106825220647,0.00532702186063
1198,1.01081639359,0.010758314836,0.00536471565715
1199,1.01138618997,0.0113218552049,0.00564493474416
1200,1.01056142355,0.010506041322,0.00523924767512
1201,1.01042308591,0.0103691400824,0.00517115335456
1202,1.00998743495,0.00993789013559,0.00495662028243
1203,1.00959020704,0.0095445129126,0.0047608873331
1204,1.01138885245,0.0113244876983,0.00564624355988
1205,1.00990582282,0.00985708177307,0.00491641555714
1206,1.01070641609,0.0106495082469,0.00531060274886
1207,1.01307968233,0.0129948819277,0.00647637823692
1208,1.00997034803,0.00992097203328,0.00494820312398
1209,1.01088076032,0.0108219907684,0.00539638231764
1210,1.01091545348,0.010856309917,0.0054134491459
1211,1.00999378332,0.00994417570923,0.00495974748673
1212,1.01262740615,0.0125483453196,0.00625453113809
1213,1.0103780083,0.0103245264778,0.00514896165662
1214,1.00982230911,0.00977438379887,0.00487526900817
1215,1.01239845847,0.0123222270433,0.0061421727804
1216,1.01047019039,0.0104157575654,0.00519434129273
1217,1.00974378083,0.00969661632682,0.00483657408851
1218,1.00952655124,0.00948145980092,0.00472951037704
1219,1.01114328999,0.0110816609468,0.00552550838435
1220,1.01030326262,0.0102505457992,0.00511216109854
1221,1.01099599209,0.0109359757265,0.00545306562819
1222,1.01268642042,0.0126066219801,0.00628348679986
1223,1.00989429104,0.00984566303789,0.00491073424295
1224,1.01135372862,0.0112897587826,0.00562897699605
1225,1.00967256341,0.00962608364302,0.00480147769603
1226,1.00916087804,0.0091191717108,0.00454920672465
1227,1.01179466792,0.0117256529674,0.00584567365423
1228,1.01004229237,0.00999220361305,0.0049836420486
1229,1.01250863564,0.0124310489936,0.00619624808276
1230,1.01006675063,0.0100164184064,0.0049956890334
1231,1.01103218795,0.0109717772688,0.00547086862591
1232,1.01042277939,0.0103688367231,0.00517100245924
1233,1.01186167896,0.0117918806564,0.00587859338098
1234,1.01147460333,0.0114092693792,0.00568839415788
1235,1.0111124314,0.0110511419641,0.00551033309363
1236,1.01027931056,0.0102268377282,0.00510036759289
1237,1.00953897107,0.00949376235151,0.00473563254099
1238,1.01081560522,0.0107575348963,0.00536432777935
1239,1.00960496141,0.00955912702624,0.00476815957528
1240,1.00947628283,0.00943166452219,0.00470473018284
1241,1.00917616579,0.00913432056953,0.00455674666782
1242,1.00876804003,0.00872982399292,0.00435539961336
1243,1.00979429347,0.00974664027768,0.00486146478039
1244,1.01073436362,0.0106771593387,0.00532435477771
1245,1.00855844748,0.00852203159892,0.00425195055193
1246,1.01189492431,0.011824735746,0.00589492422078
1247,1.00947442575,0.00942982486986,0.00470381468379
1248,1.01069237222,0.0106356130405,0.00530369201762
1249,1.01116438669,0.0111025249336,0.00553588268152
1250,1.01010833619,0.0100575886527,0.00501617110889
1251,1.01062469787,0.0105686523913,0.00527038870487
1252,1.01153384175,0.0114678340573,0.00571750950117
1253,1.01028761118,0.0102350538577,0.0051044546966
1254,1.00937438284,0.00933071599925,0.0046544921213
1255,1.01071787137,0.0106608421129,0.00531623957109
1256,1.01183850695,0.0117689800213,0.00586721031
1257,1.00956975973,0.00952425963364,0.00475080885439
1258,1.01057628936,0.0105207516521,0.00524656427773
1259,1.01127792963,0.0112148079238,0.00559171181675
1260,1.01262253848,0.012543538335,0.00625214267564
1261,1.01203074316,0.0119589490196,0.0059616330307
1262,1.01018369101,0.0101321866031,0.00505328229391
1263,1.0099204315,0.00987154705669,0.00492361261425
1264,1.01200799581,0.0119364718293,0.00595046137315
1265,1.01029133647,0.0102387412102,0.00510628896017
1266,1.01113607123,0.011074521717,0.00552195848704
1267,1.01060045354,0.0105446626617,0.00525845698613
1268,1.00972548554,0.00967849741037,0.00482755840619
1269,1.01231655859,0.0122413268791,0.0061019703366
1270,1.00914545404,0.00910388761627,0.00454159941357
1271,1.00752735947,0.00749917027273,0.00374256421994
1272,1.01065298859,0.0105966453013,0.00528431129566
1273,1.01092901489,0.0108697248003,0.00542012025477
1274,1.01148168656,0.0114162722345,0.00569187566195
1275,1.01088268784,0.0108238975382,0.00539733055724
1276,1.00964316256,0.00959696402918,0.00478698769222
1277,1.0105549195,0.0104996052177,0.005236046478
1278,1.01004990792,0.00999974341526,0.0049873931548
1279,1.0096897174,0.00964307316158,0.00480993163201
1280,1.00993742378,0.00988837228418,0.00493198377233
1281,1.01132066152,0.0112570623699,0.0056127206805
1282,1.01156304761,0.0114967064909,0.00573186307516
1283,1.01013428998,0.0100832823959,0.00502895345625
1284,1.01116083494,0.0110990123884,0.00553413612994
1285,1.01121995717,0.0111574803415,0.00556320789674
1286,1.01017721205,0.0101257729339,0.00505009165928
1287,1.00950484992,0.0094599630381,0.00471881277272
1288,1.01081333841,0.0107552923439,0.00536321251738
1289,1.01081617122,0.0107580948415,0.00536460625001
1290,1.00963607738,0.00958994649266,0.00478349571426
1291,1.00967872826,0.00963218942117,0.00480451592209
1292,1.01119616074,0.0111339476679,0.00555150694966
1293,1.01267180897,0.0125921934735,0.0062763178514
1294,1.01017337624,0.0101219757678,0.00504820266243
1295,1.01071570066,0.0106586944241,0.00531517143494
1296,1.01048140462,0.01042685553,0.00519986143642
1297,1.00964091086,0.00959473383282,0.00478587793138
1298,1.01078054172,0.0107228459733,0.00534707620958
1299,1.01017084774,0.0101194727261,0.00504695745873
1300,1.01118815865,0.0111260341472,0.0055475721475
1301,1.00859974706,0.00856297987782,0.00427233742765
1302,1.0112889188,0.0112256744891,0.00559711470334
1303,1.01011822639,0.0100673798295,0.00502104212824
1304,1.00998006743,0.00993059543822,0.00495299100565
1305,1.01191021311,0.0118398447075,0.00590243414004
1306,1.01056978967,0.0105143199736,0.00524336530545
1307,1.00979884391,0.00975114657275,0.0048637069718
1308,1.00916341216,0.00912168282496,0.00455045656916
1309,1.01156617785,0.0114998009428,0.00573340143146
1310,1.01150026672,0.0114346413125,0.00570100788176
1311,1.01116438939,0.0111025276037,0.00553588400919
1312,1.01044144056,0.0103873052254,0.00518018891766
1313,1.01059783785,0.0105420743971,0.00525716965812
1314,1.01131414335,0.0112506171399,0.00560951614798
1315,1.01033191509,0.0102789056659,0.00512626844178
1316,1.01076436767,0.0107068442972,0.00533911812078
1317,1.01277804303,0.0126970926963,0.00632843690555
1318,1.00937918155,0.00933547013579,0.00465685812271
1319,1.01235527068,0.0122795672452,0.00612097366716
1320,1.01064449597,0.0105882421664,0.00528013192182
1321,1.01135246336,0.011288507724,0.00562835498769
1322,1.01122709641,0.0111645403436,0.00556671825345
1323,1.01224224222,0.0121679120006,0.00606548621545
1324,1.01001590868,0.00996608189744,0.00497064619657
1325,1.01042837372,0.0103743733331,0.00517375644551
1326,1.01034657285,0.0102934134325,0.00513348511353
1327,1.01062762383,0.0105715475868,0.00527182867218
1328,1.01021714535,0.0101653031365,0.00506975675066
1329,1.01183011741,0.0117606885991,0.00586308891413
1330,1.00893034357,0.00889070387163,0.00443548598352
1331,1.00851455464,0.00847851027562,0.00423028217978
1332,1.01214909845,0.012075890494,0.00601975348765
1333,1.01079638438,0.0107385195387,0.0053548710579
1334,1.01049303921,0.0104383693774,0.00520558840839
1335,1.01028571007,0.0102331721035,0.00510351862171
1336,1.01064848697,0.0105921911275,0.00528209597491
1337,1.00947199059,0.00942741256168,0.0047026142025
1338,1.01037891476,0.0103254236245,0.00514940792018
1339,1.01204713706,0.0119751479053,0.00596968415506
1340,1.01135732428,0.0112933140716,0.00563074463268
1341,1.00998274179,0.0099332433677,0.00495430841193
1342,1.0114351803,0.0113702928193,0.00566901654613
1343,1.00991294946,0.00986413848579,0.00491992656044
1344,1.01026445997,0.0102121381334,0.00509305525528
1345,1.00975117693,0.0097039410297,0.00484021872005
1346,1.01296168829,0.0128784045016,0.0064185150149
1347,1.01272320168,0.0126429418119,0.00630153244431
1348,1.01085570073,0.0107972006005,0.0053840540459
1349,1.01114638741,0.0110847242238,0.0055270315586
1350,1.01050778655,0.0104529634693,0.00521284744248
1351,1.01047484971,0.010420368598,0.00519663483076
1352,1.01070064216,0.0106437954647,0.00530776152287
1353,1.01149439954,0.0114288408217,0.0056981241665
1354,1.01019940816,0.0101477451878,0.00506102224523
1355,1.01098395629,0.0109240707649,0.00544714558906
1356,1.01030548282,0.0102527433568,0.00511325425959
1357,1.00910407924,0.0090628869309,0.00452119196605
1358,1.01178095256,0.0117120973944,0.00583893546563
1359,1.01082709054,0.0107688972658,0.0053699784723
1360,1.01143679008,0.011371884407,0.00566980782833
1361,1.01099938414,0.0109393308769,0.0054547340541
1362,1.01162644187,0.0115593741293,0.00576301680512
1363,1.01018235917,0.0101308681894,0.00505262641801
1364,1.01158447336,0.0115178870971,0.00574239262036
1365,1.01018153512,0.0101300524431,0.00505222060563
1366,1.01098359085,0.0109237092939,0.00544696583803
1367,1.00986599995,0.00981764873271,0.00489679577815
1368,1.01026671344,0.0102143687036,0.00509416485954
1369,1.00932647045,0.00928324745917,0.00463086804188
1370,1.01114358301,0.0110819507354,0.005525652478
1371,1.00978821327,0.00974061903208,0.00485846878912
1372,1.01118951982,0.0111273802545,0.00554824146714
1373,1.01142666768,0.0113618764136,0.00566483219085
1374,1.0103426313,0.0102895122335,0.00513154452552
1375,1.0102053622,0.0101536390943,0.00506395427954
1376,1.00987998145,0.00983149354808,0.00490368426438
1377,1.0118698529,0.0117999587387,0.00588260867013
1378,1.0098673289,0.00981896469709,0.00489745053812
1379,1.01240447576,0.0123281706157,0.006145126309
1380,1.0104834026,0.0104288327926,0.00520084492645
1381,1.01210292883,0.0120302740259,0.005997082295
1382,1.00987355148,0.00982512646512,0.00490051632894
1383,1.01066768214,0.0106111838715,0.00529154214132
1384,1.01185040041,0.011780734253,0.00587305292642
1385,1.01043874099,0.0103846335457,0.00517885999678
1386,1.01020558644,0.0101538610722,0.00506406470646
1387,1.01106018521,0.0109994686406,0.00548463846859
1388,1.00941554368,0.00937149373255,0.00467478588124
1389,1.0109651295,0.0109054483469,0.00543788505644
1390,1.01042695241,0.0103729666879,0.00517305676151
1391,1.00881882257,0.00878016387324,0.00438045961299
1392,1.01132441714,0.0112607759472,0.00561456704582
1393,1.01192567446,0.01185512396,0.0059100286449
1394,1.01012901003,0.0100780553989,0.00502635309752
1395,1.01021054851,0.0101587729946,0.00506650822749
1396,1.01150790734,0.0114421950383,0.00570476320566
1397,1.01190812295,0.0118377791435,0.00590140745346
1398,1.00922478988,0.00918250137091,0.0045807270058
1399,1.01164913719,0.0115818083688,0.00577416921786
1400,1.01033966825,0.0102865795089,0.00513008568685
1401,1.01033116552,0.0102781637684,0.00512589939454
1402,1.00954150812,0.00949627543234,0.0047368831301
1403,1.01047372009,0.0104192506878,0.00519607878018
1404,1.01077946987,0.0107217855471,0.00534654883144
1405,1.01224660803,0.0121722250003,0.00606762963274
1406,1.01067187811,0.0106153355414,0.00529360698979
1407,1.01061653287,0.010560573198,0.00526637039034
1408,1.00899636526,0.00895613904189,0.00446805791742
1409,1.00943226025,0.00938805424231,0.00468302739359
1410,1.01022144819,0.0101695624544,0.00507187561048
1411,1.01037121043,0.010317798408,0.0051456149374
1412,1.01065103237,0.0105947097033,0.00528334861037
1413,1.00871356062,0.00867581665031,0.00432851319082
1414,1.01116879922,0.0111068887277,0.00553805249753
1415,1.01103629875,0.010975843202,0.00547289046836
1416,1.01015716415,0.0101059268123,0.00504021866182
1417,1.01017572447,0.0101243003479,0.00504935908432
1418,1.00909237741,0.00905129061137,0.00451542000415
1419,1.01161980422,0.0115528127452,0.00575975501441
1420,1.01009528696,0.0100446699233,0.00500974412472
1421,1.01143231891,0.011367463776,0.00566761004244
1422,1.00887498949,0.00883583824718,0.00440817447454
1423,1.0097125612,0.00966569747373,0.00482118931371
1424,1.01107672222,0.0110158246195,0.00549277157146
1425,1.01028678561,0.0102342366995,0.00510404820297
1426,1.01097026444,0.0109105275751,0.00544041085722
1427,1.00926272978,0.00922009377695,0.00459943693271
1428,1.0108705699,0.0108119099826,0.00539136911201
1429,1.01025283867,0.0102006348409,0.00508733288602
1430,1.00995045077,0.00990127100839,0.00493840130559
1431,1.01124513638,0.0111823798681,0.00557558832236
1432,1.01079598524,0.0107381246622,0.00535467467687
1433,1.01155101937,0.0114848156726,0.00572595172674
1434,1.01035049534,0.0102972957451,0.00513541630307
1435,1.010972495,0.0109127339362,0.00544150803543
1436,1.01026231781,0.0102100177396,0.00509200045743
1437,1.01000876005,0.00995900413435,0.00496712489932
1438,1.00947204284,0.00942746432302,0.00470263996146
1439,1.00985029452,0.00980209662248,0.0048890577707
1440,1.01169910804,0.0116312025872,0.00579872341858
1441,1.01154075872,0.0114746721356,0.00572090898614
1442,1.00910519774,0.00906399534056,0.00452174366506
1443,1.01031646608,0.0102636145299,0.00511866203793
1444,1.01067150686,0.0106149682082,0.0052934242954
1445,1.01061393971,0.0105580072831,0.00526509418861
1446,1.01174803908,0.011679566621,0.00582276491996
1447,1.00898368479,0.00894357155769,0.00446180223179
1448,1.00987011805,0.00982172659415,0.00489882472258
1449,1.01106919805,0.0110083828494,0.00548907111747
1450,1.00918216079,0.00914026104243,0.00455970336526
1451,1.01231836085,0.0122431072096,0.00610285506968
1452,1.01088191516,0.0108231331727,0.00539695043721
1453,1.01174119646,0.0116728034344,0.00581940301121
1454,1.00973854831,0.00969143428238,0.00483399559463
1455,1.00933903062,0.00929569149082,0.0046370612251
1456,1.01045481117,0.0104005375826,0.0051867708014
1457,1.01068237533,0.0106257218671,0.00529877264866
1458,1.00963062414,0.00958454529172,0.00478080802847
1459,1.01062761045,0.0105715343542,0.00527182209074
1460,1.01136814182,0.0113040100732,0.00563606250604
1461,1.00994549784,0.00989636686592,0.00493596134068
1462,1.01062536247,0.0105693100106,0.00527071578153
1463,1.01001863446,0.00996878064086,0.00497198886012
1464,1.00920569794,0.00916358376134,0.00457131148469
1465,1.0089077049,0.00886826533863,0.00442431641726
1466,1.00817178083,0.00813857262417,0.00406101798574
1467,1.01039785553,0.0103441696533,0.00515873262541
1468,1.01057445271,0.0105189342303,0.00524566033402
1469,1.00881659863,0.00877795936907,0.00437936218867
1470,1.01211194819,0.012039185492,0.00600151129678
1471,1.01078656723,0.010728807193,0.00535004087746
1472,1.01071732527,0.0106603018087,0.00531597085513
1473,1.00992077952,0.0098718916585,0.0049237840668
1474,1.01160771266,0.0115408600073,0.0057538130501
1475,1.00970902173,0.00966219204822,0.00481944504959
1476,1.01068531672,0.0106286321629,0.00530022008499
1477,1.00965287511,0.00960658377213,0.00479177452739
1478,1.01123246802,0.0111698523044,0.00556935944527
1479,1.00966724351,0.00962081470126,0.00479885587105
1480,1.01063630073,0.0105801332052,0.00527609884125
1481,1.01011162596,0.0100608454977,0.00501779136163
1482,1.00971388162,0.0096670051942,0.00482184002135
1483,1.0117656935,0.0116970159012,0.00583143872069
1484,1.01118336824,0.0111212967326,0.00554521657803
1485,1.00982368403,0.00977574534293,0.00487594646102
1486,1.01041218311,0.0103583496868,0.00516578604165
1487,1.0092420142,0.00919956810713,0.00458922124864
1488,1.01232271959,0.0122474129058,0.00610499477695
1489,1.01019883861,0.0101471813837,0.00506074176983
1490,1.01067391955,0.0106173554259,0.00529461158528
1491,1.00955332762,0.00950798315138,0.00474270924352
1492,1.01267727623,0.0125975923046,0.0062790003209
1493,1.00992475344,0.00987582653756,0.00492574181715
1494,1.01033496593,0.0102819253027,0.00512777051929
1495,1.00959249603,0.00954678015747,0.00476201555785
1496,1.01185119812,0.0117815226227,0.00587344479611
1497,1.00936153596,0.00931798835531,0.00464815789953
1498,1.01099050624,0.0109305495253,0.00545036731864
1499,1.01105990786,0.0109991943256,0.00548450206331
1500,1.01107636851,0.0110154747781,0.00549259761155
1501,1.00958836066,0.00954268407823,0.00475997726894
1502,1.01094909074,0.0108895834195,0.00542999569729
1503,1.01039404543,0.0103403987612,0.00515685690409
1504,1.01004788047,0.00999773613991,0.00498639452216
1505,1.01061085464,0.0105549546099,0.00526357588715
1506,1.0101409243,0.0100898501343,0.00503222080567
1507,1.0105173572,0.0104624345619,0.00521755829192
1508,1.01132113265,0.0112575282273,0.00561295230181
1509,1.01084149909,0.0107831513789,0.00537706723143
1510,1.01052020138,0.0104652491336,0.00521895823421
1511,1.00930335484,0.00926034518542,0.00461946986845
1512,1.00970895287,0.00966212385136,0.0048194111155
1513,1.01096324234,0.0109035816495,0.00543695678274
1514,1.01083113226,0.0107728956798,0.0053719669416
1515,1.01044375827,0.0103895989847,0.00518132985556
1516,1.0110652162,0.0110044445854,0.00548711279228
1517,1.00998435819,0.00993484378931,0.00495510465793
1518,1.01019028586,0.0101387149542,0.00505652996937
1519,1.00936547295,0.00932188881983,0.00465009906491
1520,1.01096264572,0.010902991502,0.00543666331328
1521,1.01019904205,0.0101473827749,0.00506084195582
1522,1.01099360963,0.0109336191802,0.00545189377957
1523,1.0111838396,0.0111217628788,0.00554544835866
1524,1.01036393038,0.0103105930597,0.00514203079473
1525,1.01017510513,0.0101236872464,0.0050490540814
1526,1.01154724876,0.011481088116,0.00572409861859
1527,1.01032476537,0.0102718290348,0.00512274825835
1528,1.00920414134,0.00916204135855,0.0045705438084
1529,1.00934949883,0.00930606279326,0.00464222281676
1530,1.00931860157,0.00927545125949,0.00462698798607
1531,1.01006529916,0.0100149813962,0.00499497411748
1532,1.00903976699,0.00899915287651,0.00448946851034
1533,1.01075429581,0.0106968796518,0.00533416238697
1534,1.01015980497,0.0101085410764,0.00504151920481
1535,1.01286148208,0.0127794756157,0.00636936684467
1536,1.00909914921,0.00905800137343,0.00451876022862
1537,1.00937071171,0.00932707895843,0.00465268206353
1538,1.01226643071,0.0121918076673,0.00607736150844
1539,1.01137436662,0.0113101648865,0.0056391225635
1540,1.01027797131,0.0102255121049,0.00509970816159
1541,1.00974249878,0.00969534664085,0.0048359423158
1542,1.01036744331,0.0103140699478,0.00514376029816
1543,1.01071404886,0.0106570601314,0.00531435863154
1544,1.01073193505,0.0106747565654,0.005323159787
1545,1.01100235007,0.0109422645373,0.00545619288203
1546,1.00967034467,0.00962388615793,0.00480038422848
1547,1.01140185263,0.011337341411,0.00565263410808
1548,1.00830468158,0.00827038744642,0.00412665558265
1549,1.01018087849,0.0101294024314,0.0050518972417
1550,1.00881519263,0.00877656565516,0.00437866838327
1551,1.00984149845,0.00979338630769,0.00488472389649
1552,1.01168844509,0.0116206628808,0.00579348410998
1553,1.00923042576,0.00918808572043,0.00458350638649
1554,1.00850561885,0.00846964988881,0.00422587071757
1555,1.01021147982,0.0101596948906,0.00506696684
1556,1.00948778086,0.00944305455052,0.00471039838736
1557,1.01023109472,0.0101791113319,0.00507662582254
1558,1.01019115412,0.0101395744493,0.0050569575438
1559,1.00951957656,0.009474550911,0.00472607226398
1560,1.01142596829,0.0113611849232,0.00566448840419
1561,1.01085507039,0.0107965770305,0.00538374393952
1562,1.01020436344,0.0101526504274,0.00506346244928
1563,1.00864905379,0.00861186500421,0.00429667526653
1564,1.0111755475,0.0111135624549,0.00554137087584
1565,1.01091507815,0.0108559386337,0.00541326450919
1566,1.01060869773,0.010552820344,0.00526251437059
1567,1.01033736896,0.0102843037544,0.00512895364636
1568,1.00850951465,0.00847351282027,0.00422779401932
1569,1.00978444627,0.00973688853715,0.00485661260217
1570,1.01094760052,0.010888109336,0.00542926265738
1571,1.01180691522,0.0117377574232,0.00585169048457
1572,1.01038777968,0.010334197447,0.00515377223187
1573,1.01203712249,0.0119652524956,0.00596476597427
1574,1.00966482458,0.00961841892868,0.00479766373254
1575,1.01195247137,0.0118816047089,0.00592319068122
1576,1.01065394882,0.0105975954144,0.00528478384177
1577,1.01191333741,0.0118429322251,0.00590396878574
1578,1.01029084372,0.0102382534801,0.00510604634036
1579,1.01203136702,0.0119595654642,0.00596193941543
1580,1.01084208433,0.0107837303374,0.00537735515409
1581,1.00867566379,0.00863824648051,0.00430980924173
1582,1.01115568503,0.011093919313,0.00553160368189
1583,1.00994022271,0.00989114366378,0.00493336262698
1584,1.01127984985,0.01121670673,0.00559265591058
1585,1.01057058323,0.0105151052324,0.00524375587606
1586,1.00997452183,0.00992510461967,0.00495025919061
1587,1.00913392665,0.00909246462904,0.00453591384304
1588,1.01055567289,0.0105003507435,0.00523641728902
1589,1.00990280872,0.00985409723704,0.00491493062463
1590,1.00971156791,0.00966471373734,0.00482069981679
1591,1.01127491726,0.0112118291452,0.00559023075457
1592,1.01051947264,0.0104645279758,0.00521859953707
1593,1.01047451875,0.010420041071,0.00519647191822
1594,1.00991852564,0.00986965991685,0.00492267368966
1595,1.01070815918,0.0106512328644,0.00531146047788
1596,1.01120224394,0.0111399634938,0.00555449815967
1597,1.01054522767,0.0104900145771,0.00523127625477
1598,1.00868299302,0.00864551263624,0.00431342665515
1599,1.01061456141,0.0105586224521,0.00526540015357
1600,1.00882693557,0.00878820591254,0.00438446301068
1601,1.01010744504,0.010056706418,0.00501573220416
1602,1.00943309143,0.0093888776569,0.00468343717276
1603,1.01028027764,0.0102277949678,0.00510084377142
1604,1.01005122873,0.0100010510833,0.00498804372767
1605,1.00989945665,0.00985077802622,0.00491327917469
1606,1.01048658788,0.0104319850141,0.00520241283889
1607,1.01022870647,0.0101767472698,0.00507544979153
1608,1.01087849079,0.0108197456612,0.00539526582116
1609,1.01152737349,0.0114614395286,0.00571433051213
1610,1.00968719121,0.00964057120763,0.00480868667137
1611,1.01032914429,0.0102761631962,0.00512490423528
1612,1.01128627342,0.0112230586356,0.00559581409638
1613,1.00959595768,0.00955020891477,0.00476372177114
1614,1.01096100314,0.0109013667305,0.00543585534385
1615,1.01230011266,0.0122250809163,0.00609389688861
1616,1.01026301794,0.0102107107525,0.00509234519941
1617,1.01006938996,0.0100190314215,0.00499698901321
1618,1.00819746686,0.00816405012563,0.00407370492336
1619,1.01219446169,0.0121207082218,0.00604202720611
1620,1.01218422879,0.0121105985549,0.00603700290141
1621,1.01028725386,0.0102347001807,0.00510427876072
1622,1.01030032091,0.0102476340897,0.00511071268531
1623,1.00969589827,0.00964919469734,0.00481297767314
1624,1.01071125789,0.0106542987448,0.00531298527477
1625,1.01067561016,0.0106190281735,0.00529544353044
1626,1.01121691628,0.0111544731884,0.00556171268376
1627,1.00887534671,0.00883619232231,0.00440835073168
1628,1.01026541695,0.010213085389,0.00509352647074
1629,1.01028079585,0.0102283079083,0.00510109893344
1630,1.01040945799,0.0103556526519,0.00516444448943
1631,1.01167940688,0.011611729053,0.00578904306518
1632,1.00894615921,0.00890637940278,0.00444328895422
1633,1.01120363688,0.0111413410053,0.0055551830895
1634,1.01108355266,0.0110225802033,0.00549613080422
1635,1.01117666372,0.0111146663352,0.00554191975733
1636,1.01329027103,0.0132027301559,0.00657962393423
1637,1.0096436391,0.00959743601633,0.00478722255606
1638,1.0107534181,0.0106960112783,0.00533373051616
1639,1.00968675969,0.00964014383092,0.00480847401055
1640,1.01185006834,0.0117804060735,0.00587288980036
1641,1.01029456131,0.010241933192,0.00510787680021
1642,1.01151260533,0.0114468395623,0.00570707221699
1643,1.0093293374,0.00928608791148,0.00463228169015
1644,1.01233315571,0.0122577219355,0.00611011781034
1645,1.01189796308,0.0118277387845,0.00589641688755
1646,1.01072547647,0.0106683665405,0.00531998177703
1647,1.01013579069,0.0100847680412,0.00502969254305
1648,1.01125911735,0.011196205274,0.00558246245916
1649,1.01030543195,0.0102526930131,0.00511322921644
1650,1.01042235376,0.0103684154852,0.00517079292936
1651,1.01085711892,0.0107986035582,0.00538475174771
1652,1.01091521291,0.0108560719443,0.00541333080366
1653,1.0108290954,0.0107708806412,0.00537096483416
1654,1.01112699612,0.0110655465137,0.0055174956557
1655,1.01241827949,0.0123418051278,0.00615190164902
1656,1.01068728209,0.0106305767524,0.00530118722591
1657,1.01150669433,0.0114409958237,0.00570416701879
1658,1.01184009361,0.011770548114,0.00586798975589
1659,1.01110780469,0.0110465660969,0.0055080577647
1660,1.00987166137,0.00982325482506,0.00489958509447
1661,1.00977326619,0.00972581672746,0.00485110356782
1662,1.01108312867,0.0110221608622,0.00549592228604
1663,1.01041214929,0.0103583162186,0.00516576939399
1664,1.010034562,0.00998455006692,0.00497983433952
1665,1.01036797291,0.0103145941198,0.00514402103603
1666,1.01005953004,0.0100092697481,0.00499213255417
1667,1.01128828578,0.0112250485267,0.00559680347391
1668,1.01194841071,0.0118775920044,0.005921196211
1669,1.01028505212,0.0102325208566,0.00510319466004
1670,1.00890244341,0.00886305028465,0.00442172042341
1671,1.01198606883,0.0119148047903,0.00593969225974
1672,1.01062952198,0.0105734257735,0.00527276281435
1673,1.01045715973,0.0104028618422,0.00518792690284
1674,1.01121505842,0.0111526359295,0.00556079916303
1675,1.00925716066,0.00921457576118,0.00459669061092
1676,1.00998844378,0.00993888898726,0.00495711723268
1677,1.01009646549,0.0100458366786,0.0050103245796
1678,1.01091435458,0.0108552228803,0.00541290856971
1679,1.0102014766,0.0101497927444,0.00506204084161
1680,1.00913375212,0.00909229167247,0.004535827757
1681,1.0116082541,0.0115413952327,0.00575407912299
1682,1.01109939405,0.0110382478134,0.00550392152316
1683,1.00919291588,0.00915091821498,0.00456500764063
1684,1.01031913371,0.0102662549142,0.00511997547159
1685,1.01066908764,0.0106125745358,0.00529223379385
1686,1.01113408965,0.0110725619574,0.0055209840176
1687,1.01033793622,0.0102848652077,0.00512923293313
1688,1.01146788541,0.0114026276533,0.00568509217983
1689,1.01016509497,0.0101137778585,0.0050441243918
1690,1.00903414931,0.00899358550805,0.00448669731952
1691,1.0103339829,0.0102809523347,0.00512728652974
1692,1.01102326396,0.0109629506179,0.0054664794355
1693,1.00997163858,0.0099222498481,0.00494883886974
1694,1.00918600022,0.00914406553406,0.0045615969356
1695,1.01113482807,0.0110732922434,0.00552134714457
1696,1.0101448353,0.0100937218617,0.0050341469258
1697,1.00904334111,0.00900269496761,0.00449123160327
1698,1.00987712998,0.0098286699703,0.00490227939746
1699,1.00897460378,0.00893457136611,0.00445732220446
1700,1.01054292551,0.0104877364379,0.00523014314331
1701,1.01020445677,0.010152742813,0.00506350840814
1702,1.01134458047,0.0112807132896,0.00562447969784
1703,1.00939157786,0.00934775117685,0.00466297002894
1704,1.01138831755,0.0113239588235,0.00564598061553
1705,1.01118816428,0.0111260397172,0.00554757491706
1706,1.01167840794,0.0116107416513,0.00578855222224
1707,1.00981101349,0.00976319798594,0.00486970335306
1708,1.01000540374,0.0099556810736,0.0049654716206
1709,1.01080912542,0.0107511244138,0.00536113972694
1710,1.01125342923,0.0111905804641,0.00557966575042
1711,1.01310378614,0.0130186742534,0.00648819728543
1712,1.01120412986,0.0111418285155,0.00555542549044
1713,1.00896289449,0.00892296615639,0.00445154544692
1714,1.01001916769,0.00996930857987,0.00497225151714
1715,1.01053749061,0.0104823582256,0.00522746809796
1716,1.01011509052,0.0100642753709,0.00501949769155
1717,1.01148510771,0.0114196545442,0.00569355718953
1718,1.01325328533,0.0131662288868,0.00656149321652
1719,1.01051001046,0.0104551642534,0.00521394209772
1720,1.00987783247,0.00982936559044,0.00490262550241
1721,1.00996721096,0.00991786593202,0.00494665775696
1722,1.00939645648,0.00935258439857,0.00466537536831
1723,1.00929525116,0.00925231617206,0.00461547389864
1724,1.01037260723,0.0103191808673,0.00514630260997
1725,1.0100497895,0.00999962617067,0.00498733482488
1726,1.00895260658,0.00891276958628,0.00444646984417
1727,1.01111241086,0.01105112165,0.00551032299258
1728,1.00901248207,0.00897211202738,0.00447600869431
1729,1.01154276942,0.011476659892,0.00572189717796
1730,1.01018181787,0.0101303323422,0.00505235984812
1731,1.01137808167,0.0113138381491,0.00564094883613
1732,1.01038698687,0.0103334127814,0.00515338192097
1733,1.00854337322,0.00850708513767,0.00424450906931
1734,1.01131445322,0.0112509235502,0.00560966849372
1735,1.01192789713,0.0118573204335,0.00591112039043
1736,1.01235152361,0.0122758658993,0.00611913432042
1737,1.01021784991,0.0101660005783,0.00507010370355
1738,1.01100825768,0.0109481078408,0.00545909858844
1739,1.01127116917,0.0112081228365,0.00558838795808
1740,1.01030898991,0.0102562146682,0.00511498103897
1741,1.01131072175,0.011247233821,0.00560783397652
1742,1.01236325311,0.0122874522215,0.00612489201575
1743,1.01040145966,0.0103477366866,0.00516050693978
1744,1.00925889095,0.00921629017457,0.00459754387694
1745,1.01027699167,0.0102245424361,0.00509922579958
1746,1.01015752647,0.0101062854946,0.00504039709905
1747,1.0119271353,0.0118565675803,0.00591074618889
1748,1.01145826175,0.0113931130525,0.00568036191387
1749,1.01001560368,0.00996577992022,0.00497049595846
1750,1.00959616134,0.00955041064272,0.00476382215462
1751,1.0097985194,0.00975082520929,0.00486354707157
1752,1.01086098363,0.0108024267566,0.0053866530516
1753,1.01138928874,0.0113249190824,0.00564645803403
1754,1.00969548293,0.00964878334445,0.0048127729866
1755,1.01086281361,0.0108042370695,0.00538755333189
1756,1.01235424893,0.0122785579653,0.00612047211598
1757,1.01060125497,0.0105454556808,0.00525885141055
1758,1.01075468296,0.0106972626779,0.00533435287843
1759,1.01049363615,0.0104389601176,0.00520588224089
1760,1.00934732289,0.0093039070101,0.00464114992841
1761,1.0115050139,0.0114393345077,0.00570334109865
1762,1.01036640595,0.0103130432356,0.0051432495825
1763,1.01131587399,0.0112523284169,0.00561036698638
1764,1.01195722228,0.0118862994973,0.0059255241686
1765,1.01097997444,0.0109201321623,0.0054451870129
1766,1.00949848432,0.00945365735621,0.0047156748045
1767,1.01067791488,0.0106213085533,0.00529657768191
1768,1.01118292929,0.0111208626301,0.00554500073031
1769,1.01174359973,0.0116751788178,0.00582058379053
1770,1.01195408311,0.0118831974161,0.00592398231754
1771,1.01160770808,0.0115408554741,0.00575381079658
1772,1.00918097607,0.00913908709735,0.00455911906897
1773,1.00982941863,0.00978142414589,0.00487877201372
1774,1.01049949911,0.010444762179,0.00520876816497
1775,1.01238515443,0.0123090858445,0.00613564251731
1776,1.011041028,0.0109805208201,0.00547521647465
1777,1.00897162315,0.00893161723873,0.00445585172343
1778,1.00966464116,0.00961823725604,0.00479757333201
1779,1.00915342256,0.00911178388788,0.00454552961076
1780,1.01210500847,0.0120323287906,0.00599810351552
1781,1.01065716359,0.0106007762919,0.00528636587411
1782,1.01117980714,0.0111177750052,0.00554346547712
1783,1.0086991884,0.00866156847513,0.00432141991467
1784,1.01087486343,0.0108161573337,0.00539348133576
1785,1.00973731798,0.00969021582281,0.00483338930967
1786,1.01017646593,0.0101250343305,0.00504972422252
1787,1.01158358083,0.0115170047863,0.00574195399813
1788,1.00925380648,0.00921125233281,0.00459503653375
1789,1.01057425189,0.0105187355108,0.00524556149547
1790,1.0134945951,0.0134043539945,0.0066797675011
1791,1.01043471988,0.0103806539761,0.00517688051487
1792,1.0121824442,0.0121088354489,0.00603612666999
1793,1.00962664992,0.00958060897027,0.00477884927522
1794,1.01098084538,0.0109209936454,0.00544561540886
1795,1.00945501114,0.00941059228662,0.0046942435794
1796,1.01123793382,0.0111752573786,0.00557204692733
1797,1.00983557185,0.00978751744927,0.00488180379687
1798,1.01077505492,0.0107174176721,0.00534437656812
1799,1.00989877434,0.00985010240201,0.0049129430223
1800,1.01191627162,0.0118458318906,0.00590541005768
1801,1.00969714156,0.00965042604321,0.00481359038267
1802,1.01053222638,0.0104771488697,0.00522487703254
1803,1.01164730888,0.0115800011089,0.00577327080525
1804,1.00822132631,0.00818771530297,0.00408548923984
1805,1.0079188222,0.00788763287037,0.00393604980456
1806,1.01228646277,0.0122115967884,0.00608719588751
1807,1.01008896408,0.0100384102201,0.00500662994797
1808,1.01009426023,0.0100436534596,0.00500923843881
1809,1.00957498042,0.00952943082266,0.0047533821619
1810,1.01158626984,0.0115196630003,0.00574327547261
1811,1.01133597278,0.0112722021254,0.00562024804219
1812,1.01028100333,0.0102285132746,0.00510120109276
1813,1.01102158795,0.010961292874,0.00546565509422
1814,1.00935300355,0.00930953504143,0.00464395087987
1815,1.0112203903,0.0111579086652,0.00556342086714
1816,1.01031908252,0.0102662042484,0.00511995026837
1817,1.01087450358,0.0108158013517,0.00539330430475
1818,1.01122070892,0.0111582237544,0.00556357753524
1819,1.01016002282,0.0101087567381,0.00504162649202
1820,1.01152549404,0.0114595814987,0.00571340680546
1821,1.01042362792,0.0103696765015,0.00517142017708
1822,1.00915479687,0.00911314573014,0.00454620743652
1823,1.01144906049,0.0113840159925,0.00567583921091
1824,1.01047929319,0.0104247660046,0.0051988221058
1825,1.0094954968,0.00945069793758,0.00471420207192
1826,1.00954355103,0.00949829903329,0.00473789013729
1827,1.01131217,0.0112486658738,0.0056085459873
1828,1.0106828528,0.0106261942908,0.00529900760882
1829,1.00986632592,0.00981797151625,0.0048969563796
1830,1.00862870302,0.00859168853218,0.00428663032572
1831,1.01197450719,0.0119033800268,0.00593401379158
1832,1.010214353,0.0101625390297,0.00506838170297
1833,1.0101153546,0.0100645368029,0.00501962775142
1834,1.01013709495,0.0100860592156,0.00503033488291
1835,1.0110901379,0.0110290932351,0.00549936941662
1836,1.01073773347,0.0106804933967,0.0053260129295
1837,1.0109944642,0.0109344644581,0.00545231411426
1838,1.01214359753,0.0120704555869,0.0060170523888
1839,1.01046639935,0.0104120057963,0.00519247515041
1840,1.01205034215,0.0119783148368,0.00597125816674
1841,1.01005585991,0.0100056361637,0.00499032482996
1842,1.01076691788,0.0107093673447,0.00534037290833
1843,1.01110934072,0.011048085248,0.00550881315619
1844,1.01183376089,0.011764289475,0.00586487879431
1845,1.01043136151,0.0103773302821,0.00517522726966
1846,1.00997301457,0.00992361224417,0.00494951669641
1847,1.01325815925,0.0131710390506,0.00656388251464
1848,1.01005427102,0.0100040630888,0.0049895422173
1849,1.0122871093,0.0122122354704,0.00608751328454
1850,1.00948489413,0.00944019494856,0.0047089753203
1851,1.00966708077,0.00962065351284,0.0047987756636
1852,1.01046306443,0.0104087054202,0.00519083352955
1853,1.01016527846,0.0101139595085,0.00504421475865
1854,1.01061393533,0.010558002944,0.00526509203051
1855,1.01001524771,0.00996542748641,0.00497032061743
1856,1.00958638136,0.00954072357417,0.00475900168241
1857,1.00998911404,0.00993955261669,0.00495744740249
1858,1.00948151833,0.0094368508586,0.00470731114754
1859,1.00918349327,0.00914158139539,0.00456036053131
1860,1.01066573718,0.010609259435,0.00529058501424
1861,1.0103444842,0.0102913461698,0.00513245678777
1862,1.011258271,0.0111953683479,0.00558204633205
1863,1.0094021491,0.00935822400533,0.00466818201229
1864,1.01047592788,0.0104214355872,0.00519716555285
1865,1.01193239261,0.0118617629096,0.00591332849605
1866,1.01194975707,0.0118789224666,0.00592185750289
1867,1.01142619998,0.0113614139909,0.00566460228928
1868,1.00978524863,0.00973768312863,0.00485700796832
1869,1.01108081124,0.0110198688304,0.00549478256791
1870,1.01073819144,0.0106809464991,0.00532623827406
1871,1.01229069073,0.0122157734188,0.00608927148855
1872,1.01035811562,0.0103048379328,0.00513916802372
1873,1.01017784492,0.0101263994304,0.00505040332552
1874,1.01025741869,0.0102051683743,0.00508958811838
1875,1.01029221656,0.0102396123293,0.00510672229556
1876,1.00927501404,0.00923226522934,0.00460549464956
1877,1.01074307119,0.0106857743969,0.00532863936279
1878,1.00887147697,0.00883235661433,0.00440644133042
1879,1.00971172327,0.00966486760933,0.00482077638189
1880,1.0113713961,0.0113072277681,0.00563766228465
1881,1.0089248567,0.00888526555535,0.00443277888249
1882,1.01005828795,0.0100080400293,0.00499152076403
1883,1.01055565635,0.0105003343716,0.00523640914594
1884,1.00968853611,0.00964190320699,0.00480934946824
1885,1.01012831737,0.0100773696825,0.0050260119626
1886,1.01000035596,0.00995068329146,0.0049629851346
1887,1.01129129969,0.0112280287904,0.00559828526468
1888,1.010212193,0.0101604008694,0.00506731804075
1889,1.00943976205,0.00939548591609,0.00468672582224
1890,1.01230450181,0.012229416724,0.00609605157911
1891,1.01062704932,0.0105709791182,0.00527154593628
1892,1.01061516664,0.010559221319,0.00526569801038
1893,1.01248242793,0.0124051647166,0.00618338605376
1894,1.01155167978,0.0114854685429,0.00572627629268
1895,1.01184646928,0.0117768491601,0.00587112178673
1896,1.00958764541,0.0095419756178,0.00475962472479
1897,1.00864359597,0.00860645397097,0.00429398137099
1898,1.01080496244,0.0107470059378,0.00535909152668
1899,1.01064347402,0.0105872309748,0.00527962899553
1900,1.01068177583,0.0106251286968,0.00529847763499
1901,1.01156058812,0.0114942751109,0.00573065435263
1902,1.01243777225,0.0123610586034,0.00616146911803
1903,1.01129420108,0.0112308977816,0.00559971172853
1904,1.01158501415,0.0115184216938,0.00574265838373
1905,1.01162963085,0.011562526458,0.00576458388479
1906,1.00856791223,0.00853141598811,0.00425662278458
1907,1.00990827391,0.0098595088161,0.00491762311174
1908,1.01093452583,0.0108751761513,0.00542283115306
1909,1.00829344628,0.00825924462744,0.004121107149
1910,1.0108495087,0.0107910750474,0.00538100775483
1911,1.01019226528,0.0101406744046,0.00505750474007
1912,1.01160967439,0.0115427992196,0.00575477707686
1913,1.01097785896,0.0109180396575,0.005444146457
1914,1.01010158441,0.0100509044239,0.00501284575352
1915,1.01041041425,0.0103565990604,0.00516491524975
1916,1.01090352814,0.0108445132655,0.00540758273309
1917,1.01115635427,0.0110945811685,0.00553193277902
1918,1.00980524424,0.00975748477389,0.0048668606538
1919,1.01086330447,0.0108047226566,0.00538779481732
1920,1.01119648514,0.0111342684712,0.00555166646086
1921,1.01015671764,0.0101054848002,0.00503999876967
1922,1.00978138835,0.00973386024873,0.00485510581043
1923,1.00940824186,0.00936426000018,0.00467118591663
1924,1.00990852277,0.00985975523579,0.00491774571568
1925,1.01133749816,0.011273710407,0.00562099794423
1926,1.01068194622,0.010625297291,0.00529856148545
1927,1.01244157054,0.0123648102221,0.00616333336789
1928,1.00908680091,0.00904576433719,0.00451266933998
1929,1.01097629623,0.0109164938942,0.00544337778274
1930,1.01034030212,0.0102872068953,0.00513039777073
1931,1.01066539369,0.0106089195648,0.00529041597816
1932,1.01052227828,0.0104673044025,0.00521998050492
1933,1.01038486069,0.0103313084552,0.00515233517955
1934,1.01089926663,0.0108402977103,0.00540548635128
1935,1.01074840338,0.0106910498979,0.00533126305424
1936,1.01029990443,0.0102472218518,0.00511050761975
1937,1.01129531853,0.0112320027531,0.00560026112035
1938,1.0094977498,0.00945292974598,0.0047153127149
1939,1.00995449474,0.00990527512854,0.0049403934767
1940,1.01079027434,0.0107324747355,0.00535186483632
1941,1.00893921268,0.0088994944452,0.00443986176546
1942,1.01146291628,0.0113977148468,0.0056826497385
1943,1.00989192024,0.00984331546793,0.00490956622144
1944,1.01185245562,0.0117827653933,0.00587406253156
1945,1.01009072733,0.0100401558553,0.00500749839531
1946,1.01119334829,0.0111311663516,0.00555012401081
1947,1.01113688312,0.0110753246583,0.00552235774071
1948,1.01124893665,0.0111861378658,0.00557745684289
1949,1.01043797947,0.0103838799008,0.00517848512581
1950,1.01211641316,0.0120435970116,0.00600370381626
1951,1.01052857499,0.010473535535,0.00522307980315
1952,1.00954544434,0.00950017444195,0.00473882339844
1953,1.01078456795,0.0107268292535,0.00534905719825
1954,1.01034864058,0.0102954599838,0.0051345031357
1955,1.01113863954,0.0110770617364,0.00552322148299
1956,1.010382123,0.0103285989019,0.00515098738224
1957,1.00821150604,0.00817797505776,0.00408063900226
1958,1.01096752331,0.0109078161912,0.00543906253989
1959,1.01125224044,0.0111894048987,0.00557908124716
1960,1.0116350002,0.0115678340658,0.00576722238709
1961,1.01037417962,0.0103207371195,0.00514707673132
1962,1.00948215026,0.00943747685163,0.00470762267063
1963,1.00959492829,0.00954918931009,0.00476321439723
1964,1.01058062746,0.0105250443511,0.00524869936395
1965,1.01011336729,0.0100625693925,0.00501864898359
1966,1.01154696139,0.0114808040251,0.00572395738621
1967,1.00959472383,0.00954898678946,0.00476311361923
1968,1.01085984043,0.010801295835,0.00538609063657
1969,1.01213224521,0.012059239411,0.00601147802938
1970,1.01285196174,0.0127700761312,0.00636469702587
1971,1.01019884096,0.0101471837128,0.00506074292849
1972,1.01261453037,0.0125356300132,0.00624821322892
1973,1.01155669885,0.011490430282,0.00572874295302
1974,1.00885573914,0.00881675705281,0.00439867588866
1975,1.01142117621,0.0113564469701,0.0056621328439
1976,1.00859501983,0.00855829294271,0.00427000396944
1977,1.01087570722,0.0108169920444,0.00539389644003
1978,1.01026629658,0.0102139560824,0.00509395959989
1979,1.0104551472,0.0104008701374,0.00518693621635
1980,1.0113866944,0.011322353955,0.00564518271145
1981,1.01217936457,0.0121057928743,0.00603461456421
1982,1.00874553299,0.00870751233279,0.00434429230944
1983,1.00992105858,0.00987216797993,0.00492392154723
1984,1.00975555552,0.00970827731836,0.00484237636774
1985,1.00939886831,0.00935497377158,0.00466656448045
1986,1.01096015132,0.0109005241493,0.00543543634324
1987,1.01161099745,0.011544107101,0.00575542725409
1988,1.01149713014,0.011431540392,0.0056994662595
1989,1.01071892227,0.010661881873,0.0053167566872
1990,1.0108285054,0.0107702969676,0.00537067456474
1991,1.01152019789,0.011454345685,0.00571080385235
1992,1.00925753769,0.00921494933231,0.00459687653787
1993,1.01047730519,0.0104227986183,0.00519784352621
1994,1.01036333684,0.0103100056087,0.00514173857955
1995,1.01060712626,0.0105512653693,0.00526174097444
1996,1.01061598784,0.0105600339019,0.00526610216234
1997,1.00982266041,0.00977473168443,0.00487544210291
1998,1.00944685787,0.0094025153554,0.00469022406322
1999,1.01051713082,0.0104622105382,0.00521744686447
2000,1.01128404862,0.0112208586615,0.00559472026406
2001,1.01023317608,0.0101811716167,0.00507765073475
2002,1.01036858029,0.0103151952602,0.00514432006002
2003,1.0117523585,0.0116838358787,0.00582488711709
2004,1.0101211378,0.010070262076,0.00502247601455
2005,1.0095247423,0.00947966792859,0.00472861867782
2006,1.01026736186,0.0102150105399,0.00509448414282
2007,1.01000935332,0.00995959151821,0.00496741713241
2008,1.01070455605,0.0106476679071,0.00530968746521
2009,1.01046849467,0.0104140794147,0.00519350657549
2010,1.01183832163,0.0117687968632,0.00586711926825
2011,1.00874801108,0.00870996893219,0.0043455152723
2012,1.01217941436,0.0121058420708,0.00603463901399
2013,1.01066044616,0.0106040242339,0.00528798125892
2014,1.01165257767,0.011585209229,0.00577585982794
2015,1.01138241627,0.0113181239806,0.00564307966153
2016,1.01103892943,0.0109784451614,0.00547418432713
2017,1.01167219939,0.0116046047432,0.00578550152542
2018,1.01181033572,0.0117411380047,0.00585337088283
2019,1.01185904697,0.0117892795136,0.00587730045424
2020,1.01113237797,0.0110708691188,0.00552014227101
2021,1.00949588894,0.00945108639372,0.00471439538434
2022,1.01105708438,0.0109964017313,0.00548311342321
2023,1.01090489711,0.0108458674705,0.00540825617391
2024,1.01027399431,0.0102215755568,0.00509774992324
2025,1.01125693677,0.0111940489714,0.00558139032603
2026,1.01148179464,0.0114163790857,0.00569192878344
2027,1.00982760952,0.00977963264164,0.00487788063136
2028,1.01069336661,0.0106365969176,0.00530418134696
2029,1.0103348076,0.0102817685905,0.00512769256498
2030,1.0103914003,0.0103377808326,0.00515555468911
2031,1.0110616856,0.0110009526168,0.00548537638687
2032,1.00977756347,0.0097300724056,0.00485322108227
2033,1.01258396266,0.0125054426438,0.00623321373959
2034,1.00925075775,0.0092082315566,0.0045935330848
2035,1.01033771663,0.0102846478612,0.00512912481729
2036,1.00968888837,0.00964225208251,0.00480952306706
2037,1.01135852833,0.0112945046038,0.00563133654682
2038,1.00883402929,0.00879523754305,0.00438796340482
2039,1.01149006,0.011424550592,0.00569599127248
2040,1.01006949366,0.0100191340935,0.00499704009267
2041,1.00870485872,0.00866718987898,0.00432421846644
2042,1.01139601492,0.0113315694983,0.00564976446087
2043,1.01055169683,0.0104964162018,0.00523446031771
2044,1.01149981391,0.0114341936494,0.00570078532625
2045,1.01181899391,0.0117496950916,0.0058576243733
2046,1.01047159006,0.0104171427295,0.00519503027702
2047,1.0115372879,0.0114712409103,0.0057192031869
2048,1.01001117589,0.00996139602918,0.00496831490561
2049,1.0091366497,0.00909516302467,0.0045372569201
2050,1.00916635016,0.009124594148,0.0045519056057
2051,1.01028514434,0.0102326121354,0.00510324006652
2052,1.01216627309,0.0120928588448,0.00602818655462
2053,1.01209426453,0.0120217132983,0.00599282759177
2054,1.01107414019,0.011013270872,0.00549150171049
2055,1.01061049622,0.0105545999444,0.0052633994878
2056,1.01128549674,0.011222290617,0.00559543223587
2057,1.00862462817,0.0085876485365,0.00428461898483
2058,1.00927539358,0.00923264127251,0.00460568180519
2059,1.01056627915,0.0105108461609,0.00524163750484
2060,1.01075892748,0.0107014620344,0.00533644135408
2061,1.01130970946,0.0112462328527,0.00560733629884
2062,1.00982570904,0.00977775065734,0.00487694422882
2063,1.00919038318,0.00914840859013,0.00456375855565
2064,1.01095786082,0.010898258482,0.00543430966638
2065,1.01045437528,0.0104001062039,0.00518655623077
2066,1.01044182826,0.0103876889165,0.00518037976939
2067,1.01127633566,0.0112132317306,0.00559092812664
2068,1.01168518771,0.0116174431314,0.00579188356081
2069,1.00991389321,0.00986507297478,0.00492039150602
2070,1.01228118697,0.0122063850131,0.006084605859
2071,1.00854643232,0.00851011832537,0.00424601922481
2072,1.00970463392,0.00965784642397,0.00481728270686
2073,1.01030862226,0.0102558507703,0.00511480002066
2074,1.00924957759,0.0092070622126,0.00459295109834
2075,1.00890284153,0.0088634448922,0.00442191685475
2076,1.00947770344,0.00943307179166,0.00470543050692
2077,1.01064995088,0.010593639612,0.00528281639139
2078,1.00900758866,0.00896726231122,0.00447359468698
2079,1.01041697623,0.0103630934087,0.00516814564727
2080,1.01033722022,0.0102841565288,0.00512888041109
2081,1.01095958123,0.0108999602337,0.00543515591798
2082,1.00946148066,0.009417001197,0.00469743298699
2083,1.00980345724,0.00975571512097,0.00486598013327
2084,1.01058441546,0.0105287926835,0.00525056369149
2085,1.01187027922,0.0118003800595,0.00588281809124
2086,1.01069700663,0.0106401984105,0.00530597254033
2087,1.01143756212,0.0113726477156,0.00567018731863
2088,1.01124864076,0.0111858452728,0.00557731136234
2089,1.01043307869,0.0103790297286,0.00517607259504
2090,1.01056350235,0.0105080983873,0.00524027081848
2091,1.01139781235,0.0113333466687,0.00565064802537
2092,1.01172970231,0.0116614426077,0.00581375563843
2093,1.00984214664,0.00979402818111,0.00488504326546
2094,1.01030183525,0.0102491329906,0.00511145830522
2095,1.0101919001,0.0101403129058,0.00505732490483
2096,1.01008033138,0.0100298637053,0.00500237807613
2097,1.01033119826,0.0102781961665,0.00512591551052
2098,1.00910576806,0.00906456051782,0.00452202497586
2099,1.00957297961,0.00952744898457,0.00475239595259
2100,1.01044140836,0.0103872733557,0.00518017306534
2101,1.01116624114,0.0111043589038,0.00553679458989
2102,1.01194524032,0.0118744590493,0.00591963900763
2103,1.01186788699,0.0117980158956,0.00588164296258
2104,1.01235232045,0.0122766530165,0.00611952547072
2105,1.01179592045,0.0117268908973,0.00584628900071
2106,1.00980709569,0.00975931824655,0.00486777292808
2107,1.0099203948,0.00987151071272,0.00492359453174
2108,1.011265901,0.011202913375,0.00558579778021
2109,1.01201152068,0.0119399548671,0.0059521925277
2110,1.01202577552,0.0119540404224,0.00595919336075
2111,1.0120668256,0.0119946018848,0.00597935303069
2112,1.01075100504,0.0106936238903,0.00533254318829
2113,1.01104914023,0.0109885444278,0.00547920630502
2114,1.01162133349,0.0115543244465,0.00576050651124
2115,1.01222642597,0.0121522869192,0.00605772103126
2116,1.01125514183,0.0111922740023,0.00558050779445
2117,1.01257094899,0.0124925906206,0.00622682776217
2118,1.01302112895,0.0129370828434,0.00644766544426
2119,1.00998545633,0.00993593107782,0.00495564560822
2120,1.01077094871,0.0107133552332,0.0053423562022
2121,1.00973164062,0.00968459319449,0.00483059157975
2122,1.01206927648,0.0119970235409,0.00598055661804
2123,1.00910064344,0.00905948212848,0.00451949726028
2124,1.01069307174,0.0106363051598,0.00530403624181
2125,1.01146492056,0.0113996964147,0.00568363489166
2126,1.00999032916,0.00994075571577,0.0049580459697
2127,1.01096496556,0.0109052861852,0.00543780441651
2128,1.01043664676,0.0103825609532,0.00517782906686
2129,1.01042687484,0.0103728899181,0.00517301857517
2130,1.01132194271,0.0112583292205,0.00561335055039
2131,1.01031388595,0.0102610607431,0.00511739167971
2132,1.011058533,0.0109978345,0.00548382587926
2133,1.0109141341,0.0108550047753,0.00541280010746
2134,1.0107180232,0.0106609923285,0.00531631427957
2135,1.01098980333,0.0109298542632,0.00545002158226
2136,1.01130038603,0.0112370136422,0.00560275253064
2137,1.01093673855,0.0108773649389,0.00542391961157
2138,1.01020287846,0.0101511804429,0.00506273117832
2139,1.01049891915,0.0104441882423,0.00520848269135
2140,1.01124292038,0.0111801885056,0.00557449874955
2141,1.00915398646,0.00911234266761,0.00454580773062
2142,1.01067694425,0.0106203481737,0.00529610003533
2143,1.0096760622,0.00962954891624,0.00480320201193
2144,1.00996219778,0.00991290221257,0.00494418817108
2145,1.00990075326,0.00985206192166,0.00491391796814
2146,1.0096759471,0.00962943491852,0.00480314528685
2147,1.01089815423,0.0108391973065,0.00540493912334
2148,1.01208946957,0.0120169756226,0.00599047294715
2149,1.01053597645,0.0104808598533,0.0052267228279
2150,1.01070597915,0.0106490759337,0.00531038774017
2151,1.01097732809,0.0109175145572,0.00544388533616
2152,1.00986439221,0.00981605670465,0.00489600366172
2153,1.01095508957,0.0108955172661,0.00543294650585
2154,1.01123377641,0.0111711461594,0.00557000276958
2155,1.00937391792,0.00933025539418,0.00465426289068
2156,1.00909952033,0.00905836914281,0.00451894328236
2157,1.01103032961,0.0109699392009,0.00546995461945
2158,1.01081990784,0.0107617914685,0.00536644464633
2159,1.01211211124,0.0120393465825,0.00600159135862
2160,1.01216969371,0.0120962383398,0.00602986611459
2161,1.01162013954,0.0115531442133,0.00575991979387
2162,1.01155744748,0.0114911703586,0.0057291108714
2163,1.0092356599,0.00919327197917,0.00458608762689
2164,1.01060786881,0.0105520001168,0.00526210641514
2165,1.01022578212,0.01017385252,0.00507400976164
2166,1.01004048055,0.00999040980147,0.00498274961227
2167,1.01168880365,0.0116210173,0.00579366029292
2168,1.01000887315,0.00995911611004,0.00496718060907
2169,1.00886871301,0.0088296169593,0.00440507753804
2170,1.01067623884,0.0106196502135,0.0052957529034
2171,1.01075083168,0.0106934523728,0.00533245788683
2172,1.009112153,0.00907088781677,0.00452517431425
2173,1.01070267084,0.0106458026631,0.0053087597947
2174,1.01086448644,0.0108058919288,0.00538837630338
2175,1.01171595548,0.0116478550691,0.00580700134352
2176,1.01007668283,0.0100262515632,0.0050005810381
2177,1.01024909895,0.0101969330661,0.00508549141302
2178,1.01063932389,0.0105831245519,0.00527758662217
2179,1.01156600698,0.0114996320309,0.00573331745969
2180,1.01062841334,0.0105723288022,0.00527221722059
2181,1.01117725749,0.0111152535405,0.00554221173283
2182,1.01140255306,0.011338033944,0.00565297841723
2183,1.00962643165,0.00958039277862,0.00477874169596
2184,1.0095330142,0.00948786175019,0.00473269620754
2185,1.01003456299,0.00998455105321,0.00497983483021
2186,1.01006967846,0.0100193170468,0.00499713111222
2187,1.00888967932,0.00885039874288,0.0044154226034
2188,1.01104365699,0.0109831210937,0.00547650949211
2189,1.01026769405,0.0102153393476,0.0050946477091
2190,1.01088569029,0.0108268676569,0.00539880760014
2191,1.01005161619,0.0100014346831,0.00498823457083
2192,1.01063321291,0.0105770778807,0.00527457923794
2193,1.01189735831,0.0118271411287,0.00589611982161
2194,1.01232470339,0.0122493725599,0.0061059686217
2195,1.01052054812,0.0104655922614,0.0052191289027
2196,1.01014888483,0.0100977307159,0.00503614126035
2197,1.00987637648,0.00982792383918,0.0049019081607
2198,1.01161640771,0.0115494552473,0.00575808593322
2199,1.01118949898,0.0111273596496,0.00554823122186
2200,1.01148604117,0.0114205774002,0.00569401599025
2201,1.01014882271,0.0100976692154,0.00503611066493
2202,1.01098356484,0.0109236835701,0.00544695304619
2203,1.00985251507,0.00980429550467,0.00489015183597
2204,1.00894741253,0.00890762161361,0.00444390729969
2205,1.01064699692,0.0105907167692,0.00528136268934
2206,1.01228911078,0.0122142126531,0.00608849585734
2207,1.01056891497,0.0105134544201,0.0052429347978
2208,1.01140208066,0.0113375668686,0.00565274619966
2209,1.0114473727,0.0113823473032,0.00567500960153
2210,1.0104105884,0.0103567714118,0.00516500098037
2211,1.01077204526,0.0107144400986,0.00534289573689
2212,1.00964073026,0.00959455495385,0.00478578891994
2213,1.01355926137,0.0134681571975,0.00671145550184
2214,1.00797966779,0.00794799860548,0.00396611341714
2215,1.01172860424,0.0116603572661,0.00581321612243
2216,1.01176024066,0.0116916264482,0.00582875970473
2217,1.00932538094,0.00928216801987,0.00463033082146
2218,1.00965377524,0.00960747528918,0.00479221814984
2219,1.01107273935,0.0110118853684,0.0054908127627
2220,1.00927829451,0.00923551554485,0.00460711232134
2221,1.00899022998,0.00895005844719,0.0044650311997
2222,1.0121238823,0.0120509767145,0.00600737150814
2223,1.01069623668,0.0106394366165,0.00530559366431
2224,1.01194905234,0.0118782260642,0.00592151136363
2225,1.01147911284,0.0114137277217,0.00569061064627
2226,1.01054936671,0.0104941104104,0.00523331345611
2227,1.01079095005,0.0107331432383,0.00535219729876
2228,1.00933415522,0.00929086119491,0.00463465727343
2229,1.01130927894,0.011245807148,0.00560712464002
2230,1.0116576234,0.0115901968288,0.00577833922091
2231,1.01050537742,0.0104505793863,0.00521166161416
2232,1.0110727126,0.0110118589175,0.00549079960986
2233,1.01196568847,0.0118946656125,0.00592968243074
2234,1.00966940395,0.00962295445097,0.00479992061116
2235,1.00960887635,0.00956300471358,0.00477008917237
2236,1.01144878915,0.0113837477235,0.00567570583772
2237,1.01063191415,0.0105757927834,0.00527394007826
2238,1.01053307353,0.0104779871912,0.00522529400314
2239,1.00996628794,0.00991695201646,0.00494620305949
2240,1.0099557777,0.00990654543928,0.00494102549395
2241,1.0120965644,0.012023985685,0.00599395697545
2242,1.01165610824,0.0115886991215,0.00577759469412
2243,1.00966149942,0.00961512558871,0.00479602496137
2244,1.00998365216,0.00993414473703,0.00495475686366
2245,1.00961779296,0.00957183642532,0.0047744839545
2246,1.00930615201,0.00926311656524,0.00462084915625
2247,1.01232656128,0.012251207823,0.00610688064978
2248,1.00989245488,0.00984384486814,0.00490982962194
2249,1.01130727132,0.01124382197,0.0056061376161
2250,1.01133624898,0.0112724752275,0.00562038382576
2251,1.0102371986,0.0101851533769,0.00507963150388
2252,1.00997393089,0.00992451952318,0.00494996809051
2253,1.00974760035,0.00970039897686,0.00483845626422
2254,1.01236166275,0.0122858812815,0.00612411135633
2255,1.00857322893,0.00853668750461,0.00425924731995
2256,1.01105445428,0.0109938003842,0.00548181988055
2257,1.01190979506,0.0118394315768,0.00590222879392
2258,1.01021067108,0.0101588943284,0.00506656858702
2259,1.01019986874,0.0101482011144,0.00506124905478
2260,1.01076934399,0.0107117676092,0.00534156663069
2261,1.01024043928,0.0101883612166,0.00508122727514
2262,1.01179488216,0.0117258647139,0.00584577890856
2263,1.01184315186,0.0117735705716,0.00586949211564
2264,1.00995156789,0.00990237711837,0.00493895162922
2265,1.00904256867,0.00900192945289,0.0044908505649
2266,1.01096594084,0.0109062508867,0.0054382841442
2267,1.00876011391,0.00872196672852,0.00435148808424
2268,1.01090270201,0.0108436960473,0.00540717633353
2269,1.01142222321,0.0113574821453,0.00566264750073
2270,1.00995575181,0.00990651980119,0.00494101273824
2271,1.0098469185,0.00979875352258,0.00488739439167
2272,1.00992816424,0.00987920381073,0.00492742213453
2273,1.01023171759,0.0101797278985,0.00507693254077
2274,1.00934299676,0.00929962093325,0.00463901683387
2275,1.01064683919,0.0105905607073,0.00528128507051
2276,1.00987482018,0.00982638275568,0.00490114139578
2277,1.0097403488,0.009693217406,0.00483488284623
2278,1.0094235991,0.00937947398864,0.00467875734837
2279,1.01130513142,0.0112417060001,0.00560508556181
2280,1.01072970428,0.0106725494787,0.00532206211736
2281,1.01042060211,0.0103666819015,0.00516993061914
2282,1.00969747582,0.00965075709246,0.00481375511051
2283,1.01215761343,0.0120843032353,0.00602393452816
2284,1.01139836334,0.0113338914492,0.00565091887642
2285,1.00831266346,0.00827830355601,0.00413059729612
2286,1.01249879762,0.012421332458,0.00619141990628
2287,1.01055159863,0.010496319031,0.00523441198659
2288,1.00986851447,0.00982013868544,0.00489803465735
2289,1.0105597088,0.0105043444903,0.00523840370396
2290,1.01229107665,0.0122161546542,0.00608946094549
2291,1.01075680812,0.0106993652247,0.00533539854341
2292,1.00897190363,0.00893189522763,0.00445599009853
2293,1.00833656328,0.00830200605978,0.00414239952532
2294,1.00993622877,0.00988718902755,0.00493139506174
2295,1.00897386419,0.00893383835505,0.00445695733249
2296,1.00874941518,0.00871136085067,0.00434620820699
2297,1.01001327478,0.00996347411674,0.00496934878655
2298,1.00985992902,0.00981163709829,0.00489380467532
2299,1.01056142489,0.0105060426431,0.0052392483322
2300,1.01149524874,0.0114296803738,0.00569854155053
2301,1.00937952777,0.00933581313597,0.00465702882413
2302,1.00980574254,0.00975797823848,0.00486710618525
2303,1.01176994611,0.0117012190401,0.00583352803277
2304,1.00952613788,0.00948105034424,0.00472930661695
2305,1.01148593609,0.0114204735193,0.00569396434556
2306,1.01168502471,0.0116172820104,0.00579180346687
2307,1.01049657831,0.0104418717186,0.00520733046163
2308,1.0112255772,0.0111630379993,0.00556597126261
2309,1.00936510552,0.00932152479567,0.00464991789919
2310,1.00991632167,0.00986747758907,0.00492158789662
2311,1.01158044418,0.011513904051,0.00574041253145
2312,1.0100515797,0.0100013985594,0.00498821659912
2313,1.01137177044,0.0113075979041,0.00563784630927
2314,1.01011714723,0.0100663114882,0.00502051063957
2315,1.01024910342,0.010196937488,0.00508549361269
2316,1.01011135548,0.0100605777216,0.00501765814537
2317,1.01108263123,0.0110216688775,0.00549567764561
2318,1.01215114913,0.0120779165573,0.00602076042059
2319,1.01054360325,0.0104884071047,0.00523047672279
2320,1.01176607667,0.0116973946074,0.00583162696958
2321,1.0091806506,0.0091387645898,0.00455895855036
2322,1.01129864566,0.0112352927181,0.0056018968892
2323,1.01113273024,0.0110712175182,0.00552031550909
2324,1.00960827208,0.00956240619476,0.0047697913404
2325,1.00980970107,0.00976189831916,0.00486905668396
2326,1.00991748045,0.009868624991,0.0049221587739
2327,1.01089653317,0.010837593723,0.00540414166493
2328,1.00852663353,0.00849048711621,0.00423624524951
2329,1.01159955186,0.01153279281,0.00574980265197
2330,1.01087623342,0.0108175125796,0.00539415530375
2331,1.00947945281,0.00943480473597,0.00470629290157
2332,1.01019622772,0.0101445968577,0.00505945604581
2333,1.00947237011,0.009427788517,0.00470280129615
2334,1.01001305254,0.00996325407453,0.00496923931217
2335,1.00964035882,0.00959418706766,0.00478560585714
2336,1.01112007699,0.0110587035044,0.00551409302337
2337,1.01071796478,0.0106609345282,0.00531628553307
2338,1.01039943635,0.0103457342041,0.00515951086495
2339,1.01159135145,0.011524686404,0.00574577274588
2340,1.01041834902,0.0103644520462,0.00516882145499
2341,1.00949113012,0.00944637232473,0.00471204945908
2342,1.01014522531,0.0100941079531,0.00503433899969
2343,1.01075387506,0.0106964633727,0.00533395535763
2344,1.01075150382,0.010694117367,0.00533278861084
2345,1.01051886273,0.0104639244182,0.00521829933307
2346,1.00921039281,0.00916823580438,0.00457362687055
2347,1.01101072758,0.010950550845,0.0054603134215
2348,1.01034740439,0.0102942364567,0.00513389451306
2349,1.00993198229,0.00988298431745,0.00492930307204
2350,1.01027642775,0.0102239842484,0.00509894812885
2351,1.01105641735,0.0109957419962,0.0054827853643
2352,1.00996514003,0.0099158154381,0.00494563758102
2353,1.00872750995,0.00868964538126,0.00433539760357
2354,1.01104037931,0.0109798792081,0.00547489742512
2355,1.01327804768,0.0131906670494,0.00657363204827
2356,1.01154392038,0.0114777977192,0.00572246283612
2357,1.00982473632,0.00977678739796,0.00487646494789
2358,1.01029966279,0.010246982679,0.00511038864449
2359,1.01000507937,0.00995535992427,0.00496531184325
2360,1.01086412773,0.010805537069,0.0053881998295
2361,1.01076148156,0.0107039889161,0.00533769805184
2362,1.01073845227,0.0106812045654,0.00532636661996
2363,1.01101520797,0.010954982431,0.00546251711314
2364,1.01105672151,0.0109960428228,0.00548293495289
2365,1.01200875952,0.0119372264768,0.00595083645159
2366,1.01075085983,0.0106934802197,0.00533247173605
2367,1.01043298155,0.0103789335935,0.00517602477628
2368,1.01009437431,0.0100437664016,0.00500929462694
2369,1.01085414229,0.0107956588974,0.00538328734436
2370,1.01084518097,0.0107867937649,0.00537887863012
2371,1.009450629,0.00940625118576,0.00469208321572
2372,1.01093032249,0.0108710182632,0.00542076348067
2373,1.01139355979,0.0113291420231,0.00564855757987
2374,1.01223513074,0.0121608865111,0.00606199477107
2375,1.01118021892,0.0111181822375,0.00554366796454
2376,1.00931244192,0.00926934846059,0.00462395070077
2377,1.0111086384,0.0110473906427,0.00550846776671
2378,1.01126574188,0.0112027560248,0.00558571954457
2379,1.01197414013,0.0119030173124,0.00593383351055
2380,1.01078558698,0.0107278374063,0.00534955857819
2381,1.0094347111,0.00939048219152,0.00468423568238
2382,1.00952058286,0.00947554772551,0.0047265683156
2383,1.01097490889,0.0109151216156,0.00544269537811
2384,1.01218836926,0.0121146891764,0.00603903586255
2385,1.00974683226,0.00969963830518,0.00483807776855
2386,1.00943268263,0.00938847267396,0.00468323562963
2387,1.0116386139,0.0115714061962,0.00576899815009
2388,1.00959924724,0.00955346720211,0.0047653431527
2389,1.00986493831,0.00981659746885,0.00489627271999
2390,1.01097867005,0.0109188419407,0.00544454541466
2391,1.01333243043,0.0132443357251,0.00660028962937
2392,1.00994161182,0.00989251909891,0.00493404695155
2393,1.00988583645,0.00983729125099,0.0049065688966
2394,1.01076804807,0.0107104854972,0.00534092899874
2395,1.01106394267,0.0110031849917,0.005486486451
2396,1.01058777249,0.0105321145479,0.0052522159015
2397,1.0099402138,0.00989113484833,0.004933358241
2398,1.01075226849,0.0106948739018,0.00533316486098
2399,1.01090968767,0.0108506063409,0.00541061279182
2400,1.01047832653,0.0104238093655,0.00519834627283
2401,1.0085032668,0.0084673176776,0.0042247095391
2402,1.01092121205,0.0108620062879,0.00541628190877
2403,1.00948726177,0.00944254033938,0.00471014249283
2404,1.01044122221,0.0103870891345,0.00518008143189
2405,1.0107005485,0.0106437027944,0.00530771543367
2406,1.00949462769,0.00944983700614,0.00471377363541
2407,1.00910566993,0.0090644632723,0.00452197657297
2408,1.01069197576,0.0106352207818,0.00530349692848
2409,1.00976768557,0.00972029011103,0.0048483536609
2410,1.01090327529,0.0108442631447,0.00540745834899
2411,1.00971256774,0.00966570395173,0.0048211925371
2412,1.01111458924,0.0110532760839,0.00551139427311
2413,1.00885760425,0.0088186057942,0.00439959619292
2414,1.01074087942,0.0106836059187,0.00532756090063
2415,1.01214453184,0.0120713786954,0.00601751116574
2416,1.01135604272,0.011292046904,0.00563011461623
2417,1.00969689505,0.00965018190601,0.00481346890165
2418,1.01277487688,0.0126939664879,0.00632688369213
2419,1.01180688102,0.0117377236268,0.00585167368526
2420,1.00940228176,0.00935835543638,0.00466824742104
2421,1.00879013673,0.00875172839171,0.00436630405184
2422,1.0112945182,0.011231211362,0.00559986764073
2423,1.00895852636,0.00891863682444,0.00444939041472
2424,1.00976968835,0.00972227351079,0.00484934055218
2425,1.01082962871,0.0107714082379,0.00537122721563
2426,1.01096013061,0.0109005036606,0.00543542615457
2427,1.00976700406,0.00971961518977,0.00484801783634
2428,1.01202392742,0.0119522142791,0.00595828572982
2429,1.00935115289,0.00930770153421,0.0046430383832
2430,1.00992152146,0.00987262631188,0.00492414958478
2431,1.01108634216,0.0110253391192,0.00549750267954
2432,1.01059758806,0.0105418272288,0.00525704672364
2433,1.01180427466,0.0117351476754,0.00585039324553
2434,1.01090943482,0.0108503562216,0.00541048840879
2435,1.00964490796,0.00959869276161,0.00478784792035
2436,1.00983553989,0.0097874857989,0.00488178804894
2437,1.01049515813,0.0104404662959,0.00520663140928
2438,1.01177084021,0.0117021027459,0.00583396730803
2439,1.00906271557,0.00902189560049,0.00450078875659
2440,1.01060182254,0.0105460173024,0.00525913074457
2441,1.01133337909,0.0112696375024,0.00561897293675
2442,1.01034801864,0.0102948444108,0.0051341969295
2443,1.01169212058,0.0116242958997,0.00579529009387
2444,1.01013913989,0.0100880836295,0.00503134199763
2445,1.01015766826,0.0101064258545,0.00504046692526
2446,1.01116367596,0.0111018220476,0.00553553318403
2447,1.00969112533,0.00964446757579,0.00481062548536
2448,1.01045465431,0.0104003823493,0.00518669358734
2449,1.0099639487,0.00991463586411,0.00494505071072
2450,1.01081497751,0.0107569139027,0.00536401894809
2451,1.00883576388,0.00879695693848,0.00438881932985
2452,1.01206797114,0.0119957337693,0.00597991558882
2453,1.01025512302,0.0102028960087,0.00508845771763
2454,1.01161615718,0.0115492075969,0.00575796282104
2455,1.01018270186,0.0101312074244,0.00505279517852
2456,1.01039628927,0.0103426195122,0.00515796155295
2457,1.00957136878,0.00952585342718,0.00475160196493
2458,1.01361857325,0.0135266739035,0.00674051706355
2459,1.01096220076,0.0109025513659,0.00543644444161
2460,1.01066842379,0.0106119176914,0.00529190710972
2461,1.01111074113,0.0110494702714,0.00550950185275
2462,1.01110430951,0.0110431093099,0.00550633888982
2463,1.00906515492,0.00902431304211,0.00450199203648
2464,1.01006290326,0.0100126093725,0.00499379402905
2465,1.01032609285,0.0102731429482,0.00512340184941
2466,1.0109032314,0.0108442197334,0.00540743676069
2467,1.01089682066,0.0108378781133,0.00540428309161
2468,1.00986810227,0.00981973051563,0.00489783157204
2469,1.01217729503,0.0121037482425,0.00603359841705
2470,1.00965828579,0.00961194270714,0.00479444115191
2471,1.01007363325,0.0100232324069,0.00499907900759
2472,1.01143056206,0.0113657267863,0.00566674646951
2473,1.01239603248,0.0123198307532,0.00614098199384
2474,1.01193158646,0.0118609662666,0.00591293252986
2475,1.0108414138,0.0107830670056,0.00537702527163
2476,1.00989533187,0.00984669366918,0.00491124702789
2477,1.01162618467,0.0115591198849,0.00576289041554
2478,1.01023679581,0.0101847546734,0.00507943316476
2479,1.01119604287,0.0111338310969,0.00555144898775
2480,1.01071580711,0.0106587997361,0.00531522381106
2481,1.01040856572,0.0103547695691,0.00516400522827
2482,1.01121846941,0.0111560090828,0.00556247635958
2483,1.01004701501,0.00999687928938,0.0049859682331
2484,1.01077137395,0.0107137759408,0.00534256543219
2485,1.01230147841,0.0122264300701,0.00609456735444
2486,1.00928981042,0.00924692552585,0.00461279101211
2487,1.01065881912,0.010602414358,0.00528718057717
2488,1.01065230146,0.010595965413,0.00528397314784
2489,1.00867805949,0.0086406215672,0.00431099166629
2490,1.01037926638,0.0103257716379,0.00514958103086
2491,1.01007082566,0.0100204528089,0.00499769615536
2492,1.01088675078,0.0108279167306,0.005399329305
2493,1.0105024934,0.010447725345,0.00521024202964
2494,1.01016803383,0.0101166871456,0.00504557169687
2495,1.01082632252,0.0107681374631,0.00536960061093
2496,1.01042536151,0.0103713922075,0.00517227359342
2497,1.00917191003,0.00913010349612,0.00455464773697
2498,1.01024375468,0.0101916429978,0.00508285982665
2499,1.01091265236,0.0108535390367,0.00541207120479
2500,1.01140783977,0.0113432610336,0.00565557718429
2501,1.00945695572,0.00941251865035,0.0046952022394
2502,1.01011176835,0.010060986463,0.00501786149058
2503,1.01031639802,0.0102635471661,0.00511862852842
2504,1.01002250129,0.00997260910775,0.0049738935742
2505,1.01233373099,0.0122582902042,0.00611040020855
2506,1.01103120714,0.0109708071592,0.0054703862247
2507,1.0111092868,0.0110480319217,0.0055087866399
2508,1.01065322662,0.0105968808204,0.00528442843294
2509,1.0111721784,0.011110230583,0.00553971417007
2510,1.00946923903,0.00942468681161,0.00470125773561
2511,1.00942234703,0.00937823360547,0.00467814005832
2512,1.01052666076,0.0104716412405,0.0052221376025
2513,1.01153974402,0.011473669017,0.0057204102961
2514,1.00848747203,0.00845165595646,0.00421691173111
2515,1.0098325973,0.0097845718689,0.00488033819548
2516,1.01110920995,0.0110479559124,0.00550874884464
2517,1.01151437935,0.0114485933971,0.00570794412938
2518,1.01110303851,0.0110418522646,0.00550571382782
2519,1.01297858539,0.0128950852518,0.0064268018226
2520,1.00958538464,0.00953973630981,0.00475851039931
2521,1.01032685126,0.0102738936061,0.00512377525532
2522,1.01092775105,0.0108684746259,0.00541949855541
2523,1.01107551168,0.0110146273431,0.00549217622126
2524,1.0097040921,0.00965730981095,0.00481701569283
2525,1.01055110727,0.0104958327976,0.00523417014247
2526,1.01058291312,0.0105273060743,0.00524982428939
2527,1.01056929572,0.0105138311867,0.00524312219341
2528,1.01111755911,0.0110562133123,0.00551285479212
2529,1.01131185649,0.0112483558672,0.0056083918533
2530,1.01109588912,0.0110347813528,0.00550219783094
2531,1.00944398694,0.0093996712898,0.00468880869906
2532,1.00991057605,0.00986178837099,0.00491875728355
2533,1.01194354252,0.0118727812837,0.00591880509037
2534,1.01127525865,0.0112121667263,0.00559039860154
2535,1.01030516737,0.0102524311302,0.00511309894452
2536,1.01106189183,0.0110011565881,0.00548547781308
2537,1.00843559176,0.00840021098699,0.00419129738639
2538,1.01000272648,0.00995303033834,0.00496415283318
2539,1.01042474732,0.0103707843496,0.00517197123642
2540,1.01017685683,0.0101254212993,0.00504991672981
2541,1.01098102064,0.010921167005,0.00544570161665
2542,1.01114185534,0.0110802421052,0.00552480288319
2543,1.01134735428,0.0112834559831,0.00562584333054
2544,1.01134660333,0.0112827134617,0.0056254741584
2545,1.01269700422,0.0126170731412,0.00628867953201
2546,1.01115492797,0.0110931706031,0.00553123139764
2547,1.00947264538,0.00942806121111,0.00470293700199
2548,1.01138812787,0.011323771285,0.00564588737568
2549,1.00860901036,0.00857216415388,0.00427690993602
2550,1.01199768588,0.011926284187,0.00594539784967
2551,1.00981059389,0.00976278246967,0.00486949660662
2552,1.01096210011,0.0109024518093,0.00543639493393
2553,1.01173698951,0.0116686452963,0.00581733603897
2554,1.00993867405,0.00988961024468,0.00493259969959
2555,1.01063174269,0.0105756231283,0.0052738556981
2556,1.01091902755,0.0108598453915,0.00541520731205
2557,1.01050374916,0.0104489680615,0.0052108601503
2558,1.01132628383,0.0112626217331,0.00561548475668
2559,1.01087323766,0.0108145490516,0.00539268153153
2560,1.01067811058,0.0106215021781,0.00529667398151
2561,1.01136837413,0.0113042397719,0.00563617670808
2562,1.00986846694,0.00982009162071,0.00489801124024
2563,1.0108914092,0.0108325249704,0.00540162098155
2564,1.00970323661,0.00965646254328,0.00481659409955
2565,1.01061538271,0.0105594351275,0.00526580435169
2566,1.00944934123,0.00940497547022,0.00469144835063
2567,1.01050973719,0.0104548938266,0.00521380758931
2568,1.01088615263,0.0108273250212,0.00539903504769
2569,1.01174352213,0.0116751021103,0.00582054566002
2570,1.01090466332,0.0108456362026,0.00540814116533
2571,1.01060794832,0.0105520787978,0.00526214554863
2572,1.01013417932,0.0100831728379,0.00502889895277
2573,1.00948190894,0.00943723779924,0.00470750370712
2574,1.01235985408,0.0122840946959,0.00612322353378
2575,1.01072411016,0.0106670147241,0.00531930946441
2576,1.01077964527,0.0107219590781,0.00534663513306
2577,1.00848818558,0.00845236349568,0.00421726400884
2578,1.00936313705,0.00931957459387,0.00464894733196
2579,1.01121565394,0.011153224852,0.00556109198684
2580,1.00986712839,0.00981876615369,0.00489735175259
2581,1.01176028541,0.0116916706791,0.00582878169127
2582,1.00896339029,0.00892345755578,0.00445179005284
2583,1.00978608424,0.0097385106364,0.00485741971251
2584,1.00877329241,0.00873503070368,0.00435799162672
2585,1.01006758278,0.0100172422588,0.00499609890167
2586,1.01062210478,0.0105660865603,0.00526911255
2587,1.0108925229,0.0108336266757,0.00540216885853
2588,1.00961610491,0.0095701644517,0.00477365195875
2589,1.01123803377,0.0111753562146,0.00557209606995
2590,1.01043052485,0.0103765022574,0.00517481539982
2591,1.01111392067,0.0110526148631,0.0055110654848
2592,1.01179580063,0.0117267724711,0.00584623013381
2593,1.01068054576,0.0106239116326,0.00529787232702
2594,1.0101793861,0.0101279250868,0.00505116230085
2595,1.01083721413,0.0107789123661,0.00537495911955
2596,1.01088330738,0.010824510412,0.00539763534018
2597,1.01042934331,0.0103753329158,0.00517423375445
2598,1.0114621775,0.011396984443,0.00568228661181
2599,1.00960307695,0.00955726049693,0.00476723076015
2600,1.00973835898,0.00969124678104,0.00483390229714
2601,1.00841089668,0.00837572218834,0.00417910423234
2602,1.00993380552,0.00988478961203,0.0049302012695
2603,1.00919461532,0.00915260217607,0.00456584577718
2604,1.01169531881,0.0116274571657,0.0057968615654
2605,1.01038789354,0.0103343101372,0.00515382828659
2606,1.01037506641,0.0103216148038,0.00514751331463
2607,1.01093641039,0.0108770403291,0.005423758187
2608,1.01041523638,0.0103613714882,0.00516728913622
2609,1.01081812805,0.0107600307347,0.0053655690035
2610,1.00974318216,0.00969602343233,0.00483627907502
2611,1.00904848916,0.00900779686634,0.0044937710925
2612,1.01049545885,0.0104407638892,0.00520677943116
2613,1.00895365505,0.00891380874616,0.00444698711368
2614,1.009360093,0.00931655877025,0.00464744642921
2615,1.00915918017,0.00911748925997,0.00454836932579
2616,1.01108144482,0.0110204954677,0.00549509416488
2617,1.01221564504,0.0121416361481,0.00605242789132
2618,1.01000855653,0.00995880262675,0.00496702464598
2619,1.01133830781,0.0112745109752,0.00562139597824
2620,1.01066289887,0.010606451079,0.00528918826418
2621,1.01059855207,0.0105427811337,0.00525752116866
2622,1.01039160896,0.0103379873503,0.00515565741558
2623,1.00940540259,0.00936144719322,0.00466978608173
2624,1.00931239805,0.00926930500025,0.00462392907108
2625,1.00953969597,0.00949448040346,0.00473598986669
2626,1.01121673265,0.0111542915906,0.00556162238987
2627,1.00961164254,0.00956574457302,0.00477145256646
2628,1.00988245346,0.00983394136389,0.00490490216988
2629,1.01073321446,0.0106760223844,0.00532378932719
2630,1.01051379999,0.0104589143609,0.00521580737332
2631,1.00941670621,0.00937264541748,0.0046753590316
2632,1.00986614384,0.00981779121721,0.00489686667154
2633,1.01013358371,0.0100825832079,0.00502860562032
2634,1.01064925924,0.0105929552532,0.0052824760196
2635,1.01090152948,0.0108425361605,0.00540659952581
2636,1.01251227585,0.0124346442164,0.00619803455413
2637,1.00903688852,0.0089963001888,0.004488048569
2638,1.00994256737,0.00989346524717,0.0049345176914
2639,1.01076433394,0.0107068109279,0.00533910152521
2640,1.00990425253,0.0098555268859,0.00491564193549
2641,1.01079336036,0.0107355278074,0.00535338320127
2642,1.01058508834,0.0105294585115,0.00525089485743
2643,1.01057878441,0.0105232205903,0.00524779226934
2644,1.01031991067,0.0102670239344,0.00512035801291
2645,1.01029599707,0.0102433543279,0.00510858373846
2646,1.01041373177,0.010359882388,0.00516654843318
2647,1.01156437877,0.0114980224361,0.00573251727612
2648,1.01251451008,0.0124368508387,0.00619913102632
2649,1.01042069354,0.0103667723861,0.00516997562755
2650,1.01107924729,0.011018322016,0.00549401341012
2651,1.0113942091,0.0113297840229,0.00564887676653
2652,1.008908433,0.00886898700707,0.00442467565498
2653,1.01038297576,0.0103294429047,0.00515140720981
2654,1.01132519191,0.0112615420339,0.00561494793846
2655,1.00954758196,0.00950229184914,0.00473987708447
2656,1.01142722202,0.0113624244879,0.00566510467561
2657,1.01042202983,0.010368094895,0.00517063346312
2658,1.00966521225,0.00961880288637,0.00479785479031
2659,1.00987709721,0.00982863751496,0.00490226324934
2660,1.00949878319,0.00945395341544,0.00471582213604
2661,1.01053110827,0.0104760424114,0.00522432669379
2662,1.01010286166,0.0100521688994,0.00501347482176
2663,1.01136876161,0.0113046228965,0.0056363671907
2664,1.00950978213,0.00946484880199,0.0047212441242
2665,1.00977071913,0.00972329431641,0.00484984847974
2666,1.01011944635,0.0100685875723,0.00502164296743
2667,1.01101720209,0.0109569548206,0.00546349792037
2668,1.00935408681,0.00931060826091,0.00464448499748
2669,1.01083560797,0.0107773234207,0.00537416891679
2670,1.01114301428,0.0110813882763,0.00552537280239
2671,1.01022989644,0.0101779251875,0.00507603576094
2672,1.00880939508,0.00877081874762,0.00437580750729
2673,1.01182118001,0.0117518556549,0.00585869832649
2674,1.01060726172,0.0105513994073,0.00526180764081
2675,1.00908289133,0.0090418899558,0.00451074088932
2676,1.01006937848,0.0100190200555,0.0049969833586
2677,1.01092236826,0.0108631500066,0.00541685067063
2678,1.01179500419,0.0117259853149,0.00584583885656
2679,1.00978884717,0.00974124678585,0.00485878114099
2680,1.01039726159,0.0103435818251,0.0051584402275
2681,1.01164838569,0.0115810655224,0.00577379993928
2682,1.00995902957,0.00990976524934,0.00494262744311
2683,1.00971320102,0.00966633114078,0.00482150461967
2684,1.01041396758,0.0103601157759,0.0051666645242
2685,1.01040508292,0.0103513226453,0.00516229066487
2686,1.00994458473,0.00989546274481,0.00493551151138
2687,1.01071704393,0.0106600234465,0.00531583241394
2688,1.0113585449,0.0112945209854,0.00563134469146
2689,1.01317043588,0.0130844597619,0.00652087608757
2690,1.00975105219,0.00970381748888,0.00484015724862
2691,1.01241536258,0.0123389239916,0.00615046994213
2692,1.01221528498,0.0121412804345,0.00605225111096
2693,1.00854111794,0.00850484896882,0.00424339572998
2694,1.01147978486,0.0114143921179,0.00569094095389
2695,1.00990989878,0.00986111774141,0.00491842361804
2696,1.00991124426,0.00986245002297,0.00491908648223
2697,1.00878337085,0.00874502144096,0.00436296521316
2698,1.01101848032,0.0109582191191,0.00546412661563
2699,1.01009965225,0.0100489915781,0.00501189412457
2700,1.0098111838,0.00976336664848,0.00486978727366
2701,1.01112248601,0.0110610860261,0.00551527771478
2702,1.01091962093,0.0108604323568,0.00541549920537
2703,1.01100541313,0.0109452942547,0.00545769947422
2704,1.01047941027,0.0104248818717,0.00519887973814
2705,1.01135012456,0.0112861951813,0.00562720522356
2706,1.01262615386,0.012547108642,0.00625391666652
2707,1.01008693104,0.0100363974909,0.00500562862135
2708,1.01000922234,0.00995946184565,0.00496735261819
2709,1.00993934523,0.00989027481866,0.00493293034749
2710,1.01281994053,0.0127384607262,0.00634898981043
2711,1.0114446338,0.0113796394009,0.00567366333313
2712,1.00977333398,0.00972588386394,0.00485113697321
2713,1.01086158298,0.0108030196698,0.00538694791122
2714,1.01176055902,0.0116919411133,0.00582891612021
2715,1.010436636,0.0103825503073,0.00517782377149
2716,1.01351061332,0.0134201588075,0.00668761709032
2717,1.01109699547,0.0110358755623,0.00550274192526
2718,1.00784085931,0.00781027951649,0.00389752461594
2719,1.00840794036,0.00837279051346,0.00417764451971
2720,1.00981605265,0.00976818817956,0.00487218629639
2721,1.01010633042,0.0100556029524,0.00501518323855
2722,1.01042773676,0.0103737429463,0.00517344288281
2723,1.01077716122,0.0107195015188,0.00534541292247
2724,1.01176644148,0.0116977551817,0.00583180620536
2725,1.01033498479,0.0102819439696,0.00512777980488
2726,1.01131743643,0.0112538733802,0.00561113513385
2727,1.01175197764,0.0116834594414,0.00582469999477
2728,1.01015722158,0.0101059836654,0.00504024694513
2729,1.00894890922,0.0089091050231,0.0044446457081
2730,1.01098021436,0.0109203694763,0.00544530502378
2731,1.011159897,0.011098084806,0.00553367490532
2732,1.01081884076,0.0107607358143,0.00536591965165
2733,1.01079951905,0.0107416207159,0.00535641334207
2734,1.0117681134,0.0116994076481,0.00583262761978
2735,1.0120818392,0.012009436372,0.00598672589664
2736,1.01104054643,0.0109800445023,0.00547497961972
2737,1.01112655638,0.0110651116095,0.00551727940339
2738,1.01063285049,0.0105767192736,0.00527440088015
2739,1.0096223999,0.0095763994672,0.00477675457977
2740,1.01022491725,0.0101729964092,0.0050735838781
2741,1.0110539843,0.0109933355431,0.00548158873408
2742,1.01071289145,0.0106559149905,0.00531378910376
2743,1.01104485239,0.0109843034392,0.00547709742708
2744,1.01180039656,0.0117313148099,0.00584848802288
2745,1.01182701313,0.0117576206072,0.00586156391095
2746,1.01041223203,0.0103583981114,0.00516581012889
2747,1.01094735575,0.0108878672139,0.0054291422536
2748,1.01057556971,0.0105200395343,0.00524621008684
2749,1.01118753026,0.0111254127099,0.00554726315254
2750,1.01133763042,0.011273841179,0.0056210629627
2751,1.01181261339,0.011743389087,0.00585448983514
2752,1.0105080594,0.0104532334813,0.00521298174469
2753,1.01013206598,0.0100810806979,0.00502785814278
2754,1.01068128403,0.0106246420964,0.0052982356239
2755,1.01148654588,0.0114210763841,0.00569426406156
2756,1.01211256892,0.0120397987943,0.0060018161075
2757,1.01189884938,0.0118286146626,0.00589685224422
2758,1.01126288077,0.0111999267823,0.005584312824
2759,1.01110597932,0.0110447607793,0.00550716007741
2760,1.0100528107,0.0100026173045,0.00498882293178
2761,1.01021377812,0.0101619699577,0.00506809860906
2762,1.00853527209,0.0084990526024,0.00424050984072
2763,1.00892408813,0.00888450378687,0.00443239968656
2764,1.01019929709,0.0101476352377,0.00506096754837
2765,1.01072915055,0.0106720016265,0.00532178964907
2766,1.01028631351,0.0102337694037,0.0051038157476
2767,1.01209707517,0.0120244903441,0.00599420779255
2768,1.01185239332,0.0117827038207,0.0058740319261
2769,1.01092387679,0.0108646422409,0.00541759274587
2770,1.01024039003,0.010188312467,0.00508120302421
2771,1.00970478653,0.00965799756243,0.00481735791206
2772,1.01093880368,0.0108794077255,0.00542493546437
2773,1.01069962152,0.0106427856292,0.00530725928502
2774,1.01041263611,0.0103587980192,0.00516600904986
2775,1.00992057046,0.00987168465461,0.00492368107447
2776,1.01007730062,0.0100268631912,0.00500088532282
2777,1.00950377549,0.00945889872745,0.0047182831284
2778,1.00975540056,0.0097081238593,0.00484230000977
2779,1.00861309524,0.00857621415769,0.00427892627513
2780,1.0109834497,0.01092356968,0.00544689641132
2781,1.01050918493,0.010454347308,0.00521353575471
2782,1.01133787113,0.0112740791896,0.00562118129903
2783,1.01226227073,0.012187698092,0.00607531920636
2784,1.01103348018,0.0109730553983,0.00547150419425
2785,1.01074650953,0.0106891761908,0.00533033119485
2786,1.00948716431,0.0094424437928,0.00471009444691
2787,1.01129222087,0.0112289396885,0.0055987381639
2788,1.01158275131,0.0115161847662,0.00574154634226
2789,1.00915040497,0.00910879366263,0.00454404129311
2790,1.01003341146,0.00998341095525,0.00497926761982
2791,1.01131303161,0.0112495178417,0.00560896958198
2792,1.01124304252,0.0111803092883,0.00557455880428
2793,1.01056335856,0.0105079561021,0.00524020004873
2794,1.01070603392,0.0106491301176,0.00531041468828
2795,1.00995629065,0.00990705333604,0.00494127818753
2796,1.00987188168,0.00982347299014,0.00489969364255
2797,1.01165353251,0.0115861530671,0.00577632902115
2798,1.01030729143,0.0102545335157,0.00511414476188
2799,1.01063291391,0.0105767820251,0.00527443209041
2800,1.00987875546,0.00983027954341,0.00490308023841
2801,1.01188346011,0.0118134062426,0.00588929284637
2802,1.00978336734,0.00973582006857,0.0048560809623
2803,1.01037289321,0.0103194639142,0.00514644340511
2804,1.00940389391,0.00935995256037,0.00466904225484
2805,1.01244882863,0.0123719790924,0.00616689570459
2806,1.01033958386,0.0102864959839,0.00513004413859
2807,1.01088550117,0.0108266805794,0.00539871456642
2808,1.01113185137,0.0110703483246,0.00551988331129
2809,1.00932294937,0.009279758915,0.00462913184577
2810,1.01058914947,0.0105334770934,0.0052528935958
2811,1.0102803229,0.010227839767,0.00510086605678
2812,1.01242000166,0.0123435061686,0.00615274693674
2813,1.01262209259,0.0125430980023,0.00625192388579
2814,1.01035131967,0.0102981116324,0.00513582215169
2815,1.00998160617,0.00993211897293,0.00495374899969
2816,1.01270114666,0.0126211636391,0.00629071191693
2817,1.01179164936,0.0117226695852,0.00584419068195
2818,1.00992719314,0.00987824225098,0.00492694372355
2819,1.00863275531,0.00859570615267,0.00428863052293
2820,1.01139779117,0.0113333257244,0.00565063761239
2821,1.01007964568,0.010029184854,0.00500204034836
2822,1.01029050255,0.0102379157878,0.00510587835632
2823,1.01077483356,0.0107171986785,0.00534426765647
2824,1.00951092581,0.0094659817054,0.00472180790139
2825,1.00982769644,0.00977971872,0.0048779234606
2826,1.01148019436,0.011414796972,0.00569114222895
2827,1.01028142559,0.0102289312429,0.00510140901082
2828,1.01023265754,0.0101806583232,0.00507739539114
2829,1.0112561433,0.0111932643302,0.00558100019504
2830,1.00963592207,0.00958979266874,0.00478341917021
2831,1.00970702258,0.00966021212103,0.00481845985658
2832,1.01031695047,0.0102640939711,0.00511890053145
2833,1.01137903515,0.0113147809079,0.00564141755639
2834,1.00988277863,0.00983426335204,0.00490506237428
2835,1.01120660589,0.0111442771132,0.00555664298708
2836,1.00985893766,0.00981065541804,0.00489331623715
2837,1.0097226971,0.00967573582494,0.00482618427838
2838,1.01101853654,0.0109582747296,0.00546415426899
2839,1.00979438043,0.00974672639603,0.00486150763023
2840,1.01080044664,0.0107425383949,0.00535686972372
2841,1.01139332504,0.0113289099227,0.00564844218518
2842,1.01036764378,0.0103142683576,0.00514385899278
2843,1.01230364075,0.0122285661269,0.00609562887312
2844,1.00985026879,0.00980207113861,0.00488904509106
2845,1.01049895909,0.010444227769,0.00520850235177
2846,1.01118251989,0.0111204577591,0.00554479941729
2847,1.01225557881,0.012181087214,0.00607203384351
2848,1.01074419458,0.0106868858502,0.00532919212803
2849,1.01060396865,0.0105481408884,0.00526018695288
2850,1.00901089792,0.00897054202599,0.00447522720698
2851,1.00955402023,0.00950866920824,0.00474305064501
2852,1.00914138357,0.00909985401923,0.00453959177252
2853,1.01038642121,0.0103328529437,0.00515310344462
2854,1.00987938971,0.00983090759602,0.00490339272497
2855,1.01124308664,0.0111803529126,0.00557458049484
2856,1.01191007653,0.0118397097349,0.00590236705207
2857,1.01048856409,0.0104339407177,0.005203385603
2858,1.01153751908,0.0114714694514,0.00571931680387
2859,1.01155079126,0.0114845901674,0.00572583961973
2860,1.00972557599,0.00967858699355,0.00482760298155
2861,1.01173014843,0.0116618835602,0.00581397483287
2862,1.01010051959,0.0100498502439,0.00501232130561
2863,1.01002487611,0.00997496035922,0.00497506335181
2864,1.01092929167,0.0108699985906,0.00542025640793
2865,1.00978064005,0.00973311919052,0.00485473708021
2866,1.01136911006,0.0113049674354,0.00563653848913
2867,1.01076587469,0.0107083352648,0.00533985962412
2868,1.01001517598,0.00996535646766,0.00497028528454
2869,1.01241224413,0.0123358437774,0.00614893930624
2870,1.01064005231,0.0105838452942,0.00527794509139
2871,1.00942595097,0.00938180389212,0.00467991684891
2872,1.01047772267,0.0104232117747,0.00519804903063
2873,1.01108444631,0.0110234640538,0.00549657030052
2874,1.00944577935,0.00940144693045,0.00468969235617
2875,1.01071437101,0.0106573788618,0.0053145171498
2876,1.01126203913,0.0111990945208,0.00558389901694
2877,1.01012913217,0.0100781763166,0.00502641325248
2878,1.01002885778,0.00997890250099,0.00497702461456
2879,1.01187531423,0.0118053559952,0.00588529141978
2880,1.01020461272,0.0101528971875,0.00506358520455
2881,1.00978627082,0.00973869540842,0.00485751164976
2882,1.01097370721,0.0109139329855,0.00544210429754
2883,1.0098657337,0.00981738508285,0.00489666459873
2884,1.01105708977,0.010996407058,0.00548311607194
2885,1.01005831889,0.0100080706616,0.00499153600374
2886,1.01100178593,0.0109417065401,0.00545591540566
2887,1.01151875,0.0114529142795,0.00571009223661
2888,1.01165842345,0.0115909876509,0.00577873234707
2889,1.01014975055,0.0100985877347,0.00503656761159
2890,1.01026866742,0.0102163028291,0.00509512699546
2891,1.01204508131,0.0119731166228,0.00596867457635
2892,1.01029965323,0.0102469732202,0.00511038393925
2893,1.01015220747,0.010101019961,0.00503777759901
2894,1.0101195128,0.0100686533626,0.00502167569739
2895,1.01061052172,0.0105546251856,0.00526341204198
2896,1.0100815621,0.0100310821426,0.00500298424705
2897,1.01170300307,0.0116350525667,0.005800637244
2898,1.00847314175,0.00843744617435,0.00420983677562
2899,1.00972398774,0.00967701404505,0.00482682030377
2900,1.01091568326,0.0108565372109,0.00541356217761
2901,1.0103863076,0.0103327404938,0.00515304750943
2902,1.01065756733,0.0106011757661,0.00528656455532
2903,1.01014137462,0.0100902959328,0.00503244258324
2904,1.00980779997,0.00976001568126,0.0048681199479
2905,1.00909774826,0.00905661305506,0.00451806920593
2906,1.01005572544,0.0100055030332,0.00499025859692
2907,1.01122507193,0.0111625383355,0.00556572282119
2908,1.01163928334,0.0115720679376,0.00576932711193
2909,1.01074351556,0.0106862140449,0.00532885801542
2910,1.01055878434,0.0105034296844,0.00523794869699
2911,1.00779168763,0.00776148919922,0.00387322424163
2912,1.01175055055,0.0116820489259,0.0058239988447
2913,1.00902940921,0.00898888783566,0.00448435901909
2914,1.00995828201,0.00990902505917,0.0049422591772
2915,1.01155253406,0.011486313068,0.00572669613713
2916,1.01074395151,0.0106866453591,0.00532907252327
2917,1.01178388126,0.0117149919899,0.00584037431165
2918,1.01027578787,0.0102233508735,0.00509863305614
2919,1.00922507909,0.00918278793725,0.00458086963262
2920,1.01090158603,0.0108425921077,0.00540662734818
2921,1.01241642573,0.012339974099,0.00615099176637
2922,1.01083288798,0.0107746325848,0.00537283072843
2923,1.0098268819,0.00977891210351,0.00487752211958
2924,1.01150650316,0.0114408068325,0.00570407306219
2925,1.01152506724,0.0114591595661,0.00571319704447
2926,1.01129342137,0.0112301267819,0.0055993283873
2927,1.0107159273,0.0106589186593,0.00531528295657
2928,1.01063458616,0.010578436682,0.00527525505479
2929,1.01055041607,0.0104951488174,0.00523382994235
2930,1.01094767275,0.0108881807814,0.00542929818615
2931,1.01013665908,0.0100856277217,0.0050301202212
2932,1.00967071578,0.00962425371853,0.00480056712654
2933,1.01042582341,0.0103718493394,0.00517250097711
2934,1.01097687265,0.0109170640547,0.00544366131115
2935,1.01070579965,0.010648898334,0.00531029941189
2936,1.00900507635,0.00896477243179,0.00447235531586
2937,1.01236869188,0.0122928245515,0.0061275617247
2938,1.00975881495,0.00971150525939,0.00484398252151
2939,1.01146777278,0.0114025162957,0.00568503681758
2940,1.0104101025,0.0103562905191,0.0051647617759
2941,1.00814085728,0.00810789925002,0.00404574346409
2942,1.01037155587,0.0103181403028,0.00514578500516
2943,1.01272531913,0.0126450326536,0.0063025712769
2944,1.01056374951,0.0105083429689,0.00524039246848
2945,1.01097102677,0.0109112816312,0.00544078583399
2946,1.01078080568,0.0107231071166,0.00534720608306
2947,1.01007131475,0.0100209370242,0.00499793705298
2948,1.01164469395,0.0115774162814,0.0057719858521
2949,1.00902246865,0.00898200935466,0.0044809351955
2950,1.01197799225,0.0119068238357,0.00593572547673
2951,1.01075524655,0.0106978202721,0.00533463018828
2952,1.01054092086,0.0104857526932,0.00522915645812
2953,1.0110739855,0.011013117873,0.00549142563104
2954,1.0085803567,0.00854375466121,0.00426276584165
2955,1.01199422352,0.0119228628658,0.00594369735817
2956,1.01030756739,0.0102548066648,0.00511428063798
2957,1.00975780853,0.00971050856451,0.00484348658793
2958,1.00940091932,0.00935700568655,0.00466757569639
2959,1.01083145404,0.0107732140157,0.00537212525449
2960,1.01052861021,0.0104735703885,0.00522309713887
2961,1.01165161992,0.0115842625023,0.00577538919859
2962,1.01025550441,0.0102032735241,0.00508864551481
2963,1.01035147109,0.0102982614936,0.00513589669744
2964,1.00936361814,0.00932005121746,0.00464918453582
2965,1.00968694606,0.00964032840905,0.00480856585584
2966,1.00894991974,0.00891010657944,0.00444514426036
2967,1.01085544667,0.0107969492675,0.00538392905597
2968,1.01019952585,0.010147861685,0.00506108019903
2969,1.01117436735,0.0111123953461,0.00554079055495
2970,1.00887678599,0.00883761894113,0.00440906089632
2971,1.00998485731,0.00993533798198,0.00495535052984
2972,1.01015204422,0.0101008583548,0.00503769720296
2973,1.01063296209,0.0105768296978,0.00527445580101
2974,1.01083165936,0.0107734171314,0.00537222626674
2975,1.01087827621,0.0108195333931,0.00539516025968
2976,1.01090885101,0.0108497787117,0.00541020121612
2977,1.01096432064,0.0109046482556,0.00543748718612
2978,1.00997818809,0.00992873466463,0.00495206522662
2979,1.0093951071,0.00935124758033,0.00466471007735
2980,1.01135688779,0.0112928824825,0.00563053005317
2981,1.01006725877,0.0100169214784,0.00499593931281
2982,1.01018050302,0.0101290307456,0.00505171233768
2983,1.00892416639,0.00888458135211,0.00443243829727
2984,1.00866963558,0.00863227009833,0.00430683392473
2985,1.00925479081,0.00921222763875,0.00459552194582
2986,1.00971669578,0.00966979228268,0.00482322684518
2987,1.01298864504,0.0129050159622,0.00643173525423
2988,1.01144659611,0.0113815795069,0.00567462788192
2989,1.01157220884,0.0115057629587,0.00573636534367
2990,1.01199777032,0.0119263676263,0.00594543932132
2991,1.01207718139,0.0120048341493,0.00598443855877
2992,1.01130186861,0.0112384796556,0.00560348143024
2993,1.01077066383,0.0107130733903,0.00534221603361
2994,1.0102025085,0.0101508142159,0.00506254899189
2995,1.01121786356,0.0111554099536,0.00556217846125
2996,1.01063693983,0.0105807655777,0.00527641335922
2997,1.01018753789,0.0101359946954,0.0050551767166
2998,1.01002740502,0.00997746416634,0.00497630902629
2999,1.00986712648,0.0098187642534,0.0048973508071
3000,1.01078282184,0.010725101774,0.00534819807833
3001,1.01068185172,0.010625203787,0.00529851498117
3002,1.01042496458,0.0103709993732,0.00517207819215
3003,1.01082325325,0.0107651010662,0.00536809056343
3004,1.01087380306,0.0108151083713,0.00539295968323
3005,1.01139086459,0.011326477186,0.00564723268668
3006,1.01144637027,0.0113813562159,0.00567451686997
3007,1.01040392234,0.0103501740135,0.00516171931361
3008,1.00969970398,0.0096529638481,0.00481485317634
3009,1.0097599977,0.00971267657774,0.00484456534359
3010,1.0101172087,0.0100663723421,0.00502054091375
3011,1.00973961062,0.00969248634796,0.00483451908444
3012,1.00949566914,0.00945086866138,0.0047142870314
3013,1.00931359217,0.0092704881027,0.00462451788684
3014,1.01124952721,0.0111867218588,0.00557774721078
3015,1.01182138737,0.0117520605989,0.00585880019812
3016,1.01063335276,0.010577216265,0.00527464806512
3017,1.01012824665,0.0100772996738,0.00502597713419
3018,1.01028198827,0.0102294881913,0.00510168606439
3019,1.01260483463,0.0125260550142,0.00624345563138
3020,1.01021650512,0.0101646693889,0.00506944148326
3021,1.01080978405,0.0107517759952,0.00536146377098
3022,1.00975934402,0.00971202921447,0.00484424323
3023,1.01234683438,0.0122712338716,0.00611683247593
3024,1.00943628575,0.00939204212234,0.00468501199395
3025,1.01128471913,0.0112215216835,0.0055950499203
3026,1.01117450361,0.0111125300978,0.0055408575575
3027,1.01027371724,0.010221301306,0.00509761349688
3028,1.01098713421,0.0109272141488,0.00544870871854
3029,1.01195169774,0.0118808402233,0.00592281070246
3030,1.01114902892,0.0110873366125,0.00552833053269
3031,1.01158349667,0.0115169215933,0.00574191264048
3032,1.01100983228,0.0109496652929,0.00545987306303
3033,1.01134097408,0.0112771473509,0.00562270675515
3034,1.01175189424,0.0116833770094,0.00582465901885
3035,1.01088818218,0.0108293327169,0.0054000334752
3036,1.00954273036,0.00949748611357,0.00473748560311
3037,1.00973526351,0.00968818116063,0.00483237689522
3038,1.01050200347,0.0104472405165,0.00521000087843
3039,1.01172502524,0.0116568197522,0.00581145764609
3040,1.01054094942,0.0104857809592,0.0052291705172
3041,1.01063990686,0.0105837013835,0.00527787351578
3042,1.01191605312,0.0118456159618,0.00590530273082
3043,1.01030080732,0.0102481155359,0.00511095217809
3044,1.00997623811,0.00992680395487,0.00495110465178
3045,1.00875430048,0.00871620377438,0.00434861914175
3046,1.01233770834,0.0122622190966,0.00611235264927
3047,1.01067921922,0.010622599104,0.00529721953929
3048,1.01187095918,0.011801052043,0.0058831521064
3049,1.01075148882,0.0106941025276,0.00533278123072
3050,1.01097475682,0.0109149712012,0.00544262058021
3051,1.01104683494,0.0109862643304,0.00547807250223
3052,1.01052031248,0.0104653590722,0.00521901291659
3053,1.01145551672,0.0113903991246,0.00567901265705
3054,1.01084612184,0.0107877245351,0.00537934151183
3055,1.01056628132,0.0105108483033,0.0052416385704
3056,1.0100672176,0.0100168807192,0.00499591903499
3057,1.01033220405,0.0102791916722,0.00512641071185
3058,1.01030726242,0.0102545048059,0.00511413048039
3059,1.01173112783,0.011662851599,0.00581445603807
3060,1.00937680102,0.00933311171973,0.00465568440539
3061,1.01111719717,0.011055855344,0.00551267679471
3062,1.0109650156,0.0109053356812,0.00543782902992
3063,1.0098061802,0.0097584116414,0.00486732183198
3064,1.0098913905,0.00984279090936,0.00490930522979
3065,1.01033111861,0.0102781173285,0.00512587629358
3066,1.01062451708,0.0105684735086,0.00527029973491
3067,1.00969098804,0.00964433160051,0.00481055782477
3068,1.01090517665,0.0108461439971,0.00540839368944
3069,1.00980322998,0.00975549006628,0.00486586815348
3070,1.01147061902,0.0114053302632,0.00568643580158
3071,1.00947787894,0.00943324564122,0.00470551702268
3072,1.00972291579,0.0096759524159,0.00482629205121
3073,1.01104852541,0.0109879363203,0.00547890391718
3074,1.00957272654,0.00952719831415,0.00475227121301
3075,1.00969311273,0.0096464358951,0.0048116049101
3076,1.01127812627,0.0112150023695,0.00559180849592
3077,1.01038814812,0.0103345620961,0.00515395361675
3078,1.01195944626,0.0118884971935,0.00592661650489
3079,1.01023257891,0.0101805804966,0.0050773566754
3080,1.01066027985,0.0106038596779,0.00528789941601
3081,1.01039643781,0.0103427665203,0.00515803467788
3082,1.01079068523,0.0107328812467,0.00535206700408
3083,1.01076744298,0.0107098868494,0.00534063127346
3084,1.01115064928,0.0110889391054,0.0055291273493
3085,1.01118358761,0.0111215136733,0.00554532444685
3086,1.00975567409,0.00970839475205,0.00484243480026
3087,1.01022638033,0.0101744446734,0.00507430433604
3088,1.01003832601,0.00998827668109,0.00498168836592
3089,1.00995346405,0.0099042545984,0.00493988573241
3090,1.01074041023,0.0106831417192,0.00532733003739
3091,1.01151159189,0.0114458376578,0.0057065741236
3092,1.00911943404,0.00907810309026,0.00452876561933
3093,1.01170694255,0.0116389464718,0.00580257290108
3094,1.0100423145,0.00999222552214,0.00498365294855
3095,1.01126081858,0.0111978875588,0.00558329890556
3096,1.01011117342,0.0100603974838,0.00501756847868
3097,1.01145212553,0.0113870463291,0.00567734577823
3098,1.01172416976,0.0116559741903,0.00581103732203
3099,1.01123470702,0.0111720664313,0.00557046034248
3100,1.01083688019,0.0107785820042,0.00537479482643
3101,1.01209690006,0.0120243173261,0.0059941218021
3102,1.01003838889,0.00998833893624,0.00498171933842
3103,1.00947377617,0.0094291813808,0.00470349445263
3104,1.01029495675,0.0102423246001,0.00510807150461
3105,1.01061012581,0.010554233428,0.00526321719416
3106,1.01071666523,0.0106596487575,0.0053156460653
3107,1.01005176873,0.0100015857043,0.00498830970478
3108,1.01056868065,0.0105132225497,0.00524281947042
3109,1.01125160802,0.0111887795182,0.00557877030139
3110,1.01041150537,0.0103576789342,0.00516545239777
3111,1.01239119326,0.0123150507744,0.0061386066785
3112,1.00869064382,0.00865309755433,0.00431720274855
3113,1.01049923816,0.010444503935,0.00520863971556
3114,1.0110396178,0.0109791260192,0.00547452289237
3115,1.0108336866,0.010775422645,0.00537322363601
3116,1.01098646676,0.0109265539535,0.00544838041944
3117,1.01000016403,0.00995049326047,0.00496289059066
3118,1.01072187938,0.0106648076129,0.00531821177835
3119,1.0109085643,0.0108494950968,0.00541006017583
3120,1.01018542981,0.0101339078712,0.00505413857856
3121,1.01027736739,0.0102249143297,0.0050994107982
3122,1.01047910819,0.0104245829198,0.00519873103926
3123,1.01041992375,0.0103660105393,0.00516959667345
3124,1.01053678227,0.0104816572683,0.00522711945139
3125,1.00928408725,0.00924125500958,0.00460996882843
3126,1.01067595784,0.0106193721785,0.00529561462213
3127,1.01023420978,0.0101821948395,0.00507815974822
3128,1.01125431989,0.011191461211,0.00558010366663
3129,1.01219705717,0.0121232724321,0.00604330156395
3130,1.01096093758,0.0109013018809,0.0054358230953
3131,1.00939031161,0.00934649671503,0.00466234572259
3132,1.01001360223,0.00996379831846,0.00496951008186
3133,1.01239882243,0.0123225865457,0.00614235142753
3134,1.00993685545,0.00988780953967,0.00493170378776
3135,1.01020680946,0.0101550717369,0.00506466697317
3136,1.00926346296,0.00922082023436,0.0045997984907
3137,1.0099553811,0.00990615274651,0.0049408301177
3138,1.00954461324,0.00949935119355,0.00473841372477
3139,1.01182910877,0.0117596917535,0.00586259341349
3140,1.01174786929,0.0116793988022,0.00582268149913
3141,1.00941956102,0.00937547359449,0.00467676650774
3142,1.01085158806,0.010793132095,0.00538203074359
3143,1.01009877439,0.0100481224947,0.00501146176067
3144,1.01065364112,0.0105972909517,0.00528463241491
3145,1.01132652627,0.0112628614574,0.00561560394577
3146,1.00929931889,0.0092563464247,0.00461747972218
3147,1.01029007233,0.0102374899416,0.00510566652036
3148,1.0094205513,0.00937645463845,0.00467725473554
3149,1.01188682003,0.0118167266947,0.00589094329354
3150,1.01201715805,0.0119455253187,0.00595496117145
3151,1.01086151159,0.0108029490444,0.00538691278879
3152,1.01063785575,0.0105816718606,0.00527686410959
3153,1.01091452245,0.010855388937,0.00541299114861
3154,1.0103669947,0.0103136259454,0.00514353943887
3155,1.0105870605,0.0105314100171,0.00525186548622
3156,1.00999594878,0.00994631973827,0.00496081418376
3157,1.0108675927,0.0108089647983,0.00538990445806
3158,1.01114215182,0.0110805353175,0.00552494867936
3159,1.01081709612,0.0107590098419,0.00536506129579
3160,1.01119488292,0.0111326839897,0.00555087861802
3161,1.0095126278,0.00946766765575,0.00472264689584
3162,1.00927873029,0.00923594732007,0.00460732721431
3163,1.01247385631,0.0123966987348,0.00617917922814
3164,1.01072995785,0.0106728003559,0.00532218688838
3165,1.01267886339,0.0125991595944,0.006279779045
3166,1.01028199045,0.0102294903536,0.00510168714001
3167,1.01262647031,0.0125474211508,0.00625407194372
3168,1.00957438486,0.00952884090964,0.00475308860739
3169,1.00998952387,0.00993995839205,0.00495764928435
3170,1.01159438101,0.0115276812436,0.00574726156074
3171,1.00986040045,0.00981210392365,0.00489403694569
3172,1.01174811509,0.0116796417512,0.00582280226634
3173,1.00885207022,0.00881312033185,0.00439686552491
3174,1.01098180232,0.0109219401964,0.00544608610697
3175,1.00996662607,0.00991728681659,0.00494636963155
3176,1.00804561875,0.00801342532126,0.00399869649719
3177,1.00938362075,0.00933986807779,0.00465904685101
3178,1.00859292558,0.00855621653544,0.00426897019841
3179,1.01160203856,0.0115352509962,0.00575102467724
3180,1.01260788094,0.0125290634015,0.00624495043254
3181,1.01019889499,0.0101472372005,0.00506076953699
3182,1.01049814044,0.0104434176175,0.00520809938575
3183,1.01012813515,0.0100771892944,0.00502592222187
3184,1.00878476968,0.00874640808936,0.00436365551217
3185,1.0124774856,0.0124002833108,0.00618096043967
3186,1.01007097217,0.010020597861,0.00499776831891
3187,1.01010797146,0.0100572275711,0.00501599147367
3188,1.00931005177,0.00926698036034,0.00462277212494
3189,1.01163114751,0.0115640256806,0.00576532917459
3190,1.01014235184,0.010091263334,0.00503292384953
3191,1.0108907641,0.0108318868194,0.00540130362953
3192,1.01097810958,0.0109182875618,0.00544426973432
3193,1.00879538129,0.00875692724188,0.00436889212368
3194,1.01020764366,0.0101558975044,0.00506507776573
3195,1.01186419683,0.0117943690098,0.00587983024287
3196,1.00943341138,0.00938919461575,0.00468359490994
3197,1.01023998707,0.010187913592,0.00508100460006
3198,1.01008047715,0.0100300080263,0.00500244987563
3199,1.01039148815,0.0103378677832,0.00515559794025
3200,1.00802842774,0.00799637137711,0.00399020358567
3201,1.01013794943,0.0100869051209,0.00503075570788
3202,1.00951498778,0.00947000539456,0.00472381024441
3203,1.00922457416,0.00918228762524,0.00458062062252
3204,1.01139712989,0.0113326718988,0.00565031254682
3205,1.0117937097,0.0117247059151,0.00584520289607
3206,1.01075202987,0.0106946378216,0.00533304745037
3207,1.01018987824,0.010138311441,0.00505632923297
3208,1.00865638971,0.00861913799123,0.00430029612862
3209,1.01069350172,0.0106367305968,0.00530424783204
3210,1.0089106763,0.00887121049373,0.00442578247859
3211,1.0084131452,0.00837795194926,0.00418021445298
3212,1.01265862001,0.0125791694643,0.00626984669714
3213,1.01221648459,0.0121424655623,0.00605284008833
3214,1.01091878056,0.0108596010672,0.00541508581138
3215,1.01127606668,0.0112129657483,0.00559079587903
3216,1.01195416036,0.0118832737565,0.00592402026163
3217,1.01073554613,0.0106783292942,0.00532493664068
3218,1.01165635848,0.0115889464812,0.00577771765942
3219,1.01035980035,0.0103065053832,0.00513999746392
3220,1.01230102062,0.0122259778453,0.00609434262009
3221,1.01049332357,0.010438650784,0.00520572837923
3222,1.01061964954,0.0105636571281,0.00526790423368
3223,1.01167260059,0.0116050013198,0.00578569866653
3224,1.00899257599,0.00895238355514,0.00446618856216
3225,1.01047068309,0.0104162451602,0.00519458382375
3226,1.01036751282,0.010314138744,0.00514379451932
3227,1.01140687574,0.0113423078802,0.0056551033028
3228,1.01098019557,0.0109203508922,0.0054452957823
3229,1.00963558733,0.00958946112722,0.00478325419239
3230,1.00917376775,0.00913194433504,0.00455556396382
3231,1.01143038873,0.0113655554203,0.00566666127208
3232,1.01084043459,0.0107820982979,0.00537654352203
3233,1.01154380443,0.0114776830991,0.00572240585404
3234,1.01089814962,0.0108391927483,0.00540493685658
3235,1.01171790702,0.011649784003,0.00580796020934
3236,1.01113237218,0.0110708633921,0.00552013942347
3237,1.01187381017,0.0118038695829,0.00588455258731
3238,1.01097148824,0.0109117381026,0.00544101282788
3239,1.01090319367,0.0108441824094,0.00540741819963
3240,1.00983080545,0.0097827974675,0.00487945532423
3241,1.01072513759,0.0106680312504,0.00531981502381
3242,1.01219897616,0.0121251682961,0.00604424376684
3243,1.01198328523,0.0119120541548,0.00593832511002
3244,1.01302740797,0.0129432811427,0.00645074460687
3245,1.01016829326,0.0101169439666,0.00504569945947
3246,1.01100932891,0.0109491674043,0.00545962547794
3247,1.01005342407,0.010003224571,0.00498912505021
3248,1.01005780039,0.0100075573244,0.00499128061624
3249,1.0099947549,0.00994513767139,0.00496022608215
3250,1.01062066006,0.0105646570306,0.0052684015511
3251,1.00922227189,0.00918000640214,0.00457948523503
3252,1.01072265248,0.0106655725084,0.00531859219208
3253,1.01081426093,0.010756204987,0.0053636663915
3254,1.0097983654,0.00975067270214,0.00486347118885
3255,1.01009861585,0.0100479655407,0.00501138367695
3256,1.0110058731,0.010945749222,0.00545792571632
3257,1.01108953943,0.0110285013313,0.00549907509224
3258,1.00677125979,0.00674843777198,0.00336853260683
3259,1.01043907597,0.0103849650708,0.00517902490088
3260,1.01021143352,0.0101596490671,0.00506694404435
3261,1.01017646261,0.0101250310455,0.00504972258827
3262,1.01039290748,0.0103392725078,0.00515629668123
3263,1.01055374817,0.0104984461259,0.00523546996644
3264,1.01201235353,0.0119407778378,0.00595260156371
3265,1.00935301047,0.00930954189658,0.00464395429153
3266,1.01156635459,0.0114999756665,0.00573348829241
3267,1.01049827766,0.0104435534125,0.00520816692963
3268,1.00869348445,0.00865591370132,0.00431860474211
3269,1.01116866651,0.0111067574909,0.00553798724252
3270,1.01041993377,0.0103660204491,0.00516960160274
3271,1.01065188025,0.0105955486492,0.005283765867
3272,1.01053520318,0.0104800946399,0.00522634222089
3273,1.00906918711,0.00902830900121,0.00450398101916
3274,1.00913590113,0.00909442123485,0.00453688770797
3275,1.01057837371,0.0105228141889,0.00524759013496
3276,1.01154205649,0.011475955096,0.00572154679629
3277,1.01013569942,0.0100846776909,0.00502964759507
3278,1.0114664373,0.0114011959555,0.00568438040037
3279,1.00958636088,0.00954070328228,0.00475899158475
3280,1.01029145498,0.0102388585099,0.00510634731056
3281,1.01000865804,0.00995890313352,0.00496707464975
3282,1.0115882511,0.0115216215709,0.0057442491331
3283,1.00990450055,0.00985577247647,0.00491576412715
3284,1.01111928766,0.0110579228532,0.00551370485002
3285,1.01089903184,0.0108400654535,0.00540537085063
3286,1.01051677336,0.0104618567927,0.00521727091455
3287,1.01045572345,0.0104014404243,0.00518721988072
3288,1.01213731308,0.0120642465236,0.00601396653251
3289,1.01077407126,0.010716444505,0.0053438925849
3290,1.01005721126,0.0100069740606,0.00499099043991
3291,1.00954322031,0.00949797143048,0.00473772711194
3292,1.0124460183,0.0123692033177,0.00616551637521
3293,1.01083374126,0.0107754767202,0.00537325052835
3294,1.00859148309,0.00855478633167,0.00426825814901
3295,1.01151460812,0.0114488195543,0.00570805656256
3296,1.01025535433,0.0102031249684,0.00508857161493
3297,1.01088100794,0.0108222357224,0.00539650413368
3298,1.01136022544,0.0112961826468,0.00563217084316
3299,1.0118825989,0.0118125551434,0.00588886980287
3300,1.01021965903,0.0101677913995,0.00507099457395
3301,1.01065866969,0.0106022665091,0.00528710704355
3302,1.01267513589,0.0125954787563,0.00627795018169
3303,1.01164525386,0.0115779697485,0.00577226098833
3304,1.01263390344,0.0125547615687,0.00625771919222
3305,1.01088290468,0.0108241120427,0.00539743723064
3306,1.01114970195,0.0110880022206,0.00552866149686
3307,1.00900612603,0.00896581273687,0.00447287314195
3308,1.01067171678,0.010615175918,0.00529352760054
3309,1.01183204039,0.0117625891005,0.00586403359294
3310,1.012483773,0.0124064931999,0.00618404618792
3311,1.01098670338,0.0109267880037,0.00544849680696
3312,1.0100826091,0.0100321186953,0.00500349993034
3313,1.01141464724,0.0113499917015,0.00565892347972
3314,1.01002956932,0.00997960697896,0.00497737510038
3315,1.01003535557,0.00998533575611,0.00498022522774
3316,1.01076775727,0.0107101977896,0.00534078591324
3317,1.01363564593,0.0135435170575,0.00674888183958
3318,1.00887053467,0.00883142260339,0.00440597638268
3319,1.00912035382,0.00907901455568,0.00452921928803
3320,1.01064216744,0.0105859381542,0.00527898599785
3321,1.00903970584,0.00899909226857,0.00448943834242
3322,1.01107516766,0.0110142870877,0.00549200702792
3323,1.01165306973,0.0115856956202,0.00577610161885
3324,1.01026946206,0.0102170893887,0.00509551827135
3325,1.01141265903,0.0113480259319,0.00565794615651
3326,1.0120290755,0.0119573011835,0.00596081402421
3327,1.01239460692,0.0123184226485,0.00614028226482
3328,1.0094530855,0.00940868468221,0.00469329425413
3329,1.0086238023,0.00858682973101,0.00428421133613
3330,1.01048168781,0.0104271357849,0.00520000083521
3331,1.01055309239,0.0104977971979,0.00523514720112
3332,1.01125842775,0.0111955233497,0.00558212340033
3333,1.00958562624,0.00953997562313,0.00475862948657
3334,1.00910337964,0.00906219364178,0.00452084688868
3335,1.01008659201,0.0100360618375,0.00500546163476
3336,1.00933625545,0.00929294200088,0.00463569285397
3337,1.01201340193,0.0119418137865,0.00595311645467
3338,1.01028449088,0.0102319653327,0.00510291831551
3339,1.00942016176,0.00937606873325,0.00467706268542
3340,1.00927826108,0.00923548242154,0.00460709583599
3341,1.01109699096,0.0110358711041,0.00550273970841
3342,1.00995457133,0.0099053509594,0.00494043120481
3343,1.01105544142,0.0109947767345,0.0054823053795
3344,1.01061640941,0.0105604510348,0.00526630963043
3345,1.01011055466,0.0100597849271,0.00501726373702
3346,1.01005727705,0.010007039198,0.00499102284609
3347,1.01159832928,0.0115315842524,0.00574920184748
3348,1.01047317195,0.0104187082251,0.0051958089581
3349,1.00958910047,0.00954341686117,0.00476034191633
3350,1.01117670804,0.0111147101652,0.00554194155086
3351,1.01090052395,0.0108415414768,0.00540610487278
3352,1.00941722549,0.00937315985401,0.00467561504725
3353,1.01099156049,0.0109315923195,0.00545088587381
3354,1.00972827718,0.00968126215766,0.0048289341054
3355,1.01105397095,0.0109933223454,0.0054815821714
3356,1.01200121461,0.011929771076,0.00594713092722
3357,1.01174523626,0.0116767963431,0.00582138784537
3358,1.01172703348,0.0116588047204,0.00581244436193
3359,1.00974909351,0.00970187772384,0.00483919206001
3360,1.01161834572,0.0115513710037,0.00575903829543
3361,1.01199891899,0.0119275026685,0.00594600346809
3362,1.00951951109,0.00947448606685,0.00472603999513
3363,1.01088258321,0.0108237940311,0.00539727908303
3364,1.00966134521,0.00961497285336,0.00479594895995
3365,1.00964554257,0.00959932130247,0.00478816068605
3366,1.01092184836,0.0108626357281,0.00541659492425
3367,1.00906369353,0.0090228647811,0.00450127116575
3368,1.00961993757,0.00957396059421,0.00477554096748
3369,1.01036047345,0.0103071715802,0.0051403288502
3370,1.0110481193,0.0109875346522,0.00547870418347
3371,1.01034858381,0.01029540379,0.00513447518305
3372,1.01071149501,0.0106545333468,0.00531310195254
3373,1.01001764511,0.00996780110581,0.0049715015276
3374,1.01118719715,0.011125083282,0.00554709935231
3375,1.01022064096,0.0101687633886,0.00507147810388
3376,1.01195833713,0.0118874011699,0.00592607174079
3377,1.00992691701,0.00987796883938,0.00492680769128
3378,1.01210621601,0.0120335218934,0.00599869648858
3379,1.01114414231,0.0110825038686,0.00552592751634
3380,1.0106146784,0.0105587382065,0.00526545772606
3381,1.0106237341,0.0105676987592,0.00526991440172
3382,1.01077819238,0.0107205216827,0.00534592027772
3383,1.00798809486,0.00795635892634,0.00397027698987
3384,1.01140545025,0.0113408984633,0.00565440257932
3385,1.01060562359,0.0105497784671,0.00526100143493
3386,1.01177837774,0.0117095525572,0.00583767047578
3387,1.01098345937,0.010923579244,0.00544690116726
3388,1.00949941372,0.00945457800555,0.00471613295832
3389,1.01096593024,0.0109062404034,0.00543827893107
3390,1.00901676333,0.00897635504159,0.00447812070328
3391,1.01110326576,0.0110420770136,0.00550582558365
3392,1.00985530111,0.00980705436315,0.00489152451864
3393,1.01115395462,0.0110922079857,0.00553075275107
3394,1.01034667933,0.0102935188171,0.00513353753535
3395,1.00974403153,0.00969686460843,0.0048366976289
3396,1.01131965645,0.0112560685539,0.0056122265614
3397,1.0118352246,0.0117657360669,0.00586559784797
3398,1.01113140923,0.0110699110517,0.00551966588169
3399,1.0114455664,0.0113805614465,0.00567412174014
3400,1.00924737781,0.0092048825924,0.00459186629309
3401,1.01204787088,0.0119758729846,0.00597004453039
3402,1.01168154079,0.0116138383299,0.0057900915977
3403,1.01169392352,0.0116260780083,0.00579617598387
3404,1.01043808134,0.0103839807189,0.00517853527381
3405,1.01361578293,0.0135239210697,0.00673914992349
3406,1.01168918831,0.0116213975186,0.00579384930076
3407,1.01188870863,0.0118185931118,0.00589187100416
3408,1.01105957441,0.0109988645234,0.00548433806661
3409,1.01022833823,0.0101763827595,0.00507526846138
3410,1.01091406203,0.0108549334912,0.00541276465836
3411,1.01010424692,0.0100535402995,0.00501415708384
3412,1.01077451255,0.0107168810892,0.00534410971045
3413,1.01112373182,0.0110623181256,0.00551589036669
3414,1.00963966593,0.00959350079188,0.00478526436131
3415,1.00795346947,0.00792200734189,0.00395316924338
3416,1.01038080883,0.0103272982338,0.00515034039785
3417,1.00987238783,0.00982397419064,0.0048999430149
3418,1.00994238145,0.00989328115284,0.00493442609843
3419,1.01185516914,0.0117854471269,0.00587539552112
3420,1.01046692778,0.0104125287567,0.00519273527283
3421,1.00967286111,0.00962637849597,0.00480162441463
3422,1.01126858752,0.0112055699607,0.00558711865259
3423,1.01070189166,0.010645031733,0.00530837637595
3424,1.00961219801,0.00956629475375,0.00477172634421
3425,1.01030905631,0.0102562803904,0.00511501373197
3426,1.00911730917,0.0090759974151,0.00452771754925
3427,1.01044169578,0.0103875578113,0.00518031455638
3428,1.01147126555,0.0114059694572,0.00568675358119
3429,1.00882306101,0.00878436525399,0.00438255109918
3430,1.01094288264,0.010883442536,0.00542694192332
3431,1.00844477012,0.00840931252717,0.00419582907254
3432,1.01023061769,0.0101786391314,0.00507639092083
3433,1.0118037766,0.0117346554224,0.00585014855895
3434,1.01083386252,0.0107755966804,0.00537331018616
3435,1.0109672934,0.0109075887762,0.00543894945082
3436,1.00780288425,0.00777259918865,0.00387875770523
3437,1.00942102484,0.00937692375648,0.00467748819744
3438,1.01060307085,0.0105472525156,0.00525974510292
3439,1.01063887531,0.0105826806939,0.00527736586437
3440,1.01029511434,0.0102424805895,0.00510814910094
3441,1.01126217458,0.0111992284591,0.00558396561213
3442,1.00880342438,0.00876490017135,0.00437286116407
3443,1.00998571121,0.00993618344068,0.00495577116433
3444,1.01051293557,0.0104580589388,0.00521538189305
3445,1.00917236803,0.00913055733367,0.00455487362218
3446,1.01024210052,0.0101900056181,0.00508204529775
3447,1.0114984718,0.0114328667994,0.0057001256831
3448,1.01089023417,0.0108313626003,0.00540104293565
3449,1.00869980097,0.0086621757684,0.00432172224908
3450,1.01092053618,0.0108613377201,0.00541594943541
3451,1.00980821589,0.00976042756476,0.00486832488708
3452,1.00946568456,0.00942116568043,0.00469950544536
3453,1.00976271348,0.00971536610314,0.0048459035906
3454,1.01055757206,0.0105022300686,0.00523735203064
3455,1.01063261716,0.0105764883971,0.00527428605074
3456,1.01084031873,0.0107819836815,0.00537648652197
3457,1.0105929043,0.0105371925771,0.00525474157744
3458,1.0116098034,0.011542926752,0.00575484047612
3459,1.01038681097,0.0103332386883,0.00515329532304
3460,1.01017921982,0.0101277604757,0.00505108041105
3461,1.01035944861,0.0103061572517,0.00513982429281
3462,1.01196403543,0.0118930321197,0.00592887052705
3463,1.01092775289,0.0108684764425,0.00541949945878
3464,1.01029319082,0.0102405766651,0.00510720200106
3465,1.01034319905,0.0102900741782,0.00513182405602
3466,1.00854453334,0.00850823543488,0.00424508177652
3467,1.01011073347,0.0100599619433,0.00501735180108
3468,1.0097456199,0.00969843764132,0.00483748034089
3469,1.01139829232,0.011333821234,0.00565088396716
3470,1.01094003621,0.0108806269132,0.00542554175106
3471,1.01101359613,0.0109533881447,0.00546172432406
3472,1.01052898991,0.0104739461314,0.00522328402905
3473,1.01196971121,0.0118986407856,0.00593165822954
3474,1.01147421785,0.0114088882764,0.00568820469039
3475,1.00919547137,0.00915345042463,0.00456626796488
3476,1.01055610795,0.0105007812621,0.0052366314211
3477,1.01022435073,0.0101724356211,0.00507330490663
3478,1.00972627377,0.00967927805129,0.00482794684228
3479,1.00946760746,0.00942307054703,0.00470045340224
3480,1.01163694083,0.0115697523782,0.00576817601117
3481,1.0092227313,0.00918046160661,0.00457971179494
3482,1.01089696841,0.0108380242665,0.00540435577329
3483,1.00943909851,0.00939482858455,0.00468639869678
3484,1.01098705545,0.0109271362499,0.0054486699813
3485,1.0096038234,0.00955799983821,0.00476759866841
3486,1.01075768375,0.0107002315364,0.0053358293881
3487,1.01052687781,0.0104718560308,0.0052222444368
3488,1.01039637183,0.0103427012177,0.00515800219497
3489,1.01224187287,0.012167547125,0.00606530488419
3490,1.00984739925,0.0097992295839,0.00488763125895
3491,1.01019652235,0.010144888511,0.00505960113463
3492,1.01129709757,0.0112337619213,0.00560113577821
3493,1.00980774941,0.00975996561484,0.00486809503656
3494,1.01079069624,0.0107328921367,0.00535207241995
3495,1.01135123095,0.0112872891473,0.00562774912841
3496,1.0099286331,0.00987966806209,0.00492765311641
3497,1.01136764251,0.0113035163753,0.0056358170483
3498,1.01101089352,0.0109507149782,0.00546039503998
3499,1.01088242219,0.0108236347493,0.005397199872
3500,1.00939440344,0.00935055046345,0.00466436314477
3501,1.01150021211,0.0114345873244,0.00570098104161
3502,1.01046590639,0.0104115179484,0.00519223249302
3503,1.00933556008,0.00929225305619,0.00463534997843
3504,1.0106326229,0.0105764940774,0.00527428887592
3505,1.01068583359,0.0106291435641,0.0053004744303
3506,1.00954220404,0.00949696477392,0.00473722616817
3507,1.00895145648,0.00891162968974,0.00444590243
3508,1.011333383,0.0112696413682,0.00561897485877
3509,1.01102621652,0.0109658709796,0.00546793163326
3510,1.00973565808,0.00968857192254,0.004832571332
3511,1.01163905489,0.0115718421197,0.00576921485439
3512,1.01242758852,0.0123509999282,0.006156470756
3513,1.01002223254,0.00997234302887,0.00497376119647
3514,1.00969122397,0.00964456527257,0.00481067409875
3515,1.00985427401,0.00980603728652,0.00489101846772
3516,1.01040094798,0.0103472302797,0.00516025504298
3517,1.01096418474,0.0109045138354,0.0054374203415
3518,1.00969266485,0.00964599231707,0.00481138418822
3519,1.00853838935,0.00850214348267,0.00424204872621
3520,1.01042934884,0.0103753383825,0.00517423647362
3521,1.0107066976,0.0106497867672,0.00531074126949
3522,1.00975810703,0.00971080418204,0.00484363368078
3523,1.01043524145,0.0103811701618,0.00517713727154
3524,1.01056720855,0.0105117658426,0.00524209493524
3525,1.01110005255,0.0110388990837,0.005504245366
3526,1.00968762761,0.00964100342534,0.004808901741
3527,1.01016985171,0.0101184867282,0.00504646694779
3528,1.01168800116,0.0116202240819,0.0057932659816
3529,1.01182132484,0.0117519987976,0.00585876947852
3530,1.01110481218,0.0110436064507,0.0055065860915
3531,1.00891452871,0.00887502887213,0.00442768321631
3532,1.01134144945,0.0112776173917,0.00562294045412
3533,1.00851368548,0.00847764845618,0.00422985309284
3534,1.01078951111,0.0107317196582,0.00535148931812
3535,1.01252664125,0.0124488320021,0.00620508445374
3536,1.00993400108,0.00988498325677,0.00493029761451
3537,1.0104344171,0.0103803543246,0.0051767314647
3538,1.01047397101,0.0104194990074,0.00519620229484
3539,1.00913018717,0.00908875898924,0.00453406942566
3540,1.01109167661,0.0110306150678,0.00550012614815
3541,1.01105904691,0.0109983427925,0.00548407863181
3542,1.0105674427,0.0105119975412,0.00524221017723
3543,1.01133642305,0.0112726473463,0.00562046940145
3544,1.00998348108,0.00993397535249,0.00495467259102
3545,1.01186662946,0.0117967731061,0.00588102522245
3546,1.00956002519,0.00951461732262,0.00474601059169
3547,1.0093139233,0.00927081617663,0.0046246811652
3548,1.01176305429,0.011694407374,0.00583014206198
3549,1.00981726489,0.00976938863566,0.00487278359984
3550,1.01105250567,0.0109918730859,0.00548086151348
3551,1.01120637239,0.0111440461971,0.00555652817057
3552,1.01203517349,0.0119633266738,0.00596380880645
3553,1.01044399039,0.0103898287019,0.00518144411906
3554,1.00963551794,0.00958939240034,0.00478321999331
3555,1.00929833142,0.00925536805564,0.00461699279633
3556,1.01151990436,0.0114540554987,0.00571065958782
3557,1.00980717242,0.00975939422748,0.00486781073362
3558,1.01117521791,0.0111132365049,0.00554120880391
3559,1.0099061421,0.009857397921,0.00491657285393
3560,1.01154195708,0.0114758568283,0.00572149794354
3561,1.01072621744,0.0106690996442,0.00532034637873
3562,1.01001328778,0.00996348698353,0.00496935518798
3563,1.00963832693,0.00959217456944,0.00478460442304
3564,1.01040806087,0.0103542699252,0.00516375669638
3565,1.0103553949,0.0103021450934,0.00513782852255
3566,1.011090472,0.011029423674,0.00549953372748
3567,1.01173839172,0.0116700312378,0.0058180249782
3568,1.00908457406,0.00904355754146,0.00451157092078
3569,1.01234075261,0.0122652262601,0.00611384703949
3570,1.01108934323,0.0110283072775,0.00549897859887
3571,1.00974104555,0.00969390743244,0.0048352261913
3572,1.00927413747,0.00923139670486,0.00460506238722
3573,1.00985616192,0.00980790677201,0.00489194863819
3574,1.00954984186,0.00950453037272,0.00474099104047
3575,1.01071594696,0.0106589381095,0.00531529263
3576,1.01031187089,0.0102590662456,0.00511639953375
3577,1.01069264713,0.010635885046,0.00530382729908
3578,1.01097228887,0.0109125300344,0.00544140663928
3579,1.01125382675,0.0111909735587,0.00557986120102
3580,1.00994192018,0.00989282442927,0.00493419886346
3581,1.01081541222,0.0107573439582,0.00536423282239
3582,1.01007157603,0.0100211956985,0.00499806574371
3583,1.01177130075,0.0117025579251,0.00583419356987
3584,1.00956504339,0.00951958798677,0.00474848412528
3585,1.0090448507,0.00900419102424,0.00449197627174
3586,1.00940376162,0.00935982150559,0.00466897703339
3587,1.00904156394,0.0090009337212,0.00449035493477
3588,1.01038665896,0.0103330882447,0.00515322048885
3589,1.0098241653,0.00977622193821,0.0048761835967
3590,1.00922051598,0.00917826652951,0.0045786192822
3591,1.01058041151,0.0105248306543,0.00524859307637
3592,1.01259394033,0.0125152962669,0.00623810982923
3593,1.01011053032,0.010059760821,0.00501725174446
3594,1.01109195947,0.0110308948191,0.00550026525441
3595,1.01038465402,0.0103311039181,0.0051522334379
3596,1.00928714422,0.00924428385585,0.00461147626898
3597,1.00977213115,0.00972469267363,0.0048505442672
3598,1.01154480495,0.0114786721913,0.00572289757004
3599,1.01067614672,0.0106195590641,0.00529570757005
3600,1.01111968157,0.0110583124335,0.00551389856609
3601,1.00987245985,0.00982404550028,0.00489997849501
3602,1.00983837943,0.00979029768446,0.00488318712722
3603,1.0101974604,0.0101458170878,0.00506006307381
3604,1.00883410284,0.00879531045299,0.00438799969983
3605,1.01017708211,0.010125644302,0.0050500276681
3606,1.01023875462,0.0101866936341,0.00508039772021
3607,1.01129224881,0.0112289673187,0.00559875190165
3608,1.01221903825,0.0121449884056,0.00605409387402
3609,1.01278383585,0.012702812412,0.00633127866088
3610,1.01171651729,0.0116484103723,0.00580727738274
3611,1.0104972061,0.0104424929905,0.00520763947995
3612,1.01145125609,0.0113861867366,0.00567691842198
3613,1.01181168772,0.0117424742216,0.00585403508039
3614,1.01017932412,0.0101278637289,0.00505113177687
3615,1.01124809458,0.0111853051705,0.00557704281736
3616,1.0094518443,0.00940745510872,0.00469268235257
3617,1.01092157165,0.0108623620056,0.00541645880429
3618,1.00949172855,0.00944696512736,0.00471234446369
3619,1.01038712132,0.010333545849,0.00515344811191
3620,1.010017972,0.00996812475553,0.00497166254793
3621,1.01223783601,0.0121635590781,0.00606332295313
3622,1.01059011733,0.0105344348161,0.00525336994163
3623,1.01009985614,0.0100491934326,0.005011994546
3624,1.01060574439,0.0105498980005,0.00526106088719
3625,1.01127635386,0.0112132497279,0.005590937075
3626,1.01047230955,0.0104178547644,0.00519538444491
3627,1.0120516851,0.0119796417941,0.00597191768337
3628,1.01075301251,0.0106956100007,0.00533353094748
3629,1.01187205579,0.0118021357896,0.00588369079161
3630,1.00973315282,0.00968609081189,0.00483133677099
3631,1.01040714816,0.0103533666145,0.00516330737316
3632,1.01017747406,0.0101260323058,0.00505022069029
3633,1.01184282771,0.0117732502129,0.0058693328765
3634,1.01007776564,0.0100273235686,0.00500111436033
3635,1.01025592503,0.0102036898746,0.0050888526307
3636,1.01036332011,0.0103099890521,0.00514173034383
3637,1.01101342683,0.0109532206923,0.00546164105515
3638,1.01058374671,0.0105281309364,0.00525023455515
3639,1.00972530266,0.00967831629853,0.00482746828743
3640,1.01021899301,0.01016713211,0.00507066660077
3641,1.01022999689,0.010178024624,0.00507608522683
3642,1.00960002501,0.00955423757585,0.00476572650395
3643,1.01122638799,0.0111638397918,0.00556636992739
3644,1.01079900343,0.0107411106046,0.00535615965258
3645,1.01183279245,0.0117633323598,0.00586440304331
3646,1.01060575894,0.0105499123962,0.00526106804718
3647,1.01124322995,0.0111804946304,0.00557465095869
3648,1.00883213602,0.00879336084676,0.00438702917368
3649,1.01152749028,0.0114615549905,0.00571438791321
3650,1.01057990411,0.0105243285677,0.00524834335068
3651,1.01051594871,0.0104610407271,0.0052168650105
3652,1.01035137444,0.0102981658364,0.00513584911449
3653,1.01026744776,0.0102150955611,0.00509452643687
3654,1.00996389844,0.00991458609879,0.00494502595111
3655,1.01101750882,0.0109572582046,0.00546364878355
3656,1.01007809857,0.0100276531757,0.00500127833966
3657,1.00957915296,0.00953356377981,0.00475543881559
3658,1.01098188508,0.0109220220559,0.00544612681385
3659,1.01030129654,0.0102485997738,0.00511119305954
3660,1.01038614353,0.0103325781156,0.00515296673866
3661,1.01008361999,0.0100331194949,0.00500399782624
3662,1.01148071108,0.0114153078246,0.00569139620156
3663,1.00933388001,0.00929058853251,0.00463452157407
3664,1.01151644063,0.011450631204,0.00570895721647
3665,1.01004062493,0.00999055274993,0.00498282073036
3666,1.01139423813,0.0113298127191,0.00564889103356
3667,1.00925914407,0.00921654097441,0.00459766870031
3668,1.00914775659,0.00910616928996,0.00454273506855
3669,1.01039602798,0.0103423609122,0.00515783291985
3670,1.01130759323,0.0112441402818,0.00560629587973
3671,1.00903308032,0.00899252608274,0.00448616998338
3672,1.01043083611,0.0103768102998,0.00517496862398
3673,1.01161130918,0.011544415253,0.0057555804433
3674,1.01107023437,0.0110094078256,0.0054895807924
3675,1.01056668034,0.010511243155,0.00524183496142
3676,1.01080221395,0.0107442868218,0.00535773925374
3677,1.01060885697,0.0105529779045,0.00526259273622
3678,1.00944056477,0.00939628112977,0.00468712156552
3679,1.01197536282,0.0119042255252,0.00593443403208
3680,1.01044329241,0.0103891379353,0.00518110052528
3681,1.01001429293,0.00996448216935,0.00496985030805
3682,1.00987305867,0.00982463847233,0.00490027352822
3683,1.00969596452,0.00964926030592,0.00481301031955
3684,1.010118953,0.0100680991621,0.00502139998857
3685,1.00989863637,0.00984996578565,0.00491287504971
3686,1.01060060626,0.0105448137726,0.00525853214427
3687,1.00971860964,0.00967168772231,0.00482416999348
3688,1.01098717885,0.0109272583061,0.00544873067688
3689,1.01092841947,0.0108691358238,0.00541982736266
3690,1.0110830846,0.0110221172747,0.00549590061208
3691,1.00907962561,0.00903865362913,0.0045091300238
3692,1.00953199251,0.00948684971474,0.00473219258451
3693,1.01171111809,0.0116430736778,0.00580462452777
3694,1.00987670374,0.00982824789872,0.00490206939621
3695,1.0089902527,0.00895008097047,0.00446504241105
3696,1.01179218203,0.0117231960512,0.00584445237653
3697,1.01062546094,0.010569407446,0.00527076424245
3698,1.01032462078,0.0102716859266,0.00512267707078
3699,1.01131841877,0.0112548447236,0.00561161808029
3700,1.01189764196,0.0118274214443,0.00589625915302
3701,1.01061830625,0.0105623279518,0.00526724314626
3702,1.01270776847,0.0126277023697,0.00629396071031
3703,1.01052932031,0.0104742730853,0.0052234466521
3704,1.01022855388,0.010176596224,0.00507537465193
3705,1.00963666486,0.00959052836895,0.00478378526066
3706,1.01025123395,0.0101990464031,0.00508654270728
3707,1.01117811438,0.0111161009595,0.00554263309392
3708,1.01058543115,0.0105297977326,0.00525106357736
3709,1.0101606048,0.0101093328635,0.00504191310239
3710,1.01006387378,0.0100135702152,0.00499427205117
3711,1.01189489044,0.0118247022685,0.00589490758068
3712,1.01007080674,0.0100204340791,0.00499768683724
3713,1.01031968541,0.0102668009819,0.00512024710749
3714,1.00945684512,0.00941240909214,0.00469514771749
3715,1.01248997828,0.0124126219589,0.00618709161247
3716,1.00995094415,0.00990175952994,0.00493864436008
3717,1.00939067578,0.00934685749024,0.00466252526915
3718,1.01157022052,0.0115037973801,0.00573538819154
3719,1.00982942312,0.00978142858879,0.00487877422433
3720,1.01126231059,0.0111993629494,0.00558403248181
3721,1.01090648877,0.010847441962,0.00540903916173
3722,1.0093830088,0.00933926180751,0.00465874512814
3723,1.00957141288,0.00952589711145,0.00475162370328
3724,1.01023468255,0.0101826628257,0.00507839255307
3725,1.01130293275,0.0112395318974,0.00560400460288
3726,1.00995691506,0.00990767158985,0.00494158578691
3727,1.00966185181,0.00961547461008,0.00479619863508
3728,1.01002966182,0.00997969856061,0.00497742066329
3729,1.00865278936,0.00861556853123,0.0042985190719
3730,1.01133610783,0.0112723356556,0.00562031443205
3731,1.01063598877,0.010579824528,0.00527594531697
3732,1.00869249861,0.0086549363555,0.00431811817947
3733,1.01099700866,0.0109369812388,0.00545356564269
3734,1.01029623258,0.0102435874319,0.00510869969502
3735,1.01116374343,0.0111018887697,0.00553556636043
3736,1.01056979369,0.0105143239443,0.00524336728036
3737,1.01262915905,0.012550076361,0.00625539124499
3738,1.0100475857,0.00999744429332,0.00498624932649
3739,1.01019199817,0.0101404099848,0.00505737319884
3740,1.01064115743,0.0105849387865,0.00527848895165
3741,1.0102596261,0.0102073533657,0.00509067505314
3742,1.00783090522,0.00780040281832,0.00389260550204
3743,1.01126347293,0.0112005123471,0.00558460397137
3744,1.01046785891,0.0104134502355,0.00519319361966
3745,1.01025233734,0.010200138603,0.0050870860293
3746,1.01127992033,0.0112167764207,0.00559269056109
3747,1.00934855995,0.00930513260953,0.00464175988385
3748,1.01145344118,0.0113883470861,0.00567799246407
3749,1.01101455695,0.0109543385045,0.00546219690857
3750,1.01052889057,0.0104738478214,0.00522323513081
3751,1.00973377316,0.00968670517197,0.00483164246689
3752,1.01098962327,0.0109296761609,0.00544993301644
3753,1.00978917309,0.00974156954498,0.00485894173644
3754,1.01134280826,0.01127896096,0.00562360846062
3755,1.00982575842,0.00977779955334,0.00487696855759
3756,1.01165535454,0.0115879541107,0.00577722434083
3757,1.0097360214,0.0096889317395,0.00483275037105
3758,1.0101559776,0.0101047521994,0.00503963431537
3759,1.00962043458,0.00957445287101,0.00477578593041
3760,1.01012077415,0.010069902073,0.00502229691705
3761,1.01014265496,0.0100915634116,0.00503307313317
3762,1.01008480864,0.0100342962828,0.00500458327571
3763,1.01156742676,0.0115010355748,0.00573401520791
3764,1.00822631435,0.00819266265472,0.00408795280649
3765,1.00993409783,0.00988507905201,0.00493034527598
3766,1.01346200994,0.0133722021856,0.0066637988516
3767,1.01310805479,0.0130228876841,0.0064902903298
3768,1.01077234079,0.0107147324765,0.00534304114477
3769,1.01081322996,0.0107551850475,0.0053631591569
3770,1.01078375442,0.0107260244001,0.00534865692411
3771,1.01207001603,0.0119977542763,0.0059809198006
3772,1.00884096172,0.0088021092443,0.00439138417318
3773,1.01128403069,0.0112208409311,0.00559471144846
3774,1.01132049876,0.0112569014294,0.00561264066194
3775,1.00992551719,0.00987658277401,0.0049261180728
3776,1.00912371062,0.00908234100817,0.00453087497978
3777,1.01108645393,0.0110254496633,0.00549755764777
3778,1.01003640224,0.00998637202672,0.00498074078248
3779,1.01010266459,0.0100519737924,0.00501337775736
3780,1.00932885641,0.00928561137545,0.00463204452583
3781,1.01210129183,0.0120286565956,0.00599627842943
3782,1.00976761196,0.00972021720714,0.00484831738569
3783,1.01094427548,0.0108848202972,0.00542762706518
3784,1.00984355929,0.00979542705994,0.00488573928784
3785,1.0103783513,0.0103248659524,0.00514913051994
3786,1.01039133367,0.0103377148862,0.0051555218859
3787,1.01152187091,0.0114559996448,0.00571162610921
3788,1.01119244723,0.0111302752631,0.00554968093929
3789,1.01012729759,0.0100763601312,0.00502550972386
3790,1.00962276047,0.00957675659604,0.00477693229121
3791,1.00963827114,0.0095921193183,0.00478457692964
3792,1.00933275753,0.00928947642673,0.00463396809807
3793,1.01036550472,0.0103121512499,0.0051428058834
3794,1.00943375204,0.00938953209519,0.00468376285934
3795,1.01182009406,0.0117507823976,0.00585816484165
3796,1.00979680801,0.00974913042433,0.00486270380006
3797,1.00961977534,0.00957379991715,0.00477546101261
3798,1.00931880084,0.0092756486881,0.00462708624362
3799,1.01078363245,0.0107259037306,0.00534859691207
3800,1.01062870158,0.0105726140031,0.00527235906918
3801,1.0114848104,0.0114193606112,0.00569341105981
3802,1.00856498831,0.00852851689665,0.00425517940798
3803,1.01123951023,0.0111768162617,0.00557282202548
3804,1.00962894699,0.00958288413623,0.00477998142122
3805,1.00947084036,0.00942627312029,0.00470204716082
3806,1.0097584478,0.00971114165837,0.00484380160163
3807,1.01147875666,0.0114133755896,0.00569043558212
3808,1.01097065099,0.0109109099337,0.00544060099638
3809,1.00943453909,0.00939031178046,0.00468415087597
3810,1.00962006536,0.00957408716928,0.00477560395279
3811,1.01063166351,0.0105755447827,0.00527381673187
3812,1.0103431392,0.0102900149324,0.00513179458514
3813,1.01053928725,0.0104841361248,0.00522835240022
3814,1.00946106767,0.00941659207591,0.00469722938733
3815,1.01305266438,0.0129682124422,0.00646312976672
3816,1.01082758475,0.0107693861733,0.00537022161327
3817,1.01124330576,0.0111805696034,0.00557468823624
3818,1.01196623436,0.0118952050486,0.0059299505494
3819,1.01124949011,0.0111866851732,0.00557772897031
3820,1.0100191707,0.00996931156606,0.00497225300281
3821,1.00895272247,0.00891288444391,0.00444652701763
3822,1.01276911179,0.0126882741027,0.00632405550302
3823,1.01078012607,0.0107224347492,0.00534687169693
3824,1.0096134712,0.00956755582636,0.00477235387157
3825,1.00914973967,0.00910813439928,0.00454371315924
3826,1.00838380499,0.00834885609905,0.00416572723594
3827,1.01012952712,0.0100785673052,0.00502660776413
3828,1.00768764944,0.00765825004107,0.0038218032696
3829,1.00792981194,0.00789853621434,0.00394148000369
3830,1.01148067206,0.0114152692513,0.00569137702465
3831,1.01005677232,0.0100065394879,0.00499077423803
3832,1.0113310267,0.011267311467,0.00561781645336
3833,1.01036637419,0.0103130118018,0.00514323394643
3834,1.01105619572,0.010995522787,0.00548267636065
3835,1.01143876034,0.0113738323843,0.00567077629418
3836,1.00920417119,0.00916207094187,0.00457055853245
3837,1.01089601393,0.0108370800784,0.00540388623047
3838,1.01167743787,0.0116097827768,0.00578807556016
3839,1.01109732555,0.0110362020204,0.00550290425609
3840,1.0120826559,0.0120102433215,0.00598712695581
3841,1.01066353384,0.0106070793408,0.00528950073354
3842,1.01026486056,0.0102125346574,0.0050932525075
3843,1.00910505628,0.0090638551581,0.00452167389076
3844,1.01405100626,0.0139532059332,0.0069523229689
3845,1.01181021098,0.0117410147234,0.005853309603
3846,1.01144763198,0.011382603653,0.00567513704898
3847,1.01038689391,0.0103333207759,0.00515333615532
3848,1.00919831689,0.00915627001209,0.00456767132012
3849,1.01060759758,0.0105517317411,0.00526197293338
3850,1.00963486835,0.00958874900068,0.00478289983219
3851,1.01061731766,0.0105613497422,0.00526675661759
3852,1.00983910068,0.00979101190282,0.0048835424925
3853,1.00847787602,0.00844214065912,0.00421217413375
3854,1.01122962383,0.0111670397014,0.00556796097496
3855,1.01016439194,0.0101130819064,0.00504377817089
3856,1.01132199642,0.0112583823235,0.00561337695286
3857,1.01029445892,0.0102418318433,0.00510782638473
3858,1.01205597188,0.0119838775176,0.00597402289521
3859,1.01113134328,0.0110698458202,0.00551963344598
3860,1.01187525593,0.0118052983785,0.00588526278096
3861,1.01161264447,0.0115457352136,0.0057562366248
3862,1.01028393296,0.0102314130865,0.0051026436014
3863,1.00997019463,0.00992082014644,0.00494812755634
3864,1.01016846669,0.0101171156457,0.00504578486588
3865,1.00957231568,0.00952679134636,0.0047520686961
3866,1.01079216172,0.0107343419689,0.00535279345597
3867,1.00984378854,0.00979565408055,0.00488585224355
3868,1.01044105894,0.0103869275546,0.00518000106042
3869,1.00999869254,0.00994903633939,0.00496216574513
3870,1.01070486066,0.0106479692851,0.00530983735412
3871,1.01097254067,0.0109127791076,0.00544153049822
3872,1.01167250115,0.0116049030287,0.0057856498053
3873,1.00886059093,0.00882156624346,0.00440106990407
3874,1.01053204722,0.0104769715825,0.00522478885207
3875,1.00970008371,0.00965333993662,0.00481504031517
3876,1.00994085033,0.00989176510589,0.00493367181509
3877,1.01199308291,0.0119217357734,0.00594313716137
3878,1.01050601544,0.0104512107754,0.00521197566338
3879,1.01192644908,0.0118558894445,0.00591040912506
3880,1.01143751686,0.0113726029608,0.00567016506814
3881,1.01107132806,0.0110104895375,0.00549011867913
3882,1.01064465474,0.0105883992653,0.00528021005653
3883,1.01232307813,0.012247767076,0.00610517078096
3884,1.00942802823,0.00938386175247,0.00468094096325
3885,1.01005836536,0.0100081166724,0.00499155889427
3886,1.01013312253,0.010082126651,0.00502837848973
3887,1.01135139538,0.0112874517363,0.00562782996539
3888,1.00994044557,0.00989136433533,0.00493347241842
3889,1.00871148435,0.0086737583135,0.00432748847666
3890,1.01112471255,0.0110632880725,0.00551637266495
3891,1.01176180213,0.0116931697717,0.00582952686835
3892,1.01112939696,0.0110679209311,0.0055186763133
3893,1.01256561639,0.0124873242103,0.00622421095011
3894,1.01086615615,0.0108075436863,0.00538919773162
3895,1.01042646095,0.0103724803024,0.00517281482674
3896,1.01019586863,0.0101442413912,0.00505927921177
3897,1.01021423996,0.0101624271299,0.00506832603662
3898,1.00921851062,0.00917627949572,0.00457763031375
3899,1.01013304486,0.0100820497651,0.00502834024008
3900,1.01255810476,0.0124799057707,0.00622052481043
3901,1.01222310774,0.0121490087577,0.00605609187826
3902,1.01177926425,0.0117104287446,0.00583810601197
3903,1.01008354866,0.0100330488739,0.00500396269243
3904,1.00869874075,0.0086611246886,0.00432119898028
3905,1.01074722817,0.0106898871863,0.0053306847976
3906,1.01130565209,0.0112422208457,0.00560534154171
3907,1.01103211038,0.0109717005427,0.00547083047278
3908,1.01012396186,0.0100730578365,0.00502386687297
3909,1.01001558971,0.00996576609115,0.00497048907829
3910,1.01183762027,0.0117681037121,0.00586677472607
3911,1.00979813981,0.00975044929961,0.00486336003084
3912,1.01281685832,0.0127354175258,0.00634747786969
3913,1.01159690451,0.0115301758175,0.00574850167843
3914,1.00905401256,0.00901327072547,0.0044964957192
3915,1.00961138252,0.00956548702362,0.0047713244062
3916,1.01059551322,0.0105397741494,0.00525602558001
3917,1.01022507204,0.0101731496276,0.00507366009865
3918,1.01083704906,0.0107787490705,0.00537487791056
3919,1.00892770662,0.00888809025953,0.00443418497294
3920,1.00897681479,0.00893676270384,0.00445841298898
3921,1.01024203448,0.0101899402475,0.00508201277858
3922,1.01332580312,0.013237795594,0.00659704114191
3923,1.01027038799,0.0102180059058,0.00509597419475
3924,1.01080118912,0.0107432729417,0.00535723502963
3925,1.01087441867,0.0108157173539,0.00539326253234
3926,1.01088812518,0.0108292763288,0.00540000543338
3927,1.01014863046,0.0100974789014,0.00503601598719
3928,1.00863563619,0.00859856236619,0.00429005250405
3929,1.01021233621,0.010160542631,0.00506738856239
3930,1.01090974763,0.0108506656604,0.00541064229108
3931,1.0113095172,0.0112460427384,0.00560724177472
3932,1.01007744939,0.0100270104749,0.00500095859636
3933,1.01309503975,0.013010040955,0.00648390863425
3934,1.01262487109,0.0125458418677,0.0062532872403
3935,1.01295029575,0.0128671576764,0.00641292768056
3936,1.009448449,0.00940409159443,0.00469100848597
3937,1.00763804424,0.00760902206732,0.00379728305078
3938,1.01181908515,0.0117497852722,0.00585766919945
3939,1.0093231519,0.00927995957186,0.00462923170977
3940,1.01018370089,0.0101321963792,0.00505328715729
3941,1.01031689912,0.0102640431477,0.00511887524984
3942,1.01046324997,0.0104088890384,0.00519092486208
3943,1.00836000613,0.00832525482047,0.00415397568556
3944,1.01045682919,0.0104025347226,0.00518776419156
3945,1.01032726149,0.0102742996423,0.00512397723319
3946,1.01017209412,0.0101207065568,0.00504757126035
3947,1.0105341108,0.0104790136481,0.00522580454967
3948,1.00998084086,0.00993136122356,0.00495337200178
3949,1.00914338072,0.00910183307576,0.00454057680824
3950,1.01079133423,0.01073352332,0.00535238632249
3951,1.01053955122,0.0104843973397,0.00522848232479
3952,1.01040383048,0.0103500831036,0.00516167409325
3953,1.01142696893,0.0113621742538,0.00566498026738
3954,1.01028388717,0.0102313677687,0.00510262105815
3955,1.0111717845,0.0111098410382,0.00553952047664
3956,1.0113883404,0.0113239814156,0.0056459918478
3957,1.01053735351,0.0104822225472,0.00522740061341
3958,1.01112684103,0.0110653931252,0.0055174193846
3959,1.01038869143,0.0103350998202,0.00515422109307
3960,1.00853121607,0.00849503090233,0.0042385075157
3961,1.01114637991,0.0110847168113,0.00552702787282
3962,1.0103678879,0.0103145099817,0.00514397918337
3963,1.00983013086,0.00978212944009,0.00487912294027
3964,1.01175172563,0.0116832103588,0.00582457617887
3965,1.01180447103,0.0117353417556,0.00585048971792
3966,1.01020629486,0.0101545623323,0.00506441356082
3967,1.01090550809,0.0108464718646,0.00540855673654
3968,1.01049959526,0.0104448573276,0.00520881549148
3969,1.01303388587,0.0129496757147,0.00645392126292
3970,1.00990267161,0.00985396147166,0.00491486307557
3971,1.01062861895,0.0105725322443,0.00527231840535
3972,1.00941278514,0.00936876092752,0.00467342586544
3973,1.01256167184,0.0124834286,0.00622227526664
3974,1.01062409788,0.0105680587089,0.00527009342809
3975,1.01053882794,0.0104836816104,0.0052281263312
3976,1.01028429537,0.0102317718064,0.00510282204614
3977,1.01178807888,0.0117191407127,0.00584243655586
3978,1.01326750632,0.0131802637733,0.00656846459043
3979,1.0108377632,0.0107794555525,0.00537522925289
3980,1.01166731535,0.0115997770476,0.00578310164004
3981,1.01063990501,0.0105836995484,0.00527787260309
3982,1.01205938905,0.011987253973,0.00597570103596
3983,1.0094827125,0.0094380338067,0.00470789983717
3984,1.01024156336,0.010189473902,0.00508178079076
3985,1.0100471172,0.0099969804551,0.00498601856375
3986,1.01067407507,0.0106175092998,0.00529468811486
3987,1.01072037399,0.0106633181886,0.00531747102645
3988,1.01070018451,0.0106433426574,0.0053075363209
3989,1.01022180898,0.0101699195974,0.00507205327629
3990,1.01082814572,0.0107699411345,0.00537049760373
3991,1.00992355125,0.00987463616004,0.00492514955996
3992,1.0126258581,0.012546816569,0.00625377154329
3993,1.0099744776,0.00992506082637,0.00495023740235
3994,1.00866317785,0.00862586784803,0.00430364658119
3995,1.00982547355,0.00977751745822,0.0048768281979
3996,1.01121865919,0.0111561967614,0.00556256967688
3997,1.01232058569,0.0122453049767,0.00610394724629
3998,1.01053393388,0.0104788385782,0.00522571747214
3999,1.00901929637,0.00897886543768,0.00447937027962
4000,1.00898314508,0.00894303665085,0.00446153597166
4001,1.01118927251,0.0111271356768,0.00554811985675
4002,1.01078721641,0.0107294494468,0.0053503602863
4003,1.00927637577,0.0092336144389,0.00460616614722
4004,1.00999595618,0.0099463270648,0.00496081782885
4005,1.00976775712,0.00972036096942,0.00484838891832
4006,1.01168108081,0.0116133836598,0.00578986557895
4007,1.01089139655,0.0108325124603,0.00540161476028
4008,1.01079156207,0.0107337487255,0.00535249842197
4009,1.00997747523,0.00992802884721,0.00495171406547
4010,1.01088262863,0.0108238389694,0.00539730143091
4011,1.01067286518,0.0106163121866,0.00529409272725
4012,1.00891585484,0.00887634328913,0.00442833751469
4013,1.00906363454,0.00902280632034,0.00450124206694
4014,1.01117475763,0.011112781312,0.00554098246862
4015,1.00963689527,0.00959075657875,0.0047838988197
4016,1.01026190682,0.0102096109235,0.00509179808516
4017,1.01077737134,0.0107197094016,0.00534551630826
4018,1.00925491135,0.00921234707771,0.00459558139085
4019,1.0098001858,0.00975247543904,0.00486436817312
4020,1.00956092236,0.00951550599132,0.00474645281713
4021,1.01160607073,0.011539236917,0.00575300617414
4022,1.01009058347,0.0100400134403,0.00500742754441
4023,1.01033674989,0.0102836910128,0.00512864884689
4024,1.01226481421,0.0121902107575,0.00607656790569
4025,1.01115430564,0.0110925551333,0.00553092536487
4026,1.01003695903,0.00998692328145,0.00498101503698
4027,1.01082958312,0.0107713631368,0.00537120478622
4028,1.01082391808,0.0107657587718,0.00536841765087
4029,1.01226967738,0.0121950149883,0.00607895542163
4030,1.00952742969,0.0094823299609,0.00472994339923
4031,1.01090374049,0.0108447233247,0.00540768719474
4032,1.01145618624,0.0113910610614,0.00567934174582
4033,1.01035750772,0.0103042362634,0.00513886873501
4034,1.01005278224,0.010002589133,0.00498880891628
4035,1.00995864269,0.00990938217937,0.00494243685479
4036,1.01104090831,0.010980402431,0.00547515760422
4037,1.01019816356,0.0101465131542,0.00506040934588
4038,1.00963055766,0.00958447944488,0.00478077526245
4039,1.01218460522,0.0121109704543,0.00603718772852
4040,1.00945833824,0.00941388822063,0.0046958838091
4041,1.01041271505,0.010358876152,0.00516604791442
4042,1.01032566019,0.0102727147097,0.00512318882713
4043,1.01012447013,0.0100735610155,0.00502411719848
4044,1.00840570924,0.00837057799659,0.00417654288222
4045,1.01104636781,0.0109858022983,0.00547784275169
4046,1.01164843962,0.0115811188349,0.00577382644162
4047,1.01053781066,0.0104826749355,0.00522762562509
4048,1.01121049125,0.0111481194049,0.00555855345594
4049,1.00939525829,0.00935139735907,0.00466478461738
4050,1.0084310085,0.00839566605805,0.00418903444392
4051,1.01176884848,0.0117001341855,0.00583298876961
4052,1.01013105518,0.0100800800368,0.00502736032769
4053,1.01156538008,0.0114990122969,0.00573300936922
4054,1.01134557758,0.0112816992185,0.00562496988947
4055,1.01044826706,0.0103940611629,0.00518354938219
4056,1.01013050142,0.0100795318346,0.00502708760455
4057,1.01074434806,0.0106870376918,0.00532926764421
4058,1.01186377367,0.0117939508047,0.0058796223698
4059,1.01171957461,0.0116514322735,0.00580877955768
4060,1.01193351577,0.0118628728254,0.00591388017215
4061,1.0102518141,0.010199620666,0.00508682837816
4062,1.01102059732,0.0109603130436,0.00546516785665
4063,1.01110158025,0.0110404100196,0.00550499667538
4064,1.01067415157,0.0106175849877,0.00529472575844
4065,1.00909953235,0.00905838105164,0.00451894920987
4066,1.00997954411,0.00993007729081,0.0049527332151
4067,1.01115926429,0.0110974590741,0.00553336377062
4068,1.00946055937,0.00941608853951,0.00469697880171
4069,1.01035324223,0.0103000144932,0.00513676869524
4070,1.01106537135,0.0110045980348,0.00548718909596
4071,1.01168530069,0.011617554805,0.00579193907421
4072,1.00967147942,0.00962501004188,0.00480094347275
4073,1.01063193338,0.0105758118092,0.00527394954099
4074,1.00963196379,0.00958587215638,0.00478146828884
4075,1.01062075651,0.0105647524638,0.0052684490163
4076,1.00929122882,0.00924833086102,0.00461349043819
4077,1.01280153451,0.012720287525,0.00633996085955
4078,1.00928875627,0.0092458810719,0.00461227119393
4079,1.01012364902,0.0100727481286,0.00502371279697
4080,1.01152708098,0.0114611503574,0.00571418675273
4081,1.01071513377,0.0106581335402,0.00531489248353
4082,1.01041438474,0.0103605286358,0.00516686988755
4083,1.01062346448,0.0105674319673,0.00526978170875
4084,1.01119654964,0.011134332259,0.00555169817765
4085,1.01113820363,0.0110766306248,0.00552300711773
4086,1.00911240653,0.00907113905826,0.00452529936653
4087,1.01117338218,0.0111114210623,0.00554030611212
4088,1.01149809166,0.0114324909797,0.00569993884431
4089,1.00945969304,0.00941523032404,0.0046965517094
4090,1.00864185691,0.00860472981333,0.00429312299355
4091,1.01007388155,0.0100234782272,0.00499920130328
4092,1.01144416412,0.0113791750364,0.00567343246819
4093,1.01230301006,0.0122279431076,0.00609531926229
4094,1.00932298798,0.00927979716101,0.00462915088026
4095,1.01086726141,0.0108086370642,0.00538974147419
4096,1.00873843831,0.00870047913243,0.00434079098024
4097,1.00998140605,0.00993192083286,0.00495365042042
4098,1.01086479742,0.0108061995622,0.0053885292912
4099,1.01066218369,0.0106057434381,0.0052888363151
4100,1.01178090997,0.0117120552999,0.00583891454126
4101,1.00984669884,0.00979853600607,0.00488728616495
4102,1.01048116832,0.0104266216867,0.00519974512271
4103,1.00869337579,0.00865580597638,0.00431855111225
4104,1.0102421645,0.0101900689465,0.00508207680104
4105,1.01067748908,0.0106208872511,0.0052963681465
4106,1.0093325,0.0092892212829,0.00463384111731
4107,1.01090510937,0.0108460774467,0.00540836059421
4108,1.0106840477,0.0106273765537,0.00529959560768
4109,1.01015085739,0.0100996834539,0.00503711271174
4110,1.01104523028,0.0109846771994,0.00547728328361
4111,1.01202478453,0.0119530612042,0.00595870666921
4112,1.01021169274,0.0101599056676,0.00506707169451
4113,1.01062163574,0.0105656224574,0.00526888172126
4114,1.01037547,0.0103220142492,0.00514771200925
4115,1.01047874625,0.0104242247386,0.00519855287973
4116,1.01082076552,0.0107626399663,0.00536686661845
4117,1.01208982465,0.0120173264641,0.00599064731707
4118,1.01021542643,0.0101636016063,0.00506891029834
4119,1.01241985462,0.0123433609345,0.00615267476651
4120,1.01110191227,0.0110407383857,0.00550515995457
4121,1.01188224296,0.0118122033786,0.00588869495624
4122,1.01073943146,0.0106821733451,0.00532684842964
4123,1.01053268789,0.0104776055751,0.0052251041921
4124,1.01077925093,0.0107215689515,0.00534644111268
4125,1.01056143368,0.0105060513379,0.00523925265682
4126,1.01062834691,0.0105722630659,0.00527218452572
4127,1.01086685097,0.0108082310356,0.00538953955409
4128,1.00930248874,0.00925948706815,0.00461904279174
4129,1.01015261549,0.0101014238801,0.00503797854109
4130,1.01055579567,0.0105004722374,0.00523647771785
4131,1.01021552352,0.0101636977115,0.0050689581074
4132,1.01034382047,0.0102906892315,0.00513213000443
4133,1.00879033978,0.00875192967605,0.00436640425457
4134,1.01032881718,0.0102758394301,0.00512474318186
4135,1.01152576052,0.0114598449451,0.00571353777607
4136,1.01073000183,0.0106728438622,0.00532220852575
4137,1.01103809418,0.0109776190328,0.00547377352394
4138,1.01174866032,0.011680180651,0.00582307014725
4139,1.0100646224,0.010014311376,0.00499464078072
4140,1.01010143883,0.0100507602974,0.00501277405155
4141,1.01180402509,0.0117349010185,0.00585027063862
4142,1.01129748999,0.0112341499551,0.00560132870836
4143,1.01055109806,0.0104958236841,0.00523416560956
4144,1.01192994841,0.0118593475287,0.00591212794632
4145,1.01104512387,0.0109845719517,0.00547723094801
4146,1.01016640236,0.0101150720957,0.005044768246
4147,1.00961252138,0.00956661504973,0.004771885728
4148,1.0095398085,0.00949459187497,0.00473604533847
4149,1.01012623358,0.0100753067811,0.00502498569546
4150,1.0094984632,0.00945363642716,0.00471566438932
4151,1.01035650285,0.0103032416897,0.00513837400352
4152,1.01158281598,0.0115162486972,0.00574157812422
4153,1.00918400853,0.00914209196615,0.00456061465247
4154,1.01061004095,0.0105541494608,0.00526317543152
4155,1.01131991844,0.011256327607,0.00561235536103
4156,1.01207256232,0.0120002701874,0.00598217023163
4157,1.01019848372,0.0101468300787,0.00506056700626
4158,1.01016948295,0.0101181216766,0.0050462853431
4159,1.01287481569,0.0127926398354,0.00637590700913
4160,1.01169291174,0.0116250779235,0.00579567883967
4161,1.01099195972,0.0109319872091,0.00545108224235
4162,1.01127461122,0.0112115265204,0.00559008028801
4163,1.01115216439,0.0110904375041,0.00552987240595
4164,1.01070706844,0.0106501536867,0.00531092375488
4165,1.01092518179,0.010865933133,0.00541823469497
4166,1.00932733272,0.00928410176009,0.00463129321417
4167,1.00901438027,0.00897399327622,0.00447694510804
4168,1.0102619125,0.0102096165465,0.00509180088233
4169,1.0094577894,0.00941334452844,0.00469561323952
4170,1.00902042914,0.00897998808111,0.00447992908681
4171,1.01160393803,0.0115371286738,0.00575195811636
4172,1.01178276753,0.0117138912317,0.00583982714684
4173,1.00901605523,0.00897565326647,0.00447777138698
4174,1.01140318759,0.0113386613242,0.00565329033397
4175,1.009842841,0.00979471578009,0.00488538538541
4176,1.0102419134,0.0101898203877,0.00508195315324
4177,1.00922748766,0.00918517449594,0.004582057445
4178,1.01002645013,0.0099765187581,0.00497583867438
4179,1.01028853572,0.0102359689878,0.00510490992593
4180,1.01197458672,0.0119034586141,0.00593405285204
4181,1.00921826738,0.00917603847485,0.00457751035496
4182,1.00997953142,0.00993006473044,0.00495272696602
4183,1.0113456214,0.0112817425511,0.00562499143391
4184,1.01061734107,0.01056137291,0.00526676814046
4185,1.00935170115,0.00930824471494,0.00464330871252
4186,1.01086142267,0.01080286108,0.00538686904352
4187,1.01037330175,0.0103198682621,0.00514664453854
4188,1.01045298492,0.0103987302282,0.00518587181097
4189,1.00943268565,0.00938847566425,0.00468323711777
4190,1.01041123829,0.0103574146091,0.0051653209179
4191,1.00945298604,0.00940858615167,0.00469324522007
4192,1.0111193888,0.0110580228767,0.005513754586
4193,1.00969954536,0.00965280675235,0.00481477500666
4194,1.01063232782,0.010576202104,0.00527414365915
4195,1.008348666,0.00831400865211,0.00414837594379
4196,1.01114404904,0.0110824116258,0.0055258816498
4197,1.0101259736,0.0100750494094,0.00502485765624
4198,1.01111996717,0.0110585948849,0.00551403901309
4199,1.00964966951,0.00960340881256,0.00479019465319
4200,1.01003436116,0.00998435122118,0.00497973541175
4201,1.01040143982,0.0103477170566,0.00516049717542
4202,1.01025286078,0.0102006567302,0.005087343775
4203,1.01077755238,0.0107198885128,0.00534560538514
4204,1.00933203055,0.00928875617241,0.00463360963966
4205,1.01203472396,0.0119628824868,0.00596358803743
4206,1.01192006155,0.0118495771824,0.00590727164309
4207,1.01065869168,0.0106022882599,0.00528711786145
4208,1.0100543124,0.0100041040647,0.00498956260301
4209,1.01094685183,0.0108873687569,0.00542889437818
4210,1.01127665124,0.0112135437882,0.00559108328306
4211,1.01088516563,0.0108263486494,0.00539854949737
4212,1.01157835708,0.0115118408405,0.00573938684752
4213,1.00951621345,0.00947121951517,0.00472441443689
4214,1.01002258091,0.00997268793616,0.00497393279236
4215,1.01063439963,0.0105782521104,0.00527516325586
4216,1.01142073756,0.0113560132673,0.00566191722034
4217,1.01073004705,0.0106728886039,0.0053222307775
4218,1.01040446436,0.0103507104552,0.00516198614993
4219,1.01141970584,0.0113549932015,0.00566141007506
4220,1.0110361025,0.0109756490929,0.00547279394498
4221,1.01209890709,0.0120263003723,0.00599510738141
4222,1.0103250997,0.0102721599552,0.00512291287093
4223,1.01151846867,0.0114526361549,0.00570995396837
4224,1.0120398655,0.0119679628719,0.00596611307811
4225,1.00926133189,0.00921870871483,0.00459874758666
4226,1.01008255058,0.010032060765,0.00500347111012
4227,1.0098027786,0.00975504307343,0.00486564574453
4228,1.01203734604,0.0119654733833,0.0059648757593
4229,1.00884800395,0.0088090897353,0.00439485908561
4230,1.01000911991,0.00995936042679,0.00496730216065
4231,1.00989973629,0.00985105492452,0.00491341694359
4232,1.0092109367,0.0091687747241,0.00457389509797
4233,1.01220916818,0.012135237429,0.00604924789058
4234,1.01154016318,0.0114740833885,0.00572061629661
4235,1.0099809932,0.00993151205829,0.00495344704557
4236,1.01049979549,0.0104450554771,0.00520891405018
4237,1.01102777931,0.0109674167198,0.00546870027706
4238,1.01087385522,0.010815159965,0.00539298534094
4239,1.00935795279,0.00931443840927,0.0046463911753
4240,1.01070276207,0.0106458929233,0.00530880468522
4241,1.01179255538,0.011723565055,0.00584463580012
4242,1.01088476811,0.0108259554096,0.00539835393893
4243,1.01070458842,0.0106476999303,0.00530970339179
4244,1.00961845547,0.00957249262068,0.00477481048564
4245,1.01016860404,0.0101172516164,0.00504585250817
4246,1.00914135291,0.00909982364462,0.00453957665416
4247,1.01064010291,0.0105838953698,0.00527796999704
4248,1.01028698907,0.010234438082,0.00510414838028
4249,1.00972741835,0.00968041160561,0.00482851088291
4250,1.00918524682,0.0091433189859,0.00456122536417
4251,1.00930225182,0.00925925233043,0.00461892596501
4252,1.01052599304,0.0104709804778,0.00522180894636
4253,1.0104069096,0.0103531305064,0.00516318992865
4254,1.00861813561,0.00858121147174,0.00428141423748
4255,1.01014264087,0.0100915494615,0.00503306619324
4256,1.01023082496,0.0101788443092,0.00507649298898
4257,1.0112253218,0.0111627854384,0.00556584568499
4258,1.01012128781,0.0100704105816,0.00502254989437
4259,1.00998911104,0.00993954964247,0.00495744592275
4260,1.00862105846,0.00858410934467,0.0042828569694
4261,1.01049654703,0.0104418407676,0.00520731506668
4262,1.01170810549,0.0116400959505,0.00580314430532
4263,1.01254083923,0.0124628542304,0.00621205203893
4264,1.01045588291,0.010401598232,0.00518729837532
4265,1.00829231194,0.00825811961633,0.00412054696143
4266,1.01193804087,0.0118673445507,0.00591610280969
4267,1.00973083293,0.00968379328261,0.00483019355576
4268,1.01164358484,0.0115763199404,0.00577144084548
4269,1.00884954614,0.00881061839838,0.00439562005773
4270,1.01058600571,0.0105303662722,0.00525134635442
4271,1.01073684463,0.0106796139988,0.00532557557229
4272,1.01095813579,0.0108985304622,0.00543444491746
4273,1.01167822305,0.011610558892,0.00578846137153
4274,1.00981537853,0.00976752060645,0.00487185413605
4275,1.01236127476,0.0122854980254,0.00612392090182
4276,1.01127397612,0.0112108985034,0.00558976803482
4277,1.00927181888,0.00922909941744,0.00460391903243
4278,1.01125076023,0.0111879411665,0.00557835346393
4279,1.01168775484,0.0116199806038,0.00579314494781
4280,1.01027793561,0.0102254767668,0.00509969058264
4281,1.00961209283,0.00956619057912,0.00477167450544
4282,1.01070842194,0.010651492844,0.00531158977725
4283,1.01136442855,0.0113003385359,0.00563423708219
4284,1.01083421965,0.0107759499885,0.00537348589095
4285,1.01228490018,0.0122100531592,0.00608642877076
4286,1.01234726816,0.0122716623629,0.00611704541107
4287,1.01114021229,0.0110786171593,0.00552399489867
4288,1.01088355248,0.010824752875,0.0053977559173
4289,1.0100949539,0.0100443401926,0.00500958008525
4290,1.0111812707,0.0111192223836,0.00554418515432
4291,1.01183144461,0.011762000283,0.00586374091056
4292,1.01126393251,0.0112009668071,0.00558482993233
4293,1.00891132621,0.00887185466768,0.00442610314002
4294,1.01081136169,0.0107533367629,0.00536223997051
4295,1.01040233131,0.0103485993671,0.00516093605399
4296,1.00868099108,0.0086435279276,0.00431243858079
4297,1.0096965076,0.00964979817536,0.00481327795985
4298,1.01083305775,0.0107748005358,0.00537291425273
4299,1.01174380053,0.0116753772828,0.00582068244546
4300,1.00864404447,0.00860689862484,0.00429420274323
4301,1.00844679238,0.00841131785681,0.00419682752985
4302,1.01020496641,0.0101532473,0.00506375937438
4303,1.0105667256,0.0105112879444,0.00524185723872
4304,1.00922150358,0.00917924510821,0.00457910633116
4305,1.01003286445,0.00998286938266,0.0049789981818
4306,1.0107941752,0.0107363339539,0.00535378411664
4307,1.0090316876,0.00899114583686,0.00448548295621
4308,1.01094224837,0.0108828151373,0.00542662992637
4309,1.01021184619,0.0101600575596,0.00506714725565
4310,1.01025455984,0.0102023385444,0.00508818040376
4311,1.0103409717,0.0102878696221,0.00513072743405
4312,1.01089995157,0.0108409752749,0.00540582330223
4313,1.01053231101,0.0104772326218,0.00522491868977
4314,1.00967931227,0.00963276783633,0.00480480374013
4315,1.00902215817,0.00898170165696,0.00448078203602
4316,1.01043008516,0.0103760671034,0.00517459894874
4317,1.01000109609,0.00995141609074,0.00496334971574
4318,1.0112710742,0.0112080289245,0.0055883412645
4319,1.01128189507,0.0112187291353,0.00559366145744
4320,1.01121855236,0.011156091116,0.005562517148
4321,1.00868568427,0.00864818072209,0.0043147549429
4322,1.01204887,0.011976860215,0.00597053519857
4323,1.01171614708,0.0116480444454,0.00580709548177
4324,1.01000049702,0.00995082295634,0.00496305462046
4325,1.00983881888,0.00979073285355,0.00488340364924
4326,1.00931703173,0.00927389591198,0.0046262139103
4327,1.00967340021,0.00962691242804,0.00480189009876
4328,1.00971655359,0.00966965145792,0.00482315677241
4329,1.01050746468,0.0104526449484,0.0052126890122
4330,1.011121088,0.0110597033872,0.00551459020793
4331,1.01049811538,0.0104433928218,0.00520808705248
4332,1.01046980074,0.0104153719498,0.00519414948643
4333,1.01057140765,0.0105159210214,0.0052441616316
4334,1.00988299393,0.00983447654861,0.00490516844969
4335,1.01022365082,0.0101717427903,0.00507296024863
4336,1.00945002937,0.00940565717145,0.0046917876021
4337,1.00911467619,0.00907338821984,0.00452641885763
4338,1.01158147461,0.0115149226886,0.0057409189264
4339,1.01066589876,0.0106094193132,0.00529066453039
4340,1.01006881253,0.0100184597501,0.00499670460578
4341,1.01317270545,0.0130866998285,0.00652198881665
4342,1.01173096358,0.0116626892537,0.00581437533739
4343,1.0096452474,0.00959902895963,0.00478801521451
4344,1.01017227627,0.0101208868722,0.00504766096297
4345,1.01068830392,0.0106315877779,0.00530169005869
4346,1.0111843341,0.0111222519066,0.00554569151655
4347,1.00904675184,0.00900607512666,0.00449291409084
4348,1.01054170004,0.0104865237481,0.00522953996951
4349,1.01197817498,0.0119070044073,0.00593581522662
4350,1.01139103154,0.0113266422532,0.0056473147542
4351,1.00968555264,0.00963894836116,0.00480787914969
4352,1.0112589476,0.0111960374138,0.0055823789976
4353,1.01135889739,0.0112948695176,0.00563151797624
4354,1.01083397622,0.010775709166,0.00537336612674
4355,1.01024463787,0.0101925172397,0.00508329472571
4356,1.01161931656,0.0115523306923,0.00575951537618
4357,1.01045793479,0.0104036288849,0.00518830843442
4358,1.01152700128,0.0114610715658,0.00571414758204
4359,1.01186842422,0.0117985468198,0.00588190686329
4360,1.01043017894,0.0103761599211,0.00517464511744
4361,1.01152049949,0.0114546438459,0.00571095208146
4362,1.01122969599,0.0111671110562,0.00556799645371
4363,1.01054046866,0.0104853052094,0.00522893388618
4364,1.01137927499,0.0113150180494,0.00564153545826
4365,1.01108083575,0.0110198930776,0.0054947946249
4366,1.00927016702,0.00922746273937,0.00460310446063
4367,1.01008886021,0.0100383073849,0.00500657878782
4368,1.01017585276,0.0101244273449,0.00504942226219
4369,1.01124360903,0.0111808695001,0.00557483734866
4370,1.01060944123,0.0105535560357,0.00526288028057
4371,1.01299489003,0.0129111808632,0.00643479787448
4372,1.01046325603,0.010408895037,0.00519092784584
4373,1.01082952535,0.0107713059867,0.00537117636464
4374,1.01121092833,0.0111485516358,0.00555876837008
4375,1.01048148539,0.0104269354675,0.00519990119733
4376,1.00957903782,0.00953344973427,0.00475538206399
4377,1.01193175252,0.0118611303737,0.00591301409825
4378,1.01089526047,0.0108363347437,0.0054035155769
4379,1.01148429478,0.0114188508431,0.0056931576269
4380,1.00975905251,0.00971174052536,0.00484409958468
4381,1.00846340165,0.0084277878717,0.00420502794262
4382,1.01003658987,0.00998655778701,0.00498083320001
4383,1.01049125268,0.0104366014001,0.00520470902106
4384,1.01267338393,0.0125937487245,0.00627709059594
4385,1.01159389417,0.0115271999768,0.00574702231033
4386,1.00954304828,0.00949780103631,0.0047376423185
4387,1.01081365621,0.0107556067392,0.00536336887193
4388,1.01076302586,0.0107055167723,0.00533845790203
4389,1.00982014208,0.00977223784639,0.0048742012624
4390,1.01010805051,0.0100573058296,0.00501603040668
4391,1.00967184699,0.00962537408666,0.00480112462125
4392,1.01076917291,0.0107115983525,0.0053414824544
4393,1.01031376435,0.010260940384,0.00511733180812
4394,1.0098468031,0.00979863925441,0.00488733753682
4395,1.01031827548,0.010265405447,0.00511955291252
4396,1.01139680755,0.0113323531933,0.00565015409443
4397,1.01097576962,0.0109159730078,0.0054431187572
4398,1.01163558286,0.011568410026,0.00576750870633
4399,1.01289279636,0.0128103917873,0.00638472635357
4400,1.01098517038,0.0109252716645,0.00544774276792
4401,1.01090051785,0.0108415354422,0.00540610187176
4402,1.01117522995,0.0111132484122,0.00554121472461
4403,1.01066493363,0.010608464364,0.00529018958186
4404,1.01166792487,0.0116003795357,0.00578340114193
4405,1.01032200154,0.0102690934535,0.00512138747359
4406,1.01026732762,0.0102149766442,0.00509446728134
4407,1.01218011295,0.0121065322558,0.00603498202394
4408,1.01125377009,0.0111909175323,0.00557983334412
4409,1.01001575771,0.00996593242841,0.00497057183353
4410,1.01297068042,0.0128872815276,0.00642292502946
4411,1.01028129745,0.0102288044043,0.00510134591508
4412,1.01025807458,0.0102058176019,0.00508991107996
4413,1.01147553799,0.0114101934397,0.00568885355986
4414,1.01072088794,0.0106638266896,0.00531772392495
4415,1.00979520767,0.00974754560641,0.00486191524404
4416,1.01122134573,0.0111588534894,0.00556389065091
4417,1.01222909839,0.0121549270507,0.00605903309955
4418,1.01011792535,0.0100670818103,0.00502089386684
4419,1.01133412041,0.0112703705141,0.00561933738313
4420,1.01084481759,0.0107864342809,0.00537869985493
4421,1.01005927975,0.0100090219486,0.0049920092729
4422,1.01123039989,0.0111678071402,0.00556834255778
4423,1.00988010186,0.00983161277421,0.00490374358512
4424,1.01067501232,0.0106184366473,0.00529514933353
4425,1.01080268501,0.0107447528516,0.00535797102018
4426,1.01128331928,0.0112201374594,0.00559436168041
4427,1.00956609484,0.00952062947435,0.0047490023962
4428,1.01090855956,0.0108494904109,0.00541005784557
4429,1.00975430567,0.00970703954685,0.00484176047868
4430,1.01162197044,0.0115549540868,0.00576081951782
4431,1.01182631965,0.0117569352384,0.00586122323516
4432,1.00989459745,0.00984596644359,0.00491088520082
4433,1.01033441868,0.0102813836574,0.00512750108531
4434,1.00978911907,0.00974151605528,0.00485891512154
4435,1.0097660979,0.00971871779534,0.00484757131432
4436,1.01088631717,0.0108274877873,0.00539911599131
4437,1.01139771759,0.0113332529778,0.00565060144462
4438,1.00942416579,0.00938003538779,0.00467903673458
4439,1.0114346875,0.0113698055964,0.00566877431572
4440,1.01100753243,0.0109473904818,0.00545874186693
4441,1.01106899904,0.0110081860186,0.00548897324228
4442,1.01032112091,0.0102682218173,0.00512095388742
4443,1.01051702243,0.0104621032683,0.00521739350936
4444,1.01027704701,0.0102245972051,0.00509925304443
4445,1.0081012369,0.00806859803574,0.00402617216598
4446,1.00976825097,0.00972085004379,0.00484863226986
4447,1.01111246738,0.0110511775472,0.00551035078715
4448,1.01031690649,0.0102640504382,0.0051188788764
4449,1.01177689213,0.0117080842407,0.00583694060307
4450,1.01036798126,0.0103146023782,0.00514402514398
4451,1.01136907092,0.0113049287332,0.0056365192471
4452,1.01017301781,0.0101216209491,0.00504802614865
4453,1.00950206983,0.00945720912352,0.00471744231209
4454,1.01117947124,0.0111174428234,0.00554330030693
4455,1.01086400907,0.0108054196823,0.00538814145242
4456,1.01097504319,0.0109152544583,0.00544276143793
4457,1.01158446543,0.0115178792641,0.00574238872633
4458,1.01015104628,0.0100998704487,0.00503720573816
4459,1.01073042218,0.0106732597554,0.00532241536559
4460,1.01133390288,0.0112701554237,0.00561923044228
4461,1.00986107805,0.0098127749028,0.00489437079332
4462,1.00987741524,0.00982895244138,0.00490241994061
4463,1.01186400638,0.011794180787,0.00587973668483
4464,1.01126161769,0.0111986777678,0.00558369180398
4465,1.01060291904,0.010547102299,0.00525967038965
4466,1.01179429357,0.0117252829797,0.00584548974178
4467,1.00912544603,0.00908406073139,0.0045317309451
4468,1.01086526151,0.0108066586605,0.0053887576034
4469,1.010237224,0.0101851785259,0.00507964401451
4470,1.01032201295,0.0102691047385,0.00512139308721
4471,1.00965242719,0.00960614013548,0.00479155377194
4472,1.01037422463,0.0103207816665,0.00514709889016
4473,1.01029596881,0.0102433263508,0.00510856982136
4474,1.01228458664,0.012209743426,0.00608627484676
4475,1.01175040227,0.0116819023737,0.00582392599537
4476,1.01053271738,0.0104776347543,0.00522511870542
4477,1.0101620032,0.010110717201,0.00504260178104
4478,1.0106846295,0.0106279522084,0.00529988190966
4479,1.01178113231,0.0117122750508,0.00583902377515
4480,1.0116556152,0.0115882117643,0.0057773524234
4481,1.01078396562,0.0107262333461,0.00534876083831
4482,1.00992731608,0.00987836398799,0.00492700429216
4483,1.01102831257,0.0109679441639,0.00546896255685
4484,1.01064753443,0.0105912486212,0.00528162721089
4485,1.0092090571,0.00916691227438,0.004572968132
4486,1.01050657027,0.010451759838,0.00521224876379
4487,1.0090724883,0.00903158051636,0.00450560940798
4488,1.01202324563,0.0119515405949,0.00595795089467
4489,1.01055073275,0.0104954621923,0.00523398580967
4490,1.01093349402,0.0108741555047,0.00542232359705
4491,1.01175011398,0.0116816174348,0.00582378435565
4492,1.0110466771,0.0109861082129,0.00547799487111
4493,1.01032675498,0.0102737983122,0.00512372785252
4494,1.01061483056,0.0105588887729,0.00526553261286
4495,1.01063510904,0.0105789540642,0.00527551238121
4496,1.01104363511,0.0109830994535,0.00547649873125
4497,1.00902471378,0.00898423441005,0.00448204273741
4498,1.01109107252,0.0110300176011,0.00549982905778
4499,1.01082144047,0.0107633076928,0.00536719868987
4500,1.01049331602,0.0104386433118,0.00520572466259
4501,1.00946290101,0.00941840823011,0.00469813319858
4502,1.01056810394,0.010512651873,0.00524253562801
4503,1.01189192214,0.0118217688571,0.00589344952001
4504,1.00955289996,0.00950755953667,0.00474249844069
4505,1.01045744913,0.010403148242,0.00518806935983
4506,1.00991515628,0.00986632364091,0.004921013762
4507,1.01187886197,0.0118088620918,0.00588703414937
4508,1.01076441321,0.0107068893486,0.00533914052625
4509,1.01048287405,0.0104283097262,0.0052005847534
4510,1.01015396142,0.0101027562891,0.00503864138906
4511,1.01037383911,0.010320400106,0.00514690909189
4512,1.01214964715,0.0120764326071,0.00602002291243
4513,1.01057682526,0.0105212819496,0.00524682803531
4514,1.00992886124,0.00987989396039,0.00492776550897
4515,1.01072973864,0.0106725834686,0.00532207902186
4516,1.01010032733,0.0100496599063,0.00501222661384
4517,1.01155082883,0.0114846273027,0.00572585808105
4518,1.0100084031,0.00995865071629,0.00496694906801
4519,1.0093195871,0.00927642769405,0.00462747394425
4520,1.01161756134,0.011550595631,0.00575865284173
4521,1.01008237524,0.0100318871692,0.0050033847465
4522,1.00979017976,0.00974256645749,0.0048594377706
4523,1.00958966224,0.00954397329304,0.00476061880782
4524,1.01041485301,0.0103609920757,0.00516710041021
4525,1.01053303959,0.0104779536044,0.00522527729748
4526,1.01115132393,0.0110896063106,0.00552945910729
4527,1.0106912772,0.0106345296102,0.00530315317546
4528,1.01145024365,0.0113851857568,0.00567642077318
4529,1.00977399749,0.00972654095018,0.00485146392247
4530,1.00975899578,0.00971168433558,0.00484407162588
4531,1.00979515832,0.00974749674328,0.00486189093126
4532,1.01142198062,0.0113572422924,0.00566252825334
4533,1.01109181436,0.0110307513094,0.00550019389423
4534,1.01072341336,0.010666325322,0.00531896659685
4535,1.01050291507,0.0104481426374,0.00521044958872
4536,1.01185734433,0.0117875968324,0.00587646405812
4537,1.01000984865,0.0099600819474,0.00496766112889
4538,1.01164867892,0.0115813553733,0.00577394402794
4539,1.01040945655,0.0103556512291,0.00516444378174
4540,1.00982619301,0.00977822991373,0.00487718268833
4541,1.00913465343,0.00909318482475,0.00453627230746
4542,1.00924048063,0.0091980485861,0.00458846497455
4543,1.00989742954,0.00984877078075,0.00491228048254
4544,1.01101858871,0.0109583263313,0.00546417992883
4545,1.01086927621,0.0108106302044,0.00539073267255
4546,1.00995314043,0.00990393415889,0.00493972630411
4547,1.01193566049,0.0118649922582,0.00591493362095
4548,1.01085606262,0.0107975586031,0.00538423208342
4549,1.00848241254,0.00844663903045,0.00421441384294
4550,1.01042101255,0.0103670881063,0.00517013267151
4551,1.00997588968,0.009926458963,0.00495093300987
4552,1.01162835535,0.0115612656168,0.0057639570981
4553,1.01071595424,0.0106589453064,0.00531529620931
4554,1.010947662,0.0108881701499,0.00542929289925
4555,1.00826393015,0.00822997084085,0.00410653046923
4556,1.01158741204,0.0115207921247,0.00574383679222
4557,1.01110305403,0.0110418676084,0.00550572145749
4558,1.01091179489,0.0108526908228,0.00541164939303
4559,1.01061087811,0.0105549778337,0.00526358743794
4560,1.01056188946,0.010506502355,0.00523947698388
4561,1.01016497219,0.0101136563211,0.00504406392958
4562,1.01054119883,0.0104860277669,0.00522929327572
4563,1.01218642275,0.0121127660993,0.00603808013029
4564,1.01054125997,0.0104860882692,0.00522932336872
4565,1.01069641793,0.010639615942,0.0053056828513
4566,1.01076820112,0.0107106369199,0.00534100430572
4567,1.00902496039,0.00898447881832,0.00448216439381
4568,1.00929959672,0.0092566216938,0.00461761672119
4569,1.01087570902,0.0108169938238,0.00539389732496
4570,1.01020830214,0.0101565493288,0.00506540202708
4571,1.00984887233,0.00980068830538,0.00488835705458
4572,1.010169445,0.0101180841071,0.00504626665315
4573,1.00973262946,0.00968557250436,0.00483107886925
4574,1.01035700254,0.0103037362597,0.00513862001783
4575,1.01164833265,0.0115810130893,0.00577377387408
4576,1.01141713006,0.0113524464997,0.00566014393232
4577,1.01030702529,0.0102542700949,0.00511401372508
4578,1.00914720988,0.00910562754273,0.0045424654254
4579,1.01034277404,0.010289653516,0.00513161480425
4580,1.00974038257,0.0096932508491,0.00483489948694
4581,1.01114038704,0.0110787899864,0.00552408083485
4582,1.0114983579,0.0114327541905,0.00570006969959
4583,1.01051567335,0.0104607682307,0.00521672947304
4584,1.01001327064,0.0099634700112,0.00496934674399
4585,1.00889490996,0.00885558327677,0.00441800342105
4586,1.01045177763,0.0103975354288,0.00518527750914
4587,1.0102264672,0.0101745306653,0.00507434711378
4588,1.00835886582,0.00832412396573,0.0041534126068
4589,1.0103165902,0.0102637373828,0.00511872314995
4590,1.01104858034,0.0109879906554,0.00547893093587
4591,1.01110280789,0.0110416241739,0.00550560041038
4592,1.01025394125,0.0102017262261,0.00508787580233
4593,1.01010257871,0.0100518887744,0.00501333546145
4594,1.0102223444,0.0101704495907,0.00507231692882
4595,1.01177862492,0.0117097968603,0.00583779191424
4596,1.00860036005,0.00856358764526,0.00427264001303
4597,1.00958746033,0.00954179229588,0.0047595335001
4598,1.01204583712,0.0119738634413,0.00596904575674
4599,1.01165175559,0.011584396616,0.00577545586817
4600,1.00975571997,0.00970844017928,0.00484245740389
4601,1.0094468259,0.00940248368739,0.00469020830348
4602,1.01070492223,0.0106480302049,0.00530986765228
4603,1.00997760593,0.00992815826115,0.00495177845203
4604,1.01073638486,0.0106791591102,0.00532534933922
4605,1.01097306735,0.0109133000687,0.00544178956128
4606,1.01085686452,0.010798351891,0.00538462659166
4607,1.01203805503,0.0119661739465,0.00596522395147
4608,1.01103632959,0.0109758737006,0.00547290563424
4609,1.01074329905,0.0106859998328,0.00532875148011
4610,1.01184387597,0.0117742862102,0.00586984783468
4611,1.01045648043,0.0104021895736,0.00518759251234
4612,1.01009243377,0.0100418452503,0.00500833886265
4613,1.01241139905,0.0123350090581,0.00614852451282
4614,1.00952919693,0.00948408051848,0.00473081453761
4615,1.0093825357,0.00933879311349,0.00465851187287
4616,1.00860698138,0.00857015248694,0.0042759084039
4617,1.01118377158,0.0111216956027,0.0055454149071
4618,1.0126796855,0.0125999714088,0.00628018240312
4619,1.01120998356,0.0111476173434,0.00555830382053
4620,1.01112216815,0.011060771656,0.00551512139667
4621,1.01092529738,0.0108660474775,0.00541829155747
4622,1.0105612206,0.0105058404851,0.00523914778278
4623,1.01135139996,0.0112874562693,0.00562783221915
4624,1.01312919242,0.0130437516028,0.00650065452863
4625,1.01112542302,0.0110639907198,0.00551672205048
4626,1.01114150675,0.0110798973554,0.0055246314606
4627,1.00913578175,0.00909430292814,0.00453682882298
4628,1.01009360171,0.0100430015165,0.00500891410009
4629,1.00937388566,0.00933022344233,0.00465424698911
4630,1.01009130585,0.0100407285953,0.0050077833313
4631,1.01128659052,0.0112233721945,0.00559596999852
4632,1.00992755136,0.00987859695399,0.00492712020124
4633,1.01009993239,0.0100492689201,0.00501203210058
4634,1.01064291574,0.0105866785824,0.00527935425751
4635,1.00991638887,0.00986754412451,0.00492162100061
4636,1.00986193516,0.0098136236475,0.00489479308854
4637,1.01099562764,0.0109356152368,0.0054528863662
4638,1.00844708141,0.00841160446701,0.00419697023351
4639,1.01081934157,0.0107612312571,0.00536616604379
4640,1.01076469731,0.0107071704294,0.00533928031625
4641,1.01088490147,0.0108260873398,0.00539841954793
4642,1.01081376692,0.010755716269,0.00536342334315
4643,1.0099319181,0.00988292075722,0.00492927144858
4644,1.01265264388,0.0125732680255,0.00626691447395
4645,1.00958192867,0.00953631314736,0.0047568069612
4646,1.00994855382,0.00989939274201,0.00493746680978
4647,1.01092262808,0.0108634070193,0.00541697848086
4648,1.00960403327,0.00955820771814,0.00476770211283
4649,1.01051428429,0.0104593936272,0.00521604575657
4650,1.01106217167,0.0110014333655,0.00548561544266
4651,1.00976785817,0.0097204610345,0.00484843870828
4652,1.01011060013,0.0100598299412,0.00501728613116
4653,1.01110862507,0.0110473774629,0.00550846121308
4654,1.00855022915,0.00851388297251,0.00424789355424
4655,1.01066117399,0.0106047443947,0.00528833943516
4656,1.01081424848,0.0107561926712,0.00536366026661
4657,1.00830924631,0.00827491457604,0.00412890980396
4658,1.00957043193,0.00952492545767,0.00475114018474
4659,1.01030518168,0.0102524452888,0.00511310598762
4660,1.0105119111,0.0104570451289,0.00521487763164
4661,1.0116469172,0.0115796139374,0.00577307833707
4662,1.00960480561,0.00955897270397,0.00476808278206
4663,1.01028992305,0.0102373421835,0.00510559301852
4664,1.01101995846,0.0109596811526,0.00546485363779
4665,1.01303965365,0.0129553692703,0.00645674966381
4666,1.01122972205,0.0111671368324,0.00556800927004
4667,1.01113056674,0.0110690778364,0.00551925157349
4668,1.01166236435,0.0115948831346,0.0057806688316
4669,1.00944811782,0.00940376351325,0.00469084521488
4670,1.01347111319,0.0133811844731,0.00666826005726
4671,1.01034751943,0.0102943503112,0.00513395114803
4672,1.01179788614,0.0117288336677,0.00584725470647
4673,1.00957175242,0.00952623343515,0.00475179106608
4674,1.00934876848,0.00930533920552,0.00464186270235
4675,1.00940359222,0.00935965368481,0.00466889351478
4676,1.01004037496,0.00999030525961,0.00498269760179
4677,1.01223391792,0.012159688347,0.00606139932047
4678,1.01000258241,0.00995288768973,0.00496408186293
4679,1.00894160364,0.00890186421793,0.00444104139039
4680,1.01089928043,0.0108403113696,0.00540549314403
4681,1.01110177919,0.0110406067691,0.00550509450856
4682,1.01114572784,0.0110840719238,0.00552670721115
4683,1.00893661399,0.00889691877479,0.00443857964724
4684,1.00942820095,0.00938403285909,0.00468102611609
4685,1.01321589742,0.0131293293328,0.00654316432854
4686,1.01077785782,0.010720190689,0.00534575566556
4687,1.0113275391,0.0112638629365,0.0056161018732
4688,1.01086313988,0.0108045598412,0.00538771384823
4689,1.01094850819,0.01088900718,0.00542970914199
4690,1.01029605124,0.0102434079445,0.00510861040978
4691,1.01010684261,0.0100561100216,0.00501543550158
4692,1.01088258639,0.0108237971858,0.00539728065187
4693,1.00970248153,0.00965571471064,0.00481622198417
4694,1.00972701715,0.00968001426715,0.00482831317294
4695,1.00982956928,0.00978157332363,0.00487884623868
4696,1.01160811455,0.0115412572797,0.0057540105434
4697,1.01040117914,0.0103474590576,0.00516036884164
4698,1.00984280791,0.00979468301293,0.00488536908188
4699,1.01047693394,0.0104224312174,0.00519766078055
4700,1.00876434444,0.00872616051185,0.00435357584912
4701,1.01103786427,0.0109773916338,0.00547366044676
4702,1.01088950632,0.0108306425908,0.00540068487524
4703,1.00789788599,0.007866860937,0.00392570466383
4704,1.00946584172,0.00942132136428,0.00469958292146
4705,1.01020458066,0.0101528654523,0.00506356941732
4706,1.01052072069,0.0104657630359,0.00521921384431
4707,1.01134369965,0.0112798423579,0.00562404668115
4708,1.01137606794,0.0113118470767,0.00563995891524
4709,1.01195070183,0.0118798560758,0.00592232154306
4710,1.01048202585,0.0104274703201,0.00520016723298
4711,1.00953879526,0.00949358820861,0.00473554588187
4712,1.0112673908,0.0112043865723,0.00558653026408
4713,1.01006292003,0.0100126259689,0.00499380228581
4714,1.00852039511,0.00848430142173,0.00423316549957
4715,1.01048207319,0.0104275171723,0.00520019053727
4716,1.01076759226,0.0107100345391,0.00534070472392
4717,1.01073617896,0.0106789554013,0.0053252480272
4718,1.00839577156,0.00836072310679,0.00417163600492
4719,1.01081260001,0.010754561842,0.00536284922527
4720,1.00910557744,0.00906437161623,0.00452193095217
4721,1.01126836694,0.0112053518397,0.0055870102014
4722,1.0113144449,0.0112509153236,0.00560966440351
4723,1.00855233974,0.00851597566871,0.00424893545702
4724,1.01076295649,0.0107054481443,0.00533842377121
4725,1.01199034978,0.0119190350272,0.00594179481281
4726,1.00937964028,0.00933592460199,0.00465708429759
4727,1.01171573979,0.0116476418682,0.00580689536205
4728,1.01156071036,0.0114943959499,0.00573071442587
4729,1.01002526107,0.00997534149816,0.00497525297317
4730,1.01050963382,0.0104547915273,0.00521375670633
4731,1.00951060608,0.00946566498825,0.00472165029054
4732,1.01044829047,0.0103940843337,0.00518356090755
4733,1.01120934227,0.0111469831648,0.00555798849368
4734,1.01046800164,0.0104135914881,0.00519326387915
4735,1.00842137874,0.0083861167598,0.00418427978462
4736,1.01092498843,0.0108657418642,0.00541813957874
4737,1.01155923854,0.011492940953,0.00572999109624
4738,1.00898658111,0.00894644208879,0.00446323109244
4739,1.0094526832,0.00940828615488,0.00469309592564
4740,1.01024243513,0.0101903368309,0.00508221006254
4741,1.01035659395,0.0103033318566,0.0051384188553
4742,1.01144342471,0.0113784439883,0.00567306901784
4743,1.01037759783,0.0103241202221,0.00514875957463
4744,1.00901014811,0.00896979890964,0.00447485731154
4745,1.01187200159,0.0118020822211,0.00588366416497
4746,1.00862012492,0.00858318378497,0.00428239617146
4747,1.01098664711,0.0109267323464,0.0054484691299
4748,1.00908394992,0.00904293902403,0.00451126305726
4749,1.01147135028,0.011406053226,0.00568679522738
4750,1.01118685206,0.0111247420092,0.00554692966244
4751,1.01112611964,0.0110646796789,0.0055170646296
4752,1.00996869129,0.00991933164526,0.00494738698812
4753,1.00971191385,0.00966505635166,0.00482087029811
4754,1.01137111439,0.0113069492286,0.00563752380002
4755,1.00987611821,0.00982766809276,0.00490178091431
4756,1.01045376753,0.0103995047383,0.00518625705769
4757,1.01112322981,0.0110618216446,0.00551564349542
4758,1.01107725714,0.0110163536722,0.00549303464479
4759,1.00965884051,0.0096124921159,0.0047947145392
4760,1.01003591987,0.00998589444481,0.00498050318085
4761,1.01133820246,0.0112744068035,0.00562134418519
4762,1.00962521076,0.00957918353117,0.0047781399614
4763,1.00945511651,0.00941069667341,0.00469429552779
4764,1.01118958654,0.0111274462393,0.00554827427646
4765,1.01127624401,0.0112131411049,0.00559088306712
4766,1.00975102328,0.00970378886246,0.00484014300469
4767,1.00954125883,0.00949602849593,0.00473676024675
4768,1.0101640056,0.0101126994559,0.00504358791015
4769,1.01114588197,0.011084224353,0.00552678300453
4770,1.00966725087,0.00962082198906,0.00479885949747
4771,1.01016612744,0.0101147999428,0.00504463285603
4772,1.01088045033,0.0108216841129,0.00539622981729
4773,1.01062234193,0.0105663212223,0.00526922926278
4774,1.01043034826,0.0103763274882,0.00517472846743
4775,1.01262314867,0.0125441409192,0.00625244208397
4776,1.00948977832,0.00944503323435,0.00471138306859
4777,1.01086901972,0.0108103764676,0.00539060648806
4778,1.01056745547,0.0105120101759,0.0052422164615
4779,1.01008147482,0.0100309957392,0.00500294126148
4780,1.01038192582,0.0103284037521,0.00515089030994
4781,1.0116410989,0.0115738626042,0.00577021926784
4782,1.01182481052,0.011755443743,0.00586048185819
4783,1.01076647497,0.010708929151,0.00534015498154
4784,1.00986807456,0.00981970307539,0.00489781791912
4785,1.01118577472,0.011123676587,0.00554639990609
4786,1.01193052723,0.0118599195257,0.00591241225392
4787,1.0122554083,0.0121809187658,0.00607195013085
4788,1.01005511897,0.0100049025987,0.00498995987779
4789,1.00974969456,0.0097024729658,0.0048394882407
4790,1.01152646224,0.0114605386674,0.00571388265533
4791,1.01092793753,0.0108686590944,0.0054195902898
4792,1.01050379397,0.0104490124009,0.00521088220445
4793,1.01160287668,0.0115360795051,0.00575143654924
4794,1.01065269207,0.0105963519094,0.0052841653749
4795,1.01098136551,0.0109215081284,0.00544587124951
4796,1.00966004919,0.00961368923849,0.00479531023039
4797,1.00988697399,0.00983841764882,0.00490712933198
4798,1.01018131544,0.0101298349787,0.00505211242277
4799,1.01006315935,0.0100128629066,0.00499392016305
4800,1.01148130081,0.0114158908605,0.0056916860603
4801,1.01040297702,0.0103492384279,0.00516125393527
4802,1.01088563744,0.0108268153831,0.00539878160438
4803,1.01081807655,0.0107599797776,0.00536554366167
4804,1.01065116936,0.0105948452497,0.00528341602547
4805,1.01033610447,0.0102830521975,0.0051283310773
4806,1.010834214,0.0107759443955,0.00537348310949
4807,1.00956494787,0.00951949337215,0.00474843704261
4808,1.0103135143,0.0102606928865,0.0051172086926
4809,1.01000679376,0.00995705732234,0.00496615632788
4810,1.00820587081,0.00817238570713,0.00407785572712
4811,1.01065587727,0.0105995035348,0.00528573285952
4812,1.01064365675,0.0105874117838,0.00527971892273
4813,1.01087967414,0.0108209162824,0.00539584797368
4814,1.01106614051,0.0110053587819,0.00548756738228
4815,1.01150319515,0.0114375364423,0.00570244719303
4816,1.01051561009,0.0104607056305,0.00521669833627
4817,1.00834105283,0.00830645848835,0.00414461651527
4818,1.00889165771,0.00885235969671,0.00441639875062
4819,1.01023125998,0.0101792749163,0.00507670719949
4820,1.01180484926,0.0117357155681,0.00585067553066
4821,1.01060006538,0.0105442785688,0.00525826594952
4822,1.0096059976,0.00956015335902,0.00476867029468
4823,1.00989724403,0.00984858709583,0.00491218909123
4824,1.0120764146,0.0120040765167,0.00598406200944
4825,1.01053186448,0.0104767907476,0.00522469890701
4826,1.00951955519,0.00947452974812,0.00472606173255
4827,1.0110994424,0.0110382956403,0.00550394530499
4828,1.01050061657,0.0104458680257,0.00520931820812
4829,1.01260474655,0.0125259680314,0.00624341241149
4830,1.0121065446,0.0120338465481,0.00599885784213
4831,1.01027116684,0.0102187768427,0.00509635769878
4832,1.00988188861,0.00983338204755,0.00490462388337
4833,1.00861731953,0.00858040236222,0.0042810114147
4834,1.01158154923,0.0115149964536,0.00574095559716
4835,1.01058257473,0.0105269712262,0.00524965774425
4836,1.01033880776,0.0102857278334,0.00512966203361
4837,1.01199968366,0.0119282582808,0.00594637902772
4838,1.00915633852,0.00911467339498,0.00454696779611
4839,1.00888321017,0.00884398657381,0.00441223066997
4840,1.01064586903,0.0105896007642,0.00528080763372
4841,1.01187804701,0.0118080566949,0.0058866338215
4842,1.0103958402,0.0103421750664,0.00515774047624
4843,1.01003107663,0.00998109932143,0.00497811755737
4844,1.00981301261,0.00976517768053,0.00487068837961
4845,1.00933260707,0.00928932735781,0.004633893909
4846,1.01089145592,0.0108325711905,0.00540164396677
4847,1.01068748187,0.0106307744201,0.00530128553582
4848,1.011554261,0.0114880202783,0.00572754485357
4849,1.01024530192,0.0101931745512,0.00508362171071
4850,1.00976382594,0.00971646781049,0.00484645177474
4851,1.00948943613,0.00944469425405,0.00471121437696
4852,1.00963332038,0.00958721580142,0.00478213689884
4853,1.01162496349,0.0115579127481,0.00576229032525
4854,1.01088738716,0.010828546257,0.00539964236863
4855,1.01256071296,0.0124824816195,0.00622180472245
4856,1.01033761859,0.0102845508305,0.0051290765508
4857,1.00968195336,0.00963538359552,0.00480610533477
4858,1.01114789595,0.0110862161344,0.00552777339066
4859,1.0105179437,0.0104630149493,0.00521784697146
4860,1.01162201698,0.0115550000866,0.00576084238523
4861,1.01043671629,0.0103826297632,0.00517786329371
4862,1.01154030972,0.0114742282604,0.00572068831819
4863,1.01069024092,0.0106335042928,0.00530264323531
4864,1.00904140828,0.00900077945935,0.00449027815019
4865,1.00946939497,0.00942484129573,0.00470133461454
4866,1.00918241219,0.00914051015423,0.00455982735321
4867,1.00996063142,0.00991135129738,0.0049434165472
4868,1.00945154193,0.00940715557248,0.00469253328725
4869,1.0122530944,0.0121786328812,0.00607081412778
4870,1.01051360671,0.0104587230925,0.00521571223789
4871,1.00883010362,0.00879134624188,0.00438602628979
4872,1.0113155516,0.0112520096342,0.0056102084893
4873,1.01051851418,0.0104635794925,0.00521812777017
4874,1.0107967951,0.0107389258659,0.00535507313352
4875,1.01071283581,0.0106558599371,0.00531376172334
4876,1.00988602337,0.00983747634008,0.00490666098706
4877,1.01137972937,0.0113154673126,0.00564175882256
4878,1.00962201392,0.00957601716552,0.00477656434199
4879,1.01112874781,0.0110672789273,0.00551835708283
4880,1.01034557519,0.0102924259883,0.00513299392583
4881,1.00949287815,0.00944810391306,0.0047129111732
4882,1.01004810647,0.00999795988283,0.00498650583578
4883,1.00939302933,0.00934918914337,0.00466368565935
4884,1.00958954659,0.0095438587384,0.00476056180318
4885,1.00973850337,0.00969138977961,0.0048339734508
4886,1.0099571742,0.009907928175,0.00494171344551
4887,1.01037752139,0.0103240445631,0.00514872193993
4888,1.01052592225,0.0104709104235,0.00522177410212
4889,1.01160023351,0.0115334666502,0.0057501376348
4890,1.01135690901,0.0112929034675,0.00563054048663
4891,1.01214995734,0.0120767390756,0.00602017522423
4892,1.0108711626,0.0108124963097,0.00539166069495
4893,1.01037727579,0.0103238014904,0.00514860102933
4894,1.00929755131,0.0092545951375,0.00461660812146
4895,1.01003262238,0.00998262971733,0.00497887894578
4896,1.01093999289,0.0108805840636,0.0054255204425
4897,1.01150493778,0.0114392592522,0.00570330368551
4898,1.01183680331,0.0117672963139,0.00586637339528
4899,1.01084985428,0.0107914169179,0.00538117777026
4900,1.00980344788,0.00975570585253,0.00486597552161
4901,1.01038746572,0.0103338867159,0.00515361766701
4902,1.01030631883,0.0102535708435,0.00511366588731
4903,1.00911684325,0.00907553570423,0.00452748773904
4904,1.01096909266,0.0109093685103,0.00543983447755
4905,1.01122627132,0.0111637244148,0.00556631256001
4906,1.00872867478,0.00869080013874,0.00433597247898
4907,1.01000158965,0.00995190475838,0.00496359283681
4908,1.010725844,0.0106687301635,0.00532016262124
4909,1.01134570858,0.0112818287463,0.00562503428909
4910,1.01142131119,0.011356580422,0.00566219919204
4911,1.01152892748,0.0114629758178,0.00571509426701
4912,1.00918743307,0.00914548534072,0.00456230360038
4913,1.01125898768,0.0111960770436,0.00558239870185
4914,1.0118530905,0.0117833928371,0.00587437441059
4915,1.01137765708,0.0113134183361,0.00564074011369
4916,1.01073990216,0.0106826390438,0.00532708003862
4917,1.01303693809,0.0129526886625,0.00645541801302
4918,1.01116015295,0.0110983379278,0.00553380076588
4919,1.00889171044,0.00885241196722,0.00441642477045
4920,1.01014827763,0.0100971296145,0.00503584222321
4921,1.00833867744,0.00830410273924,0.00414344352186
4922,1.00946276603,0.00941827451561,0.00469806665543
4923,1.01137617505,0.011311952979,0.00564001156771
4924,1.0101131889,0.0100623927891,0.00501856112501
4925,1.010469126,0.0104147042013,0.00519381734631
4926,1.00798149861,0.00794981492502,0.00396701797463
4927,1.01044216832,0.0103880254715,0.00518054717514
4928,1.010645304,0.0105890416893,0.00528052957242
4929,1.01046579674,0.010411409433,0.00519217851702
4930,1.01054053621,0.0104853720585,0.00522896713596
4931,1.01053438702,0.0104792869872,0.00522594050501
4932,1.01091426216,0.0108551314565,0.00541286310522
4933,1.01286439554,0.012782352083,0.00637079591667
4934,1.00914348643,0.00910193783573,0.00454062895039
4935,1.00987916502,0.00983068510456,0.00490328202471
4936,1.00873067557,0.00869278361514,0.00433695991654
4937,1.01083147625,0.0107732359851,0.00537213618017
4938,1.01044596369,0.0103917816105,0.00518241551346
4939,1.0099568079,0.00990756548154,0.00494153299492
4940,1.01226341788,0.0121888313459,0.0060758823907
4941,1.0106581405,0.0106017428918,0.00528684661907
4942,1.00952167352,0.00947662810431,0.00472710595161
4943,1.0094020188,0.00935809491861,0.00466811777023
4944,1.00842668466,0.00839137835396,0.00418689957026
4945,1.01026626803,0.0102139278251,0.00509394554322
4946,1.01007207245,0.0100216871667,0.00499831024955
4947,1.01094289092,0.0108834507244,0.00542694599532
4948,1.01173667156,0.0116683310366,0.00581717982317
4949,1.01193445866,0.0118638045965,0.00591434330238
4950,1.00966110755,0.0096147374704,0.0047958318329
4951,1.01080437856,0.010746428297,0.00535880425407
4952,1.00921249932,0.00917032307868,0.00457466573395
4953,1.01138562807,0.0113212996234,0.00564465852149
4954,1.00886659364,0.00882751621581,0.00440403179271
4955,1.01130586654,0.0112424328999,0.00560544697447
4956,1.01043250816,0.0103784650892,0.00517579173662
4957,1.00985487709,0.00980663448026,0.00489131560411
4958,1.00905896459,0.0090181783075,0.00449893847376
4959,1.00912098198,0.00907963704193,0.00452952912142
4960,1.01067918201,0.0106225622939,0.00529720123174
4961,1.01020861459,0.0101568586265,0.00506555589255
4962,1.01130502396,0.011241599738,0.00560503272856
4963,1.01039684607,0.0103431705777,0.00515823566445
4964,1.01110368131,0.0110424880005,0.00550602994563
4965,1.010335274,0.010282230222,0.00512792219716
4966,1.01102025498,0.0109599744345,0.00546499947732
4967,1.01010586422,0.0100551414228,0.00501495363103
4968,1.01123626467,0.0111736067719,0.00557122622229
4969,1.01014482738,0.0100937140159,0.00503414302265
4970,1.01074545196,0.010688129859,0.00532981081743
4971,1.01040866287,0.0103548657235,0.0051640530572
4972,1.01073486519,0.0106776555819,0.0053246015782
4973,1.00998506278,0.00993554141297,0.0049554517413
4974,1.01022283199,0.0101709322502,0.00507255703444
4975,1.01110830479,0.0110470606962,0.0055083037022
4976,1.00950165559,0.00945679877894,0.00471723810767
4977,1.00962555812,0.00957952757824,0.00477831116296
4978,1.01094966117,0.0108901476736,0.00543027629236
4979,1.00906120809,0.009020401661,0.00450004514853
4980,1.01138563961,0.0113213110367,0.00564466419589
4981,1.01029181754,0.0102392173789,0.00510652582878
4982,1.01021513213,0.0101633102799,0.00506876537347
4983,1.00972528228,0.00967829611694,0.00482745824535
4984,1.01161684094,0.0115498835044,0.00575829882881
4985,1.01162135063,0.0115543413975,0.00576051493792
4986,1.00994157881,0.00989248642131,0.00493403069336
4987,1.00967390429,0.00962741168192,0.00480213852699
4988,1.01056438766,0.0105089744472,0.00524070655298
4989,1.01021703695,0.0101651958385,0.00506970337364
4990,1.01170688117,0.011638885795,0.00580254273875
4991,1.01072466971,0.0106675683417,0.00531958480072
4992,1.01127331326,0.0112102430308,0.00558944213043
4993,1.01266486665,0.0125853380056,0.00627291162515
4994,1.00874617417,0.00870814795457,0.00434460873962
4995,1.01121356333,0.0111511574244,0.00556006402107
4996,1.01159519263,0.0115284835612,0.00574766041392
4997,1.0113927679,0.011328359053,0.00564816830607
4998,1.01032987921,0.0102768906088,0.00512526607756
4999,1.01166633478,0.0115988077866,0.00578261981209
