replicate,RZ_ratio,log_RZ_ratio,coupling_advantage
0,1.02201800822,0.0217791121932,0.0108304795143
1,1.0270193542,0.0266607761403,0.0132419319349
2,1.02333267091,0.0230646256162,0.0114660705754
3,1.0219291807,0.0216921945698,0.0107874904483
4,1.02540784086,0.0250904269756,0.0124668503335
5,1.02277413853,0.0225186791383,0.0111961904334
6,1.02473632749,0.0244353380286,0.0121433363283
7,1.02361370521,0.023339214435,0.011601781441
8,1.02543617475,0.025118058414,0.01248049372
9,1.02369420003,0.023417849239,0.0116406419271
10,1.02347223326,0.0232009965507,0.0115334719253
11,1.02703307523,0.0266741361084,0.013248523441
12,1.02168485146,0.0214530797038,0.0106692156698
13,1.02064411616,0.0204339144205,0.0101649414014
14,1.02191160125,0.0216749921944,0.0107789820092
15,1.02733317301,0.0269662921758,0.0133926556289
16,1.02086146496,0.0206468443326,0.0102703185378
17,1.02288712577,0.022629144389,0.0112508031556
18,1.0231447342,0.0228809571225,0.0113752851379
19,1.0220588711,0.0218190939394,0.010850253679
20,1.02239753672,0.0221503953257,0.0110140934497
21,1.02219364513,0.021950950473,0.0109154644578
22,1.02405668077,0.0237718774032,0.0118155799679
23,1.02404805971,0.0237634588287,0.0118114204071
24,1.02227379576,0.0220293578202,0.010954239445
25,1.02316935041,0.0229050161944,0.0113871777629
26,1.02390145613,0.0236202877373,0.0117406778564
27,1.02278930739,0.022533510125,0.0112035228743
28,1.01952095298,0.0193328630364,0.00961986174434
29,1.02512630985,0.0248158341229,0.0123312562531
30,1.02209145653,0.0218509755766,0.01086602141
31,1.02249577902,0.022246480832,0.0110616059141
32,1.02179938716,0.021565178146,0.0107246653356
33,1.02161286581,0.0213826194379,0.0106343608007
34,1.02041829823,0.0202126395322,0.0100554225221
35,1.02190924713,0.0216726885559,0.0107778426047
36,1.02295563261,0.0226961161446,0.011283911736
37,1.02418360726,0.0238958145112,0.0118768144302
38,1.02225087704,0.0220069382157,0.0109431523754
39,1.02564090267,0.0253176880916,0.0125790579011
40,1.02080341114,0.0205899752364,0.0102421756215
41,1.02155528752,0.0213262576654,0.0106064792073
42,1.02581603196,0.0254884245855,0.012663348698
43,1.02265007234,0.0223973681839,0.0111362122475
44,1.02357092282,0.0232974181205,0.0115811255237
45,1.02359485283,0.0233207967925,0.0115926794165
46,1.0205006671,0.0202933569693,0.0100953746104
47,1.01703546668,0.0168919902831,0.00841042792853
48,1.02124067473,0.0210182359176,0.0104540901121
49,1.02196600944,0.0217282323669,0.0108053148075
50,1.02226046027,0.0220163128089,0.0109477883674
51,1.02471774306,0.0244172020394,0.0121343784087
52,1.02658127901,0.0262341350628,0.013031413719
53,1.02036503045,0.0201604362697,0.0100295830165
54,1.02324538039,0.0229793217375,0.011423906787
55,1.02504118552,0.0247327927779,0.0122902467313
56,1.0240200561,0.0237361124579,0.0117979086291
57,1.02445884903,0.0241645210057,0.0120095630711
58,1.0255041307,0.0251843265059,0.0125132136946
59,1.02364438689,0.0233691878748,0.0116165941772
60,1.0227340589,0.0224794911973,0.0111768156509
61,1.02356475669,0.0232913939635,0.011578148324
62,1.02057645426,0.0203676188905,0.0101321300377
63,1.02358952862,0.0233155952968,0.011590108815
64,1.02443213062,0.0241384401615,0.0119966791747
65,1.02495200453,0.0246457866416,0.012247277392
66,1.02476670579,0.0244649825746,0.0121579785009
67,1.0228244736,0.022567892187,0.0112205211591
68,1.02125759937,0.0210348084043,0.0104622896963
69,1.02191729064,0.0216805595873,0.0107817356964
70,1.02462237479,0.0243241298653,0.0120884059385
71,1.02182366251,0.0215889353193,0.0107364164587
72,1.02298922123,0.0227289504821,0.0113001435217
73,1.02271771667,0.0224635121124,0.0111689153746
74,1.02539945663,0.0250822504601,0.0124628130352
75,1.02160998729,0.02137980181,0.0106329669676
76,1.02424329363,0.0239540898351,0.0119056056101
77,1.02167235531,0.0214408487047,0.0106631653993
78,1.02103025919,0.0208121755648,0.0103521317701
79,1.02342488049,0.0231547286904,0.0115106045452
80,1.02390467488,0.0236234313507,0.0117422312077
81,1.02386622359,0.0235858770581,0.0117236743728
82,1.02153736396,0.0213087121458,0.0105977994576
83,1.01911209101,0.0189317491798,0.00942121422658
84,1.02560515386,0.0252828323842,0.0125618491235
85,1.0246824054,0.0243827161871,0.0121173445679
86,1.02231105244,0.0220658020689,0.0109722617956
87,1.02145876684,0.0212317691591,0.0105597349452
88,1.02307070309,0.0228085980601,0.0113395165121
89,1.02047147055,0.020264746531,0.0100812137065
90,1.02185439283,0.0216190088633,0.0107512916778
91,1.02284476518,0.0225877307589,0.0112303290969
92,1.0254138955,0.0250963315707,0.0124697658209
93,1.02771646046,0.0273393123174,0.0135766506756
94,1.02142484304,0.021198557469,0.010543304317
95,1.02614009879,0.0258042859584,0.0128192671407
96,1.01903296861,0.0188541076047,0.00938275843154
97,1.02457718497,0.0242800250207,0.0120666198546
98,1.02239054755,0.022143559241,0.0110107130482
99,1.02071310182,0.020501502458,0.0101983913407
100,1.02392821099,0.0236464177093,0.0117535893662
101,1.01889750485,0.0187211651292,0.00931690868885
102,1.02734916173,0.0269818553735,0.0134003329816
103,1.02251542693,0.0222656962849,0.0110711073181
104,1.02155045635,0.0213215284282,0.0106041396663
105,1.02222412456,0.0219807677043,0.010930210229
106,1.02170088546,0.0214687732658,0.0106769787013
107,1.02073419949,0.0205221717876,0.0102086205557
108,1.02508988647,0.0247803028649,0.0123137095408
109,1.02354287265,0.0232700135184,0.011567581818
110,1.02194923992,0.0217118231553,0.0107971988218
111,1.02491152697,0.0246062937126,0.0122277725753
112,1.02334473166,0.0230764113031,0.0114718958338
113,1.02592030737,0.0255900705993,0.0127135268404
114,1.02433838037,0.0240469216155,0.0119514678266
115,1.02611554261,0.0257803550368,0.0128074549976
116,1.02281705259,0.0225606367526,0.0112169341403
117,1.02463171314,0.024333243771,0.0120929077948
118,1.02239298865,0.0221459468787,0.0110118937215
119,1.02177780585,0.0215440570387,0.0107142179853
120,1.0234809674,0.0232095303462,0.0115376896019
121,1.01974287044,0.0195505077143,0.00972763136349
122,1.02232068726,0.0220752265707,0.0109769223315
123,1.02570288327,0.0253781173565,0.0126088920113
124,1.02313514781,0.0228715875448,0.011370653629
125,1.02400160496,0.0237180939596,0.0117890056301
126,1.0247320207,0.024431135191,0.0121412604255
127,1.02348387657,0.0232123727611,0.0115390944109
128,1.02403854514,0.0237541676425,0.0118068296744
129,1.02120466534,0.020982974866,0.0104366437436
130,1.02333750405,0.0230693485371,0.0114684049563
131,1.02256592979,0.0223150858657,0.0110955284082
132,1.02210044971,0.0218597743403,0.0108703729785
133,1.02277897706,0.0225234099258,0.011198529341
134,1.02501824474,0.0247104121816,0.0122791939028
135,1.0236620569,0.0233864495909,0.0116251247373
136,1.02228235148,0.0220377270915,0.0109583782325
137,1.02331794745,0.0230502377577,0.0114589591066
138,1.02110720401,0.0208875327017,0.0103894195826
139,1.02298812762,0.0227278814488,0.011299615045
140,1.02088824505,0.0206730768228,0.0102832999898
141,1.02426435749,0.0239746549139,0.0119157656774
142,1.01932752612,0.0191431217478,0.00952589928548
143,1.02101161026,0.0207939105738,0.0103430937741
144,1.02026520472,0.0200625981251,0.00998115339759
145,1.02533626947,0.0250206265595,0.0124323846197
146,1.02058572452,0.0203767022133,0.0101366256722
147,1.02294028084,0.0226811087617,0.0112764926877
148,1.02202935039,0.0217902099544,0.0108359682827
149,1.02506894452,0.0247598732723,0.012303620475
150,1.02645599627,0.0261120888234,0.0129711839792
151,1.01977310385,0.0195801553408,0.00974231086731
152,1.02541246635,0.0250949378463,0.0124690776482
153,1.01907404915,0.0188944200516,0.00940272533279
154,1.01927127363,0.0190879343478,0.00949856806319
155,1.02232102067,0.0220755526998,0.0109770836061
156,1.02124141899,0.0210189646964,0.0104544506921
157,1.02033720367,0.0201331644935,0.0100160837987
158,1.02563425838,0.0253112098877,0.0125758595389
159,1.02175880075,0.021525456829,0.010705017481
160,1.0240890097,0.0238034463761,0.0118311778284
161,1.0242931702,0.0240027846648,0.0119296628614
162,1.02160709329,0.0213769690239,0.010631565634
163,1.02245113449,0.0222028175624,0.0110400155366
164,1.02153157162,0.0213030419146,0.010594994384
165,1.02165593041,0.0214247720932,0.0106552127754
166,1.02401940537,0.0237354769914,0.0117975946444
167,1.02269047943,0.0224368795383,0.0111557477284
168,1.0209412895,0.0207250345945,0.010309011393
169,1.02142347621,0.0211972193137,0.0105426422934
170,1.02191846472,0.0216817084807,0.0107823039494
171,1.02405507051,0.0237703049665,0.0118148030389
172,1.0228223554,0.022565821253,0.0112194973101
173,1.02505343931,0.0247447471397,0.0122961504335
174,1.02364923927,0.0233739281581,0.0116189367831
175,1.02277889443,0.0225233291367,0.0111984893988
176,1.0200473462,0.0198490440603,0.00987543647914
177,1.02035704638,0.0201526115172,0.0100257098722
178,1.02037875297,0.0201738848147,0.010036239825
179,1.02280802974,0.0225518151475,0.0112125728038
180,1.02333867148,0.02307048935,0.011468968821
181,1.02086246716,0.0206478260499,0.0102708043551
182,1.02490424756,0.0245991912156,0.0122242647444
183,1.02094024662,0.0207240130986,0.0103085059102
184,1.0253650377,0.0250486835285,0.0124462385995
185,1.02347668806,0.023205349171,0.0115356231327
186,1.02485267235,0.0245488679717,0.0121994103921
187,1.02385800131,0.023577846404,0.0117197061122
188,1.02406036675,0.0237754767847,0.0118173583927
189,1.02387433111,0.0235937955598,0.0117275871989
190,1.01971891295,0.0195270137768,0.00971599859656
191,1.02721357033,0.0268498648567,0.0133352199331
192,1.02248448648,0.022235436674,0.0110561449031
193,1.02506735759,0.0247583251533,0.0123028559389
194,1.02113934979,0.0209190134984,0.0104049963247
195,1.02117704284,0.0209559255584,0.0104232601513
196,1.02360124634,0.0233270429064,0.0115957662641
197,1.02130558763,0.0210817966812,0.0104855377592
198,1.02512613711,0.0248156656149,0.012331173038
199,1.02541307891,0.0250955352171,0.0124693726092
200,1.0241883619,0.0239004568699,0.0118791080387
201,1.02167667974,0.0214450813989,0.0106652591772
202,1.02131313096,0.0210891826196,0.0104891919989
203,1.02416454976,0.023877206831,0.0118676210473
204,1.02181720426,0.0215826149855,0.0107332902157
205,1.02437708153,0.0240847025143,0.0119701323311
206,1.0217477136,0.021514605727,0.010699649996
207,1.02414716337,0.023860230519,0.01185923359
208,1.02192338397,0.0216865222122,0.0107846848607
209,1.02536008292,0.0250438513047,0.0124438525562
210,1.02477497483,0.0244730517413,0.0121619640238
211,1.02354159745,0.0232687676438,0.0115669660863
212,1.02548919788,0.0251697649562,0.0125060239995
213,1.02281419115,0.0225578391426,0.0112155510246
214,1.02487001954,0.0245657943471,0.0122077702986
215,1.02229215571,0.0220473175753,0.0109631209149
216,1.02534331573,0.0250274986885,0.0124357779599
217,1.0255821918,0.025260443344,0.0125507951654
218,1.0241305808,0.0238440387978,0.0118512337077
219,1.02390557563,0.0236243110626,0.0117426658987
220,1.02559949657,0.025277316319,0.0125591257331
221,1.02576328195,0.0254370007792,0.0126379620674
222,1.0205217451,0.0203140113235,0.010105597478
223,1.0247108981,0.0244105221762,0.0121310789996
224,1.02404729144,0.0237627085996,0.0118110497231
225,1.02409715159,0.0238113967192,0.0118351059612
226,1.02092982739,0.0207138075288,0.0103034557145
227,1.0253057312,0.0249908424615,0.0124176776049
228,1.02539134197,0.0250743367705,0.0124589054961
229,1.021920809,0.0216840024738,0.010783438578
230,1.0246153607,0.0243172843068,0.0120850245294
231,1.02248951803,0.0222403575696,0.0110585781449
232,1.02799906966,0.0276142620296,0.0137122497626
233,1.02129565517,0.0210720713746,0.0104807260817
234,1.0207195602,0.0205078297627,0.010201522724
235,1.02576065865,0.0254344433639,0.0126366995191
236,1.02588428201,0.0255549548189,0.0126961920207
237,1.02168150037,0.0214497997356,0.0106675931817
238,1.02655509306,0.0262086268194,0.0130188257213
239,1.0215318656,0.0213033296992,0.0105951367517
240,1.02304482588,0.0227833040786,0.0113270128531
241,1.01939587641,0.0192101738045,0.0095591053916
242,1.02416416886,0.0238768349171,0.0118674372972
243,1.02189173897,0.0216555556133,0.0107693684252
244,1.01957264318,0.019383562229,0.00964496716286
245,1.02075083916,0.0205384733181,0.01021668808
246,1.02746684853,0.0270964026642,0.0134568375229
247,1.02432836803,0.0240371471222,0.011946638978
248,1.02229077142,0.0220459634682,0.0109624512838
249,1.01990066457,0.0197052348799,0.00980423941846
250,1.01988155727,0.0196865002274,0.00979496388833
251,1.02530988372,0.0249948924822,0.0124196774673
252,1.02488994095,0.0245852321452,0.0122173705049
253,1.02397555849,0.0236926576666,0.011776437338
254,1.02399787122,0.0237144477253,0.0117872040041
255,1.02502264149,0.0247147016095,0.0122813122791
256,1.02218080484,0.0219383888901,0.0109092522045
257,1.02356680862,0.0232933986587,0.0115791390658
258,1.02254624983,0.0222958400182,0.0110860122101
259,1.02526094997,0.0249471655277,0.0123961100855
260,1.02339256818,0.0231231554743,0.0114949995274
261,1.02073427106,0.0205222418999,0.010208655254
262,1.022672772,0.0224195648359,0.0111471869193
263,1.0254858522,0.0251665024336,0.0125044131375
264,1.02360333979,0.0233290880881,0.0115967769967
265,1.02021226899,0.0200107124963,0.00995546918922
266,1.02475515498,0.0244537108629,0.01215241115
267,1.02412285295,0.0238364930068,0.0118475055186
268,1.02115195675,0.0209313594016,0.0104111050279
269,1.0253357105,0.0250200814068,0.0124321154321
270,1.02149223535,0.0212645340219,0.0105759442497
271,1.02469817363,0.0243981044805,0.0121249454528
272,1.02275276995,0.0224977861562,0.0111858608494
273,1.0229447432,0.0226854710418,0.0112786492298
274,1.02271069784,0.0224566491631,0.01116552222
275,1.02795293179,0.0275693797861,0.0136901161108
276,1.0218449787,0.0216097960249,0.010746734773
277,1.02577419124,0.025447636016,0.0126432124679
278,1.02058630753,0.0203772734584,0.0101369083994
279,1.0216663269,0.0214349481632,0.0106602465835
280,1.02228390578,0.0220392475082,0.0109591301099
281,1.02492834439,0.0246227022393,0.0122358764855
282,1.0241232912,0.0238369209281,0.0118477169443
283,1.0259175988,0.0255874304642,0.0127122235547
284,1.02287593636,0.0226182052837,0.011245395125
285,1.02380773827,0.0235287533923,0.0116954469864
286,1.02240746327,0.0221601043708,0.0110188944924
287,1.02357250362,0.0232989625137,0.0115818887771
288,1.02481738315,0.0245144339397,0.0121824032672
289,1.02034628984,0.0201420695188,0.0100204917048
290,1.02225777714,0.0220136880942,0.0109464903766
291,1.02361099116,0.0233365629987,0.0116004711027
292,1.02345317149,0.0231823717687,0.0115242668956
293,1.02294432455,0.0226850617831,0.0112784469084
294,1.02326109548,0.0229946797023,0.0114314980162
295,1.02183204405,0.0215971378189,0.0107404736674
296,1.02463947206,0.0243408161409,0.0120966481867
297,1.02413260843,0.0238460186572,0.011852211905
298,1.0218339671,0.0215990197794,0.0107414045407
299,1.02473987502,0.024438799915,0.0121450462505
300,1.02341670418,0.0231467394951,0.0115066559198
301,1.0233885563,0.0231192352854,0.0114930619623
302,1.02001027769,0.0198127034103,0.00985744543059
303,1.02364877698,0.0233734765517,0.0116187136035
304,1.01860831039,0.0184372940773,0.00917628558373
305,1.02561072202,0.0252882615131,0.0125645295844
306,1.02381396127,0.0235348316687,0.011698450576
307,1.02271929112,0.0224650515794,0.0111696765107
308,1.02278799585,0.0225322278119,0.0112028889008
309,1.02256699446,0.022316127039,0.0110960432186
310,1.02413596362,0.0238492947801,0.0118538305505
311,1.02180739624,0.0215730163339,0.010728542391
312,1.0255372923,0.0252166628612,0.0125291794273
313,1.02149890599,0.0212710642865,0.0105791748448
314,1.02296707149,0.0227072982658,0.0112894396921
315,1.02119728981,0.0209757524587,0.0104330702223
316,1.02022850384,0.0200266255789,0.00996334648808
317,1.0284978431,0.0280993329761,0.0139514305228
318,1.02543421312,0.025116145442,0.0124795491709
319,1.02377435116,0.0234961421396,0.0116793319303
320,1.02147290639,0.0212456115644,0.0105665830381
321,1.02275113194,0.0224961845921,0.0111850690244
322,1.02520232984,0.0248899880778,0.012367875346
323,1.02475318862,0.024451792005,0.0121514633799
324,1.02513697289,0.0248262357454,0.0123363929185
325,1.02350158763,0.0232296772939,0.011547646801
326,1.02220446167,0.0219615321181,0.0109206975147
327,1.02154070962,0.0213119872624,0.01059941966
328,1.02084005215,0.0206258688789,0.0102599384689
329,1.02435563786,0.0240637689159,0.0119597907668
330,1.02273360654,0.022479048894,0.0111765969711
331,1.02380240925,0.0235235482799,0.0116928748649
332,1.02416636464,0.023878978893,0.0118684965628
333,1.02327897787,0.0230121554359,0.0114401359584
334,1.02512603213,0.0248155632099,0.0123311224669
335,1.02488057016,0.0245760888805,0.0122128547155
336,1.02194439261,0.0217070799365,0.0107948528164
337,1.02527531475,0.0249611762809,0.0124030285985
338,1.02356285894,0.0232895399019,0.0115772320261
339,1.02283056569,0.0225738483186,0.0112234658051
340,1.02470122002,0.024401077432,0.012126413904
341,1.02231391689,0.0220686039995,0.0109736473882
342,1.02262672978,0.0223745423647,0.0111249263701
343,1.02458192629,0.0242846525929,0.0120689057185
344,1.02223236202,0.021988826034,0.0109341953462
345,1.02156923141,0.0213399072446,0.0106132315869
346,1.02306216655,0.0228002539918,0.0113353917782
347,1.02327426032,0.0230075451892,0.0114378572033
348,1.02615851911,0.0258222368681,0.012828127497
349,1.02286246532,0.0226050354291,0.0112388842264
350,1.02269516709,0.0224414631834,0.0111580139813
351,1.02182463376,0.0215898858291,0.0107368866109
352,1.02537770119,0.0250610336837,0.0124523368018
353,1.02360156608,0.0233273552779,0.0115959206387
354,1.02149452465,0.0212667751505,0.0105770529623
355,1.02491068744,0.0246054745922,0.012227368023
356,1.02644038827,0.0260968829896,0.0129636796526
357,1.01845268647,0.018284501479,0.00910058742735
358,1.02086967732,0.0206548888387,0.0102742994731
359,1.02227692184,0.0220324157846,0.0109557516772
360,1.02356663529,0.0232932293154,0.0115790553746
361,1.02548692932,0.0251675527808,0.0125049317439
362,1.0248261808,0.0245230185025,0.0121866432491
363,1.02375516105,0.023477397487,0.0116700690231
364,1.02189687936,0.0216605858677,0.010771856463
365,1.02269455008,0.022440859865,0.011157715688
366,1.02387816558,0.0235975406163,0.0117294377652
367,1.02483820257,0.0245347489784,0.0121924369925
368,1.0231893007,0.0229245145196,0.0113968158631
369,1.02310739863,0.0228444654581,0.0113572466927
370,1.02006363407,0.0198650116917,0.0098833414196
371,1.02382176258,0.0235424514912,0.01170221591
372,1.02347645914,0.0232051254989,0.0115355125867
373,1.02650972772,0.0261644340247,0.0129970167521
374,1.02134744371,0.0211227787613,0.0105058137319
375,1.0244017406,0.0241087744856,0.0119820241729
376,1.0216353033,0.021404582011,0.0106452252486
377,1.01985878939,0.0196641759415,0.00978391101643
378,1.02087193078,0.0206570962333,0.01027539183
379,1.02797718282,0.0275929710892,0.0137017502099
380,1.02368682065,0.0234106406333,0.0116370795742
381,1.02245718502,0.0222087352152,0.0110429416932
382,1.02267152162,0.0224183421742,0.0111465824029
383,1.02253962927,0.022289365419,0.0110828107941
384,1.02326072469,0.0229943173424,0.0114313189074
385,1.02565215097,0.0253286551215,0.0125844724238
386,1.02365574643,0.023380284968,0.0116220782534
387,1.02073834337,0.0205262314763,0.0102106296761
388,1.0249579036,0.0246515420846,0.0122501198651
389,1.02073337888,0.0205213678435,0.0102082226872
390,1.02415736506,0.0238701916229,0.0118641550641
391,1.02355937616,0.0232861372939,0.011575550417
392,1.01986817196,0.0196733757649,0.00978846591254
393,1.02233798702,0.0220921484799,0.0109852903755
394,1.02224094534,0.0219972226437,0.0109383477373
395,1.02369290763,0.0234165867489,0.0116400180299
396,1.02729940361,0.026933420699,0.0133764398755
397,1.0233814033,0.0231122457322,0.0114896073453
398,1.02090827285,0.0206926946486,0.0102930079871
399,1.02379413181,0.0235154632557,0.0116888796134
400,1.02567034718,0.0253463960734,0.0125932312307
401,1.02254435714,0.0222939890565,0.0110850969887
402,1.02376309452,0.0234851468425,0.0116738984757
403,1.02304109469,0.0227796569282,0.0113252099319
404,1.02314880345,0.0228849343056,0.0113772511067
405,1.02260096766,0.0223493499343,0.0111124702084
406,1.02370893522,0.0234322432661,0.0116477551372
407,1.02329106428,0.0230239668175,0.01144597407
408,1.02331687641,0.0230491911146,0.0114584417816
409,1.02442236297,0.0241289054112,0.011991968981
410,1.02140392741,0.0211780803448,0.0105331736514
411,1.02141919801,0.0211930308303,0.0105405701284
412,1.01943184401,0.019245456428,0.00957657791408
413,1.0219759104,0.0217379204681,0.010810106505
414,1.02274576625,0.0224909382424,0.0111824751866
415,1.01992264067,0.0197267819359,0.00981490726276
416,1.02513652065,0.0248257945958,0.0123361750647
417,1.02365533625,0.0233798842663,0.011621880231
418,1.02291931511,0.0226606130033,0.0112663603168
419,1.02534456363,0.0250287157411,0.0124363789185
420,1.02451112659,0.0242155491479,0.0120347704078
421,1.0212142541,0.0209923644731,0.0104412895382
422,1.02177568727,0.0215419836122,0.010713192379
423,1.02487281769,0.0245685245904,0.0122091187542
424,1.02855233444,0.028152313059,0.0139775506443
425,1.02471646973,0.0244159594302,0.0121337646431
426,1.02315005408,0.022886156646,0.0113778553233
427,1.02485574934,0.024551870333,0.0122008932582
428,1.02421010089,0.0239216822208,0.0118895945894
429,1.02398831926,0.0237051195787,0.0117825948964
430,1.02353494399,0.0232622671976,0.0115637534533
431,1.02186642029,0.0216307790207,0.0107571134672
432,1.02239396393,0.022146900801,0.0110123654303
433,1.0241173001,0.0238310709378,0.0118448265995
434,1.0241129876,0.0238268599836,0.0118427460592
435,1.02474247249,0.0244413346729,0.0121462982363
436,1.01772940691,0.0175740742576,0.00874854394756
437,1.02326307955,0.022996618665,0.0114324564145
438,1.0226618013,0.0224088373002,0.0111418829282
439,1.02080391454,0.0205904683757,0.0102424196657
440,1.02583512195,0.0255070339859,0.0126725355268
441,1.02181924661,0.0215846137275,0.0107342788596
442,1.02584483939,0.0255165066502,0.0126772118266
443,1.02572721782,0.0254018418306,0.0126206046092
444,1.02320571736,0.0229405589904,0.0114047466387
445,1.02451085326,0.0242152823542,0.0120346386163
446,1.02445152817,0.0241573749083,0.0120060329268
447,1.02398941797,0.0237061925495,0.0117831250605
448,1.02474785092,0.0244465832293,0.0121488906359
449,1.0263435427,0.0260025276469,0.012917112479
450,1.02029971428,0.0200964216598,0.00999789622442
451,1.02378258728,0.0235041869618,0.0116833073543
452,1.02558296001,0.0252611923903,0.0125511649879
453,1.02166280016,0.0214314962009,0.0106585390002
454,1.02322273299,0.0229571885785,0.0114129665705
455,1.02308319482,0.0228208080252,0.0113455522487
456,1.02176870648,0.021535151572,0.0107098129497
457,1.02219579134,0.0219530500851,0.0109165028041
458,1.02563083653,0.0253078735517,0.0125742123481
459,1.02284703834,0.0225899531467,0.0112314278111
460,1.02082780781,0.0206138744353,0.0102540027604
461,1.02386902208,0.023588610308,0.011725024975
462,1.02366776948,0.0233920301082,0.011627882555
463,1.02241783245,0.0221702462391,0.0110239095378
464,1.01896629558,0.0187886777176,0.00935034991427
465,1.02149134961,0.0212636669179,0.0105755152828
466,1.02322225031,0.0229567168548,0.0114127334005
467,1.02479986406,0.0244973389479,0.0121739598642
468,1.02211435482,0.0218733786965,0.0108771011915
469,1.02383023876,0.0235507304165,0.0117063069233
470,1.02241366556,0.0221661707069,0.0110218942337
471,1.02544953509,0.0251310872632,0.0124869268204
472,1.02653816793,0.0261921393776,0.0130106892904
473,1.02414394209,0.0238570851892,0.0118576795744
474,1.02339963832,0.0231300639816,0.0114984140684
475,1.02519274005,0.0248806339825,0.0123632561327
476,1.02471950585,0.0244189223154,0.0121352281091
477,1.02308613509,0.0228236819535,0.0113469729087
478,1.02235072323,0.0221046063234,0.0109914508515
479,1.02270073789,0.0224469103433,0.0111607071679
480,1.02537621809,0.0250595872873,0.0124516226089
481,1.02512112744,0.0248107787191,0.0123287597178
482,1.02376990123,0.0234917955328,0.0116771840073
483,1.02355713528,0.0232839479889,0.0115744684352
484,1.02130058307,0.0210768965082,0.0104831133602
485,1.02472609153,0.0244253491065,0.0121384025043
486,1.02076013588,0.0205475810013,0.0102211953862
487,1.02316192257,0.0228977565284,0.0113835892569
488,1.02663004245,0.0262816347395,0.0130548537851
489,1.0235505726,0.0232775363325,0.0115712997076
490,1.02058259411,0.0203736349363,0.0101351075784
491,1.02362255392,0.0233478589804,0.0116060535584
492,1.0253409797,0.0250252203959,0.0124346529792
493,1.02304984259,0.0227882077665,0.011329436922
494,1.02517594098,0.0248642476009,0.0123551642032
495,1.02691458732,0.0265587603223,0.0131915981854
496,1.02442743564,0.0241338571401,0.011994415152
497,1.02214436558,0.0219027397165,0.0108916219135
498,1.02394708013,0.0236648457249,0.0117626950344
499,1.02364103255,0.0233659110129,0.0116149747779
500,1.02883568037,0.028427755445,0.0141133374818
501,1.02490257133,0.0245975557149,0.0122234569901
502,1.02426097095,0.0239713485922,0.0119141322139
503,1.02262876942,0.0223765368699,0.0111259125279
504,1.02281315876,0.0225568297757,0.0112150520013
505,1.0203639568,0.0201593840384,0.0100290621775
506,1.02246932622,0.0222206096809,0.0110488133441
507,1.02382012494,0.023540851954,0.0117014255002
508,1.02383306521,0.0235534910766,0.0117076710938
509,1.02066832325,0.0204576316073,0.0101766793833
510,1.02262071162,0.0223686573449,0.0111220165912
511,1.02544321511,0.0251249241178,0.0124838837224
512,1.02017617809,0.0199753359977,0.00993795687985
513,1.02575215421,0.0254261524701,0.0126326064485
514,1.01989497835,0.0196996595888,0.00980147909982
515,1.02491162256,0.0246063869817,0.0122278186396
516,1.02170733079,0.0214750816846,0.0106800992284
517,1.02550761162,0.0251877208567,0.0125148896315
518,1.02385180323,0.0235717927391,0.0117167147488
519,1.02404409449,0.0237595867108,0.0118095072139
520,1.02475751281,0.0244560117328,0.0121535476037
521,1.02117810274,0.0209569634794,0.0104237737024
522,1.02210494965,0.0218641769659,0.0108725503599
523,1.02492367472,0.0246181461339,0.0122336263042
524,1.02184389579,0.0216087362657,0.0107462105878
525,1.0234038565,0.0231341857022,0.01150045123
526,1.02432388505,0.0240327706021,0.0119444768579
527,1.02549665487,0.0251770365772,0.0125096143339
528,1.02408520836,0.0237997344414,0.0118293438177
529,1.0225840552,0.0223328111295,0.0111042926657
530,1.01964572858,0.0194552420458,0.00968046076045
531,1.0229021945,0.0226438758485,0.0112580859881
532,1.02657930661,0.0262322137288,0.0130304655704
533,1.02110862668,0.0208889259622,0.010390108975
534,1.0214398106,0.021213210974,0.0105505537948
535,1.02181415311,0.0215796289767,0.010731813235
536,1.02349671658,0.0232249180797,0.01154529467
537,1.02258188793,0.0223306917198,0.0111032447276
538,1.02318990565,0.0229251057656,0.0113971081169
539,1.02406935381,0.0237842526532,0.0118216944637
540,1.02270738021,0.0224534052033,0.011163918349
541,1.02385293919,0.0235729022332,0.0117172629959
542,1.02785564467,0.0274747336975,0.01364343982
543,1.02066288522,0.0204523036779,0.0101740425254
544,1.01938649477,0.0192009706256,0.00955454777877
545,1.02187037662,0.0216346506806,0.0107590284713
546,1.02377508485,0.0234968587927,0.0116796860718
547,1.01968543763,0.0194941852503,0.00969974368091
548,1.02337283578,0.0231038739266,0.0114854695282
549,1.01892454994,0.0187477082622,0.00933005651813
550,1.02249311607,0.0222438764621,0.0110603181326
551,1.02164795975,0.0214169703589,0.0106513534653
552,1.02742002806,0.0270508327891,0.0134343589425
553,1.02172986299,0.0214971349101,0.0106910080157
554,1.02387969537,0.0235990347246,0.0117301760566
555,1.01930409053,0.0191201302571,0.00951451298198
556,1.02225197125,0.0220080086016,0.0109436817116
557,1.02409406568,0.0238083834126,0.0118336171382
558,1.0264582621,0.0261142962546,0.0129722733777
559,1.02186947596,0.0216337693031,0.0107585925238
560,1.02633111758,0.0259904213652,0.0129111375092
561,1.02203691805,0.0217976144636,0.010839630413
562,1.02669323624,0.0263431874403,0.0130852278873
563,1.02113887009,0.0209185437321,0.0104047638855
564,1.02611636445,0.0257811559631,0.0128078503318
565,1.02578755899,0.0254606677993,0.0126496459568
566,1.0256848048,0.0253604917493,0.012600190289
567,1.02305782724,0.0227960124923,0.0113332950658
568,1.01867963933,0.0185073175037,0.00921097541219
569,1.0220363186,0.0217970279404,0.0108393403301
570,1.02432770427,0.0240364991263,0.0119463188507
571,1.02095217032,0.0207356921683,0.0103142852313
572,1.02294206358,0.0226828515261,0.0112773542434
573,1.02506001261,0.024751159762,0.0122993173143
574,1.02163327548,0.0214025971366,0.0106442433757
575,1.02486229108,0.0245582534012,0.0122040458477
576,1.02481738659,0.0245144372895,0.0121824049217
577,1.02180622459,0.021571869688,0.0107279752188
578,1.0256076184,0.0252852353951,0.0125630355351
579,1.02484256321,0.0245390039251,0.0121945385246
580,1.02157051436,0.0213411630998,0.01061385285
581,1.02284593692,0.0225888763298,0.0112308954496
582,1.02405682001,0.0237720133692,0.0118156471477
583,1.02225333542,0.022009343079,0.010944341648
584,1.02381123195,0.0235321658234,0.0116971332456
585,1.02394120524,0.0236591082066,0.0117598600155
586,1.02682389078,0.0264704369598,0.0131480181051
587,1.021817859,0.021583255739,0.0107336071537
588,1.01958095678,0.0193917161931,0.00964900481432
589,1.02552252215,0.025202260402,0.0125220683976
590,1.02236936297,0.0221228383998,0.0110004666501
591,1.02528977892,0.0249752837777,0.0124099948345
592,1.02204396295,0.0218045074395,0.0108430395364
593,1.02243838239,0.0221903453932,0.0110338482792
594,1.02243862955,0.0221905871327,0.0110339678153
595,1.02418615801,0.0238983050263,0.0118780448973
596,1.02297950623,0.0227194537561,0.0112954488047
597,1.02114673014,0.0209262410435,0.0104085724895
598,1.02680976117,0.0264566763649,0.0131412282465
599,1.02264065557,0.0223881599302,0.0111316593827
600,1.02188301207,0.0216470156287,0.010765144409
601,1.02523488161,0.024921739127,0.0123835543996
602,1.02752944433,0.0271573232628,0.0134868874653
603,1.02356315121,0.0232898254467,0.0115773731456
604,1.0252794816,0.0249652404019,0.0124050354533
605,1.02394891802,0.0236666406225,0.0117635819264
606,1.02250277826,0.0222533260532,0.0110649906594
607,1.02400544613,0.0237218450942,0.0117908590846
608,1.02451319497,0.0242175680332,0.0120357677015
609,1.02349756908,0.0232257510121,0.0115457063278
610,1.02551165086,0.0251916596125,0.0125168343609
611,1.02255894505,0.0223082552418,0.0110921509852
612,1.02231501531,0.0220696784482,0.0109741787171
613,1.02179627282,0.0215621302451,0.0107231577279
614,1.02429081921,0.0240004894339,0.0119285289359
615,1.02410384186,0.0238179295393,0.0118383337077
616,1.02303823289,0.0227768595763,0.0113238270953
617,1.02254700187,0.0222965754811,0.0110863758648
618,1.02149074415,0.0212630742007,0.0105752220583
619,1.02081294952,0.0205993191824,0.0102467997325
620,1.02644189415,0.0260983500826,0.0129644036894
621,1.02094872564,0.0207323181792,0.0103126156355
622,1.02183444376,0.0215994862502,0.0107416352708
623,1.0224733554,0.022224550302,0.0110507618831
624,1.02177212195,0.0215384942689,0.0107114663969
625,1.02188240067,0.0216464173224,0.0107648484763
626,1.02271842645,0.022464206122,0.0111692585037
627,1.02391898672,0.0236374089595,0.0117491379239
628,1.02448015038,0.0241853135705,0.0120198344453
629,1.02057431552,0.0203655232755,0.0101310928462
630,1.02143409248,0.0212076128623,0.0105477842666
631,1.02110468292,0.0208850637233,0.0103881979183
632,1.02219168179,0.0219490297583,0.0109145145827
633,1.0220255108,0.0217864531145,0.0108341102155
634,1.01960815772,0.019418394394,0.00966221511761
635,1.02324400397,0.0229779765821,0.0114232418925
636,1.02305347401,0.0227917573598,0.0113311916096
637,1.021022111,0.0208041951706,0.0103481828722
638,1.02443324571,0.0241395286539,0.0119972168917
639,1.02349815114,0.0232263197064,0.0115459873919
640,1.02550259502,0.0251828290217,0.0125124743214
641,1.02604473186,0.0257113441066,0.012773390872
642,1.02164182641,0.0214109669606,0.0106483837338
643,1.02263434164,0.0223819857674,0.011128606661
644,1.02376289263,0.0234849496437,0.0116738010273
645,1.02486918758,0.0245649825723,0.012207369366
646,1.02390379469,0.023622571705,0.0117418064319
647,1.02248194512,0.0222329511937,0.0110549159021
648,1.02367342726,0.0233975570639,0.0116306138956
649,1.02350905011,0.0232369683966,0.0115512502482
650,1.02067182488,0.0204610623247,0.0101783772839
651,1.02490946096,0.024604277914,0.0122267769998
652,1.0228159161,0.0225595256186,0.0112163848049
653,1.02334298815,0.0230747075565,0.0114710537328
654,1.02319900337,0.0229339972486,0.01140150318
655,1.02501491154,0.0247071603272,0.0122775879394
656,1.02016030387,0.0199597756007,0.00993025397069
657,1.02021281896,0.0200112515694,0.00995573604239
658,1.0251434737,0.024832577135,0.0123395244933
659,1.02510838401,0.0247983474939,0.0123226207169
660,1.02268268263,0.0224292556977,0.0111519783257
661,1.02002418897,0.0198263416925,0.00986419732934
662,1.02297972865,0.0227196711787,0.0112955562881
663,1.02119067335,0.0209692733165,0.0104298644447
664,1.02145197516,0.0212251201293,0.0105564455308
665,1.02623463746,0.0258964120852,0.0128647386621
666,1.02342861561,0.0231583783136,0.0115124083504
667,1.02442478176,0.0241312665383,0.0119931353866
668,1.02217690998,0.0219345785454,0.0109073678144
669,1.02285536512,0.0225980939006,0.0112354524637
670,1.02310680187,0.0228438821765,0.0113569583641
671,1.02617984179,0.0258430157826,0.0128383836237
672,1.02210471432,0.0218639467257,0.0108724364914
673,1.02447308458,0.024178416586,0.0120164273975
674,1.02306279092,0.0228008642864,0.0113356934665
675,1.02549413667,0.0251745809803,0.012508401894
676,1.02042704309,0.0202212093756,0.010059664348
677,1.02496464643,0.0246581207067,0.0122533688764
678,1.02297605369,0.0227160787632,0.0112937803679
679,1.024563694,0.0242668575839,0.012060115558
680,1.0217678532,0.0215343164719,0.0107093998714
681,1.02470856872,0.0244082489647,0.0121299561815
682,1.02413948981,0.0238527378574,0.0118555316808
683,1.02223844497,0.0219947766723,0.0109371381283
684,1.02129920496,0.0210755471427,0.01048244575
685,1.02480854009,0.0245058049887,0.0121781413432
686,1.02780608623,0.0274265171721,0.0136196601903
687,1.02090136972,0.0206859328732,0.0102896618933
688,1.0200738038,0.0198749813476,0.0098882769685
689,1.02286078352,0.0226033912148,0.0112380713585
690,1.02264139566,0.0223888836371,0.0111320172081
691,1.02395876843,0.0236762605968,0.0117683353194
692,1.02174951832,0.021516372034,0.0107005236997
693,1.02594870617,0.025617751515,0.0127271912426
694,1.02329164583,0.0230245351288,0.0114462549732
695,1.02537758478,0.0250609201552,0.0124522807444
696,1.02478934154,0.0244870710165,0.0121688883862
697,1.02157014325,0.0213407998311,0.0106136731434
698,1.025230445,0.0249174117105,0.0123814174834
699,1.02570825004,0.025383349626,0.0126114751561
700,1.02430412778,0.0240134823024,0.0119349478564
701,1.02408396253,0.0237985179157,0.01182874275
702,1.02388239013,0.0236016666351,0.0117314765746
703,1.02421746818,0.0239288753359,0.0118931483789
704,1.02546822531,0.0251493134644,0.0124959260853
705,1.02344253984,0.0231719836977,0.0115191327042
706,1.0265091027,0.0261638251465,0.0129967162698
707,1.02179497556,0.0215608606576,0.010722529741
708,1.02233601407,0.0220902186369,0.0109843360534
709,1.02170483647,0.0214726403506,0.0106788915975
710,1.02349909433,0.0232272412474,0.0115464428423
711,1.02306602148,0.0228040220171,0.0113372544331
712,1.02434116753,0.0240496425455,0.0119528120312
713,1.0224233142,0.022175607784,0.011026560754
714,1.02129132495,0.02106783144,0.010478628331
715,1.02378618315,0.0235076992934,0.0116850430008
716,1.0239264803,0.0236447274576,0.0117527541733
717,1.02270866573,0.0224546621779,0.0111645398198
718,1.02217759458,0.0219352482914,0.0109076990348
719,1.02566675016,0.02534288908,0.0125914998146
720,1.02351229784,0.0232401415237,0.0115528184837
721,1.0236291019,0.0233542558301,0.0116092148571
722,1.02190364923,0.0216672106566,0.0107751331713
723,1.02055613581,0.0203477099018,0.0101222763545
724,1.02392491317,0.0236431969444,0.0117519979102
725,1.02406906572,0.0237839713331,0.0118215554664
726,1.02351980351,0.0232474747483,0.0115564427297
727,1.02241705328,0.0221694841597,0.0110235326985
728,1.02053209529,0.0203241533286,0.0101106172223
729,1.02264369624,0.0223911332777,0.0111331295062
730,1.02404733167,0.0237627478874,0.011811069135
731,1.02274127462,0.0224865464962,0.0111803038664
732,1.02627332422,0.0259341091497,0.0128833445375
733,1.01997420609,0.019777338827,0.00983993728634
734,1.02209001854,0.0218495686707,0.0108653256006
735,1.02382354303,0.0235441905099,0.0117030752438
736,1.02066798676,0.0204573019342,0.0101765162242
737,1.02202850555,0.0217893833221,0.0108355594451
738,1.02239328972,0.0221462413563,0.011012039339
739,1.02356397345,0.0232906287562,0.0115777701501
740,1.02068609823,0.0204750464942,0.0101852981764
741,1.02253570739,0.0222855299766,0.0110809143248
742,1.02137413052,0.0211489074384,0.0105187407345
743,1.02339267346,0.0231232583483,0.0114950503731
744,1.02579180303,0.0254648051357,0.0126516884549
745,1.02116283774,0.0209420149483,0.0104163773192
746,1.02281995551,0.0225634749141,0.0112183373023
747,1.0277291226,0.027351632892,0.0135827273081
748,1.02106690217,0.0208480631574,0.0103698896505
749,1.02482183039,0.0245187734745,0.0121845465993
750,1.01968968355,0.0194983491949,0.00970180545643
751,1.0223243532,0.0220788124664,0.0109786955967
752,1.02670053691,0.0263502982673,0.0130887367712
753,1.02630479028,0.0259647691785,0.0128984769341
754,1.02465327162,0.0243542837736,0.012103300524
755,1.01974343941,0.0195510656645,0.00972790762476
756,1.0215827044,0.0213530956761,0.0106197557952
757,1.0199234729,0.0197275979158,0.00981531124828
758,1.02552807125,0.0252076713905,0.0125247400099
759,1.02359191287,0.0233179245988,0.0115912599669
760,1.02258011773,0.0223289606177,0.0111023887866
761,1.0249564662,0.0246501396897,0.0122494272572
762,1.02770678803,0.0273299007001,0.0135720087451
763,1.0241188505,0.0238325848215,0.0118455745752
764,1.02474160652,0.0244404896098,0.0121458808369
765,1.02338998092,0.0231206273483,0.0114937499939
766,1.02135354692,0.0211287543813,0.0105087701481
767,1.02442711054,0.0241335397939,0.011994258382
768,1.02578813493,0.0254612292538,0.0126499231329
769,1.02085886928,0.0206443016992,0.0102690602772
770,1.02279231227,0.0225364480475,0.011204975377
771,1.02459850554,0.0243008339476,0.0120768987179
772,1.02416552034,0.0238781545093,0.011868089263
773,1.02164690416,0.021415937135,0.0106508423558
774,1.02271026013,0.0224562211744,0.0111653106149
775,1.02296314556,0.0227034604758,0.0112875424586
776,1.02171855382,0.021486066199,0.0106855328128
777,1.02394687548,0.0236646458537,0.0117625962743
778,1.02575034941,0.0254243929825,0.0126317378178
779,1.02368350752,0.0234074041578,0.0116354801667
780,1.0243101314,0.024019343461,0.0119378434552
781,1.02385124569,0.0235712481827,0.0117164456608
782,1.02540500438,0.0250876607692,0.0124654844723
783,1.02123764083,0.0210152651193,0.0104526202403
784,1.02293868024,0.022679544055,0.0112757191563
785,1.02387951623,0.0235988597584,0.0117300895997
786,1.02445443242,0.0241602098391,0.0120074333731
787,1.02520835556,0.0248958656505,0.0123707777815
788,1.02171169524,0.021479353389,0.0106822122672
789,1.0268289805,0.0264753937123,0.0131504638926
790,1.0236483396,0.023373049281,0.0116185024503
791,1.02166122101,0.0214299505392,0.0106577744063
792,1.02453738545,0.0242411794452,0.0120474312479
793,1.02200452159,0.0217659160289,0.010823952871
794,1.02439926291,0.0241063558053,0.0119808293224
795,1.02596507236,0.0256337036384,0.0127350657601
796,1.020902814,0.0206873475813,0.0102903619686
797,1.02250292499,0.0222534695591,0.0110650616184
798,1.02055303594,0.0203446724579,0.0101207730044
799,1.02657810136,0.0262310396876,0.0130298861988
800,1.02146020922,0.02123318123,0.0105604335248
801,1.02231467983,0.0220693502896,0.0109740164384
802,1.02162727823,0.0213967268554,0.0106413394732
803,1.02188851899,0.0216524046083,0.0107678098887
804,1.02367485304,0.0233989498694,0.0116313021986
805,1.02128803395,0.0210646090491,0.0104770340174
806,1.02185806918,0.021622606581,0.010753071195
807,1.02201419311,0.0217753792678,0.0108286332646
808,1.02245986041,0.0222113518401,0.0110442355571
809,1.02193078591,0.0216937653252,0.0107882673534
810,1.0234854162,0.023213877065,0.0115398378834
811,1.02123899144,0.0210165876352,0.0104532745862
812,1.02539262946,0.0250755923726,0.0124595254753
813,1.02316382063,0.022899611615,0.0113845062411
814,1.02385784172,0.0235776905394,0.0117196290933
815,1.02661581804,0.0262677792118,0.0130480164385
816,1.02280575122,0.0225495874346,0.0112114714359
817,1.02547491716,0.0251558390986,0.0124991481253
818,1.0262219781,0.0258840762751,0.0128586500868
819,1.02360008768,0.0233259109589,0.0115952068531
820,1.02172632458,0.021493671751,0.0106892949469
821,1.0229755056,0.0227155429924,0.0112935155078
822,1.02080587471,0.0205923885993,0.0102433699432
823,1.02344414556,0.0231735526291,0.0115199081333
824,1.02514638922,0.0248354211473,0.0123409289516
825,1.02130046328,0.0210767792153,0.0104830553285
826,1.02474711833,0.0244458683285,0.012148537528
827,1.02271424015,0.0224601128029,0.0111672347017
828,1.02202511192,0.0217860628283,0.0108339171866
829,1.02458728536,0.0242898830777,0.0120714893944
830,1.01983070453,0.0196366375654,0.00977027645107
831,1.0226837718,0.0224303207044,0.0111525048904
832,1.02383755647,0.0235578777688,0.0117098387586
833,1.02403973122,0.0237553258806,0.0118074019557
834,1.02345869501,0.0231877686928,0.0115269342563
835,1.02547951434,0.0251603220674,0.0125013615906
836,1.02183959251,0.0216045249715,0.0107441275662
837,1.02161874002,0.0213883693665,0.0106372051875
838,1.0211340712,0.0209138441777,0.0104024385545
839,1.0217573392,0.0215240264086,0.0107043099268
840,1.0196379703,0.0194476332181,0.00967669316791
841,1.02150887413,0.0212808225888,0.0105840023668
842,1.02301476519,0.022753920093,0.0113124871699
843,1.02132848715,0.0211042182439,0.0104966309273
844,1.02529364786,0.0249790572783,0.0124118581685
845,1.02418200013,0.023894245331,0.0118760391583
846,1.02462987944,0.0243314541481,0.0120920238038
847,1.02210562822,0.0218648408648,0.0108728787001
848,1.02206801183,0.0218280373485,0.0108546768545
849,1.02329379028,0.0230266307607,0.011447290795
850,1.02638871439,0.0260465389238,0.0129388336292
851,1.02074012133,0.0205279733113,0.0102114917006
852,1.02272509627,0.0224707277547,0.0111724828939
853,1.02542297599,0.025105186974,0.0124741383005
854,1.02697410374,0.0266167151887,0.0132201929457
855,1.02237807938,0.0221313640556,0.011004682576
856,1.02396728762,0.0236845804241,0.0117724462692
857,1.02221932575,0.0219760732047,0.0109278886324
858,1.02487050506,0.0245662680798,0.0122080042732
859,1.0260866368,0.0257521845098,0.0127935500326
860,1.02447292313,0.0241782589938,0.0120163495482
861,1.01851611159,0.0183467754956,0.00913144059024
862,1.02307878133,0.0228164941012,0.0113434197563
863,1.02498966706,0.0246825316252,0.012265424704
864,1.02164075577,0.0214099189945,0.0106478653302
865,1.02168369428,0.0214519470885,0.010668655404
866,1.02365198302,0.0233766085212,0.0116202613923
867,1.02154468356,0.0213158773989,0.0106013441098
868,1.02224816789,0.0220042880234,0.0109418417792
869,1.02144867218,0.0212218865174,0.0105548457913
870,1.02203025632,0.0217910963542,0.0108364066799
871,1.02352205034,0.0232496699432,0.0115575276422
872,1.02357451745,0.0233009299643,0.0115828611085
873,1.02301491715,0.0227540686331,0.0113125605998
874,1.02207531186,0.0218351797331,0.0108582092764
875,1.02085619128,0.0206416784078,0.0102677621
876,1.02304716657,0.022785592035,0.0113281438728
877,1.02310392937,0.0228410745468,0.0113555704913
878,1.02239083696,0.0221438423148,0.0110108530267
879,1.02681288936,0.0264597228796,0.0131427314853
880,1.02182758736,0.0215927763357,0.0107383163456
881,1.02496086695,0.0246544332757,0.0122515477509
882,1.02670581753,0.0263554415527,0.0130912747511
883,1.02367842314,0.0234024373915,0.0116330256759
884,1.02378226149,0.0235038687462,0.0116831501054
885,1.02265853517,0.022405643534,0.0111403038361
886,1.02043556223,0.0202295579403,0.0100637966298
887,1.02087103115,0.0206562149987,0.0102749557402
888,1.01934671071,0.0191619424085,0.00953521993011
889,1.02211847982,0.0218774144324,0.0108790971089
890,1.02329905044,0.0230317711715,0.0114498315753
891,1.02646768846,0.0261234795954,0.0129768054733
892,1.02254579015,0.0222953904756,0.0110857899306
893,1.02529327793,0.0249786964715,0.0124116800042
894,1.02465995378,0.0243608051383,0.0121065217361
895,1.0210700084,0.0208511052957,0.0103713949452
896,1.02380026126,0.0235214502306,0.0116918381059
897,1.02474051477,0.0244394242221,0.0121453546129
898,1.0236015216,0.0233273118177,0.0115958991606
899,1.02139120131,0.0211656208491,0.0105270095033
900,1.02147728218,0.0212498953638,0.0105687023029
901,1.02587938373,0.0255501801198,0.0126938349786
902,1.02216593748,0.0219238440384,0.0109020590893
903,1.02291717362,0.0226585194909,0.0112653253532
904,1.02382814958,0.0235486898559,0.0117052985862
905,1.02280843739,0.0225522137024,0.0112127698468
906,1.02143221478,0.021205774563,0.0105468748116
907,1.0245131327,0.0242175072581,0.0120357376797
908,1.02363012169,0.0233552520804,0.0116097071992
909,1.01927594794,0.0190925202731,0.00950083924337
910,1.02061245261,0.0204028908366,0.0101495871668
911,1.0226801954,0.022426823628,0.0111507758513
912,1.0223253638,0.0220798009975,0.0109791844357
913,1.02247270882,0.0222239179398,0.011050449196
914,1.02353220218,0.0232595884278,0.0115624295558
915,1.02411868775,0.0238324259026,0.011845496057
916,1.01906944073,0.0188898978728,0.00940048550126
917,1.02330749766,0.0230400260298,0.0114539117376
918,1.02255001382,0.0222995210065,0.0110878322989
919,1.02253458087,0.02228442828,0.0110803695802
920,1.01913492292,0.0189541526595,0.00943231037027
921,1.02207828325,0.0218380869442,0.0108596470973
922,1.0207953322,0.0205820609083,0.0102382589797
923,1.02445276386,0.0241585811064,0.0120066287849
924,1.02616903852,0.0258324880667,0.0128331873315
925,1.02173239393,0.0214996120227,0.0106922333298
926,1.02338010299,0.0231109751306,0.0114889793437
927,1.02368259501,0.0234065127602,0.0116350396538
928,1.02387653029,0.0235959434595,0.0117286485534
929,1.02161142295,0.0213812071016,0.010633662142
930,1.02157802374,0.0213485138939,0.0106174892302
931,1.02564708192,0.0253237128425,0.0125820323793
932,1.02124776036,0.0210251741469,0.0104575229543
933,1.02150086813,0.0212729851285,0.0105801251049
934,1.02541702072,0.0250993793322,0.0124712706981
935,1.02452150059,0.0242256749034,0.0120397723423
936,1.02776548767,0.0273870161776,0.0136001784958
937,1.02518644387,0.0248744925078,0.012360223355
938,1.0205703933,0.0203616801154,0.010129190732
939,1.02380425438,0.0235253505097,0.0116937654428
940,1.02207553577,0.0218353988057,0.0108583176233
941,1.02588958884,0.0255601277424,0.0126987456409
942,1.02233475216,0.0220889842965,0.0109837256623
943,1.02255844623,0.0223077674242,0.0110919097819
944,1.02188193916,0.0216459656975,0.0107646250946
945,1.02359162333,0.0233176417323,0.011591120173
946,1.021736239,0.0215033752994,0.0106940948474
947,1.0224734752,0.0222246674718,0.0110508198206
948,1.02212695662,0.0218857077637,0.0108831986541
949,1.02329868638,0.023031415396,0.0114496557243
950,1.02559202809,0.0252700342261,0.0125555304085
951,1.02423001867,0.0239411290046,0.0118992023274
952,1.02216415216,0.0219220974382,0.0109011953096
953,1.02141495086,0.0211888727408,0.0105385129958
954,1.02569354206,0.0253690101771,0.0126043958271
955,1.02382797598,0.0235485202948,0.011705214798
956,1.02144836694,0.021221587688,0.0105546979536
957,1.02723648237,0.0268721696441,0.0133462235459
958,1.02656907994,0.0262222517903,0.0130255494933
959,1.02305701432,0.0227952178915,0.011332902268
960,1.02155487933,0.0213258580897,0.0106062815385
961,1.02362582514,0.0233510546991,0.0116076328716
962,1.02450886971,0.0242133462595,0.0120336822186
963,1.02212741963,0.0218861607468,0.0108834226807
964,1.0227971838,0.0225412110114,0.0112073301717
965,1.02461102333,0.0243130511354,0.0120829335205
966,1.02292250024,0.0226637267607,0.0112678996539
967,1.0271656594,0.0268032221265,0.0133122092952
968,1.02099589763,0.0207785211821,0.0103354786359
969,1.0227140176,0.0224598951979,0.0111671271142
970,1.02609934739,0.0257645718736,0.0127996644564
971,1.02341792385,0.0231479312545,0.0115072449428
972,1.02548028662,0.0251610751602,0.0125017334295
973,1.02411148229,0.023825390111,0.0118420198263
974,1.02264780608,0.022395152116,0.0111351165523
975,1.02320542424,0.0229402725179,0.0114046050361
976,1.02294359246,0.0226843461104,0.0112780931078
977,1.02376426452,0.0234862896877,0.0116744632274
978,1.02383681037,0.0235571490422,0.0117094786619
979,1.02081701521,0.020603301977,0.0102487707224
980,1.0219201234,0.0216833315822,0.0107831067495
981,1.02304076107,0.022779330819,0.0113250487239
982,1.02620420521,0.0258667573651,0.0128501019436
983,1.02648202355,0.0261374449554,0.0129836975163
984,1.02517527626,0.0248635992019,0.0123548440092
985,1.01862036493,0.0184491283301,0.00918214839557
986,1.02395800697,0.0236755169596,0.0117679678764
987,1.02340670753,0.0231369715269,0.0115018281223
988,1.02316878944,0.0229044679203,0.0113869067475
989,1.02483114433,0.0245278617786,0.0121890353727
990,1.02434929555,0.0240575773913,0.0119567320244
991,1.02127564659,0.0210524798135,0.0104710329206
992,1.02272225251,0.0224679471825,0.0111711081398
993,1.02341755659,0.0231475723975,0.011507067579
994,1.0257012439,0.0253765190643,0.0126081029412
995,1.02275357018,0.0224985685867,0.0111862476884
996,1.02562879642,0.02530588442,0.0125732302877
997,1.02300863201,0.0227479248712,0.011309523465
998,1.02428179376,0.0239916779814,0.0119241757539
999,1.02471416983,0.0244137149948,0.0121326560415
1000,1.01936825572,0.0191830782824,0.00954568704416
1001,1.02161477136,0.0213844846722,0.0106352834997
1002,1.02262971221,0.0223774587986,0.0111263683635
1003,1.01972408779,0.0195320885349,0.00971851131929
1004,1.02273521521,0.0224806218035,0.0111773746356
1005,1.02068303482,0.0204720451671,0.0101838127964
1006,1.0222211588,0.0219778664116,0.0109287754375
1007,1.02363426679,0.023359301483,0.0116117083923
1008,1.02337488483,0.023105876174,0.011486459153
1009,1.02454481928,0.0242484352055,0.0120510154149
1010,1.02178766865,0.0215537095809,0.0107189925351
1011,1.02206873634,0.0218287462124,0.0108550274392
1012,1.02480900704,0.0245062606279,0.0121783663883
1013,1.02097799915,0.0207609906163,0.0103268039085
1014,1.02508407757,0.0247746361274,0.0123109110573
1015,1.02271732042,0.0224631246587,0.0111687238115
1016,1.02373320344,0.0234559491589,0.0116594699539
1017,1.02081938949,0.0206056278346,0.010249921732
1018,1.02513792872,0.024827168145,0.0123368533669
1019,1.02591508484,0.025584980009,0.0127110139017
1020,1.0232947384,0.0230275572973,0.0114477487601
1021,1.02437818887,0.0240857835027,0.0119706663554
1022,1.02292274447,0.0226639655128,0.0112680176848
1023,1.02301604125,0.0227551674463,0.0113131037911
1024,1.02032340746,0.0201196431776,0.0100093908334
1025,1.02560112506,0.0252789041576,0.0125599096811
1026,1.01914085782,0.0189599761076,0.00943519462587
1027,1.02302204803,0.0227610390601,0.0113160063806
1028,1.02256121397,0.0223104741037,0.0110932481096
1029,1.02527587484,0.0249617225588,0.0124032983496
1030,1.02186207728,0.0216265289323,0.01075501128
1031,1.02492966414,0.024623989884,0.01223651243
1032,1.02569042677,0.0253659729299,0.0126028963436
1033,1.02308028736,0.022817966154,0.0113441474334
1034,1.01982190329,0.0196280074311,0.00976600353408
1035,1.02074836804,0.0205360524283,0.0102154900011
1036,1.02355754652,0.0232843497631,0.0115746669971
1037,1.02361289813,0.0233384259739,0.0116013917841
1038,1.02446288339,0.0241684590453,0.0120115084419
1039,1.02445286387,0.0241586787261,0.0120066770087
1040,1.02244525156,0.0221970637927,0.0110371704085
1041,1.02409513075,0.0238094234288,0.0118341309926
1042,1.0266751792,0.0263255997127,0.0130765490551
1043,1.02275298753,0.0224979989012,0.011185966032
1044,1.02241923043,0.022171613575,0.0110245856688
1045,1.01914341528,0.0189624855337,0.00943643749967
1046,1.02736022158,0.0269926207454,0.0134056435235
1047,1.02155729984,0.0213282275206,0.0106074536878
1048,1.0278809812,0.0274993832842,0.0136555963859
1049,1.02095968942,0.0207430569386,0.0103179296286
1050,1.02345006551,0.0231793369604,0.0115227669773
1051,1.02152934455,0.0213008617832,0.0105939158669
1052,1.02204834487,0.021808794836,0.0108451599881
1053,1.02435573949,0.0240638681359,0.0119598397835
1054,1.02246297599,0.0222143989825,0.0110457423005
1055,1.02479679141,0.024494340648,0.0121724789638
1056,1.02457453918,0.0242774426952,0.012065344271
1057,1.02228376706,0.0220391118132,0.0109590630059
1058,1.02230519778,0.0220600751641,0.0109694297577
1059,1.02404016422,0.0237557487194,0.0118076108788
1060,1.02323924056,0.022973321364,0.0114209408696
1061,1.02245164284,0.0222033147527,0.0110402613872
1062,1.02007404807,0.0198752208046,0.00988839551309
1063,1.021300972,0.0210772773253,0.0104833017727
1064,1.02657405405,0.0262270971507,0.0130279406138
1065,1.02315295762,0.0228889944869,0.0113792580984
1066,1.02600931425,0.0256768249218,0.0127563515961
1067,1.02071138233,0.0204998178606,0.0101975576318
1068,1.02563861751,0.025315460051,0.0125779578936
1069,1.01951887374,0.019330823607,0.00961885183867
1070,1.02389786793,0.023616783294,0.0117389462055
1071,1.02119374327,0.020972279524,0.0104313518702
1072,1.02168614665,0.0214543474088,0.0106698427594
1073,1.02129837954,0.0210747389345,0.0104820458818
1074,1.02301836076,0.0227574347683,0.0113142246262
1075,1.02301809211,0.0227571721555,0.0113140948054
1076,1.02268347619,0.0224300316545,0.0111523619773
1077,1.01910029679,0.0189201760771,0.00941548217499
1078,1.02492817832,0.0246225402084,0.0122357964614
1079,1.02450275077,0.0242073736786,0.0120307318598
1080,1.02221307744,0.0219699606952,0.0109248657715
1081,1.02414251238,0.0238556891839,0.0118569898482
1082,1.02204255854,0.0218031333216,0.010842359927
1083,1.02454044603,0.0242441667189,0.0120489068892
1084,1.01955136093,0.0193626883147,0.00963463081587
1085,1.02457970971,0.0242824891892,0.012067837071
1086,1.02398470265,0.023701587688,0.0117808497569
1087,1.02235260664,0.0221064485588,0.0109923618444
1088,1.02639962876,0.0260571726294,0.0129440816741
1089,1.02610380422,0.0257689153333,0.0128018083865
1090,1.02105743898,0.0208387951723,0.0103653037014
1091,1.02271078578,0.0224567351502,0.0111655647335
1092,1.02253352832,0.0222833989297,0.0110798606078
1093,1.02311011405,0.0228471195439,0.0113585586632
1094,1.02443276213,0.0241390566091,0.0119969837008
1095,1.01983385729,0.0196397290172,0.00977180707361
1096,1.02141956639,0.0211933914922,0.0105407485586
1097,1.023414618,0.02314470105,0.0115056484246
1098,1.02107024469,0.0208513367076,0.0103715094512
1099,1.02494688938,0.0246407960105,0.0122448126341
1100,1.02229672498,0.0220517871908,0.0109653312198
1101,1.02545038459,0.0251319156779,0.0124873358555
1102,1.02404158216,0.0237571333682,0.0118082950282
1103,1.02264953885,0.0223968465013,0.011135954311
1104,1.02158268126,0.0213530730235,0.0106197445892
1105,1.02548101546,0.0251617858846,0.0125020843491
1106,1.02571892173,0.0253937537911,0.0126166116193
1107,1.02300226409,0.0227417001503,0.0113064462991
1108,1.02517330574,0.0248616770665,0.0123538948149
1109,1.0212060692,0.0209843495721,0.0104373239227
1110,1.02386891738,0.0235885080561,0.0117249744485
1111,1.02325139402,0.0229851987365,0.011426811713
1112,1.02073740208,0.0205253093105,0.0102101733011
1113,1.0259385932,0.0256078942724,0.0127223253369
1114,1.02227244983,0.022028041215,0.0109535883534
1115,1.02588805035,0.0255586280723,0.0126980053276
1116,1.02014176909,0.0199416069399,0.00992125980913
1117,1.02436279973,0.0240707604815,0.0119632447347
1118,1.02433905904,0.0240475841593,0.0119517951393
1119,1.02163433994,0.0214036390521,0.0106447587881
1120,1.02486956641,0.0245653522138,0.0122075519306
1121,1.02539669793,0.025079560088,0.0124614846131
1122,1.02358958963,0.0233156549059,0.0115901382741
1123,1.02177776806,0.0215440200523,0.0107141996902
1124,1.02478260885,0.0244805011677,0.0121656434303
1125,1.02484503661,0.024541417367,0.0121957305294
1126,1.02229624953,0.0220513221124,0.0109651012304
1127,1.0236458582,0.0233706251989,0.0116173044906
1128,1.02536607969,0.0250496997438,0.0124467403831
1129,1.02500971823,0.0247020937451,0.0122750857479
1130,1.02460714676,0.0243092676699,0.0120810646436
1131,1.02424204299,0.0239528687928,0.0119050023574
1132,1.02346580926,0.0231947198578,0.01153036977
1133,1.02338345073,0.0231142463874,0.011490596179
1134,1.02315650473,0.0228924613168,0.011380971787
1135,1.02288170936,0.0226238491567,0.0112481853238
1136,1.02336042652,0.0230917480082,0.0114794761868
1137,1.02353797351,0.0232652270554,0.0115652162675
1138,1.02531205503,0.024997010186,0.0124207231681
1139,1.02282850724,0.0225718358097,0.0112224708438
1140,1.02202596551,0.0217868980263,0.0108343302612
1141,1.02384482463,0.0235649766839,0.0117133466463
1142,1.02503770883,0.0247294010169,0.0122885716922
1143,1.02196600298,0.0217282260387,0.0108053116776
1144,1.02215995577,0.0219179920337,0.0108991649821
1145,1.02472031255,0.0244197095535,0.0121356169515
1146,1.02272610109,0.0224717102488,0.0111729686523
1147,1.0215545339,0.021325519953,0.0106061142633
1148,1.02589695712,0.0255673100463,0.0127022911834
1149,1.02302816262,0.0227670160301,0.0113189610435
1150,1.02251257989,0.0222629119335,0.0110697305543
1151,1.02391066572,0.0236292823036,0.0117451223284
1152,1.02508133433,0.0247719600047,0.0123095894678
1153,1.0246613046,0.0243621234463,0.0121071729098
1154,1.02633089172,0.0259902013023,0.0129110288983
1155,1.02619238177,0.0258552357745,0.0128444151587
1156,1.02037282655,0.0201680767338,0.010033364926
1157,1.02538365058,0.0250668358071,0.0124552017343
1158,1.02246169878,0.022213149827,0.0110451246215
1159,1.02626696563,0.0259279133248,0.0128802865318
1160,1.01978563928,0.0195924476432,0.0097483971221
1161,1.02307285577,0.0228107021981,0.0113405566506
1162,1.0235955174,0.023321446049,0.0115930002814
1163,1.02431592327,0.0240249978542,0.0119406368972
1164,1.02495697571,0.0246506367971,0.0122496727662
1165,1.02128069939,0.0210574273406,0.0104734807783
1166,1.02467275684,0.024373299993,0.0121126935095
1167,1.02316809896,0.0229037930837,0.0113865731712
1168,1.01950040468,0.0193127079746,0.0096098811076
1169,1.02378667089,0.0235081757058,0.0116852784235
1170,1.02272525773,0.0224708856281,0.0111725609486
1171,1.02322282946,0.0229572828608,0.0114130131736
1172,1.02511146704,0.0248013550045,0.0123241059409
1173,1.02009398256,0.0198947628128,0.00989806985039
1174,1.02204291423,0.021803481345,0.010842532052
1175,1.02088033498,0.0206653285714,0.0102794656955
1176,1.01947508345,0.0192878707619,0.00959758176623
1177,1.02521353016,0.0249009130028,0.0123732702347
1178,1.02481446602,0.0245115874427,0.0121809973562
1179,1.02363616058,0.0233611515426,0.0116126226805
1180,1.02637057704,0.0260288677348,0.0129301123184
1181,1.0230333038,0.0227720414689,0.0113214453184
1182,1.02526907426,0.0249550896157,0.0124000230079
1183,1.02217328569,0.0219310328765,0.0109056143154
1184,1.02604307337,0.0257097277111,0.0127725929974
1185,1.02428601737,0.0239958014532,0.0119262129033
1186,1.02261579805,0.0223638524522,0.011119640862
1187,1.02558472725,0.0252629155422,0.0125520157497
1188,1.02163832918,0.0214075438108,0.010646690383
1189,1.02265467339,0.0224018673104,0.0111384367566
1190,1.02360781878,0.0233334637863,0.0115989394714
1191,1.02757538658,0.0272020336322,0.0135089409016
1192,1.02497625527,0.0246694467303,0.0122589624813
1193,1.02228842765,0.0220436707968,0.0109613175141
1194,1.02640302007,0.0260604767022,0.0129457123251
1195,1.023533085,0.0232604509544,0.0115628558325
1196,1.02454692677,0.0242504922095,0.0120520315219
1197,1.02077642533,0.0205635390321,0.010229092815
1198,1.02279861249,0.0225426078582,0.0112080207674
1199,1.02200492926,0.0217663149193,0.0108241501574
1200,1.02279002141,0.022534208242,0.0112038680221
1201,1.02271515916,0.0224610114016,0.0111676789835
1202,1.02113075788,0.0209105994224,0.0104008330522
1203,1.02289305679,0.0226349426843,0.0112536696813
1204,1.02143361715,0.0212071475059,0.0105475540427
1205,1.02190686217,0.0216703547232,0.0107766882646
1206,1.02618159714,0.025844726354,0.0128392279285
1207,1.02534233453,0.0250265417372,0.0124353054344
1208,1.02453881049,0.0242425703508,0.012048118322
1209,1.02236006677,0.0221137455539,0.0109959702297
1210,1.02362116864,0.0233465056702,0.0116053847563
1211,1.02145949782,0.0212324847792,0.0105600889768
1212,1.02464670925,0.0243478792754,0.0121001370276
1213,1.02455043503,0.0242539164038,0.0120537229834
1214,1.02220296465,0.0219600676138,0.010919973259
1215,1.02263763834,0.0223852094963,0.0111302005863
1216,1.02606379999,0.0257299280409,0.0127825641067
1217,1.02301270347,0.0227519047542,0.0113114908993
1218,1.02532914574,0.0250136788357,0.0124289539402
1219,1.02331288329,0.0230452889746,0.011456513066
1220,1.02242518144,0.0221774340698,0.0110274638277
1221,1.02262532176,0.0223731654966,0.0111242455946
1222,1.02321741595,0.0229519921989,0.0114103980304
1223,1.02217372622,0.0219314638545,0.0109058274543
1224,1.0218288948,0.0215940558479,0.0107389492316
1225,1.02389549487,0.0236144656181,0.0117378009704
1226,1.01997469772,0.0197778208348,0.00984017591879
1227,1.02500185139,0.0246944188274,0.0122712953869
1228,1.02264584548,0.0223932349253,0.0111341686305
1229,1.02483376827,0.0245304221432,0.01219029995
1230,1.02459134862,0.024293848826,0.0120734483303
1231,1.02337306808,0.0231041009247,0.0114855817237
1232,1.02111889582,0.0208989827611,0.0103950851163
1233,1.02404880449,0.0237641861134,0.0118117797542
1234,1.02413813619,0.0238514161398,0.0118548786566
1235,1.02144133427,0.0212147026662,0.0105512917715
1236,1.02406862656,0.0237835424975,0.0118213435833
1237,1.02260846786,0.02235668435,0.0111160966579
1238,1.02014426998,0.0199440584528,0.00992247340377
1239,1.02584136743,0.0255131221537,0.0126755410299
1240,1.02475567534,0.0244542186505,0.0121526619583
1241,1.02454989386,0.0242533882075,0.0120534620685
1242,1.02059163546,0.0203824939046,0.0101394921596
1243,1.02451764958,0.0242219160566,0.0120379155449
1244,1.02283386486,0.0225770738425,0.011225060465
1245,1.01990611386,0.0197105778203,0.00980688469342
1246,1.021979769,0.0217416960908,0.0108119739072
1247,1.02367874307,0.0234027499266,0.0116331801256
1248,1.02144533686,0.0212186212284,0.0105532303778
1249,1.02290234476,0.0226440227501,0.011258158612
1250,1.02343186666,0.023161554939,0.0115139783766
1251,1.02340895899,0.0231391714902,0.0115029154515
1252,1.02459798915,0.0243003299514,0.0120766497631
1253,1.02282514055,0.0225685442607,0.0112208435376
1254,1.02051369311,0.0203061212175,0.0101016922844
1255,1.02129905711,0.0210754023719,0.0104823741234
1256,1.02328452523,0.0230175765832,0.0114428155191
1257,1.02223784775,0.0219941924399,0.010936849207
1258,1.02300321475,0.0227426294333,0.0113069056871
1259,1.02384994139,0.0235699742678,0.011715816166
1260,1.02447719558,0.0241824293727,0.0120184096791
1261,1.02498615607,0.0246791062236,0.0122637330088
1262,1.02164371459,0.0214128151349,0.0106492979805
1263,1.02469539405,0.0243953918866,0.0121236055999
1264,1.0221311203,0.0218897813011,0.0108852132542
1265,1.02123061662,0.0210083869567,0.0104492171006
1266,1.02058728403,0.0203782302658,0.0101373819535
1267,1.0233824347,0.0231132535672,0.0114901054729
1268,1.02565622615,0.0253326283664,0.0125864340437
1269,1.0240234066,0.0237393843655,0.0117995252807
1270,1.02307234719,0.0228102050891,0.0113403109149
1271,1.02061608804,0.0204064528345,0.0101513500878
1272,1.02407071843,0.0237855851965,0.0118223528586
1273,1.02202506725,0.0217860191197,0.010833895569
1274,1.02427994216,0.0239898702714,0.0119232826762
1275,1.02636203775,0.0260205478123,0.0129260061374
1276,1.02262529476,0.0223731390923,0.0111242325393
1277,1.02158606058,0.0213563809529,0.0106213809879
1278,1.02388237238,0.023601649301,0.0117314680092
1279,1.02146089207,0.0212338497347,0.0105607642473
1280,1.02302344804,0.0227624075673,0.011316682891
1281,1.0236744686,0.0233985743201,0.011631116608
1282,1.02379487712,0.0235161912413,0.0116892393514
1283,1.02256267321,0.0223119011535,0.0110939537189
1284,1.02328064929,0.023013788823,0.0114409433085
1285,1.02611398223,0.0257788343726,0.0128067044032
1286,1.02248721603,0.0222381062012,0.0110574649085
1287,1.02491014031,0.024604940757,0.0122271043691
1288,1.02400623511,0.0237226155715,0.0117912397809
1289,1.02843321533,0.0280364939505,0.0139204488705
1290,1.02282637113,0.0225697473715,0.0112214383429
1291,1.02499850596,0.0246911549857,0.0122696834905
1292,1.02564681856,0.0253234560629,0.0125819056049
1293,1.02508408952,0.0247746477821,0.0123109168129
1294,1.02214500124,0.0219033616002,0.0108919294687
1295,1.02259044086,0.0223390557459,0.0111073802981
1296,1.02004388103,0.0198456469914,0.00987375471702
1297,1.02205024223,0.0218106512687,0.0108460781374
1298,1.0198874088,0.0196922376703,0.00979780450664
1299,1.02131247555,0.0210885408932,0.0104888745012
1300,1.02359352813,0.0233195026245,0.0115920398338
1301,1.02572466665,0.025399354639,0.0126193767076
1302,1.02475404593,0.0244526286111,0.0121518765999
1303,1.02341764691,0.023147660656,0.0115071112005
1304,1.02272583219,0.0224714473274,0.0111728386604
1305,1.02234429038,0.0220983140905,0.0109883393105
1306,1.02144909085,0.021222296392,0.0105550485655
1307,1.02086149142,0.0206468702555,0.0102703313662
1308,1.02197112661,0.0217332395346,0.0108077913363
1309,1.02177232993,0.0215386978114,0.010711567078
1310,1.02357552356,0.0233019129058,0.0115833468865
1311,1.02371664089,0.0234397704384,0.011651474879
1312,1.02138971987,0.0211641704319,0.0105262919287
1313,1.02192876041,0.0216917832971,0.0107872870302
1314,1.02521025429,0.0248977176951,0.0123716923478
1315,1.02238391969,0.0221370765101,0.0110075073673
1316,1.02175088839,0.0215177129441,0.0107011869803
1317,1.02317618626,0.0229116972239,0.0113904802331
1318,1.02072156398,0.0205097928603,0.010202494259
1319,1.02207084048,0.02183080492,0.0108560456188
1320,1.02466355486,0.0243643195437,0.0121082576637
1321,1.02471817324,0.0244176218488,0.0121345857663
1322,1.02366719021,0.0233914642317,0.0116276029067
1323,1.02473192357,0.0244310404025,0.0121412136067
1324,1.02563134804,0.0253083722787,0.0125744585761
1325,1.0212374373,0.0210150658211,0.0104525216328
1326,1.02164388862,0.0214129854794,0.0106493822457
1327,1.02417838864,0.0238907191,0.01187429698
1328,1.02291674323,0.0226580987403,0.0112651173478
1329,1.01971349775,0.0195217032866,0.00971336914633
1330,1.02277114191,0.0225157492449,0.0111947418875
1331,1.02676283023,0.0264109697398,0.0131186749969
1332,1.02392092493,0.023639301887,0.011750073267
1333,1.0221240921,0.0218829052507,0.0108818126467
1334,1.02129539767,0.0210718192421,0.0104806013367
1335,1.02037081405,0.0201661044182,0.0100323886622
1336,1.02302603584,0.0227649371229,0.0113179333549
1337,1.02212351778,0.0218823433621,0.0108815347596
1338,1.02169953247,0.0214674490112,0.0106763236433
1339,1.02143195113,0.0212055164397,0.0105467471111
1340,1.02196665173,0.0217288608511,0.0108056256541
1341,1.02322641625,0.0229607882424,0.0114147458594
1342,1.02143842272,0.0212118522229,0.0105498815868
1343,1.02241870215,0.0221710968746,0.0110243301667
1344,1.02046998223,0.0202632880691,0.0100804918269
1345,1.02687818092,0.0265233074781,0.0131741054481
1346,1.02204119764,0.0218018017714,0.0108417013702
1347,1.02209302581,0.0218525109391,0.0108667807493
1348,1.02238665145,0.0221397484661,0.0110088286386
1349,1.02141684457,0.0211907267412,0.0105394302264
1350,1.02396559084,0.0236829233543,0.0117716274879
1351,1.02238557,0.022138690693,0.0110083055743
1352,1.02584426766,0.0255159493198,0.012676936694
1353,1.0226594454,0.0224065336011,0.0111407439118
1354,1.02242509218,0.0221773467685,0.0110274206584
1355,1.02186230818,0.0216267548998,0.0107551230487
1356,1.02205533613,0.0218156352557,0.0108485430995
1357,1.02400924172,0.0237255516896,0.0117926905287
1358,1.0235284603,0.0232559325714,0.0115606227612
1359,1.02369288375,0.0234165634195,0.011640006501
1360,1.02405727962,0.0237724621787,0.0118158689009
1361,1.02367033858,0.0233945398005,0.0116291228091
1362,1.02370774625,0.0234310818246,0.0116471811804
1363,1.02161295688,0.0213827085875,0.0106344049015
1364,1.02210136571,0.021860670529,0.0108708162018
1365,1.019029536,0.0188507390983,0.00938108997988
1366,1.02969644358,0.0292640438348,0.0145254940901
1367,1.02442825649,0.0241346584139,0.0119948109834
1368,1.02406675366,0.0237817136134,0.0118204399508
1369,1.02554857084,0.0252276604862,0.0125346093293
1370,1.02315994596,0.0228958246596,0.0113826343179
1371,1.02641177966,0.0260690109332,0.0129499241908
1372,1.02191278229,0.0216761479184,0.0107795536423
1373,1.02173623462,0.0215033710164,0.0106940927289
1374,1.02079069937,0.0205775224458,0.0102360129789
1375,1.02138583366,0.0211603655983,0.0105244095355
1376,1.02360066061,0.0233264706826,0.0115954834698
1377,1.02532753759,0.0250121104171,0.0124281794776
1378,1.02532622546,0.0250108306931,0.0124275475677
1379,1.02188139151,0.0216454297749,0.0107643600178
1380,1.0228028327,0.0225467339883,0.0112100607075
1381,1.02245648131,0.0222080469628,0.0110426013671
1382,1.02359251713,0.0233185149261,0.0115915517092
1383,1.02457100613,0.0242739943788,0.0120636409139
1384,1.02403585807,0.0237515436494,0.0118055331675
1385,1.02455929839,0.0242625673418,0.0120579963051
1386,1.02409967186,0.0238138576792,0.0118363218776
1387,1.0223954254,0.0221483302537,0.0110130722856
1388,1.02554306718,0.0252222939214,0.0125319596772
1389,1.02209820433,0.0218575775096,0.0108692865028
1390,1.02620684151,0.0258693263387,0.0128513699238
1391,1.02540914394,0.025091697763,0.0124674778057
1392,1.01963156721,0.0194413534287,0.00967358365215
1393,1.02506467542,0.0247557085729,0.0123015637436
1394,1.02395050264,0.0236681881806,0.0117643466027
1395,1.02663232535,0.026283858426,0.0130559511128
1396,1.02290291307,0.0226445783347,0.0112584332768
1397,1.02448437185,0.0241894341663,0.0120218699766
1398,1.02665649663,0.0263074023861,0.0130675693301
1399,1.02309976097,0.0228370002674,0.0113535564824
1400,1.02381626995,0.0235370866375,0.01169956487
1401,1.02394938855,0.0236671001513,0.0117638089879
1402,1.02502162863,0.0247137134747,0.0122808242794
1403,1.01923838756,0.0190556695331,0.0094825887617
1404,1.02332449735,0.0230566383838,0.0114621227423
1405,1.01956892441,0.0193799148405,0.0096431610564
1406,1.02320437363,0.0229392457336,0.0114040974988
1407,1.02348993208,0.0232182893151,0.0115420185477
1408,1.01961755557,0.0194276114647,0.00966677911378
1409,1.01931623483,0.0191320444935,0.00952041340355
1410,1.02392322881,0.0236415519464,0.0117511850769
1411,1.02421012236,0.0239217031853,0.011889604947
1412,1.02384358655,0.0235637674378,0.0117127491053
1413,1.01828426986,0.0181191226217,0.00901864713332
1414,1.02414267725,0.0238558501665,0.0118570693851
1415,1.02537250352,0.0250559646397,0.0124498338374
1416,1.02454661859,0.0242501914095,0.0120518829345
1417,1.02511044852,0.0248003614364,0.0123236152791
1418,1.02260619329,0.0223544600594,0.0111149968747
1419,1.02269228469,0.0224386447386,0.011156620482
1420,1.02037603513,0.0201712212503,0.010034921408
1421,1.02196347737,0.0217257547179,0.0108040893681
1422,1.02213004679,0.0218887310299,0.0108846938346
1423,1.02120004434,0.0209784498059,0.0104344048242
1424,1.02405405135,0.023769309744,0.0118143113067
1425,1.02251834629,0.0222685513558,0.0110725190481
1426,1.02001307298,0.0198154438574,0.00985880214632
1427,1.02479712129,0.0244946625529,0.012172637957
1428,1.02307886358,0.0228165744943,0.0113434594969
1429,1.02475766368,0.0244561589588,0.012153620322
1430,1.02286545766,0.022607960881,0.0112403305119
1431,1.02349079356,0.02321913102,0.0115424345426
1432,1.02116222486,0.0209414147726,0.0104160803572
1433,1.02290390804,0.0226455510225,0.0112589141452
1434,1.02158963184,0.0213598767377,0.0106231103137
1435,1.02679504067,0.0264423401171,0.0131341542952
1436,1.01885486909,0.0186793192635,0.0092961804762
1437,1.02101115558,0.0207934652505,0.0103428734155
1438,1.0247228284,0.0244221647065,0.0121368296298
1439,1.02143962406,0.0212130283536,0.010550463448
1440,1.02299514883,0.0227347448577,0.0113030079667
1441,1.02165261612,0.0214215280542,0.0106536080375
1442,1.02308409949,0.0228216922849,0.0113459893623
1443,1.01884629914,0.0186709078732,0.00929201386916
1444,1.02390255453,0.0236213604967,0.0117412079385
1445,1.02143635116,0.0212098241377,0.0105488782417
1446,1.02368700014,0.0234108159657,0.0116371662202
1447,1.02407126042,0.0237861144458,0.0118226143547
1448,1.02826201453,0.0278700125061,0.0138383634801
1449,1.0220225371,0.0217835434929,0.0108326711652
1450,1.02242629154,0.0221785198245,0.0110280007184
1451,1.02203623109,0.0217969423199,0.0108392979839
1452,1.0241138998,0.0238277507071,0.0118431861465
1453,1.02419542872,0.0239073567659,0.0118825169985
1454,1.0245263768,0.0242304343913,0.0120421234319
1455,1.02347405069,0.0232027722968,0.0115343495577
1456,1.02069175845,0.0204805919861,0.0101880426773
1457,1.0252503667,0.02493684296,0.0123910127684
1458,1.02092728548,0.0207113177209,0.0103022236366
1459,1.02302451911,0.0227634545309,0.0113172004486
1460,1.02335506478,0.0230865086507,0.0114768865772
1461,1.02526424656,0.0249503808836,0.0123976978333
1462,1.01972169068,0.0195297377952,0.0097173473716
1463,1.02383678567,0.0235571249177,0.0117094667409
1464,1.02625490337,0.0259161597265,0.0128744854105
1465,1.02492987418,0.024624194814,0.0122366136411
1466,1.0240145391,0.0237307248562,0.0117952466059
1467,1.0255961416,0.0252740450909,0.0125575106596
1468,1.02635316916,0.0260119069723,0.0129217415539
1469,1.02707383933,0.0267138264485,0.0132681054975
1470,1.02325508828,0.022988809041,0.0114285962366
1471,1.02526057361,0.0249467984415,0.0123959288177
1472,1.0228682259,0.0226106672344,0.0112416684775
1473,1.02467513925,0.0243756250427,0.0121138419524
1474,1.02453117181,0.0242351146019,0.0120444353546
1475,1.02046261889,0.0202560724094,0.0100769203593
1476,1.02231554663,0.0220701981673,0.0109744357249
1477,1.02387197187,0.0235914913326,0.0117264485962
1478,1.02325560129,0.0229893103989,0.0114288440506
1479,1.01979395592,0.0196006028935,0.00975243498873
1480,1.02274198422,0.0224872403198,0.0111806468995
1481,1.02263399369,0.0223816455252,0.011128438433
1482,1.02423237087,0.0239434255489,0.0119003369353
1483,1.02217371326,0.0219314511693,0.0109058211809
1484,1.02272982397,0.0224753503974,0.0111747683893
1485,1.02050279839,0.0202954454415,0.0100964083041
1486,1.02404793421,0.0237633362737,0.0118113598534
1487,1.02465507383,0.0243560426187,0.0121041693023
1488,1.02298340468,0.0227232646319,0.011297332718
1489,1.02205720897,0.0218174676829,0.0108494493731
1490,1.0260597484,0.0257259793636,0.0127806150032
1491,1.0265253058,0.0261796096843,0.0130045059344
1492,1.01852182469,0.0183523847262,0.00913421959147
1493,1.02391188624,0.0236304743227,0.0117457113375
1494,1.02184361878,0.0216084651816,0.0107460765023
1495,1.02232693696,0.0220813398,0.0109799453893
1496,1.02416340282,0.0238760869568,0.0118670677552
1497,1.02674272691,0.0263913902292,0.0131090136229
1498,1.01959758686,0.0194080267642,0.00965708137655
1499,1.02295011566,0.0226907229883,0.0112812455823
1500,1.02482428788,0.0245211714343,0.0121857309694
1501,1.02261424799,0.0223623366645,0.0111188913953
1502,1.02463136544,0.0243329044326,0.0120927401774
1503,1.02435571677,0.0240638459542,0.0119598288253
1504,1.02300558329,0.0227449447206,0.0113080502407
1505,1.02021690941,0.0200152609772,0.00995772078598
1506,1.02369543346,0.023419054112,0.0116412373506
1507,1.02314104582,0.0228773521686,0.011373503163
1508,1.02299602642,0.0227356027166,0.0113034320478
1509,1.02374711797,0.0234695410132,0.0116661866214
1510,1.02446914627,0.0241745723507,0.012014528375
1511,1.02560647034,0.0252841159996,0.0125624828687
1512,1.02356226798,0.0232889625522,0.0115769466932
1513,1.02315718053,0.0228931218195,0.0113812982797
1514,1.02295669633,0.0226971559981,0.0112844257958
1515,1.02214024349,0.0218987069162,0.0108896274733
1516,1.02304830909,0.022786708819,0.0113286959391
1517,1.02034029068,0.0201361899701,0.0100175813841
1518,1.02350711474,0.0232350774803,0.0115503157109
1519,1.02057527855,0.0203664668826,0.0101315598698
1520,1.02145730549,0.0212303385056,0.0105590271718
1521,1.02535687861,0.0250407262476,0.0124423094704
1522,1.0242045458,0.0239162584276,0.0118869149325
1523,1.02539182484,0.02507480768,0.0124591380173
1524,1.02404039296,0.0237559720912,0.011807721246
1525,1.02267736604,0.022424057009,0.0111494079658
1526,1.02554557241,0.0252247367528,0.0125331657855
1527,1.02462825848,0.0243298721577,0.0120912423731
1528,1.02723402561,0.0268697780276,0.0133450436964
1529,1.02472405384,0.0244233605775,0.0121374203081
1530,1.02336753868,0.0230986977955,0.0114829111845
1531,1.02260245224,0.0223508017061,0.0111131880277
1532,1.02580873242,0.0254813087254,0.012659835817
1533,1.02130118384,0.021077484754,0.0104834043997
1534,1.02266479221,0.0224117619239,0.0111433289461
1535,1.02460101466,0.0243032828251,0.0120781083684
1536,1.02355422861,0.0232811082131,0.0115730649807
1537,1.02301751565,0.0227566086705,0.0113138162506
1538,1.02164980825,0.0214187796872,0.0106522484931
1539,1.02193633696,0.0216991972357,0.0107909540046
1540,1.0267792307,0.0264269426035,0.0131265566258
1541,1.0202921331,0.0200889912895,0.00999421817648
1542,1.02585856471,0.0255298860832,0.012683816714
1543,1.02440554087,0.0241124842203,0.0119838568135
1544,1.0223652396,0.0221188052357,0.0109984722494
1545,1.025227641,0.0249146767164,0.012380066917
1546,1.02429562011,0.0240051764669,0.011930844495
1547,1.02285259285,0.0225953835798,0.0112341125282
1548,1.02624492559,0.0259064371586,0.0128696867014
1549,1.02656944544,0.0262226078322,0.0130257251954
1550,1.02361517772,0.0233406529739,0.0116024923653
1551,1.02594956857,0.025618592101,0.0127276061864
1552,1.02430100397,0.0240104326156,0.0119334412108
1553,1.0252540213,0.0249404075453,0.0123927729751
1554,1.02136819164,0.021143092828,0.0105158640064
1555,1.02174365118,0.0215106297736,0.010697683288
1556,1.02357480558,0.023301211465,0.0115830002286
1557,1.02221722129,0.0219740144877,0.0109268705221
1558,1.0251424761,0.0248316040086,0.012339043934
1559,1.0265139104,0.0261685086787,0.0129990275979
1560,1.02363934849,0.0233642658449,0.0116141617479
1561,1.02237574286,0.0221290786792,0.011003552462
1562,1.02597185206,0.0256403117323,0.0127383277244
1563,1.02457275929,0.0242757054948,0.0120644861504
1564,1.02375632864,0.0234785379859,0.0116706326175
1565,1.02550223574,0.0251824786782,0.0125123013415
1566,1.02479657841,0.0244941328042,0.0121723763068
1567,1.02334403357,0.0230757291302,0.0114715586603
1568,1.02274977757,0.0224948603486,0.0111844143083
1569,1.02116017383,0.0209394062447,0.0104150865532
1570,1.02377343546,0.0234952476998,0.0116788899335
1571,1.02588299285,0.0255536981839,0.0126955716803
1572,1.02307591452,0.0228136919561,0.0113420345758
1573,1.0219540231,0.0217165035855,0.0107995137664
1574,1.02634563829,0.0260045694397,0.0129181201878
1575,1.02273637298,0.0224817538412,0.0111779343277
1576,1.02662986509,0.0262814619825,0.0130547685342
1577,1.02186160387,0.0216260656578,0.010754782134
1578,1.02509741384,0.0247876459704,0.0123173358764
1579,1.02499220513,0.0246850078102,0.01226664761
1580,1.02715413061,0.0267919981758,0.0133066720121
1581,1.02572389788,0.0253986051521,0.0126190066931
1582,1.01980385261,0.0196103074369,0.00975723992731
1583,1.02569026275,0.0253658130127,0.0126028173928
1584,1.02146546128,0.0212383229386,0.0105629772265
1585,1.0214909531,0.0212632787492,0.010575323251
1586,1.02592352713,0.0255932090109,0.0127150760948
1587,1.02162681508,0.0213962735157,0.0106411152154
1588,1.02477948861,0.0244774563857,0.0121641395591
1589,1.02469863398,0.0243985537264,0.0121251673522
1590,1.02143141113,0.0212049877715,0.0105464855649
1591,1.02582360693,0.0254958088944,0.0126669940907
1592,1.02375955352,0.0234816880283,0.011672189256
1593,1.02302180421,0.0227608007314,0.0113158885647
1594,1.02128695628,0.021063553839,0.0104765119399
1595,1.02376353812,0.0234855801439,0.0116741125972
1596,1.02204696948,0.0218074491239,0.0108444944291
1597,1.02627728478,0.0259379683094,0.0128852492561
1598,1.02195986531,0.0217222202743,0.010802341238
1599,1.02528165725,0.0249673624056,0.0124060832928
1600,1.01765384416,0.0174998250942,0.00871174346881
1601,1.02442966785,0.0241360361226,0.0119954915748
1602,1.02750566704,0.027134182742,0.0134754731856
1603,1.02210898659,0.0218681265949,0.0108745037011
1604,1.02210919493,0.0218683304315,0.0108746045111
1605,1.02430373701,0.0240131008039,0.0119347593838
1606,1.02486656552,0.0245624241315,0.0122061057607
1607,1.02300970808,0.0227489767385,0.0113100434505
1608,1.0264662255,0.0261220543515,0.0129761020986
1609,1.02255016196,0.0222996658796,0.0110879039322
1610,1.02510635288,0.0247963661155,0.0123216422351
1611,1.02380793482,0.0235289453746,0.0116955418549
1612,1.02424723775,0.0239579405861,0.011907508061
1613,1.02028882056,0.0200857446302,0.00999261106942
1614,1.02488154403,0.0245770391075,0.0122133240264
1615,1.02515862783,0.0248473594746,0.0123468244327
1616,1.02435302723,0.0240612203538,0.0119585317251
1617,1.0237435151,0.0234660217082,0.0116644474958
1618,1.02141965377,0.0211934770364,0.0105407908798
1619,1.02461651215,0.0243184080986,0.0120855796346
1620,1.02284769173,0.0225905919495,0.0112317436251
1621,1.02341085156,0.0231410207699,0.0115038294549
1622,1.02464056217,0.0243418800386,0.0120971737006
1623,1.0230414396,0.0227799940673,0.0113253765923
1624,1.02259525909,0.0223437675203,0.0111097100148
1625,1.02297087853,0.0227110198289,0.0112912794648
1626,1.023602904,0.0233286623424,0.0115965665925
1627,1.0249026667,0.0245976487601,0.0122235029441
1628,1.02188616457,0.0216501006148,0.0107666702957
1629,1.02269970585,0.0224459012078,0.0111602082313
1630,1.02708391185,0.0267236333998,0.0132729439015
1631,1.02078334598,0.0205703187966,0.0102324480162
1632,1.02162732811,0.0213967756782,0.0106413636248
1633,1.02081906765,0.0206053125607,0.0102497657107
1634,1.02365922545,0.0233836835877,0.0116237578123
1635,1.02611118933,0.025776112545,0.0128053609173
1636,1.02122727393,0.0210051137591,0.0104475976016
1637,1.02400719963,0.0237235574827,0.0117917051832
1638,1.02181805329,0.0215834458849,0.0107337012062
1639,1.02202260073,0.0217836057557,0.0108327019594
1640,1.02319205445,0.0229272058567,0.0113981461944
1641,1.0247839191,0.0244817797316,0.0121662749348
1642,1.02373468668,0.023457398005,0.0116601859304
1643,1.02152556692,0.0212971637635,0.0105920864436
1644,1.02197112844,0.0217332413235,0.0108077922211
1645,1.02519934694,0.0248870785043,0.0123664385508
1646,1.0210548227,0.0208362328487,0.0103640358184
1647,1.02305783704,0.0227960220686,0.0113332997997
1648,1.01981794508,0.0196241261501,0.00976408184403
1649,1.02057292176,0.0203641576092,0.0101304169307
1650,1.02478875557,0.0244864992211,0.0121686059675
1651,1.02524878879,0.024935303906,0.0123902527763
1652,1.02070385575,0.0204924439737,0.0101939082794
1653,1.02312395984,0.0228606524934,0.0113652482579
1654,1.02682712533,0.0264735870143,0.0131495724226
1655,1.02469325161,0.0243933010761,0.0121225728682
1656,1.01982959793,0.0196355524845,0.00976973921124
1657,1.02353599387,0.023263292933,0.0115642603901
1658,1.02490036008,0.0245953981878,0.0122223914123
1659,1.02336195381,0.0230932404365,0.0114802138345
1660,1.02560071526,0.0252785045864,0.0125597124048
1661,1.02506305471,0.0247541274879,0.0123007829257
1662,1.02175551538,0.0215222414228,0.0107034269871
1663,1.02363227303,0.0233573537556,0.0116107458364
1664,1.0232535036,0.0229872603741,0.0114278307523
1665,1.02503477412,0.0247265379865,0.0122871577672
1666,1.02463122085,0.0243327633174,0.012092670473
1667,1.02437613179,0.0240837753785,0.0119696743121
1668,1.02259955878,0.0223479721963,0.0111117889942
1669,1.02283218488,0.0225754313581,0.0112242484409
1670,1.02244628621,0.0221980757283,0.0110376707917
1671,1.02536066092,0.0250444150145,0.0124441309037
1672,1.02557813469,0.0252564874296,0.0125488420312
1673,1.02136734992,0.0211422687136,0.0105154562822
1674,1.02472460742,0.024423900804,0.0121376871428
1675,1.02361281569,0.0233383454376,0.0116013519831
1676,1.02661929002,0.026271161172,0.0130496853532
1677,1.02385517342,0.0235750844067,0.0117183412975
1678,1.02186135599,0.0216258230757,0.0107546621474
1679,1.02246146188,0.0222129181314,0.0110450100533
1680,1.02289377049,0.0226356404166,0.0112540146214
1681,1.02423749605,0.02394842946,0.0119028091137
1682,1.02698096404,0.0266233952768,0.0132234888282
1683,1.01974420505,0.0195518164851,0.00972827938304
1684,1.02238324373,0.022136415353,0.0110071804275
1685,1.02149873453,0.0212708964387,0.0105790918088
1686,1.0232053576,0.0229402073887,0.0114045728428
1687,1.02620270518,0.0258652956369,0.0128493804709
1688,1.02388745744,0.0236066157369,0.0117339220923
1689,1.0233661198,0.0230973113065,0.0114822259003
1690,1.02399548659,0.0237121189818,0.0117860533563
1691,1.02547731292,0.0251581753377,0.0125003016437
1692,1.02714231372,0.0267804936157,0.0133009962595
1693,1.02388289923,0.02360216386,0.0117317222704
1694,1.02208118939,0.0218409302991,0.0108610533349
1695,1.02374894168,0.0234713224192,0.0116670669329
1696,1.02264291971,0.0223903739455,0.011132754067
1697,1.02488537159,0.0245807737374,0.0122151685335
1698,1.02346292643,0.0231919031156,0.0115289776369
1699,1.02193598404,0.0216988518921,0.010790783196
1700,1.02533918329,0.0250234683781,0.0124337878627
1701,1.02475969721,0.0244581433607,0.0121546004637
1702,1.0226301001,0.0223778381051,0.0111265559065
1703,1.02319345349,0.0229285731886,0.0113988220676
1704,1.02386307712,0.0235828039223,0.011722155818
1705,1.02110819132,0.0208884996044,0.010389898011
1706,1.0243630309,0.0240709861509,0.0119633562196
1707,1.02250462893,0.0222551359926,0.0110658856152
1708,1.02549082518,0.0251713518061,0.0125068075015
1709,1.0241188298,0.0238325646065,0.0118455645874
1710,1.02238726287,0.0221403464906,0.0110091243591
1711,1.02499525761,0.0246879858604,0.0122681183687
1712,1.0246975533,0.0243974990945,0.0121246464298
1713,1.02593280416,0.0256022515812,0.0127195398814
1714,1.02529335129,0.0249787680234,0.0124117153361
1715,1.02274355125,0.0224887725014,0.0111814044247
1716,1.02350661176,0.0232345860529,0.0115500728352
1717,1.02348047178,0.0232090460916,0.0115374502681
1718,1.0215533018,0.0213243138504,0.0106055176079
1719,1.02521457479,0.0249019319369,0.0123737733979
1720,1.02503651744,0.0247282387256,0.0122879976878
1721,1.02489587496,0.0245910220247,0.0122202300719
1722,1.02060588484,0.0203964556898,0.0101464022454
1723,1.02283125782,0.0225745250009,0.0112238003488
1724,1.02557026612,0.0252488150728,0.0125450539851
1725,1.02410044895,0.0238146164795,0.011836696787
1726,1.02782635611,0.0274462384793,0.0136293864973
1727,1.02198716186,0.0217489299184,0.0108155517085
1728,1.02284881469,0.0225916898235,0.0112322863964
1729,1.02162903215,0.0213984436498,0.0106421887355
1730,1.02193366152,0.0216965792214,0.010789659122
1731,1.02473215948,0.0244312706191,0.0121413273174
1732,1.0203228237,0.0201190710456,0.0100091076307
1733,1.02210579345,0.0218650025167,0.0108729586472
1734,1.02411906774,0.0238327969496,0.0118456793829
1735,1.02230221779,0.0220571601911,0.010967988258
1736,1.02417448341,0.0238869060541,0.0118724130939
1737,1.02523254498,0.0249194600137,0.0123824289541
1738,1.02280596535,0.0225497967884,0.0112115749393
1739,1.02329728901,0.0230300498419,0.0114489807646
1740,1.02222263885,0.0219793142855,0.0109294914624
1741,1.0232393382,0.0229734167898,0.0114209880376
1742,1.02363169086,0.0233567850189,0.0116104647697
1743,1.02223975832,0.0219960614521,0.0109377734921
1744,1.02311156444,0.0228485371717,0.0113592594257
1745,1.02324972519,0.0229835678256,0.0114260055753
1746,1.02218323406,0.0219407654018,0.0109104274967
1747,1.02581709913,0.0254894649041,0.0126638622702
1748,1.02179826714,0.021564082022,0.0107241231513
1749,1.0199879906,0.0197908533095,0.0098466280142
1750,1.02231277323,0.0220674853003,0.0109730941765
1751,1.0210807644,0.0208616392825,0.0103766072988
1752,1.02509781385,0.024788036185,0.0123175285805
1753,1.02324317029,0.0229771618413,0.0114228391755
1754,1.02499059334,0.0246834353145,0.0122658710065
1755,1.0213665122,0.0211414485154,0.0105150504954
1756,1.02411942728,0.0238331480151,0.0118458528363
1757,1.02436799581,0.0240758329656,0.0119657506319
1758,1.02728801672,0.0269223363393,0.0133709718151
1759,1.02344118265,0.0231706575928,0.0115184772894
1760,1.0244478528,0.0241537872514,0.0120042606336
1761,1.02749778794,0.0271265145328,0.0134716907402
1762,1.02467887625,0.0243792720447,0.0121156433622
1763,1.02211690723,0.0218758758731,0.010878336198
1764,1.02433386351,0.0240425120659,0.0119492893997
1765,1.02330095967,0.023033636927,0.0114507537713
1766,1.02352405143,0.0232516250407,0.0115584938924
1767,1.0240495673,0.0237649310162,0.0118121478063
1768,1.0224914228,0.0222422204425,0.0110594992805
1769,1.02224855658,0.0220046682583,0.0109420298164
1770,1.02625677236,0.0259179808953,0.0128753842711
1771,1.02454378913,0.0242474297402,0.0120505187406
1772,1.02158338965,0.0213537664494,0.0106200876201
1773,1.0267037124,0.0263533911765,0.0130902629835
1774,1.02037314458,0.0201683884179,0.0100335192044
1775,1.02318034218,0.0229157589979,0.0113924879853
1776,1.022344371,0.0220983929461,0.0109883783051
1777,1.02271773909,0.0224635340258,0.0111689262089
1778,1.02282361679,0.0225670544998,0.0112201070151
1779,1.02104460937,0.0208262300699,0.0103590862512
1780,1.02379072578,0.0235121363766,0.0116872356162
1781,1.02427448864,0.0239845460062,0.0119206522815
1782,1.02409236333,0.0238067211138,0.0118327958239
1783,1.02049939959,0.0202921149146,0.0100947598524
1784,1.02761121269,0.0272368977271,0.0135261373107
1785,1.02330488236,0.0230374702945,0.0114526485058
1786,1.02257894538,0.0223278141482,0.011101821916
1787,1.02782265145,0.0274426341005,0.013627608869
1788,1.02601228484,0.0256797202097,0.0127577807724
1789,1.02517354066,0.024861906224,0.0123540079781
1790,1.02352473965,0.0232522974415,0.0115588262068
1791,1.02301899498,0.0227580547196,0.0113145310947
1792,1.02225220907,0.0220082412517,0.0109437967636
1793,1.02318055025,0.0229159623506,0.0113925885033
1794,1.01883608001,0.0186608777198,0.0092870453802
1795,1.02180799686,0.0215736041349,0.0107288331384
1796,1.02378209545,0.0235037065655,0.0116830699624
1797,1.0215577198,0.0213286386248,0.0106076570595
1798,1.02446878501,0.0241742197216,0.0120143541787
1799,1.02295983393,0.0227002231792,0.0112859420795
1800,1.02606814687,0.0257341644901,0.0127846552527
1801,1.02500075332,0.0246933475345,0.0122707663134
1802,1.02062968292,0.0204197730183,0.0101579425488
1803,1.02558559172,0.0252637584461,0.0125524319115
1804,1.02077361117,0.0205607821514,0.0102277284739
1805,1.02350504386,0.0232330541624,0.0115493157364
1806,1.0217152299,0.0214828129369,0.0106839235618
1807,1.01817484638,0.0180116581756,0.00896539807165
1808,1.02456142473,0.0242646427079,0.0120590214753
1809,1.01925806678,0.0190749771157,0.00949215096393
1810,1.02134164608,0.0211171022937,0.0105030053121
1811,1.02448283946,0.0241879383915,0.01202113108
1812,1.02333680042,0.0230686609566,0.0114680651088
1813,1.02334082056,0.023072589412,0.0114700068087
1814,1.02165298225,0.021421886418,0.0106537853105
1815,1.02341531697,0.0231453840294,0.0115059859852
1816,1.02253831222,0.0222880774002,0.0110821739219
1817,1.02156226849,0.0213330913159,0.0106098597863
1818,1.02665771457,0.0263085887041,0.0130681547377
1819,1.02095008999,0.0207336545289,0.0103132769195
1820,1.02529079341,0.0249762732435,0.0124104834276
1821,1.01914834265,0.0189673203337,0.00943883208512
1822,1.02646287551,0.026118790733,0.0129744914626
1823,1.02495996634,0.0246535546003,0.0122511137957
1824,1.02297023628,0.0227103919985,0.0112909690941
1825,1.02506264524,0.0247537280344,0.0123005856557
1826,1.02268224622,0.0224288289658,0.0111517673392
1827,1.02209827179,0.0218576435125,0.0108693191455
1828,1.0275966059,0.027222683309,0.0135191262098
1829,1.02525862276,0.0249448956522,0.012394989216
1830,1.02353366668,0.0232610192596,0.0115631366995
1831,1.02368573135,0.0234095765357,0.0116365537168
1832,1.02157031684,0.0213409697525,0.0106137572024
1833,1.02130776193,0.0210839256217,0.0104865910673
1834,1.02397895721,0.0236959768033,0.0117780773612
1835,1.02286230125,0.0226048750224,0.0112388049244
1836,1.02376642034,0.023488395464,0.0116755038231
1837,1.02114913119,0.0209285923631,0.0104097359117
1838,1.02417373976,0.0238861799585,0.0118720543563
1839,1.02351202608,0.0232398760047,0.0115526872579
1840,1.02101868428,0.020800838991,0.0103465221462
1841,1.0231105578,0.0228475532692,0.0113587730625
1842,1.02498367104,0.0246766817729,0.0122625356491
1843,1.02266796364,0.022414863061,0.0111448622349
1844,1.02392515246,0.0236434306423,0.011752113386
1845,1.02800398676,0.0276190451968,0.0137146085494
1846,1.02470933228,0.024408994113,0.0121303242362
1847,1.02127358932,0.0210504654059,0.0104700362628
1848,1.02392897516,0.023647164013,0.0117539581321
1849,1.02351656405,0.0232443097249,0.0115548785049
1850,1.02355776438,0.0232845626106,0.011574772189
1851,1.02176914207,0.0215355778813,0.0107100238214
1852,1.02011100318,0.019911448024,0.00990632984582
1853,1.02300773112,0.0227470442403,0.0113090881293
1854,1.0210408643,0.020822562186,0.0103572713055
1855,1.02440624666,0.0241131731933,0.0119841971717
1856,1.02559390539,0.0252718646851,0.0125564341464
1857,1.02403158171,0.0237473676551,0.0118034698182
1858,1.02160935599,0.021379183864,0.0106326612799
1859,1.02261830421,0.0223663031762,0.0111208525976
1860,1.02421576784,0.0239272152018,0.0118923281837
1861,1.02190588784,0.0216694012776,0.0107762166792
1862,1.02564052294,0.0253173178487,0.0125788751083
1863,1.01989324924,0.0196979642086,0.009800639718
1864,1.02489264254,0.02458786812,0.012218672389
1865,1.02358142644,0.0233076798076,0.0115861969333
1866,1.02228923331,0.0220444588951,0.0109617072438
1867,1.02023858581,0.0200365076041,0.00996823825959
1868,1.02236218809,0.0221158204801,0.0109969962844
1869,1.02057462335,0.0203658248964,0.0101312421287
1870,1.02296458139,0.0227048640714,0.0112882363346
1871,1.02302951026,0.0227683333356,0.0113196122408
1872,1.02471655607,0.0244160436833,0.0121338062585
1873,1.02546464276,0.0251458198846,0.0124942011217
1874,1.02038767865,0.0201826321966,0.0100405696111
1875,1.02325810737,0.0229917595199,0.011430054615
1876,1.02623946503,0.0259011162292,0.0128670604725
1877,1.02551797525,0.0251978266538,0.012519879281
1878,1.02360781321,0.0233334583444,0.011598936782
1879,1.02281946738,0.0225629976767,0.0112181013605
1880,1.0257148609,0.0253897947713,0.0126146570822
1881,1.0241653314,0.0238779700253,0.0118679981157
1882,1.02304889772,0.0227872841869,0.0113289803639
1883,1.02367297867,0.0233971188451,0.0116303973346
1884,1.02552198288,0.0252017345608,0.0125218087693
1885,1.0229812459,0.0227211543447,0.0112962894942
1886,1.02232725994,0.0220816557316,0.0109801016207
1887,1.02460021185,0.0243024992867,0.012077721331
1888,1.02251706446,0.022267297752,0.0110718991863
1889,1.02382169422,0.023542384721,0.0117021829156
1890,1.02483886364,0.0245353940307,0.0121927555863
1891,1.02070719251,0.0204957130493,0.0101955261536
1892,1.01982240333,0.0196284977531,0.0097662463008
1893,1.02631889668,0.0259785139341,0.0129052606454
1894,1.0222168975,0.0219736977343,0.010926713876
1895,1.02463090434,0.0243324544185,0.0120925178913
1896,1.02273068288,0.0224761902173,0.0111751836068
1897,1.02268692238,0.0224334014007,0.0111540280587
1898,1.02383432656,0.0235547230573,0.0117082798722
1899,1.02313512719,0.0228715673886,0.0113706436655
1900,1.02413774193,0.0238510311754,0.0118546884563
1901,1.02218948727,0.0219468828876,0.0109134528628
1902,1.02397665005,0.0236937236741,0.0117769640647
1903,1.02259486679,0.0223433838856,0.0111095203284
1904,1.02151789131,0.0212896498625,0.0105883692801
1905,1.02201846661,0.0217795607099,0.0108307013438
1906,1.02254363072,0.0222932786589,0.0110847457273
1907,1.02578588447,0.0254590353727,0.012648840068
1908,1.02427036873,0.0239805237253,0.0119186651132
1909,1.02384186009,0.0235620811812,0.011711915852
1910,1.02471587269,0.0244153767907,0.0121334768581
1911,1.02051656394,0.0203089343363,0.0101030846342
1912,1.02322045673,0.0229549639823,0.0114118669664
1913,1.02390529067,0.0236240327592,0.011742528381
1914,1.02557114862,0.0252496755695,0.0125454788359
1915,1.02415299932,0.0238659288508,0.0118620489629
1916,1.02333574079,0.0230676254911,0.0114675533133
1917,1.02463893496,0.024340291959,0.0120963892661
1918,1.02302712499,0.0227660017565,0.0113184596468
1919,1.02210574855,0.0218649585877,0.0108729369216
1920,1.02434346689,0.0240518872658,0.0119539209754
1921,1.0214519061,0.0212250525183,0.0105564120822
1922,1.01978096046,0.0195878595852,0.00974612545361
1923,1.02164404229,0.0214131358952,0.0106494566527
1924,1.02323397493,0.0229681753137,0.0114183972276
1925,1.02176432927,0.021530867611,0.0107076939071
1926,1.02169452312,0.0214625460497,0.0106738983324
1927,1.0229483973,0.0226890431793,0.0112804151525
1928,1.02158132928,0.0213517496122,0.0106190899105
1929,1.02279151654,0.022535670054,0.0112045907388
1930,1.02022562596,0.0200238047568,0.00996195012847
1931,1.02254737448,0.0222969398721,0.0110865560404
1932,1.02484047376,0.024536965119,0.0121935315522
1933,1.0240391763,0.0237547839912,0.0118071342102
1934,1.02527377019,0.024959669793,0.0124022846968
1935,1.01933133859,0.0191468619264,0.00952775155875
1936,1.02075034957,0.0205379936812,0.0102164507117
1937,1.02239659183,0.0221494711344,0.0110136364435
1938,1.02489539384,0.0245905525929,0.0122199982243
1939,1.02351532692,0.0232431010122,0.0115542811317
1940,1.02689683645,0.0265414745389,0.0131830692704
1941,1.02786488247,0.0274837211088,0.0136478722062
1942,1.02165078058,0.0214197314083,0.0106527192845
1943,1.01887604795,0.0187001059686,0.00930647715677
1944,1.0235797196,0.0233060122849,0.0115853728318
1945,1.02582433607,0.0254965196867,0.012667344985
1946,1.02358626769,0.0233124095143,0.0115885343842
1947,1.02465624177,0.0243571824563,0.0121047323225
1948,1.02098627038,0.0207690918626,0.0103308126935
1949,1.02344826493,0.0231775776284,0.0115218974471
1950,1.02334992706,0.0230814881688,0.0114744051429
1951,1.02289224977,0.0226341537245,0.0112532796407
1952,1.02238266425,0.0221358485631,0.0110069001519
1953,1.02285269095,0.0225954794844,0.0112341599418
1954,1.02381072647,0.0235316721056,0.0116968892742
1955,1.02681717997,0.0264639014384,0.0131447933037
1956,1.02278316703,0.02252750657,0.0112005547229
1957,1.02223294802,0.0219893992966,0.0109344788434
1958,1.0203597466,0.0201552578587,0.0100270197764
1959,1.02115992956,0.0209391670322,0.0104149681927
1960,1.02194472725,0.0217074073964,0.0107950147789
1961,1.02148348588,0.0212559686036,0.0105717068252
1962,1.02455909547,0.0242623692839,0.0120578984702
1963,1.02114976394,0.0209292120061,0.010410042508
1964,1.02268604291,0.0224325414452,0.0111536028768
1965,1.02743143784,0.0270619379996,0.0134398369369
1966,1.02342258891,0.0231524895654,0.0115094978689
1967,1.02339785368,0.0231283201419,0.0114975521739
1968,1.02543493242,0.0251168468978,0.0124798955219
1969,1.02468074238,0.0243810932268,0.0121165429204
1970,1.02618697133,0.0258499634065,0.0128418128316
1971,1.02187028392,0.0216345599669,0.0107589836025
1972,1.02468036301,0.0243807229906,0.0121163600453
1973,1.02109280916,0.0208734353044,0.0103824440912
1974,1.02272563957,0.0224712589835,0.0111727455407
1975,1.02404054166,0.0237561173017,0.0118077929939
1976,1.0250682498,0.0247591955483,0.0123032857821
1977,1.02551938381,0.0251992001632,0.0125205574373
1978,1.02473276262,0.0244318591985,0.012141618034
1979,1.02622789405,0.0258898410447,0.0128614954039
1980,1.02492302105,0.0246175083533,0.0122333113151
1981,1.01850772065,0.0183385370703,0.00912735898354
1982,1.02593568092,0.0256050556182,0.0127209240659
1983,1.02209110951,0.0218506360554,0.010865853494
1984,1.02554009369,0.025219394491,0.0125305281287
1985,1.02498286097,0.0246758914495,0.012262145333
1986,1.02248344748,0.0222344205245,0.0110556424456
1987,1.02239607746,0.0221489680338,0.0110133876637
1988,1.02206805245,0.0218280770903,0.0108546965098
1989,1.02338760901,0.0231183096498,0.0114926044635
1990,1.02200383196,0.0217652412489,0.0108236191329
1991,1.02446974646,0.0241751582066,0.0120148177835
1992,1.01953575058,0.0193473771912,0.00962704898361
1993,1.02268170546,0.0224283001941,0.0111515059016
1994,1.02508595451,0.0247764671327,0.0123118152889
1995,1.02192718064,0.0216902374263,0.0107865224324
1996,1.02471961747,0.024419031235,0.012135281908
1997,1.02388214567,0.0236014278725,0.0117313585938
1998,1.0223101162,0.0220648862641,0.0109718089173
1999,1.02301225722,0.0227514685389,0.0113112752587
2000,1.02622680553,0.0258887803395,0.0128609718722
2001,1.02405043447,0.0237657778139,0.0118125662038
2002,1.02283369622,0.0225769089687,0.0112249789534
2003,1.02395174224,0.02366939879,0.0117649447862
2004,1.02171313053,0.0214807581794,0.010682907159
2005,1.02138905565,0.0211635201232,0.010525970197
2006,1.02254287724,0.022292541791,0.0110843813773
2007,1.02382309435,0.0235437522665,0.0117028586865
2008,1.02675829823,0.0264065558551,0.0131164970043
2009,1.02254102611,0.0222907314619,0.0110834862455
2010,1.02082474303,0.0206108721763,0.0102525170224
2011,1.02624683946,0.0259083020792,0.0128706071608
2012,1.0209473965,0.0207310163095,0.0103119714133
2013,1.02301551113,0.0227546492472,0.0113128476227
2014,1.02430486644,0.0240142034412,0.0119353041224
2015,1.02370553768,0.0234289244065,0.0116461150347
2016,1.02143122604,0.0212048065668,0.010546395918
2017,1.02317478853,0.0229103311536,0.0113898049778
2018,1.02292541848,0.0226665795999,0.0112693099997
2019,1.01936068739,0.0191756537178,0.00954201019129
2020,1.02188835463,0.0216522437673,0.0107677303341
2021,1.02408431952,0.0237988665124,0.0118289149866
2022,1.0212930415,0.0210695122078,0.0104794599085
2023,1.02288438513,0.0226264650696,0.0112494785673
2024,1.02296207523,0.0227024141717,0.0112870252115
2025,1.02531151428,0.0249964827848,0.0124204627428
2026,1.02253649984,0.0222863049674,0.0110812975263
2027,1.02668264024,0.0263328668668,0.013080135111
2028,1.02595150531,0.0256204798532,0.0127285380488
2029,1.02386595495,0.0235856146768,0.0117235447202
2030,1.02400818881,0.0237245234656,0.0117921824793
2031,1.02194445487,0.0217071408622,0.0107948829503
2032,1.02317485801,0.0229103990553,0.011389838542
2033,1.0233291838,0.0230612180071,0.0114643863053
2034,1.02051983122,0.0203121359233,0.0101046692535
2035,1.02420108677,0.0239128811412,0.0118852463607
2036,1.02285005275,0.0225929002257,0.0112328847996
2037,1.0243436627,0.0240520784206,0.0119540154102
2038,1.02023968116,0.0200375812207,0.00996876971672
2039,1.02558974177,0.0252678049642,0.0125544297717
2040,1.02298507467,0.0227248970987,0.0112981397298
2041,1.02282287155,0.0225663258855,0.0112197467954
2042,1.02104391795,0.0208255528955,0.0103587511714
2043,1.02362558405,0.0233508191786,0.0116075164783
2044,1.02078945682,0.0205763052032,0.0102354105872
2045,1.02523099326,0.0249179464836,0.0123816815594
2046,1.02188306653,0.0216470689283,0.0107651707719
2047,1.01964646346,0.0194559627676,0.00968081763281
2048,1.02353980226,0.0232670137504,0.0115660992829
2049,1.02044304804,0.0202368938093,0.0100674276443
2050,1.02405396108,0.0237692216007,0.0118142677558
2051,1.02192478052,0.0216878887959,0.0107853607833
2052,1.02201420533,0.0217753912231,0.0108286391775
2053,1.0242997563,0.0240092145462,0.0119328394438
2054,1.02506537399,0.0247563900617,0.0123019002962
2055,1.02247710899,0.0222282213891,0.0110525771408
2056,1.02377011797,0.0234920072441,0.0116772886268
2057,1.02543749206,0.0251193430469,0.0124811280198
2058,1.02324564977,0.022979584993,0.011424036911
2059,1.02363333348,0.0233583897211,0.0116112578048
2060,1.02264388472,0.022391317583,0.011133220633
2061,1.02224926306,0.0220053593656,0.0109423715889
2062,1.02554691459,0.0252260455015,0.0125338119582
2063,1.01925043442,0.019067488928,0.00948844240266
2064,1.02139710869,0.0211714044926,0.0105298708787
2065,1.02461216392,0.0243141643223,0.0120834833885
2066,1.02233632573,0.0220905234885,0.0109844868049
2067,1.02284387939,0.0225868647571,0.0112299009586
2068,1.02100095694,0.020783476437,0.0103379306529
2069,1.02226658256,0.0220223017562,0.0109507500537
2070,1.0193313692,0.0191468919558,0.00952776643041
2071,1.02039313412,0.0201879786423,0.0100432159897
2072,1.02099066002,0.0207733912688,0.0103329401861
2073,1.02515451138,0.0248433440366,0.0123448415006
2074,1.02278897214,0.0225331823429,0.0112033608194
2075,1.02503564113,0.024727383816,0.0122875754855
2076,1.02293032772,0.0226713788053,0.0112716825578
2077,1.02293268352,0.0226736817959,0.0112728210731
2078,1.02331026012,0.023042725558,0.0114552460408
2079,1.02376155525,0.0234836432962,0.0116731554784
2080,1.02719863152,0.0268353217104,0.0133280453019
2081,1.01676713218,0.0166281156037,0.0082795916074
2082,1.0266826023,0.0263328299179,0.0130801168782
2083,1.022674003,0.0224207685385,0.0111477820615
2084,1.02448081444,0.0241859617669,0.0120201546478
2085,1.02251601526,0.0222662716543,0.0110713918177
2086,1.0218614233,0.0216258889468,0.0107546947288
2087,1.02298873479,0.0227284749766,0.0112999084555
2088,1.02654148684,0.0261953724789,0.0130122848074
2089,1.02399877863,0.0237153338748,0.0117876418561
2090,1.02355561615,0.0232824638218,0.0115737349406
2091,1.02361944889,0.0233448255995,0.0116045544695
2092,1.02357285192,0.0232993027914,0.0115820569454
2093,1.02328306639,0.0230161509336,0.0114421108507
2094,1.02288661237,0.0226286424744,0.0112505550217
2095,1.02182254696,0.021587843594,0.0107358764564
2096,1.02404275838,0.0237582819802,0.0118088625525
2097,1.021825466,0.0215907002919,0.0107372894698
2098,1.02475773584,0.0244562293752,0.0121536551023
2099,1.02115230277,0.0209316982559,0.0104112726912
2100,1.02090067638,0.0206852537291,0.0102893258152
2101,1.02188032377,0.0216443848966,0.0107638432022
2102,1.02203248725,0.0217932791921,0.0108374862713
2103,1.02211953482,0.0218784466062,0.0108796075811
2104,1.02304853092,0.0227869256468,0.0113288031248
2105,1.01926894158,0.0190856463843,0.00949743494699
2106,1.02102054273,0.0208026591833,0.0103474228256
2107,1.02411949636,0.0238332154719,0.0118458861651
2108,1.02336934303,0.0231004609435,0.0114837826351
2109,1.0228598717,0.0226024997783,0.0112376306491
2110,1.02033023302,0.0201263327646,0.010012702142
2111,1.02323770202,0.0229718177684,0.0114201976578
2112,1.02169776452,0.0214657186112,0.0106754676801
2113,1.02204223743,0.0218028191334,0.0108422045361
2114,1.02489571696,0.0245908678621,0.0122201539326
2115,1.02477003751,0.0244682337683,0.0121595843324
2116,1.02283764923,0.0225807737234,0.011226889638
2117,1.02115149481,0.0209309070314,0.0104108811976
2118,1.02333736988,0.0230692174325,0.0114683401558
2119,1.02539867276,0.0250814860043,0.0124624355709
2120,1.02494542216,0.0246393644965,0.0122441056412
2121,1.02162752143,0.0213969649083,0.010641457233
2122,1.01918991308,0.0190081088848,0.00945903365656
2123,1.02205410957,0.0218144351693,0.0108479495657
2124,1.02360049991,0.023326313687,0.0115954058822
2125,1.02313274005,0.0228692342214,0.011369490346
2126,1.02528703627,0.0249726087734,0.0124086739299
2127,1.02297784556,0.0227178303941,0.0112946462917
2128,1.02331895302,0.0230512204062,0.0114594448006
2129,1.02165121028,0.0214201520072,0.0106529273437
2130,1.02554144302,0.0252207102134,0.0125311777464
2131,1.02359674966,0.0233226498973,0.0115935952273
2132,1.02383867716,0.0235589723723,0.0117103796514
2133,1.02635813888,0.0260167490765,0.012924131319
2134,1.0223828634,0.0221360433489,0.0110069964728
2135,1.02219653664,0.0219537792069,0.0109168633853
2136,1.02450629595,0.0242108340701,0.0120324412385
2137,1.02154703469,0.0213181789448,0.0106024826824
2138,1.02303849645,0.0227771171978,0.0113239544474
2139,1.01853525828,0.0183655739354,0.00914075393795
2140,1.02230078036,0.0220557541177,0.0109672929319
2141,1.02236346424,0.0221170687101,0.0109976135358
2142,1.0240183887,0.0237344841746,0.0117971040923
2143,1.02284025886,0.0225833250834,0.0112281509953
2144,1.02653578344,0.0261898165329,0.0130095429783
2145,1.02444251846,0.0241485802068,0.0120016883613
2146,1.02516504975,0.0248536237786,0.0123499179077
2147,1.02450169475,0.024206342916,0.0120302226788
2148,1.02279789736,0.0225419086619,0.0112076750875
2149,1.02418037151,0.0238926551628,0.0118752535163
2150,1.02188063629,0.0216446907236,0.0107639944698
2151,1.02601992103,0.0256871627734,0.0127614545721
2152,1.01991483023,0.0197191240333,0.00981111588503
2153,1.0222425167,0.0219987598149,0.0109391079155
2154,1.02652373177,0.0261780763204,0.0130037492225
2155,1.02530071634,0.0249859513613,0.0124152624199
2156,1.02073051755,0.0205185646275,0.0102068353861
2157,1.02403737373,0.0237530237338,0.0118062644728
2158,1.02142188242,0.0211956589469,0.010541870335
2159,1.02376356499,0.0234856063968,0.0116741255704
2160,1.02307952112,0.0228172172056,0.0113437772072
2161,1.02448903253,0.0241939834478,0.0120241172694
2162,1.02239742528,0.0221502863244,0.0110140395493
2163,1.02027334681,0.0200705784609,0.00998510373112
2164,1.02341912546,0.0231491053718,0.0115078252458
2165,1.02601599005,0.0256833314735,0.0127595633668
2166,1.02206749903,0.0218275356171,0.0108544287119
2167,1.02494097097,0.0246350216334,0.0122419607946
2168,1.02142970851,0.0212033208798,0.0105456609086
2169,1.02437456723,0.0240822480398,0.0119689197834
2170,1.02532409717,0.0250087549775,0.0124265226074
2171,1.02244627086,0.0221980607218,0.0110376633713
2172,1.02661170582,0.026263773596,0.0130460397613
2173,1.02713225978,0.026770705303,0.0132961671884
2174,1.02343477869,0.0231644002879,0.0115153846694
2175,1.01941388863,0.0192278431454,0.00956785557186
2176,1.02455011867,0.024253607626,0.0120535704554
2177,1.02410772991,0.0238217260724,0.0118402095001
2178,1.02345836041,0.0231874417618,0.011526772675
2179,1.02388127595,0.0236005784402,0.0117309388601
2180,1.02462418204,0.024325893685,0.0120892771871
2181,1.02130013256,0.0210764553935,0.0104828951149
2182,1.02308337789,0.0228209869668,0.0113456407044
2183,1.02086202246,0.0206473904431,0.0102705887887
2184,1.0231462462,0.0228824349094,0.0113760156259
2185,1.02600069824,0.0256684272977,0.0127522063369
2186,1.02072133162,0.0205095652193,0.0102023815997
2187,1.02360376814,0.0233295065564,0.0115969838044
2188,1.02391286895,0.0236314340849,0.0117461855819
2189,1.02569912779,0.025374455973,0.0126070844009
2190,1.02428969517,0.0239993920438,0.0119279867859
2191,1.02137668117,0.0211514047069,0.0105199762339
2192,1.02074539221,0.0205331370823,0.010214047218
2193,1.02383500052,0.0235553813294,0.0117086051546
2194,1.02690905265,0.0265533706952,0.0131889389172
2195,1.02371552115,0.0234386766416,0.0116509343527
2196,1.02250948649,0.022259886628,0.0110682346451
2197,1.02496056959,0.0246541431589,0.0122514044697
2198,1.02581178546,0.0254842849533,0.0126613050906
2199,1.02139689771,0.0211711979362,0.010529768688
2200,1.02259916462,0.0223475867471,0.0111115984111
2201,1.02579543535,0.0254683461167,0.0126534365442
2202,1.01912458043,0.0189440043087,0.00942728404333
2203,1.02291542292,0.0226568080098,0.0112644792524
2204,1.02183157112,0.0215966749873,0.0107402447371
2205,1.0218624778,0.0216269208856,0.010755205149
2206,1.02164583156,0.0214148872579,0.0106503230082
2207,1.02196680509,0.0217290109138,0.0108056998747
2208,1.02315688299,0.0228928310193,0.0113811545344
2209,1.02545556842,0.0251369708403,0.0124898318708
2210,1.02494549612,0.024639436656,0.0122441412792
2211,1.0220416494,0.021802243788,0.0108419199824
2212,1.01926014769,0.0190770186994,0.00949316206576
2213,1.022657427,0.0224045599161,0.0111397680629
2214,1.02442825116,0.0241346532094,0.0119948084123
2215,1.02385559186,0.0235754930981,0.0117185432486
2216,1.02671261141,0.0263620586875,0.0130945399997
2217,1.02511514295,0.0248049408657,0.0123258767736
2218,1.02806216923,0.0276756411054,0.0137425180135
2219,1.02089830164,0.0206829276034,0.0102881747188
2220,1.02335631766,0.0230877329286,0.0114774916905
2221,1.02157659857,0.0213471188254,0.0106167991018
2222,1.02013232767,0.0199323518952,0.00991667818702
2223,1.02075363942,0.0205412166517,0.010218045732
2224,1.02270618263,0.0224522342105,0.0111633393889
2225,1.02627355941,0.0259343383182,0.0128834576455
2226,1.02548857546,0.0251691580112,0.0125057243222
2227,1.02326394335,0.0229974628266,0.0114328736698
2228,1.02437776332,0.0240853680839,0.0119704611324
2229,1.02404534547,0.0237608083198,0.0118101108049
2230,1.02514147072,0.0248306232769,0.0123385596187
2231,1.02259201784,0.0223405978815,0.011108142801
2232,1.02347439774,0.0232031113848,0.0115345171461
2233,1.0222626207,0.0220184261905,0.0109488334892
2234,1.02373187032,0.0234546469377,0.0116588264348
2235,1.02432293093,0.0240318391416,0.0119440166904
2236,1.02566380348,0.0253400161302,0.0125900814261
2237,1.02675148987,0.0263999249041,0.0131132250108
2238,1.02186129753,0.0216257658699,0.0107546338522
2239,1.02102548796,0.0208075025934,0.0103498194693
2240,1.02443973121,0.0241458594497,0.0120003443086
2241,1.0201006317,0.0199012809636,0.00990129666197
2242,1.02219264259,0.0219499696999,0.0109149794239
2243,1.02111021848,0.0208904848572,0.0103908803237
2244,1.02291157953,0.0226530507127,0.0112626217642
2245,1.02141324776,0.0211872053428,0.0105376880824
2246,1.02432232579,0.0240312483639,0.0119437248297
2247,1.02346763973,0.0231965083504,0.0115312537049
2248,1.02257028125,0.0223193412892,0.0110976325097
2249,1.02342894284,0.0231586980544,0.0115125663803
2250,1.02368476524,0.0234086327752,0.0116360873275
2251,1.01958307364,0.0193937923972,0.00965003289919
2252,1.02294686711,0.022687547308,0.0112796756537
2253,1.02374097729,0.023463542755,0.0116632224762
2254,1.02283623302,0.0225793891283,0.0112262051126
2255,1.02259297657,0.0223415354274,0.0111086063667
2256,1.02056085409,0.0203523331331,0.0101245645687
2257,1.02059261844,0.0203834570559,0.0101399688522
2258,1.0180531517,0.0178921286512,0.00890616735439
2259,1.02135870741,0.0211338069717,0.0105112698919
2260,1.02204399599,0.0218045397706,0.0108430555266
2261,1.02183653064,0.0216015285427,0.0107426454477
2262,1.02394906512,0.023666784287,0.0117636529136
2263,1.02324462547,0.0229785839655,0.011423542115
2264,1.02260643346,0.0223546949227,0.0111151130011
2265,1.02181518606,0.0215806398729,0.0107323132586
2266,1.02305714186,0.0227953425592,0.0113329638954
2267,1.02579520529,0.0254681218484,0.0126533258289
2268,1.02527267874,0.0249586052487,0.0124017590259
2269,1.02308217458,0.0228198108012,0.0113450592936
2270,1.02087836799,0.0206634018076,0.0102785122161
2271,1.01914147699,0.0189605836481,0.00943549552992
2272,1.02157772837,0.0213482247639,0.0106173462001
2273,1.02244960202,0.0222013187444,0.0110392744008
2274,1.02210230054,0.0218615851518,0.0108712685418
2275,1.02176995244,0.0215363709808,0.010710416124
2276,1.02252122686,0.0222713684873,0.0110739120165
2277,1.02681652812,0.0264632666129,0.0131444800632
2278,1.02299985243,0.0227393427133,0.0113052809071
2279,1.0248852294,0.0245806350084,0.0122151000163
2280,1.02202146889,0.0217824983067,0.010832154233
2281,1.02329462245,0.0230274439897,0.0114476927548
2282,1.02293167616,0.0226726970162,0.0112723342338
2283,1.02251068383,0.0222610576094,0.0110688136553
2284,1.02541694175,0.0250993023228,0.0124712326736
2285,1.02612484038,0.0257894161303,0.0128119275095
2286,1.02193526966,0.0216981528485,0.0107904374458
2287,1.02300873426,0.0227480248243,0.0113095728764
2288,1.02134251306,0.0211179511529,0.0105034252838
2289,1.02438948475,0.0240968105003,0.011976113839
2290,1.02214875579,0.0219070348046,0.0108937460651
2291,1.02279771195,0.0225417273862,0.0112075854655
2292,1.02150696041,0.0212789491618,0.0105830755671
2293,1.02594715013,0.02561623483,0.0127264425514
2294,1.02293581485,0.0226767429142,0.0112743343774
2295,1.02446016281,0.0241658034209,0.0120101965779
2296,1.02345681663,0.0231859333674,0.011526027171
2297,1.02288425648,0.0226263393006,0.0112494163902
2298,1.02400134353,0.0237178386615,0.0117888794859
2299,1.02636878579,0.026027122505,0.0129292509862
2300,1.02263109878,0.0223788146859,0.0111270387638
2301,1.02406706757,0.0237820201505,0.0118205914077
2302,1.02149268201,0.0212649712839,0.0105761605684
2303,1.02342724569,0.023157039756,0.0115117467764
2304,1.02319445889,0.0229295557923,0.0113993077691
2305,1.02160862466,0.0213784680106,0.0106323071588
2306,1.02312380507,0.0228605012179,0.0113651734798
2307,1.02303921507,0.0227778196345,0.0113243016885
2308,1.02123265549,0.0210103834415,0.0104502049116
2309,1.02598775864,0.025655815523,0.0127459808439
2310,1.02415139186,0.0238643593062,0.0118612734993
2311,1.02085560558,0.0206411046728,0.0102674781779
2312,1.02010335876,0.0199039542807,0.00990262008499
2313,1.02218644611,0.0219439077317,0.0109119815184
2314,1.02466855857,0.0243692028068,0.0121106697284
2315,1.02296322333,0.0227035365003,0.0112875800418
2316,1.02569611802,0.0253715216096,0.012605635715
2317,1.02356986033,0.0232963801005,0.0115806125243
2318,1.02714463317,0.026782751769,0.0133021103177
2319,1.02180751563,0.0215731331755,0.010728600185
2320,1.02241325739,0.0221657714912,0.0110216968259
2321,1.02341695536,0.023146984924,0.0115067772223
2322,1.02486410242,0.0245600207953,0.0122049187596
2323,1.0230050231,0.0227443971282,0.0113077795405
2324,1.02515855023,0.0248472837767,0.012346787051
2325,1.02406514317,0.02378014097,0.0118196629235
2326,1.02264201046,0.0223894848292,0.0111323144579
2327,1.02516745411,0.0248559691072,0.012351076089
2328,1.02564842201,0.0253250194132,0.0125826774447
2329,1.02216299197,0.0219209624046,0.0109006339792
2330,1.0246885418,0.0243887047544,0.0121203025644
2331,1.02791822201,0.0275356132979,0.0136734638597
2332,1.0241765682,0.0238889416342,0.0118734187998
2333,1.02430018352,0.0240096316302,0.0119330454973
2334,1.02271744447,0.0224632459574,0.0111687837834
2335,1.02308613429,0.0228236811673,0.0113469725201
2336,1.02513315182,0.024822508367,0.0123345522188
2337,1.02554786817,0.0252269753289,0.0125342710447
2338,1.02577138001,0.0254448954158,0.0126418594919
2339,1.02554592556,0.0252250811042,0.0125333358032
2340,1.02440887194,0.0241157359275,0.0119854631818
2341,1.02317435952,0.0229099118583,0.011389597718
2342,1.021936451,0.0216993088319,0.0107910092006
2343,1.02438796421,0.0240953261587,0.0119753805562
2344,1.02580466307,0.0254773417522,0.0126578774391
2345,1.02244326752,0.0221951233113,0.0110362108761
2346,1.02354533601,0.0232724202179,0.0115687712471
2347,1.02494918598,0.0246430367069,0.0122459192633
2348,1.0234770227,0.0232056761318,0.0115357847272
2349,1.02152278734,0.021294442747,0.0105907403451
2350,1.02619126784,0.0258541502699,0.0128438793776
2351,1.02253132249,0.0222812417063,0.0110787939463
2352,1.02480482415,0.0245021789929,0.0121763504226
2353,1.02034789002,0.020143637794,0.0100212679846
2354,1.02346766347,0.0231965315541,0.011531265173
2355,1.02386741298,0.0235870387182,0.0117242483933
2356,1.02511821741,0.0248079399976,0.012327357855
2357,1.02430710409,0.024016387997,0.011936383363
2358,1.02332003786,0.0230522805297,0.011459968788
2359,1.02588006198,0.0255508412618,0.0126941613533
2360,1.02257012706,0.0223191905074,0.0110975579554
2361,1.02594230052,0.0256115078591,0.012724109142
2362,1.02546656773,0.0251476970524,0.0124951279783
2363,1.02286864386,0.0226110758477,0.0112418704874
2364,1.02390918531,0.023627836468,0.011744407901
2365,1.02184822988,0.0216129777019,0.010748308514
2366,1.02503610154,0.0247278329839,0.0122877973098
2367,1.02091482284,0.0206991104715,0.0102961828744
2368,1.0241900651,0.0239021198471,0.0118799296496
2369,1.02197318463,0.0217352533046,0.0108087873385
2370,1.0211949563,0.0209734673826,0.0104319396038
2371,1.02331879172,0.0230510627838,0.0114593668926
2372,1.02498377596,0.0246767841374,0.0122625862037
2373,1.02152222185,0.0212938891782,0.010590466492
2374,1.02417227,0.0238847448863,0.0118713453386
2375,1.02321531475,0.0229499386746,0.0114093829835
2376,1.02423619517,0.0239471593656,0.0119021816251
2377,1.0224859479,0.0222368659585,0.0110568516439
2378,1.02416216701,0.0238748802953,0.011866471584
2379,1.02514139053,0.0248305450601,0.0123385209928
2380,1.02392957486,0.0236477497054,0.0117542475362
2381,1.02284158172,0.0225846183953,0.0112287903903
2382,1.02342791334,0.0231576921211,0.011512069204
2383,1.02244330659,0.0221951615166,0.0110362297679
2384,1.02275950877,0.0225043750463,0.0111891184378
2385,1.02782470467,0.0274446317463,0.0136285940798
2386,1.02079434013,0.0205810890457,0.0102377780233
2387,1.02426117099,0.0239715438881,0.0119142286984
2388,1.01994812361,0.019751766796,0.00982727700352
2389,1.02131254695,0.0210886108034,0.0104889090897
2390,1.02340950721,0.0231397071736,0.0115031802122
2391,1.02442021492,0.0241268085692,0.0119909331321
2392,1.02359808844,0.0233239578133,0.0115942416034
2393,1.0255086671,0.025188750077,0.0125153978012
2394,1.02225915482,0.022015035786,0.010947156846
2395,1.02200230118,0.0217637434267,0.0108228783274
2396,1.02288241772,0.0226245416747,0.011248527688
2397,1.02244770189,0.0221994603304,0.0110383554511
2398,1.02305962367,0.0227977684293,0.0113341630836
2399,1.02372036279,0.023443406107,0.0116532715312
2400,1.02409758956,0.0238118243762,0.011835317259
2401,1.02245407966,0.0222056980546,0.0110414398813
2402,1.02156599689,0.0213367410097,0.0106116652702
2403,1.02123711722,0.0210147523924,0.0104523665565
2404,1.02642758359,0.0260844080684,0.0129575230332
2405,1.0259166757,0.0255865306865,0.0127117793848
2406,1.02516626139,0.024854805672,0.0123505015561
2407,1.02375291501,0.0234752035697,0.0116689848654
2408,1.02299022154,0.0227299283134,0.0113006269124
2409,1.02136417095,0.0211391562481,0.0105139164127
2410,1.02086365246,0.0206489871331,0.0102713789339
2411,1.02072302993,0.0205112290553,0.0102032050299
2412,1.02905434441,0.0286402682943,0.0142180887083
2413,1.02492308214,0.0246175679635,0.0122333407555
2414,1.02412494687,0.0238385376039,0.011848515705
2415,1.02535327312,0.0250372099078,0.0124405731747
2416,1.02790746283,0.0275251462772,0.013668301896
2417,1.02333621495,0.0230680888393,0.0114677823306
2418,1.02197699051,0.021738977348,0.0108106292324
2419,1.0190671391,0.0188876393124,0.00939936683619
2420,1.02275020667,0.0224952799001,0.0111846217378
2421,1.0207067309,0.0204952608045,0.0101953023366
2422,1.02369766328,0.0234212323162,0.0116423137737
2423,1.02370559031,0.0234289758116,0.0116461404379
2424,1.02165295908,0.021421863744,0.0106537740943
2425,1.02581354712,0.0254860022777,0.0126621528807
2426,1.02480312322,0.0245005192365,0.0121755306489
2427,1.02151707179,0.021288847612,0.010587972402
2428,1.02120475315,0.0209830608464,0.0104366862851
2429,1.02321007688,0.0229448196293,0.0114068526602
2430,1.0224817678,0.0222327777686,0.0110548301482
2431,1.02282861244,0.0225719386586,0.0112225216911
2432,1.02482953558,0.0245262920116,0.0121882600558
2433,1.02206715471,0.0218271987321,0.0108542620977
2434,1.02470666208,0.0244063882943,0.0121290371308
2435,1.02515104487,0.0248399625872,0.0123431716462
2436,1.02512740592,0.0248169033235,0.012331784261
2437,1.02038202882,0.0201770952362,0.0100378289242
2438,1.02400997484,0.0237262676244,0.0117930442746
2439,1.02015311776,0.0199527314786,0.00992676687845
2440,1.02574293078,0.0254171605598,0.012628167279
2441,1.02215910593,0.0219171606168,0.0108987538045
2442,1.02336774995,0.0230989042369,0.0114830132199
2443,1.02161210941,0.0213818790385,0.0106339945378
2444,1.02283702194,0.0225801604399,0.0112265864389
2445,1.02418905606,0.0239011346303,0.0118794428932
2446,1.01979332058,0.0195999798836,0.00975212652167
2447,1.02346985085,0.023198668774,0.0115323214599
2448,1.02142403189,0.0211977633338,0.0105429114358
2449,1.02191501146,0.0216783292803,0.0107806325656
2450,1.02484412996,0.0245405326957,0.0121952935883
2451,1.02146756489,0.0212403823371,0.0105639960486
2452,1.0227189305,0.0224646989755,0.011169502178
2453,1.02420332045,0.0239150620362,0.0118863238473
2454,1.02269801976,0.0224442525369,0.0111593930953
2455,1.02646591761,0.0261217543981,0.0129759540681
2456,1.02126493799,0.0210419942431,0.0104658450192
2457,1.02684805587,0.0264939705073,0.0131596301008
2458,1.02533703981,0.0250213778711,0.0124327556052
2459,1.02132284636,0.0210986952294,0.0104938984028
2460,1.02320221452,0.0229371355879,0.0114030544575
2461,1.02326772735,0.0230011607922,0.0114347015117
2462,1.02509285815,0.0247832018066,0.0123151411622
2463,1.02456622544,0.0242693283275,0.0120613360303
2464,1.02392333247,0.0236416531783,0.0117512350981
2465,1.01795340601,0.017794146954,0.00885761163713
2466,1.02373334119,0.0234560837131,0.0116595364466
2467,1.02351051029,0.0232383950315,0.0115519553257
2468,1.02247341459,0.0222246081962,0.0110507905103
2469,1.02112031844,0.0209003759638,0.0103957744762
2470,1.02198676561,0.0217485421995,0.0108153599457
2471,1.02381715336,0.0235379495002,0.0116999912536
2472,1.02104369691,0.020825336412,0.0103586440509
2473,1.02205478773,0.0218150986925,0.0108482777283
2474,1.02292141572,0.0226626665423,0.0112673755178
2475,1.02600603943,0.0256736331117,0.0127547760477
2476,1.02205694758,0.021817211935,0.0108493228865
2477,1.02503475886,0.0247265230999,0.0122871504154
2478,1.02023819215,0.0200361217543,0.00996804725777
2479,1.02257506974,0.022324024082,0.0110999479194
2480,1.02433070817,0.0240394316783,0.011947767609
2481,1.02417536818,0.0238877699448,0.0118728399109
2482,1.02438326978,0.02409074348,0.0119731166539
2483,1.02277716902,0.0225216421469,0.0111976553494
2484,1.02471887434,0.0244183060398,0.0121349237106
2485,1.0250102531,0.0247026155657,0.0122753434555
2486,1.02350448172,0.0232325049315,0.0115490442925
2487,1.02604331243,0.0257099607064,0.012772708007
2488,1.02463065092,0.0243322070846,0.0120923957197
2489,1.02539675924,0.0250796198745,0.0124615141338
2490,1.02128170169,0.0210584087549,0.0104739663459
2491,1.0230139758,0.0227531484553,0.0113121057156
2492,1.02673783221,0.026386622999,0.0131066612518
2493,1.02469240526,0.0243924751224,0.0121221648976
2494,1.01947866601,0.0192913848759,0.00959932195822
2495,1.02019286055,0.0199916883976,0.009946051792
2496,1.02207761193,0.0218374301219,0.0108593222526
2497,1.02160618957,0.0213760844181,0.0106311280334
2498,1.02149844981,0.0212706177116,0.0105789539196
2499,1.02218527128,0.0219427584067,0.0109114131264
2500,1.02213501664,0.0218935932722,0.0108870984909
2501,1.02634850253,0.0260073601596,0.0129194975214
2502,1.02345095496,0.0231802060255,0.0115231965027
2503,1.02367985778,0.0234038388488,0.0116337182527
2504,1.01910512086,0.0189249097255,0.00941782671163
2505,1.02526792199,0.0249539657463,0.012399468041
2506,1.02209957392,0.02185891749,0.0108699492104
2507,1.02451925907,0.0242234870293,0.0120386915754
2508,1.02178061471,0.0215468060277,0.0107155777522
2509,1.02355105936,0.0232780118868,0.0115715347333
2510,1.02257237287,0.0223213867451,0.0110986438872
2511,1.02174224747,0.0215092559289,0.0106970037139
2512,1.01965810338,0.0194673783447,0.00968647014921
2513,1.02232686166,0.0220812661476,0.0109799089674
2514,1.02568419179,0.0253598940913,0.0125998952253
2515,1.02352227696,0.0232498913493,0.0115576370658
2516,1.01967668037,0.0194855970164,0.00969549120662
2517,1.02489535813,0.0245905177454,0.0122199810134
2518,1.02549912124,0.0251794416206,0.0125108018118
2519,1.02411858613,0.0238323266816,0.0118454470341
2520,1.02346271096,0.0231916925904,0.0115288735879
2521,1.02632307933,0.0259825893105,0.0129072720346
2522,1.02271022506,0.0224561868849,0.0111652936616
2523,1.01973767772,0.0195454155159,0.00972511002859
2524,1.02224188953,0.0219981462956,0.0109388045115
2525,1.020225162,0.0200233499974,0.0099617250139
2526,1.02287323015,0.0226155595915,0.011244087154
2527,1.02223788879,0.0219942325899,0.0109368690624
2528,1.01960543482,0.0194157238534,0.00966089274809
2529,1.01907475995,0.0188951175503,0.0094030708029
2530,1.02513629,0.0248255696025,0.0123360639559
2531,1.02560959512,0.0252871627605,0.0125639871105
2532,1.02394092105,0.0236588306685,0.0117597228783
2533,1.02229809317,0.0220531255398,0.0109659930563
2534,1.02284923608,0.0225921018006,0.0112324900713
2535,1.02333052407,0.0230625277154,0.0114650336517
2536,1.0243121073,0.0240212724674,0.0119387964438
2537,1.0235270075,0.0232545131695,0.0115599212646
2538,1.02333234835,0.0230643104053,0.011465914777
2539,1.02288756184,0.0226295707078,0.0112510139167
2540,1.02319827161,0.0229332820821,0.0114011496737
2541,1.02339478253,0.0231253192006,0.0114960689539
2542,1.02486626524,0.0245621311426,0.0122059610544
2543,1.0235687212,0.0232952672003,0.0115800625181
2544,1.01978392017,0.0195907618882,0.00974756246096
2545,1.02461853927,0.0243203865118,0.0120865568856
2546,1.02415405682,0.0238669614169,0.0118625591217
2547,1.02313557644,0.0228720064792,0.0113708607144
2548,1.02364497601,0.0233697633908,0.0116168785924
2549,1.02215805131,0.0219161288574,0.0108982435471
2550,1.0241391956,0.0238524505778,0.0118553897439
2551,1.02653556905,0.0261896076799,0.0130094399104
2552,1.02316156846,0.0228974104324,0.0113834181788
2553,1.02430206511,0.0240114685726,0.0119339530079
2554,1.01849572004,0.0183267544576,0.00912152143209
2555,1.02269284433,0.0224391919617,0.011156891041
2556,1.02168395209,0.0214521994286,0.010668780228
2557,1.02300215052,0.0227415891349,0.011306391419
2558,1.022953444,0.0226939766469,0.0112828540576
2559,1.02272320909,0.0224688825142,0.0111715705812
2560,1.01920173693,0.019019710046,0.00946477935257
2561,1.02490574097,0.0246006483347,0.0122249843976
2562,1.02049314266,0.0202859836611,0.0100917251678
2563,1.02284498698,0.0225879476063,0.0112304363029
2564,1.02266570922,0.022412658611,0.0111437722935
2565,1.02207212657,0.0218320632316,0.0108566679443
2566,1.02451569717,0.0242200103692,0.0120369741711
2567,1.02446258709,0.0241681698203,0.0120113655664
2568,1.02385283031,0.0235727958834,0.0117172104441
2569,1.02287061565,0.0226130035601,0.0112428235076
2570,1.02342554563,0.0231553786071,0.011510925763
2571,1.02685399954,0.0264997587532,0.013162486134
2572,1.02439038821,0.0240976924497,0.0119765495324
2573,1.02122022732,0.0209982135939,0.0104441835582
2574,1.02288964879,0.0226316109588,0.0112520225643
2575,1.02234228671,0.02209635421,0.0109873701377
2576,1.02449650739,0.0242012795994,0.0120277214737
2577,1.02319151516,0.022926678792,0.0113978856658
2578,1.02201002531,0.0217713012391,0.0108266163279
2579,1.02004840761,0.019850084611,0.00987595161639
2580,1.02197930262,0.0217412397375,0.0108117481975
2581,1.02443595027,0.024142168706,0.0119985210802
2582,1.01822212686,0.0180580935991,0.00898840736029
2583,1.0199531129,0.0197566584945,0.00982969881376
2584,1.01931885592,0.0191346159172,0.00952168687407
2585,1.02074467263,0.0205324321258,0.0102136983398
2586,1.02457775445,0.0242805808414,0.0120668944115
2587,1.02166671801,0.0214353309699,0.0106604359464
2588,1.0240074894,0.023723840456,0.0117918450015
2589,1.02545106561,0.0251325797957,0.0124876637678
2590,1.01916982862,0.0189884023937,0.0094492735651
2591,1.0246186586,0.0243205029796,0.0120866144156
2592,1.02179305115,0.0215589772978,0.0107215981578
2593,1.02299997687,0.0227394643583,0.0113053410419
2594,1.02293681695,0.0226777225495,0.0112748186725
2595,1.02165507047,0.0214239303779,0.010654796402
2596,1.02254826471,0.0222978104745,0.0110869865156
2597,1.02051442129,0.0203068347554,0.0101020454494
2598,1.02289632691,0.022638139611,0.0112552501549
2599,1.02433681846,0.0240453968099,0.0119507145354
2600,1.02298396872,0.022723816,0.0112976052876
2601,1.02542469611,0.0251068644422,0.0124749665718
2602,1.02284162272,0.0225846584839,0.0112288102095
2603,1.01999378486,0.0197965340008,0.00984944038799
2604,1.01737367325,0.0172244765734,0.00857525919625
2605,1.02191315413,0.0216765117789,0.0107797336114
2606,1.02445357457,0.0241593724593,0.0120070197105
2607,1.02350522831,0.0232332343744,0.0115494048017
2608,1.02293031409,0.0226713654839,0.0112716759721
2609,1.02424723807,0.0239579408998,0.011907508216
2610,1.02392445252,0.0236427470613,0.0117517756122
2611,1.02221549603,0.0219723267223,0.0109260358601
2612,1.02364458513,0.0233693815315,0.0116166898808
2613,1.02269557681,0.022441863808,0.0111582120585
2614,1.02271105561,0.0224569989943,0.0111656951825
2615,1.02405890984,0.0237740541005,0.0118166554565
2616,1.02532376563,0.0250084316212,0.0124263629383
2617,1.02262003248,0.0223679932223,0.011121688223
2618,1.02617130147,0.0258346933084,0.0128342758016
2619,1.02309425474,0.0228316183497,0.011350896072
2620,1.02148097503,0.0212535105601,0.0105704907955
2621,1.0246949477,0.0243949562909,0.0121233904425
2622,1.02023302745,0.0200310594908,0.00996554135328
2623,1.02427222676,0.0239823377334,0.0119195613065
2624,1.02373707888,0.0234597347383,0.0116613406729
2625,1.02555720396,0.02523607851,0.0125387655741
2626,1.02010203149,0.0199026531682,0.00990197597072
2627,1.02279540143,0.0225394683632,0.0112064686124
2628,1.02176155906,0.0215281564032,0.0107063528177
2629,1.02633287937,0.0259921379619,0.0129119847255
2630,1.02097678731,0.0207598036789,0.0103262165682
2631,1.02158598407,0.0213563060548,0.0106213439366
2632,1.02225921614,0.0220150957661,0.0109471865078
2633,1.02136574591,0.0211406982586,0.0105146793114
2634,1.0232600737,0.022993681151,0.0114310044479
2635,1.02302540867,0.0227643240746,0.0113176302999
2636,1.02673560731,0.0263844560381,0.0131055919716
2637,1.02482610214,0.0245229417455,0.0121866053384
2638,1.02599924135,0.0256670073234,0.0127515054034
2639,1.02402018627,0.0237362395777,0.0117979714391
2640,1.02382687492,0.0235474448585,0.0117046833739
2641,1.0250810646,0.0247716968763,0.0123094595232
2642,1.02501378205,0.0247060584068,0.0122770437435
2643,1.02475170966,0.0244503487677,0.0121507505297
2644,1.0219154794,0.0216787871906,0.0107808590524
2645,1.02124907633,0.0210264627433,0.0104581605146
2646,1.02285535541,0.0225980844144,0.0112354477739
2647,1.02534235763,0.0250265642685,0.0124353165599
2648,1.01952127492,0.0193331788085,0.00962001811156
2649,1.02499079041,0.0246836275816,0.0122659659609
2650,1.02221381398,0.0219706812297,0.0109252221028
2651,1.02305001149,0.022788372858,0.0113295185325
2652,1.02297570466,0.0227157375778,0.0112936117018
2653,1.02515363417,0.0248424883521,0.0123444189399
2654,1.02404261301,0.0237581400198,0.0118087924105
2655,1.02277329623,0.0225178555932,0.0111957832711
2656,1.0226812589,0.0224278635377,0.0111512900081
2657,1.02219997933,0.0219571471331,0.0109185289633
2658,1.0198790026,0.0196839953563,0.00979372371955
2659,1.02023599117,0.0200339644292,0.0099669793468
2660,1.02520196453,0.0248896317475,0.0123676993843
2661,1.02648255278,0.0261379605263,0.0129839519547
2662,1.02442275717,0.0241292902187,0.0119921590775
2663,1.02275189257,0.0224969282961,0.0111854367172
2664,1.02339768085,0.0231281512612,0.0114974687044
2665,1.02540502023,0.0250876762336,0.0124654921082
2666,1.02532925113,0.0250137816291,0.0124290046981
2667,1.02268233663,0.022428917368,0.0111518110473
2668,1.02376599005,0.0234879751584,0.0116752961239
2669,1.02501587607,0.0247081013188,0.0122780526585
2670,1.02210292549,0.0218621965862,0.0108715709354
2671,1.02397731586,0.0236943738887,0.0117772853432
2672,1.02323685621,0.0229709911714,0.0114197890791
2673,1.02611098647,0.0257759148447,0.0128052633329
2674,1.02106961432,0.0208507193499,0.0103712039737
2675,1.0248525377,0.024548736582,0.0121993454987
2676,1.0225435985,0.0222932471488,0.0110847301469
2677,1.0257085368,0.0253836291934,0.0126116131769
2678,1.02530346548,0.0249886326598,0.0124165864238
2679,1.02183835155,0.0216033105293,0.010743526869
2680,1.02426047314,0.02397086257,0.011913892098
2681,1.02005141937,0.0198530371751,0.00987741331768
2682,1.02506882812,0.0247597597176,0.0123035643962
2683,1.02274989551,0.0224949756589,0.0111844713187
2684,1.02412345916,0.0238370849326,0.011847797975
2685,1.02304652234,0.0227849623224,0.0113278325832
2686,1.02185998488,0.0216244813019,0.0107539984755
2687,1.02478982628,0.0244875440293,0.0121691220146
2688,1.02507643452,0.0247671800699,0.0123072289171
2689,1.02207024428,0.0218302215919,0.010855757121
2690,1.02243628283,0.022188291908,0.011032832865
2691,1.01990549721,0.0197099732075,0.00980658535168
2692,1.02273449703,0.0224799195918,0.0111770274541
2693,1.02721818001,0.0268543524069,0.0133374337845
2694,1.02523443668,0.0249213051544,0.0123833401004
2695,1.02376979731,0.0234916940286,0.0116771338478
2696,1.02335085219,0.0230823921892,0.0114748519664
2697,1.02437400359,0.0240816978143,0.0119686479634
2698,1.02524591038,0.0249324963788,0.0123888664047
2699,1.02192612187,0.0216892013695,0.0107860099916
2700,1.02491504972,0.024609730837,0.0122294701219
2701,1.02048789663,0.0202808429589,0.0100891807527
2702,1.0242609255,0.0239713042163,0.0119141102903
2703,1.02240657402,0.0221592346082,0.0110184644029
2704,1.02683935193,0.0264854941078,0.0131554476653
2705,1.02456956798,0.0242725907168,0.0120629475493
2706,1.02445801762,0.0241637094485,0.0120091621656
2707,1.02228637029,0.0220416582925,0.0109603222913
2708,1.02636000108,0.0260185634532,0.0129250267823
2709,1.0252249589,0.0249120606029,0.0123787750533
2710,1.02423030203,0.0239414056524,0.0118993390053
2711,1.02333257284,0.0230645297763,0.0114660232048
2712,1.0229156041,0.0226569851324,0.0112645668161
2713,1.0190298957,0.0188510920795,0.00938126481479
2714,1.02452663246,0.0242306839306,0.012042246699
2715,1.02330991774,0.0230423909805,0.0114550806684
2716,1.02124000799,0.0210175830457,0.0104537670886
2717,1.02174075797,0.0215077981225,0.0106962826076
2718,1.02297356214,0.0227136431768,0.0112925763274
2719,1.02374596658,0.0234684163287,0.0116656308393
2720,1.02370381757,0.0234272441232,0.0116452846771
2721,1.02373529305,0.0234579903183,0.0116604786337
2722,1.02099391746,0.0207765817281,0.0103345189311
2723,1.02306242548,0.0228005070837,0.0113355168897
2724,1.02348941588,0.0232177849633,0.0115417692824
2725,1.02327664816,0.0230098787204,0.0114390106229
2726,1.02266756619,0.0224144744184,0.0111446700793
2727,1.02361008156,0.0233356743725,0.0116000319437
2728,1.02380263842,0.0235237721257,0.0116929854792
2729,1.02370517381,0.0234285689642,0.0116459393833
2730,1.0246086545,0.0243107391938,0.0120817915165
2731,1.02205393757,0.021814266881,0.0108478663343
2732,1.02328815393,0.0230211226989,0.0114445682866
2733,1.0244317998,0.0241381172238,0.011996519643
2734,1.02360186643,0.0233276487018,0.0115960656494
2735,1.02302117564,0.0227601863014,0.0113155848261
2736,1.02275272459,0.0224977418085,0.0111858389235
2737,1.02296699622,0.0227072246876,0.0112894033184
2738,1.02360651778,0.0233321927907,0.0115983113445
2739,1.0210663329,0.0208475056356,0.0103696137804
2740,1.02423340202,0.0239444323074,0.0119008343241
2741,1.02663680673,0.0262882235388,0.0130581051715
2742,1.02482170107,0.024518647279,0.0121844842703
2743,1.02378616953,0.0235076859915,0.0116850364276
2744,1.02436609955,0.02407398181,0.0119648361289
2745,1.02153825784,0.0213095871829,0.0105982323393
2746,1.02278801711,0.0225322485932,0.0112028991751
2747,1.02147550395,0.0212481545156,0.0105678410777
2748,1.01970659226,0.0195149312687,0.00971001602129
2749,1.02299372627,0.0227333542737,0.0113023205333
2750,1.02429871625,0.0240081991663,0.0119323378119
2751,1.02653628424,0.0261903043789,0.013009783728
2752,1.02301063056,0.0227498784723,0.011310489218
2753,1.02334976226,0.0230813271237,0.0114743255443
2754,1.02414143349,0.023854635726,0.0118564693646
2755,1.02185308106,0.0216177251443,0.0107506567189
2756,1.0218158171,0.0215812574421,0.0107326187292
2757,1.02720855791,0.026844985217,0.0133328126459
2758,1.02441379721,0.024120543828,0.0119878383167
2759,1.02119584153,0.0209743342351,0.0104323685085
2760,1.02291654895,0.0226579088121,0.0112650234534
2761,1.02028377797,0.0200808022946,0.00999016459201
2762,1.02515642204,0.0248452078113,0.0123457618836
2763,1.02271114805,0.0224570893781,0.0111657398698
2764,1.0242602595,0.0239706539891,0.0119137890501
2765,1.02124064371,0.0210182055444,0.0104540750843
2766,1.02195912113,0.0217214920912,0.0108019810795
2767,1.02153491444,0.0213063142691,0.0105966132246
2768,1.02436539364,0.0240732926979,0.0119644956954
2769,1.02083286068,0.0206188241971,0.0102564522608
2770,1.02353877422,0.023266009349,0.0115656028906
2771,1.02029443838,0.0200912507142,0.00999533659757
2772,1.02653622469,0.0261902463762,0.0130097551039
2773,1.02584764299,0.0255192396116,0.0126785609832
2774,1.02362702292,0.0233522248423,0.0116082111517
2775,1.02513950048,0.0248287013589,0.0123376105161
2776,1.02593380318,0.0256032253448,0.0127200205702
2777,1.02365987457,0.0233843176973,0.0116240711817
2778,1.02317941854,0.0229148562883,0.0113920417724
2779,1.02546395872,0.0251451528315,0.0124938717623
2780,1.02438588195,0.0240932934743,0.0119743763846
2781,1.02369010978,0.0234138536489,0.0116386673857
2782,1.02501546124,0.0247076966173,0.0122778527922
2783,1.02277033949,0.0225149646842,0.0111943539986
2784,1.02537000075,0.0250535237907,0.0124486286062
2785,1.02280190533,0.0225458272894,0.0112096124399
2786,1.02404498305,0.0237604544161,0.0118099359429
2787,1.02174339849,0.0215103824591,0.0106975609536
2788,1.02428044847,0.0239903645836,0.0119235268854
2789,1.02340193973,0.0231323127663,0.0114995255315
2790,1.02362296938,0.0233482648517,0.0116062541387
2791,1.01877473767,0.018600667654,0.00925721948513
2792,1.02379986014,0.0235210584367,0.0116916444993
2793,1.02270416136,0.0224502578171,0.0111623622233
2794,1.02612558329,0.025790140124,0.0128122848684
2795,1.02393145971,0.0236495904959,0.0117551571125
2796,1.02583635517,0.0255082361398,0.0126731289864
2797,1.02233361118,0.0220878682387,0.0109831737624
2798,1.02239271104,0.0221456753519,0.0110117594531
2799,1.02345572617,0.0231848679022,0.0115255005786
2800,1.02096033237,0.0207436866874,0.0103182412541
2801,1.02165671128,0.021425536412,0.0106555908627
2802,1.02532840015,0.0250129516666,0.0124285948746
2803,1.02388294024,0.0236022039114,0.0117317420612
2804,1.02279328707,0.022537401123,0.011205446575
2805,1.02639738003,0.0260549817364,0.0129430004066
2806,1.02219453608,0.0219518220833,0.0109158955058
2807,1.02445896143,0.024164630727,0.0120096172729
2808,1.02331847614,0.0230507543926,0.011459214464
2809,1.0235538833,0.0232807708506,0.0115728982516
2810,1.02181533742,0.0215807879961,0.0107323865254
2811,1.02374261221,0.0234651397567,0.0116640116636
2812,1.02379776456,0.0235190115699,0.011690633031
2813,1.02124406856,0.0210215591545,0.0104557343584
2814,1.02241634999,0.0221687962844,0.0110231925522
2815,1.02376711629,0.0234890752513,0.0116758397482
2816,1.02412488124,0.0238384735142,0.0118484840398
2817,1.02301903834,0.0227580970984,0.0113145520443
2818,1.02287200009,0.0226143570396,0.0112434926387
2819,1.02037191311,0.0201671815391,0.0100329218195
2820,1.02179765669,0.0215634845914,0.0107238276394
2821,1.02064327497,0.0204330902526,0.0101645335062
2822,1.02343262498,0.0231622958895,0.0115143445861
2823,1.02351546568,0.0232432365817,0.0115543481332
2824,1.02315039749,0.0228864922865,0.0113780212341
2825,1.02546737074,0.0251484801162,0.0124955146179
2826,1.02311887873,0.0228556862113,0.0113627933353
2827,1.02169190203,0.0214599806043,0.0106726293005
2828,1.02354385755,0.0232709757611,0.0115680573738
2829,1.02298792084,0.0227276793133,0.0112995151193
2830,1.02198828751,0.0217500313541,0.0108160964699
2831,1.02429836709,0.0240078582848,0.0119321694049
2832,1.02230037076,0.0220553534564,0.0109670947983
2833,1.01985483942,0.0196603028756,0.00978199342851
2834,1.02415895595,0.0238717449867,0.0118649225311
2835,1.02187547017,0.0216396352133,0.0107614939202
2836,1.02566341735,0.0253396396619,0.0125898955618
2837,1.02095437773,0.0207378542777,0.0103153551351
2838,1.02059923754,0.0203899425725,0.0101431787238
2839,1.02694198298,0.0265854376078,0.0132047607824
2840,1.02329541379,0.0230282173134,0.0114480749902
2841,1.02336254437,0.0230938175147,0.0114804990611
2842,1.01966755274,0.0194766454807,0.00969105882363
2843,1.02436303925,0.0240709942994,0.0119633602451
2844,1.02617450595,0.0258378160627,0.0128358171384
2845,1.02780020201,0.027420792125,0.0136168366494
2846,1.0231496056,0.0228857183134,0.0113776386506
2847,1.02472763476,0.0244268550942,0.0121391463577
2848,1.02184646087,0.0216112465175,0.010747452225
2849,1.02054718925,0.0203389435014,0.0101179375128
2850,1.02544967347,0.0251312222076,0.0124869934501
2851,1.02162589131,0.0213953692935,0.0106406679151
2852,1.0223401832,0.0220942966675,0.0109863526695
2853,1.02298979133,0.0227295077732,0.0113004190185
2854,1.022014991,0.0217761599668,0.0108290193871
2855,1.02465729385,0.0243582092197,0.0121052394897
2856,1.02296766795,0.0227078813423,0.0112897279391
2857,1.02317199837,0.0229076041839,0.0113884570219
2858,1.02592343835,0.0255931224755,0.0127150333773
2859,1.02561260488,0.0252900973568,0.0125654359725
2860,1.02600563237,0.025673236376,0.01275458021
2861,1.02434964744,0.0240579209091,0.0119569017297
2862,1.02251843621,0.022268639294,0.0110725625303
2863,1.0220958686,0.0218552922749,0.0108681563042
2864,1.02284993564,0.0225927857312,0.0112328281954
2865,1.02205675301,0.0218170215579,0.0108492287307
2866,1.0234727789,0.0232015296778,0.0115337354144
2867,1.02192539631,0.0216884913784,0.0107856588249
2868,1.0240950897,0.02380938334,0.0118341111854
2869,1.02352393996,0.0232515161345,0.0115584400687
2870,1.0205160777,0.0203084578756,0.0101028488107
2871,1.02595682546,0.0256256654129,0.012731097823
2872,1.02216789414,0.0219257582741,0.0109030057721
2873,1.02259213871,0.0223407160808,0.0111082012442
2874,1.01928745369,0.0191038083628,0.0095064296493
2875,1.0272462574,0.0268816854576,0.0133509179413
2876,1.02434862153,0.0240569193853,0.0119564069552
2877,1.02129015299,0.0210666839109,0.0104780605786
2878,1.02381368181,0.0235345587023,0.0116983156894
2879,1.0246994977,0.0243993966322,0.0121255836948
2880,1.02146958026,0.0212423553553,0.0105649721357
2881,1.02432401128,0.0240328938303,0.011944537736
2882,1.02109151379,0.020872166697,0.010381816373
2883,1.02233498387,0.0220892109465,0.0109838377425
2884,1.02361528772,0.0233407604427,0.0116025454763
2885,1.0251191756,0.0248088747055,0.0123278194476
2886,1.01867713712,0.018504861171,0.0092097585577
2887,1.0228778832,0.0226201085809,0.0112463360715
2888,1.02236773345,0.0221212445309,0.010999678482
2889,1.02322290024,0.0229573520362,0.0114130473666
2890,1.02118288171,0.0209616433254,0.0104260892319
2891,1.02280990415,0.022553647754,0.0112134788325
2892,1.01925443591,0.0190714148439,0.00949038673327
2893,1.02016547402,0.019964843566,0.00993276278706
2894,1.02046178943,0.0202552595735,0.0100765180367
2895,1.02132272453,0.0210985759454,0.0104938393867
2896,1.0248305827,0.024527313763,0.0121887647047
2897,1.02510442912,0.0247944894662,0.0123207154717
2898,1.02428399769,0.0239938296548,0.0119252387616
2899,1.02244200368,0.022193887205,0.0110355996437
2900,1.02509025976,0.0247806670173,0.0123138893749
2901,1.02520181445,0.0248894853512,0.0123676270915
2902,1.02330050849,0.023033196022,0.0114505358431
2903,1.02267740769,0.0224240977418,0.0111494281052
2904,1.02423528296,0.023946268739,0.0119017416119
2905,1.02042584005,0.0202200304202,0.0100590808
2906,1.01963117879,0.0194409724848,0.0096733950227
2907,1.0167460821,0.0166074124448,0.00826932568166
2908,1.02278028402,0.0225246877739,0.0111991611099
2909,1.02618431028,0.0258473702641,0.0128405329098
2910,1.02416600311,0.0238786258884,0.0118683221554
2911,1.02697672826,0.0266192707666,0.0132214538412
2912,1.02159260733,0.0213627893427,0.0106245511447
2913,1.02182338977,0.0215886684054,0.0107362844345
2914,1.02129497489,0.0210714052835,0.0104803965267
2915,1.02302977423,0.0227685913621,0.0113197397936
2916,1.02365273472,0.0233773428464,0.0116206242883
2917,1.02515065037,0.0248395777584,0.0123429816068
2918,1.02310516591,0.0228422831619,0.0113561679364
2919,1.02053989179,0.0203317929352,0.0101143983979
2920,1.02315888353,0.0228947862832,0.0113821210393
2921,1.02819531694,0.0278051460132,0.013806378538
2922,1.0246075714,0.0243096821154,0.0120812693629
2923,1.02374473796,0.0234672162018,0.0116650377759
2924,1.02693057501,0.0265743288699,0.0131992797423
2925,1.02254559254,0.0222951972185,0.0110856943733
2926,1.02511223022,0.0248020994914,0.0123244735967
2927,1.02027683121,0.0200739936222,0.00998679425993
2928,1.02137053963,0.0211453916835,0.0105170013462
2929,1.02088145699,0.0206664276361,0.0102800095788
2930,1.02036436766,0.020159786702,0.0100292614901
2931,1.02541036549,0.0250928890412,0.0124680660185
2932,1.02046949043,0.0202628061314,0.0100802532871
2933,1.0252914369,0.0249769008595,0.012410793341
2934,1.01942760893,0.0192413020696,0.00957452062501
2935,1.02701617001,0.0266576757191,0.0132404022509
2936,1.02329810571,0.0230308479493,0.0114493752495
2937,1.02648584601,0.0261411687904,0.0129855352576
2938,1.02410558918,0.0238196357328,0.0118391767048
2939,1.02254067488,0.0222903879747,0.0110833164054
2940,1.02181867533,0.021584054638,0.0107340023156
2941,1.02189204219,0.0216558523348,0.0107695151882
2942,1.0255497081,0.0252287694174,0.0125351568447
2943,1.0247571859,0.0244556927173,0.0121533900345
2944,1.02353317627,0.0232605401226,0.0115628999011
2945,1.02064680721,0.0204365510401,0.0101662463098
2946,1.0234820407,0.0232105790149,0.0115382078865
2947,1.02202881505,0.0217896861529,0.0108357092198
2948,1.02492073505,0.0246152779444,0.0122322097526
2949,1.02081411551,0.0206004614007,0.0102473649895
2950,1.02424022919,0.0239510979238,0.0119041274636
2951,1.02305683953,0.0227950470388,0.0113328178098
2952,1.023342644,0.0230743712619,0.0114708875143
2953,1.02167662498,0.0214450277952,0.0106652326612
2954,1.02481820193,0.0245152328855,0.0121827978734
2955,1.02113579667,0.0209155339303,0.0104032746416
2956,1.02216671048,0.0219246002807,0.0109024330881
2957,1.02055381525,0.0203454360737,0.010121150948
2958,1.02002174713,0.0198239477826,0.0098630121807
2959,1.0214208301,0.0211946286987,0.0105413606411
2960,1.01857942876,0.0184089396654,0.00916223837232
2961,1.02295247206,0.0226930265172,0.0112823843527
2962,1.02172428462,0.0214916751729,0.0106883073284
2963,1.02312398153,0.0228606736903,0.0113652587359
2964,1.02281785218,0.0225614185065,0.0112173206327
2965,1.02260665418,0.0223549107587,0.0111152197196
2966,1.02362689163,0.0233520965742,0.0116081477622
2967,1.02247569717,0.0222268406031,0.0110518943782
2968,1.02221870472,0.0219754656825,0.0109275881908
2969,1.02367505678,0.0233991488988,0.0116314005558
2970,1.02642658208,0.0260834323483,0.0129570414945
2971,1.02274241298,0.0224876595459,0.0111808541689
2972,1.02354458698,0.0232716884109,0.0115684095766
2973,1.02340930466,0.0231395092576,0.0115030823926
2974,1.02298748725,0.0227272554646,0.0112993055895
2975,1.02301749228,0.0227565858253,0.0113138049572
2976,1.02501371207,0.0247059901338,0.0122770100261
2977,1.025063985,0.024755035033,0.0123012311163
2978,1.02344640157,0.0231757569634,0.011520997603
2979,1.0216469486,0.0214159806281,0.0106508638707
2980,1.02288872689,0.0226307096867,0.0112515769987
2981,1.0224601383,0.0222116236295,0.011044369951
2982,1.0226040123,0.0223523272821,0.0111139423384
2983,1.02169165101,0.021459734914,0.0106725077664
2984,1.02496195436,0.0246554942041,0.012252071716
2985,1.02450802298,0.0242125197884,0.0120332739557
2986,1.02299266533,0.0227323171759,0.0113018078451
2987,1.02557374016,0.0252522024835,0.0125467264414
2988,1.02271116668,0.0224571075899,0.0111657488741
2989,1.02372298636,0.0234459688904,0.0116545379897
2990,1.02552547546,0.0252051402145,0.0125234902722
2991,1.02064115502,0.0204310131709,0.0101635055211
2992,1.02122710786,0.0210049511415,0.0104475171423
2993,1.0244335076,0.024139784299,0.0119973431807
2994,1.02487416162,0.0245698358994,0.0122097664035
2995,1.02214838477,0.0219066718184,0.0108935665491
2996,1.02295506233,0.0226955586672,0.0112836361425
2997,1.02426196313,0.0239723172644,0.0119146107795
2998,1.02357266534,0.0232991205153,0.011581966863
2999,1.02121608817,0.0209941604399,0.0104421781451
3000,1.02354441046,0.023271515954,0.0115683243457
3001,1.02059189222,0.0203827454814,0.0101396166726
3002,1.02037609242,0.020171277396,0.0100349491991
3003,1.02476279706,0.0244611683076,0.0121560945525
3004,1.02222531088,0.021981928229,0.0109307841488
3005,1.02050462502,0.0202972353736,0.0100972942338
3006,1.02291706313,0.0226584114746,0.0112652719534
3007,1.02326783011,0.0230012612177,0.0114347511503
3008,1.02287487761,0.0226171702136,0.0112448834097
3009,1.01971163836,0.0195198798407,0.00971246627888
3010,1.02629254183,0.0259528345934,0.0128925865929
3011,1.02536983088,0.025053358133,0.0124485468085
3012,1.02562117349,0.025298451946,0.012569560769
3013,1.02301398644,0.022753158865,0.0113121108616
3014,1.02327640008,0.023009636285,0.0114388907918
3015,1.02422060582,0.0239319387826,0.0118946618841
3016,1.02080482671,0.0205913619595,0.0102428618813
3017,1.0227552338,0.0225001951927,0.0111870518933
3018,1.02463867382,0.0243400370977,0.0120962633769
3019,1.02115776479,0.0209370471134,0.0104139192722
3020,1.02296827395,0.0227084737273,0.0112900207876
3021,1.02512154283,0.0248111839278,0.0123289598243
3022,1.02547513172,0.0251560483263,0.0124992514315
3023,1.02160623815,0.0213761319733,0.0106311515582
3024,1.02396096759,0.0236784083044,0.0117693965352
3025,1.02314612038,0.0228823119374,0.0113759548394
3026,1.02110083731,0.0208812975861,0.0103863344096
3027,1.02424100234,0.0239518527697,0.0119045003936
3028,1.02440027341,0.0241073422444,0.0119813166326
3029,1.02144586651,0.0212191397509,0.0105534869029
3030,1.02464591054,0.0243470997742,0.012099751993
3031,1.02360519621,0.0233309016958,0.0115976732841
3032,1.02409504519,0.0238093398778,0.0118340897115
3033,1.02410918497,0.0238231468819,0.0118409114933
3034,1.02472272565,0.0244220644346,0.0121367801023
3035,1.02341059945,0.0231407744257,0.0115037076998
3036,1.02372744172,0.0234503209916,0.0116566886771
3037,1.0175771842,0.0174244921609,0.00867440443952
3038,1.02388504337,0.0236042579808,0.0117327570465
3039,1.02242604057,0.0221782743597,0.0110278793395
3040,1.01983784348,0.0196436376818,0.00977374230667
3041,1.02388689509,0.0236060665063,0.0117336506993
3042,1.0219855126,0.0217473161382,0.010814753545
3043,1.01995543288,0.0197589330881,0.00983082493063
3044,1.02274599016,0.0224911571785,0.0111825834305
3045,1.02377167061,0.0234935238368,0.0116780380681
3046,1.02148162492,0.0212541467831,0.0105708055443
3047,1.02226639186,0.0220221152174,0.0109506578057
3048,1.02879056795,0.0283839064464,0.0140917221734
3049,1.02184069166,0.0216056006326,0.0107446596181
3050,1.02378043206,0.0235020818068,0.0116822670738
3051,1.0214546534,0.0212277421259,0.0105577426888
3052,1.01910019578,0.0189200769609,0.0094154330835
3053,1.02520864955,0.0248961524147,0.0123709193899
3054,1.02437715629,0.02408477549,0.0119701683823
3055,1.0215116757,0.0212835651648,0.0105853591402
3056,1.0212433326,0.021020838505,0.0104553778011
3057,1.0235095815,0.0232374875805,0.0115515068415
3058,1.02321932214,0.0229538551317,0.011411318868
3059,1.02548384226,0.0251645424465,0.0125034453977
3060,1.02180447706,0.0215701594482,0.0107271292723
3061,1.02537022005,0.025053737668,0.0124487342136
3062,1.02385408182,0.0235740182425,0.0117178144621
3063,1.02336701364,0.023098184742,0.0114826576034
3064,1.02155394648,0.0213249449265,0.0106058297994
3065,1.02028383672,0.0200808598836,0.00999019309885
3066,1.02355281724,0.0232797293189,0.0115723835124
3067,1.02272554864,0.0224711700724,0.0111727015818
3068,1.02755909643,0.0271861805107,0.0135011213893
3069,1.02222738484,0.0219839570964,0.0109317874935
3070,1.02561099652,0.0252885291589,0.0125646617258
3071,1.02322754114,0.0229618875931,0.0114152892602
3072,1.02288068337,0.02262284612,0.0112476894465
3073,1.02462163194,0.0243234048693,0.0120880478224
3074,1.02599501726,0.0256628902689,0.0127494731234
3075,1.02350312036,0.0232311748293,0.0115483869219
3076,1.02688228352,0.0265273026826,0.0131760767318
3077,1.02437253874,0.0240802678215,0.0119679415242
3078,1.0236080873,0.0233337261157,0.0115990691147
3079,1.02179655246,0.0215624039209,0.0107232930985
3080,1.02450007686,0.0242047637191,0.0120294425791
3081,1.02279102116,0.0225351857071,0.0112043512788
3082,1.02226414155,0.0220199139142,0.0109495692064
3083,1.02251855288,0.0222687533934,0.0110726189484
3084,1.02132868715,0.0211044140656,0.0104967278104
3085,1.02495055075,0.0246443682585,0.0122465768858
3086,1.02588271546,0.0255534277943,0.0126954382018
3087,1.02420426588,0.0239159851273,0.0118867799067
3088,1.02514495117,0.0248340183708,0.0123402362189
3089,1.02180522187,0.0215708883659,0.0107274898215
3090,1.02261191244,0.0223600527685,0.0111177621439
3091,1.023372043,0.0231030992469,0.0114850866371
3092,1.02295690632,0.022697361277,0.0112845272771
3093,1.0223534973,0.0221073197494,0.0109927926513
3094,1.02485352542,0.0245497003464,0.0121998215021
3095,1.02549271481,0.0251731944679,0.0125077173091
3096,1.02151877686,0.0212905167587,0.0105887981386
3097,1.02216786934,0.0219257340081,0.0109029937714
3098,1.02324073736,0.0229747841713,0.0114216639196
3099,1.02315512349,0.0228911113414,0.0113803044811
3100,1.02352748573,0.0232549804032,0.0115601521808
3101,1.02300658899,0.0227459278029,0.0113085362234
3102,1.02351194057,0.0232397924613,0.0115526459688
3103,1.02504229618,0.0247338763021,0.0122907818349
3104,1.023795486,0.0235167859651,0.0116895332373
3105,1.02301322085,0.0227524104918,0.0113117409078
3106,1.02312594285,0.0228625906808,0.0113662063371
3107,1.0244804749,0.0241856303361,0.0120199909243
3108,1.02179471376,0.0215606044467,0.0107224030091
3109,1.0221606069,0.0219186290432,0.0108994800154
3110,1.02720534041,0.0268418529352,0.0133312673848
3111,1.0231371984,0.0228735917598,0.0113716443414
3112,1.02455617986,0.0242595235582,0.0120564927631
3113,1.02312937873,0.0228659488917,0.0113678663561
3114,1.02152122915,0.0212929173928,0.010589985745
3115,1.01869853915,0.0185258705836,0.00922016646354
3116,1.02353362233,0.0232609759244,0.0115631152824
3117,1.02639628229,0.0260539122211,0.0129424725701
3118,1.0227814067,0.0225257854462,0.0111997037994
3119,1.02620431374,0.0258668631214,0.0128501541423
3120,1.02528896024,0.0249744852933,0.0124096005468
3121,1.02263446474,0.0223821061495,0.0111286661822
3122,1.02166485297,0.0214335054883,0.0106595329354
3123,1.02236073051,0.0221143947795,0.010996291273
3124,1.02096738476,0.0207505942625,0.0103216593987
3125,1.02462170883,0.0243234799106,0.0120880848895
3126,1.02583353344,0.0255054854773,0.012671771084
3127,1.0205478627,0.0203396033906,0.010118264119
3128,1.02102048855,0.0208026061189,0.0103473965679
3129,1.02270038699,0.022446567234,0.0111605375279
3130,1.02495173397,0.0246455226722,0.0122471470237
3131,1.02348500749,0.0232134777406,0.0115396405252
3132,1.02398891527,0.0237057016292,0.0117828824926
3133,1.02185898057,0.0216234984696,0.0107535123439
3134,1.02410556704,0.0238196141143,0.0118391660235
3135,1.02468592408,0.0243861501038,0.0121190407198
3136,1.02535908794,0.0250428809407,0.0124433734117
3137,1.0254032313,0.0250859316164,0.0124646306729
3138,1.02379110296,0.0235125047869,0.0116874176685
3139,1.02371749457,0.0234406043423,0.0116518869728
3140,1.02124577541,0.0210232304993,0.0104565612929
3141,1.02167411543,0.0214425714859,0.0106640176044
3142,1.02684908291,0.0264949706961,0.0131601236139
3143,1.02498379172,0.0246767995079,0.0122625937948
3144,1.02612828325,0.0257927713402,0.0128135836197
3145,1.02501234001,0.02470465155,0.0122763489509
3146,1.01831529892,0.0181495940595,0.00903374533167
3147,1.01917084098,0.0189893957165,0.00944976553326
3148,1.02423820206,0.0239491187642,0.0119031496634
3149,1.02381531926,0.0235361580701,0.011699106018
3150,1.01960204954,0.0194124036586,0.00965924868735
3151,1.0231954099,0.0229304852479,0.0113997671992
3152,1.02331475931,0.0230471222563,0.0114574192049
3153,1.02241326223,0.0221657762258,0.0110216991671
3154,1.02036179219,0.0201572626289,0.01002801211
3155,1.02306167616,0.0227997746554,0.0113351548267
3156,1.02242425841,0.022176531285,0.0110270174129
3157,1.02366173874,0.0233861387812,0.011624971139
3158,1.02603163224,0.0256985769165,0.012767088797
3159,1.02569435763,0.0253698053187,0.0126047883866
3160,1.02053666713,0.0203286331748,0.010112834496
3161,1.02407893546,0.0237936090555,0.0118263173497
3162,1.0239732888,0.023690441117,0.0117753421141
3163,1.02256711919,0.0223162490203,0.0110961035325
3164,1.02397577615,0.0236928702357,0.0117765423709
3165,1.02238785632,0.0221409269449,0.011009411391
3166,1.02270886173,0.0224548538303,0.0111646345761
3167,1.0231584789,0.0228943908078,0.0113819255522
3168,1.0256561617,0.0253325655372,0.0125864030245
3169,1.02324230818,0.0229763193154,0.0114224227245
3170,1.02269762805,0.0224438695261,0.0111592037269
3171,1.02329373799,0.023026579665,0.0114472655396
3172,1.02191950995,0.0216827312963,0.0107828098429
3173,1.02160511688,0.0213750344134,0.0106306086123
3174,1.02489203227,0.0245872726699,0.0122183783018
3175,1.02167832037,0.0214466872209,0.0106660535247
3176,1.0253591353,0.0250429271243,0.0124433962161
3177,1.02536601913,0.0250496406857,0.0124467112215
3178,1.02187015787,0.0216344366166,0.0107589225909
3179,1.0185429999,0.0183731746466,0.00914451954828
3180,1.02309914014,0.0228363934541,0.0113532565205
3181,1.01975024285,0.0195577373616,0.00973121101699
3182,1.02147292005,0.0212456249418,0.0105665896561
3183,1.02440017237,0.0241072436087,0.0119812679057
3184,1.02104128521,0.0208229744166,0.010357475286
3185,1.02358954195,0.0233156083177,0.01159011525
3186,1.02278494514,0.0225292450635,0.0112014142332
3187,1.02542455909,0.0251067308243,0.0124749005963
3188,1.02330599718,0.0230385597211,0.0114531869805
3189,1.02183302913,0.0215981018462,0.0107409505039
3190,1.0222329843,0.0219894347843,0.0109344963933
3191,1.02299001053,0.0227297220421,0.0113005249422
3192,1.02238125934,0.0221344744058,0.0110062206357
3193,1.02441812186,0.0241247654044,0.0119899237989
3194,1.01980624515,0.0196126535162,0.00975840152062
3195,1.02285405012,0.0225968082914,0.0112348168811
3196,1.02205252217,0.0218128820168,0.0108471814134
3197,1.0242053614,0.0239170547506,0.011887308361
3198,1.02481690655,0.02451396888,0.0121821735701
3199,1.024051119,0.0237664462696,0.0118128964835
3200,1.02241989425,0.0221722628378,0.0110249067212
3201,1.021773977,0.0215403097892,0.0107123644332
3202,1.02325193997,0.0229857322836,0.0114270754382
3203,1.02150539464,0.0212774163617,0.0105823172776
3204,1.02580054339,0.0254733256924,0.0126558948246
3205,1.02308537153,0.0228229356223,0.0113466039773
3206,1.02623148342,0.0258933386662,0.0128632217208
3207,1.01986648255,0.0196717192649,0.00978764576952
3208,1.02582079063,0.0254930634894,0.0126656387753
3209,1.02116363289,0.02094279362,0.0104167625995
3210,1.02387287905,0.023592377363,0.0117268864163
3211,1.02374065953,0.0234632323682,0.0116630690928
3212,1.02301712801,0.0227562297543,0.0113136289359
3213,1.02028832857,0.0200852624168,0.00999237237199
3214,1.02366516134,0.0233894822635,0.0116266234449
3215,1.01987288164,0.0196779936855,0.00979075226902
3216,1.0220978512,0.0218572320098,0.0108691156305
3217,1.02291947857,0.0226607728005,0.0112664393152
3218,1.02199048464,0.0217521812147,0.0108171597731
3219,1.02024804935,0.020045783364,0.00997282989739
3220,1.01846589108,0.0182974667582,0.00910701105032
3221,1.02278439758,0.0225287097008,0.0112011495502
3222,1.02532725812,0.025011837846,0.0124280448858
3223,1.02361834497,0.0233437471578,0.011604021506
3224,1.02613308158,0.0257974474805,0.0128158917281
3225,1.02097863944,0.0207616177524,0.0103271142383
3226,1.02433679686,0.0240453757273,0.01195070412
3227,1.02268706153,0.0224335374685,0.0111540953337
3228,1.02225134509,0.0220073960773,0.010943378801
3229,1.02404227214,0.0237578071513,0.0118086279416
3230,1.02572741481,0.0254020338749,0.0126206994195
3231,1.02518202902,0.0248701861086,0.0123580967671
3232,1.02693702363,0.0265806083555,0.0132023780379
3233,1.02355640565,0.0232832351501,0.0115741161411
3234,1.0222668683,0.0220225812726,0.0109508882815
3235,1.02338982521,0.0231204752001,0.0114936747942
3236,1.02203502561,0.0217957628251,0.0108387146288
3237,1.02132641449,0.021102188861,0.0104956268862
3238,1.02016551437,0.0199648831259,0.00993278237052
3239,1.02447703878,0.0241822763248,0.0120183340749
3240,1.02345197729,0.0231812049283,0.0115236901988
3241,1.02427556533,0.023985597178,0.011921171602
3242,1.02605852135,0.025724783478,0.0127800247023
3243,1.0239475844,0.0236653381945,0.0117629383728
3244,1.02521891321,0.02490616365,0.0123758630711
3245,1.02383052665,0.0235510116032,0.0117064458708
3246,1.0253478391,0.0250319102466,0.012437956306
3247,1.0239213417,0.0236397089248,0.0117502743945
3248,1.02490315937,0.0245981294664,0.0122237403592
3249,1.02638798409,0.0260458273992,0.01293848247
3250,1.02791408901,0.0275315925407,0.013671480968
3251,1.02751198025,0.027140326934,0.013478503879
3252,1.02392236968,0.0236407128863,0.0117507704768
3253,1.02264435825,0.0223917806273,0.0111334495775
3254,1.02634714289,0.0260060354161,0.012918843707
3255,1.02377740943,0.0234991293814,0.0116808081056
3256,1.02502865465,0.0247205679598,0.0122842094268
3257,1.02209918052,0.0218585325945,0.0108697588546
3258,1.02206825689,0.0218282771138,0.0108547954359
3259,1.02405061766,0.0237659567016,0.0118126545911
3260,1.02239825031,0.0221510932873,0.0110144385867
3261,1.0247835905,0.0244814590839,0.0121661165615
3262,1.02740696577,0.0270381190242,0.0134280874408
3263,1.02269760441,0.0224438464089,0.0111591922973
3264,1.02173357596,0.0215007689093,0.010692805588
3265,1.02288243038,0.0226245540551,0.0112485338085
3266,1.02243280894,0.0221848942436,0.0110311527743
3267,1.0240914841,0.0238058625668,0.0118323716299
3268,1.02311227537,0.0228492320383,0.0113596029124
3269,1.02633420637,0.0259934309148,0.0129126228545
3270,1.02570329839,0.0253785220692,0.0126090918161
3271,1.02669318124,0.0263431338692,0.0130852014523
3272,1.02817409877,0.0277845094697,0.0137962026717
3273,1.02205747317,0.0218177261767,0.0108495772177
3274,1.02291633102,0.0226576957662,0.0112649181305
3275,1.02049425552,0.0202870741654,0.0100922649172
3276,1.02361459195,0.0233400807199,0.0116022095581
3277,1.02389367615,0.0236126893442,0.0117369232578
3278,1.02480386341,0.0245012415134,0.0121758873902
3279,1.02309204929,0.0228294626804,0.0113498304711
3280,1.02614160176,0.0258057506332,0.0128199900898
3281,1.02561020379,0.0252877562293,0.0125642801167
3282,1.02344888357,0.0231781821021,0.0115221962016
3283,1.02291997454,0.0226612576535,0.0112666790104
3284,1.02360727225,0.0233329298643,0.0115986756068
3285,1.0215676851,0.0213383935836,0.0106124827885
3286,1.02244043261,0.0221923506187,0.0110348398288
3287,1.02315396235,0.0228899764793,0.0113797435073
3288,1.02363051996,0.0233556411525,0.0116098994768
3289,1.02615798374,0.0258217151456,0.0128278699821
3290,1.02213906452,0.0218975534828,0.0108890570366
3291,1.02448972295,0.024194657362,0.0120244501748
3292,1.02074860836,0.020536287863,0.010215606516
3293,1.01861213231,0.0184410461707,0.00917814441356
3294,1.02104783022,0.0208293845304,0.0103606471415
3295,1.02401364243,0.0237298492136,0.0117948139487
3296,1.02400407699,0.0237205080496,0.0117901984445
3297,1.02468476295,0.0243850169486,0.0121184810085
3298,1.02161516105,0.0213848661166,0.0106354721935
3299,1.02247581625,0.0222269570646,0.0110519519654
3300,1.0209085762,0.0206929917847,0.0102931550259
3301,1.01973786431,0.0195455984917,0.00972520062675
3302,1.02559888054,0.0252767156631,0.012558829177
3303,1.02397079493,0.0236880056309,0.0117741387097
3304,1.02067536345,0.0204645292216,0.0101800930872
3305,1.02406627561,0.0237812468017,0.0118202093039
3306,1.02274455274,0.0224897517223,0.0111818885604
3307,1.02143987052,0.0212132696393,0.010550582818
3308,1.0236443739,0.0233691751848,0.0116165879059
3309,1.02576684669,0.0254404759834,0.0126396777082
3310,1.02544075093,0.0251225210755,0.0124826972002
3311,1.02266792965,0.0224148298216,0.0111448458005
3312,1.01859614293,0.0184253488181,0.00917036774301
3313,1.02416736643,0.023879957044,0.0118689798337
3314,1.02295492583,0.0226954252292,0.0112835701764
3315,1.01894909217,0.0187717943755,0.00934198714051
3316,1.01998831233,0.0197911687262,0.00984678416964
3317,1.01921564449,0.0190333554939,0.00947153747792
3318,1.02481380019,0.0245109377351,0.0121806764595
3319,1.02109518264,0.0208757597516,0.0103835942475
3320,1.02304713041,0.0227855566943,0.0113281264026
3321,1.02130075192,0.0210770618357,0.0104831951574
3322,1.02323915336,0.0229732361522,0.0114208987503
3323,1.02185113176,0.0216158175325,0.0107497131666
3324,1.01990175072,0.019706299831,0.00980476667339
3325,1.02099321045,0.0207758892576,0.0103341762739
3326,1.02124165361,0.0210191944358,0.0104545643608
3327,1.0228173142,0.0225608925258,0.0112170605924
3328,1.02258646194,0.0223351647163,0.011105456391
3329,1.02045506033,0.0202486653837,0.0100732541596
3330,1.0214155397,0.0211894492316,0.0105387982035
3331,1.02207051264,0.0218304841571,0.0108558869784
3332,1.02778551087,0.0274064982486,0.0136097870047
3333,1.02644922143,0.02610548858,0.0129679266586
3334,1.02557249377,0.0252509871748,0.012546126411
3335,1.02291817797,0.0226595013353,0.0112658107448
3336,1.02292817976,0.022669278987,0.0112706444823
3337,1.02652208572,0.0261764728077,0.0130029578916
3338,1.02455921344,0.0242624844291,0.0120579553486
3339,1.02178111652,0.0215472971397,0.0107158206769
3340,1.02388167655,0.0236009696934,0.0117311321918
3341,1.02261377475,0.0223618738972,0.0111186625844
3342,1.02609186097,0.0257572758451,0.0127960631289
3343,1.02407123695,0.0237860915297,0.0118226030321
3344,1.02102299138,0.0208050574252,0.010348609538
3345,1.02315853726,0.0228944478431,0.0113819537453
3346,1.02537045629,0.0250539680626,0.0124488479769
3347,1.01984310752,0.0196487993082,0.00977629789234
3348,1.02267190251,0.0224187146228,0.0111467665514
3349,1.02241968089,0.0221720541525,0.0110248035289
3350,1.02062038902,0.0204106669274,0.0101534357427
3351,1.02131987413,0.021095785051,0.0104924585821
3352,1.02146428095,0.021237167408,0.010562405564
3353,1.02351401057,0.0232418149114,0.011553645511
3354,1.02452649219,0.0242305470154,0.0120421790658
3355,1.0221680032,0.0219258649663,0.0109030585366
3356,1.02332051817,0.0230527498955,0.0114602007815
3357,1.0228841524,0.0226262375427,0.0112493660836
3358,1.02362396007,0.0233492326773,0.011606732435
3359,1.02526763145,0.0249536823591,0.0123993281043
3360,1.02396708662,0.0236843841307,0.011772349278
3361,1.02339569087,0.0231262067751,0.0114965076392
3362,1.02357191731,0.0232983897074,0.011581605691
3363,1.02116671273,0.0209458096238,0.0104182548918
3364,1.02334657312,0.0230782107474,0.0114727852341
3365,1.02099623621,0.0207788527973,0.0103356427298
3366,1.02154374025,0.0213149539892,0.0106008872996
3367,1.02534359841,0.0250277743794,0.0124359140912
3368,1.02386432972,0.023584027329,0.0117227603507
3369,1.02279855054,0.0225425472802,0.0112079908178
3370,1.02587579095,0.0255466779702,0.0126921061301
3371,1.02245343793,0.0222050704173,0.0110411295277
3372,1.01920745325,0.0190253186567,0.00946755711193
3373,1.02226766156,0.02202335726,0.0109512720262
3374,1.02791660987,0.0275340449372,0.0136726904015
3375,1.02339990657,0.0231303260914,0.0114985436164
3376,1.02240350258,0.0221562304725,0.0110169788844
3377,1.022876548,0.0226188032462,0.011245690744
3378,1.02079966028,0.0205863008115,0.0102403572244
3379,1.0261777744,0.0258410011332,0.0128373892309
3380,1.01941391311,0.0192278671649,0.00956786746671
3381,1.02553569923,0.025215109456,0.0125284124559
3382,1.02551583501,0.0251957396681,0.012518848852
3383,1.02146766139,0.0212404768101,0.010564042786
3384,1.02547123627,0.0251522496439,0.0124973758289
3385,1.02406728028,0.0237822278585,0.011820694034
3386,1.0202950475,0.0200918477209,0.00999563211724
3387,1.02496171816,0.0246552637598,0.0122519579055
3388,1.02099723485,0.0207798309046,0.0103361267287
3389,1.02179542519,0.0215613007011,0.0107227474035
3390,1.0257069744,0.0253821059558,0.012610861163
3391,1.02154369142,0.0213149061824,0.0106008636495
3392,1.02602787635,0.0256949163155,0.0127652818625
3393,1.02527162384,0.0249575763539,0.0124012509584
3394,1.02237294731,0.0221263443035,0.0110022003172
3395,1.02273563961,0.0224810367703,0.0111775797999
3396,1.02222417607,0.0219808180865,0.0109302351448
3397,1.02394966495,0.0236673700904,0.0117639423697
3398,1.02584651469,0.0255181397382,0.0126780180187
3399,1.02213629751,0.0218948464024,0.0108877182343
3400,1.02321618992,0.0229507939885,0.011409805761
3401,1.01981565201,0.0196218776421,0.00976296856669
3402,1.02415921574,0.0238719986478,0.0118650478568
3403,1.02334705109,0.023078677816,0.0114730160891
3404,1.02152397581,0.0212956061801,0.0105913159006
3405,1.02429909944,0.0240085732598,0.0119325226268
3406,1.02429810716,0.0240076045236,0.0119320440383
3407,1.0230963358,0.0228336524319,0.0113519015682
3408,1.02126975345,0.0210467094255,0.0104681779334
3409,1.0254463022,0.0251279346071,0.0124853701746
3410,1.02020977992,0.0200082727387,0.00995426145417
3411,1.02202835677,0.0217892377491,0.0108354874473
3412,1.02502473589,0.024716744873,0.0122823213634
3413,1.02481391186,0.0245110467004,0.0121807302785
3414,1.02569725501,0.0253726301211,0.0126061829838
3415,1.02432395291,0.0240328368458,0.0119445095841
3416,1.02302596206,0.022764865003,0.0113178977031
3417,1.02471343545,0.0244129983352,0.0121323020591
3418,1.01820878233,0.0180449877951,0.00898191333717
3419,1.02125158186,0.0210289161373,0.0104593743818
3420,1.02187158184,0.0216358301095,0.0107596118408
3421,1.02688632079,0.0265312342598,0.0131780166171
3422,1.02307972636,0.0228174178127,0.011343876373
3423,1.02134654305,0.0211218969245,0.0105053774457
3424,1.01926697748,0.0190837194157,0.00949648061286
3425,1.0209751509,0.0207582008867,0.0103254234471
3426,1.0204452131,0.0202390154994,0.0100684778089
3427,1.02278728232,0.0225315301783,0.0112025439917
3428,1.02274516697,0.0224903522908,0.0111821854869
3429,1.02144903502,0.0212222417341,0.010555021525
3430,1.02149134199,0.0212636594564,0.0105755115915
3431,1.02458668425,0.0242892963913,0.0120711995922
3432,1.02626775076,0.0259286783552,0.01288066412
3433,1.0249760084,0.0246692058747,0.0122588435298
3434,1.01986640557,0.0196716437861,0.00978760839947
3435,1.02233459718,0.0220888326975,0.0109836506953
3436,1.02156140718,0.0213322481864,0.0106094426942
3437,1.02474896703,0.0244476723782,0.0121494285942
3438,1.02272769163,0.0224732654495,0.0111737375643
3439,1.02583631593,0.0255081978873,0.0126731101026
3440,1.02422742573,0.0239385974021,0.0118979515873
3441,1.02399253166,0.0237092332917,0.0117846275157
3442,1.02543090791,0.0251129222095,0.0124779576657
3443,1.02334359748,0.0230753029905,0.0114713480346
3444,1.02297934064,0.0227192918879,0.0112953687848
3445,1.02150817292,0.0212801361438,0.0105836627769
3446,1.02246503788,0.0222164155633,0.0110467394531
3447,1.02219794729,0.0219551592241,0.0109175458609
3448,1.02464537255,0.0243465747285,0.0120994926466
3449,1.02303906421,0.0227776721724,0.0113242287924
3450,1.02297213774,0.0227122507589,0.0112918879802
3451,1.02748543482,0.0271144919305,0.0134657604036
3452,1.02397054496,0.0236877615171,0.0117740180899
3453,1.02413052396,0.0238439832959,0.0118512062856
3454,1.02367596394,0.023400035076,0.0116318384905
3455,1.02503120179,0.0247230528968,0.0122854366318
3456,1.02294764452,0.0226883072776,0.0112800513523
3457,1.02428331275,0.023993160962,0.0119249084023
3458,1.02447206397,0.024177420364,0.0120159352719
3459,1.02429929726,0.0240087663906,0.0119326180399
3460,1.02158064026,0.0213510751491,0.0106187562599
3461,1.019840628,0.0196463680259,0.00977509413495
3462,1.02546937773,0.0251504372657,0.0124964809644
3463,1.0228835086,0.0226256081519,0.0112490549282
3464,1.02267821955,0.0224248915966,0.0111498206069
3465,1.02361718954,0.0233426183824,0.0116034636673
3466,1.02033136471,0.0201274419011,0.0100132511574
3467,1.02283872675,0.0225818271854,0.0112274104554
3468,1.02455607606,0.0242594222487,0.0120564427191
3469,1.02587483205,0.0255457432531,0.0126916447033
3470,1.02122955555,0.0210073479487,0.0104487030248
3471,1.02296492241,0.0227051974364,0.0112884011355
3472,1.02181960598,0.0215849654145,0.0107344528156
3473,1.0238936871,0.0236127000339,0.0117369285399
3474,1.02409077248,0.0238051676858,0.0118320283003
3475,1.02346825188,0.0231971064658,0.011531549314
3476,1.02275319159,0.0224981984174,0.0111860646742
3477,1.02089062758,0.0206754106088,0.0102844548826
3478,1.02521653174,0.0249038407536,0.0123747159961
3479,1.02226565723,0.0220213965886,0.010950302426
3480,1.02519274633,0.0248806401148,0.0123632591609
3481,1.02010127056,0.0199019072346,0.00990160669695
3482,1.02305446461,0.0227927256445,0.011331670266
3483,1.02419284449,0.0239048335841,0.0118812703977
3484,1.02344272241,0.023172162085,0.0115192208704
3485,1.02529495396,0.0249803311602,0.0124124872036
3486,1.02403336034,0.0237491045482,0.0118043280136
3487,1.02603642381,0.0257032469106,0.0127693939803
3488,1.02254744156,0.022297005474,0.0110865884777
3489,1.02378920936,0.0235106551959,0.011686503681
3490,1.02915582301,0.0287388768873,0.0142666907938
3491,1.02359241162,0.0233184118502,0.0115915007686
3492,1.02349404781,0.0232223105789,0.0115440059709
3493,1.01942811139,0.0192417949464,0.00957476470385
3494,1.02166778694,0.021436377239,0.0106609535039
3495,1.02444800015,0.0241539310898,0.0120043316894
3496,1.02708916214,0.0267287452258,0.0132754658868
3497,1.02269838895,0.0224446135376,0.0111595715813
3498,1.02492539794,0.0246198274447,0.012234456675
3499,1.02241839644,0.0221707978663,0.0110241823108
3500,1.02392352229,0.0236418385619,0.0117513267006
3501,1.01859080769,0.0184201109715,0.00916777283283
3502,1.02579255362,0.02546553685,0.0126520496834
3503,1.02156481373,0.0213355828295,0.010611092325
3504,1.02128700945,0.0210636058996,0.0104765376975
3505,1.02279784674,0.0225418591721,0.0112076506199
3506,1.02379410505,0.0235154371149,0.0116888666957
3507,1.02389393861,0.023612945672,0.0117370499174
3508,1.01908932404,0.01890940893,0.00941014927602
3509,1.02215266008,0.0219108544845,0.0108956350979
3510,1.02471112153,0.0244107402141,0.012131186696
3511,1.02547989767,0.0251606958759,0.0125015461582
3512,1.02422375671,0.0239350151569,0.0118961817739
3513,1.02541569118,0.0250980827439,0.0124706304888
3514,1.02446742177,0.0241728890434,0.0120136968331
3515,1.02122530881,0.0210031894846,0.0104466455159
3516,1.02487317717,0.0245688753422,0.0122092919889
3517,1.02395703523,0.0236745679548,0.0117674989579
3518,1.02352294974,0.0232505486676,0.0115579619264
3519,1.02293356968,0.0226745480856,0.0112732493351
3520,1.02313712022,0.0228735153521,0.011371606572
3521,1.02260370203,0.0223520238703,0.0111137923185
3522,1.0232427744,0.0229767749411,0.0114226479351
3523,1.02232938932,0.0220837386068,0.0109811316226
3524,1.025822386,0.025494618699,0.0126664065309
3525,1.02334297102,0.0230746908233,0.0114710454622
3526,1.02296190121,0.0227022440544,0.0112869411129
3527,1.02328644057,0.023019448329,0.0114437406825
3528,1.02539894688,0.0250817533325,0.0124625675692
3529,1.02320455966,0.0229394275429,0.0114041873668
3530,1.02337334426,0.0231043707887,0.0114857151059
3531,1.02186688597,0.0216312347397,0.0107573388755
3532,1.02309354693,0.0228309265108,0.0113505540789
3533,1.02253067012,0.0222806037103,0.0110784784824
3534,1.02483155524,0.0245282627324,0.0121892334059
3535,1.02585744055,0.0255287902582,0.012683275751
3536,1.02565042526,0.0253269725667,0.0125836417331
3537,1.02323633887,0.0229704855761,0.0114195391684
3538,1.02453726141,0.0242410583675,0.0120473714384
3539,1.01778509657,0.0176287922798,0.00877566323618
3540,1.02498898475,0.0246818659511,0.0122650959493
3541,1.02581529654,0.0254877076736,0.0126629947813
3542,1.02287573382,0.0226180072712,0.0112452972321
3543,1.02536370492,0.0250473837197,0.0124455967838
3544,1.02439167135,0.0240989450398,0.0119771683264
3545,1.02168287207,0.0214511423223,0.0106682573137
3546,1.02273654736,0.0224819243411,0.0111780186247
3547,1.02413478824,0.0238481470935,0.0118532635092
3548,1.02367740519,0.0234014429867,0.0116325342574
3549,1.02087054426,0.0206557380586,0.0102747197204
3550,1.02022533687,0.0200235213965,0.00996180985972
3551,1.02404324201,0.0237587542472,0.0118090958975
3552,1.02449811486,0.0242028486344,0.012028496555
3553,1.02414293984,0.0238561065653,0.0118571960644
3554,1.02212582981,0.021884605349,0.0108826534455
3555,1.02348117574,0.0232097339047,0.0115377902068
3556,1.02564465791,0.0253213494451,0.012580865548
3557,1.02246578025,0.0222171416283,0.0110470984752
3558,1.0226860722,0.02243257008,0.0111536170345
3559,1.02422880208,0.023939941189,0.0118986154864
3560,1.02165764481,0.021426450149,0.0106560428629
3561,1.02426945978,0.0239796363179,0.0119182266977
3562,1.02100217319,0.0207846676711,0.0103385201124
3563,1.02464731391,0.0243484693863,0.0121004285128
3564,1.02609934818,0.0257645726429,0.0127996648361
3565,1.02088552716,0.0206704145436,0.0102819825378
3566,1.02348470186,0.023213179117,0.0115394929364
3567,1.02354286356,0.0232700046379,0.0115675774291
3568,1.02464968537,0.0243507838021,0.0121015717174
3569,1.02440821233,0.0241150920367,0.011985145095
3570,1.02608027962,0.0257459889298,0.0127904918696
3571,1.02223656163,0.0219929343035,0.0109362270186
3572,1.02173308056,0.0215002840525,0.0106925657519
3573,1.02349574891,0.0232239726298,0.0115448274026
3574,1.02219350954,0.0219508178299,0.0109153988601
3575,1.02666146527,0.0263122420106,0.0130699575183
3576,1.02294462442,0.0226853549299,0.0112785918286
3577,1.02181874057,0.0215841184852,0.0107340338965
3578,1.02638442612,0.0260423608996,0.0129367716443
3579,1.02397247794,0.0236896492455,0.0117749508406
3580,1.02305003486,0.0227883957043,0.0113295298263
3581,1.02240617154,0.0221588409483,0.0110182697417
3582,1.02494068221,0.0246347399042,0.0122418216544
3583,1.02464893001,0.0243500466117,0.0121012075827
3584,1.02325457143,0.0229883039362,0.0114283465704
3585,1.02371093488,0.0234341966086,0.0116487204319
3586,1.02252129056,0.0222714307803,0.0110739428181
3587,1.0193966911,0.0192109729911,0.00955950116509
3588,1.02197202202,0.0217341156896,0.010808224679
3589,1.02394329827,0.0236611523035,0.0117608700443
3590,1.02403418322,0.0237499081091,0.0118047250512
3591,1.02497148887,0.024664796469,0.0122566658517
3592,1.02610658083,0.0257716213017,0.0128031440491
3593,1.02453501147,0.0242388623174,0.0120462866411
3594,1.02354658453,0.0232736400147,0.0115693740896
3595,1.02282520423,0.0225686065197,0.0112208743178
3596,1.02196201752,0.0217243262351,0.0108033828433
3597,1.0261011617,0.0257663400361,0.0128005372213
3598,1.02433191463,0.0240406094795,0.0119483494734
3599,1.02016743346,0.0199667642788,0.00993371360402
3600,1.02688897589,0.0265338198311,0.0131792923656
3601,1.02539934695,0.0250821434958,0.0124627602196
3602,1.02308198417,0.0228196246851,0.0113449672913
3603,1.02454919705,0.0242527080925,0.0120531261099
3604,1.0231044704,0.0228416033596,0.0113558318952
3605,1.02001753809,0.0198198213534,0.00986096931347
3606,1.02730686718,0.0269406859092,0.0133800238827
3607,1.02503791372,0.024729600901,0.0122886704061
3608,1.02508685823,0.0247773487408,0.0123122506657
3609,1.02254352832,0.0222931785148,0.0110846962103
3610,1.02176495216,0.0215314772236,0.0107079954495
3611,1.02482012342,0.0245171078459,0.012183723932
3612,1.02321853407,0.022953084952,0.0114109381724
3613,1.02473676239,0.0244357624301,0.0121435459522
3614,1.02453540595,0.0242392473463,0.0120464768364
3615,1.01986748021,0.0196726974897,0.00978813009453
3616,1.02387399336,0.0235934656853,0.011727424196
3617,1.02481103494,0.0245082394348,0.0121793437419
3618,1.02336910541,0.023100228751,0.0114836678721
3619,1.02123804353,0.0210156594382,0.0104528153389
3620,1.02187517082,0.021639342269,0.0107613490243
3621,1.02282460908,0.0225680246453,0.0112205866451
3622,1.02466814188,0.0243687961458,0.0121104688603
3623,1.0234590218,0.0231880879981,0.0115270920686
3624,1.02389095602,0.0236100326836,0.0117356105172
3625,1.02288967944,0.0226316409152,0.0112520373739
3626,1.02460605194,0.024308199144,0.012080536835
3627,1.02384597419,0.0235660994718,0.0117139014644
3628,1.02365528639,0.023379835557,0.0116218561594
3629,1.02374886143,0.0234712440304,0.0116670281958
3630,1.02183680576,0.0216017977829,0.0107427786216
3631,1.0223820405,0.0221352384705,0.0110065984632
3632,1.02220394573,0.0219610273794,0.0109204479014
3633,1.02299683877,0.0227363968128,0.0113038246078
3634,1.02316734649,0.0229030576461,0.0113862096395
3635,1.0251608114,0.0248494894599,0.0123478762755
3636,1.02244917216,0.0222008983219,0.0110390665101
3637,1.0245445085,0.0242481318731,0.0120508655764
3638,1.02338021915,0.0231110886369,0.0114890354448
3639,1.02169963805,0.0214675523527,0.0106763747624
3640,1.02592770872,0.02559728493,0.0127170881395
3641,1.02096650513,0.0207497326995,0.0103212330635
3642,1.02333653541,0.0230684019914,0.0114679371111
3643,1.02330809368,0.0230406084743,0.0114541996242
3644,1.02411821347,0.0238319627945,0.0118452672458
3645,1.01922005451,0.0190376823606,0.00947368041791
3646,1.01871440515,0.0185414452332,0.00922788195787
3647,1.02092971096,0.0207136934867,0.010303399281
3648,1.02301275969,0.022751959707,0.0113115180649
3649,1.02066056577,0.0204500311849,0.0101729178385
3650,1.02444441811,0.024150434525,0.0120026043925
3651,1.0245180457,0.0242223026949,0.0120381065369
3652,1.02487533859,0.0245709843073,0.0122103335964
3653,1.02363473095,0.0233597549276,0.011611932482
3654,1.02538557908,0.0250687165625,0.012456130399
3655,1.02504993365,0.0247413271623,0.0122944614697
3656,1.02167435838,0.021442809289,0.0106641352379
3657,1.02048837853,0.0202813151894,0.0100894144857
3658,1.02506175603,0.0247528605628,0.012300157255
3659,1.02371994842,0.0234430013387,0.0116530715055
3660,1.02490718221,0.0246020545476,0.0122256789084
3661,1.02013109256,0.0199311411545,0.00991607881974
3662,1.02188708076,0.0216509971834,0.0107671137534
3663,1.02382111381,0.0235418178127,0.0117019027784
3664,1.02552180739,0.0252015634361,0.0125217242783
3665,1.02218839576,0.0219458150703,0.0109129247808
3666,1.02412711573,0.0238406553692,0.0118495620409
3667,1.02020490031,0.0200034897803,0.00995189377754
3668,1.02371199043,0.0234352277097,0.0116492299769
3669,1.02094822451,0.0207318273287,0.0103123727412
3670,1.02454625821,0.0242498396673,0.012051709183
3671,1.02255223543,0.0223016936258,0.0110889065631
3672,1.02722959359,0.0268654634987,0.0133429152185
3673,1.02214756904,0.0219058737665,0.0108931718699
3674,1.02317229746,0.0229078965025,0.0113886015167
3675,1.02428037481,0.0239902926634,0.0119234913541
3676,1.02243013919,0.0221822830664,0.0110298615871
3677,1.02132260529,0.0210984591972,0.0104937816251
3678,1.0218804245,0.0216444834721,0.0107638919594
3679,1.02146618163,0.0212390281513,0.0105633261082
3680,1.02365395866,0.0233785385112,0.0116212151733
3681,1.02396146013,0.0236788893159,0.0117696342103
3682,1.02213833893,0.0218968436129,0.0108887059665
3683,1.01965612293,0.0194654360685,0.00968550841753
3684,1.02470495089,0.0244047183627,0.012128212292
3685,1.02245359496,0.0222052239979,0.0110412054701
3686,1.02164481804,0.0214138952088,0.0106498322663
3687,1.02207633683,0.0218361825655,0.010858705248
3688,1.02138622271,0.0211607465035,0.0105245979837
3689,1.02293378372,0.0226747573275,0.0112733527766
3690,1.02348103525,0.0232095966385,0.0115377223656
3691,1.02149085464,0.0212631823652,0.0105752755686
3692,1.02263514677,0.0223827730855,0.0111289959391
3693,1.02289350125,0.0226353772023,0.0112538844953
3694,1.02494832387,0.0246421955855,0.0122455038526
3695,1.021379654,0.021154315318,0.0105214162287
3696,1.02100092993,0.0207834499842,0.0103379175632
3697,1.02432420519,0.0240330831413,0.0119446312609
3698,1.02538796692,0.0250710452874,0.0124572802574
3699,1.02430992182,0.0240191388533,0.0119377423726
3700,1.02453039933,0.024234360612,0.0120440629003
3701,1.02228532693,0.0220406376772,0.0109598175766
3702,1.02214303597,0.0219014389088,0.0108909785934
3703,1.02346686176,0.0231957482242,0.0115308780244
3704,1.0239718429,0.0236890290691,0.0117746444036
3705,1.02328449271,0.0230175447972,0.0114427998079
3706,1.02335867954,0.0230900409054,0.0114786324334
3707,1.02450542456,0.0242099835236,0.0120320210823
3708,1.0245627675,0.0242659532955,0.0120596688666
3709,1.01978384271,0.0195906859304,0.00974752485229
3710,1.02362719208,0.0233523900966,0.0116082928197
3711,1.0257437343,0.0254179439163,0.012628554011
3712,1.02249726007,0.0222479292883,0.0110623221309
3713,1.02176119758,0.0215278026188,0.0107061778193
3714,1.022096058,0.0218554775807,0.0108682479501
3715,1.02445945404,0.0241651115773,0.0120098548106
3716,1.02459958197,0.0243018845286,0.0120774176644
3717,1.02525449182,0.0249408664742,0.0123929995958
3718,1.02284612522,0.0225890604231,0.0112309864625
3719,1.02433898688,0.0240475137122,0.0119517603367
3720,1.02328310025,0.02301618402,0.0114421272046
3721,1.0257961147,0.0254690083854,0.0126537634885
3722,1.02226125568,0.0220170908954,0.0109481731514
3723,1.02212800749,0.0218867358822,0.0108837071186
3724,1.02609610805,0.0257614149294,0.012798106187
3725,1.02506253869,0.0247536240858,0.0123005343207
3726,1.02348267127,0.0232111951168,0.011538512383
3727,1.01973087932,0.0195387486753,0.00972180902064
3728,1.02473746397,0.0244364470741,0.0121438841171
3729,1.01965984897,0.0194690902743,0.00968731782233
3730,1.02228713602,0.0220424073324,0.0109606927063
3731,1.02428477897,0.0239945924202,0.0119256155961
3732,1.02477563986,0.0244737006865,0.0121622845501
3733,1.02325299918,0.0229867674238,0.0114275870938
3734,1.02083774924,0.0206236129836,0.0102588220933
3735,1.02083902491,0.0206248626094,0.0102594404961
3736,1.02315943065,0.0228953210113,0.0113823853601
3737,1.02186800075,0.0216323256601,0.0107578784679
3738,1.02502302731,0.0247150780069,0.0122814981665
3739,1.02410544812,0.0238194979945,0.011839108651
3740,1.02355541293,0.0232822652807,0.0115736368189
3741,1.02265029141,0.0223975823967,0.0111363181612
3742,1.02417319761,0.0238856506085,0.0118717928235
3743,1.02169287832,0.0214609361655,0.0106731019818
3744,1.02486653139,0.0245623908315,0.012206089314
3745,1.02685181531,0.0264976316464,0.013161436579
3746,1.02577224656,0.0254457401922,0.0126422765402
3747,1.02482401468,0.0245209048506,0.0121855993018
3748,1.02252776358,0.0222777612111,0.0110770729771
3749,1.02132526199,0.0211010604264,0.0104950685905
3750,1.02354457436,0.0232716760878,0.0115684034864
3751,1.02356025317,0.0232869941152,0.0115759738685
3752,1.02369434916,0.0234179949134,0.0116407139164
3753,1.02350078383,0.0232288919535,0.0115472586651
3754,1.02665823146,0.0263090921709,0.0130684031814
3755,1.02527060653,0.0249565841203,0.0124007609939
3756,1.02321306622,0.0229477411558,0.0114082967596
3757,1.02299142506,0.0227311047796,0.0113012084979
3758,1.0230982667,0.0228355397323,0.0113528345058
3759,1.02206795123,0.0218279780562,0.0108546475302
3760,1.01893846297,0.0187613627874,0.00933682005886
3761,1.0219568118,0.0217192323779,0.0108008634269
3762,1.02195361077,0.0217161001199,0.0107993142122
3763,1.02230392353,0.0220588287164,0.0109688133701
3764,1.02486685396,0.0245627055743,0.0122062447645
3765,1.02434434389,0.02405274342,0.0119543439352
3766,1.02147591881,0.0212485606605,0.0105680420041
3767,1.02340529259,0.0231355889459,0.0115011447827
3768,1.02273175572,0.0224772392174,0.0111757022453
3769,1.02515585235,0.0248446521071,0.0123454874617
3770,1.02416134913,0.0238740817125,0.0118660770308
3771,1.02241543201,0.0221678984373,0.0110227485771
3772,1.02241800454,0.0221704145641,0.0110239927725
3773,1.02366771321,0.0233919751389,0.0116278553899
3774,1.02111995741,0.0209000224025,0.0103955995333
3775,1.02417817221,0.0238905077804,0.0118741925749
3776,1.02029201095,0.0200888715673,0.0099941589136
3777,1.02228030636,0.0220357265407,0.010957388918
3778,1.0272629004,0.0268978868913,0.0133589104738
3779,1.02537236214,0.0250558267532,0.0124497657524
3780,1.02546386046,0.0251450570092,0.0124938244497
3781,1.02475630478,0.0244548328891,0.0121529653452
3782,1.02222170571,0.021978401437,0.0109290400266
3783,1.02133893454,0.0211144474037,0.0105016918084
3784,1.02283412946,0.0225773325303,0.011225188357
3785,1.02537228912,0.0250557555481,0.0124497305932
3786,1.02356024315,0.0232869843267,0.0115759690309
3787,1.0234452074,0.023174590145,0.0115204209151
3788,1.02300979707,0.0227490637301,0.0113100864544
3789,1.02330592308,0.0230384873121,0.0114531511907
3790,1.02460002319,0.024302315154,0.0120776303766
3791,1.02439521168,0.0241024010623,0.0119788756395
3792,1.02489938904,0.0245944507357,0.0122219234762
3793,1.02119342638,0.020971969209,0.0104311983312
3794,1.02329668898,0.0230294634727,0.0114486909366
3795,1.02474962485,0.0244483143171,0.012149745664
3796,1.02579524005,0.025468155735,0.0126533425578
3797,1.02550772635,0.0251878327248,0.0125149448655
3798,1.02095125058,0.0207347913086,0.0103138394472
3799,1.02536504328,0.0250486889765,0.0124462412896
3800,1.02273526394,0.0224806694546,0.0111773981948
3801,1.02589476002,0.0255651684097,0.0127012339664
3802,1.02059666931,0.0203874261763,0.0101419332871
3803,1.02314471136,0.0228809347962,0.0113752741017
3804,1.02280351663,0.0225474026702,0.0112103913003
3805,1.0230917815,0.0228292009269,0.0113497010798
3806,1.02332212603,0.0230543211132,0.0114609773868
3807,1.02190743664,0.0216709168786,0.0107769663131
3808,1.02215309519,0.0219112801602,0.0108958456167
3809,1.0227631096,0.0225078957394,0.0111908590861
3810,1.02451920303,0.024223432329,0.0120386645545
3811,1.02531143778,0.0249964081791,0.0124204259032
3812,1.02264144815,0.0223889349697,0.0111320425887
3813,1.02126329609,0.0210403865355,0.010465049578
3814,1.02371680464,0.0234399304002,0.011651553928
3815,1.02348600722,0.0232144545225,0.0115401232802
3816,1.02364492527,0.0233697138206,0.0116168540952
3817,1.02098967084,0.0207724224214,0.0103324607678
3818,1.0218326726,0.021597752937,0.0107407779231
3819,1.02345788429,0.0231869765603,0.0115265427554
3820,1.0223837751,0.0221369350932,0.0110074374372
3821,1.0219465305,0.0217091719166,0.0107958875145
3822,1.02545570166,0.0251371007766,0.0124898960275
3823,1.02268899548,0.0224354285077,0.0111550303065
3824,1.02084391961,0.0206296573758,0.0102618132807
3825,1.02043393343,0.0202279617615,0.0100630065719
3826,1.02202876625,0.021789638404,0.0108356856041
3827,1.0233258734,0.0230579830708,0.0114627873791
3828,1.0227500212,0.0224950985565,0.0111845320802
3829,1.02369187131,0.0234155744128,0.0116395177536
3830,1.02348512624,0.0232135937625,0.0115396978668
3831,1.02140019026,0.0211744215013,0.0105313634975
3832,1.02400751566,0.0237238660991,0.0117918576719
3833,1.02455195588,0.0242554008173,0.0120544562435
3834,1.02177979365,0.0215460024667,0.0107151802769
3835,1.02343249271,0.0231621666551,0.0115142807129
3836,1.02583278013,0.0255047511375,0.0126714085667
3837,1.02169232239,0.0214603920445,0.010672832825
3838,1.02344065897,0.0231701458999,0.0115182243898
3839,1.0241919571,0.0239039671505,0.011880842328
3840,1.0218044662,0.0215701488165,0.0107271240134
3841,1.02129351386,0.0210699747144,0.0104796887384
3842,1.02231390155,0.0220685889984,0.01097363997
3843,1.02019781736,0.0199965470798,0.00994845696782
3844,1.02695225042,0.0265954356273,0.0132096937691
3845,1.02156425969,0.0213350404794,0.0106108240274
3846,1.02363139106,0.0233564921446,0.0116103200328
3847,1.02566685573,0.0253429919992,0.0125915506262
3848,1.02574219411,0.0254164423751,0.0126278127213
3849,1.02323356492,0.0229677746173,0.011418199167
3850,1.02409052714,0.0238049281238,0.0118319099366
3851,1.02463005194,0.024331622505,0.0120921069644
3852,1.01966057017,0.0194697975752,0.00968766804682
3853,1.02501441122,0.024706672222,0.0122773468832
3854,1.0226609377,0.0224079928358,0.0111414654003
3855,1.02195790803,0.0217203050558,0.0108013939727
3856,1.02281770485,0.0225612744592,0.011217249417
3857,1.02454162641,0.0242453188191,0.0120494759984
3858,1.01892600248,0.0187491338198,0.0093307626464
3859,1.01951272623,0.0193247937666,0.00961586591402
3860,1.02223453802,0.0219909547058,0.0109352480439
3861,1.02388766871,0.0236068220794,0.011734024053
3862,1.02396353221,0.0236809129105,0.0117706340986
3863,1.02437078093,0.024078551829,0.0119670937961
3864,1.02296798826,0.0227081944544,0.0112898827276
3865,1.02412146375,0.0238351365236,0.0118468353122
3866,1.02331455381,0.0230469214378,0.0114573199461
3867,1.02252198129,0.0222721063005,0.0110742768378
3868,1.02584988556,0.0255214256771,0.0126796401573
3869,1.02348960221,0.0232179670149,0.0115418592576
3870,1.02148659943,0.0212590166698,0.0105732147455
3871,1.02363578916,0.0233607887061,0.011612443369
3872,1.0223633661,0.0221169727165,0.0109975660668
3873,1.02389576246,0.0236147269644,0.0117379301097
3874,1.02260069658,0.0223490848512,0.0111123391398
3875,1.02496244204,0.0246559700097,0.0122523067039
3876,1.02100472954,0.0207871714349,0.0103397590509
3877,1.02397837985,0.0236954129651,0.0117777987625
3878,1.02325092848,0.0229847437765,0.0114265868324
3879,1.0224768859,0.0222280032052,0.0110524692546
3880,1.02400680636,0.0237231734267,0.0117915154196
3881,1.02500934153,0.0247017262323,0.0122749042471
3882,1.0255056824,0.0251858396127,0.0125139607808
3883,1.02289810802,0.0226398808593,0.0112561109795
3884,1.0271955174,0.0268322900435,0.0133265496704
3885,1.02045266915,0.0202463221286,0.0100720943335
3886,1.02127238482,0.0210492859928,0.0104694527303
3887,1.02554896398,0.025228043836,0.0125347986016
3888,1.02230431189,0.0220592086022,0.0109690012295
3889,1.021264999,0.0210420539869,0.0104658745784
3890,1.02138682108,0.021161332353,0.0105248878255
3891,1.02333414912,0.023066070117,0.0114667845441
3892,1.02308822778,0.0228257274105,0.0113479840318
3893,1.02186979097,0.0216340775695,0.0107587449988
3894,1.02239115234,0.0221441507896,0.0110110055657
3895,1.02372472299,0.0234476652769,0.0116553762973
3896,1.0264200991,0.026077116257,0.0129539243629
3897,1.02083022378,0.0206162411099,0.010255173963
3898,1.02320113467,0.0229360802201,0.0114025327907
3899,1.02313236947,0.0228688720175,0.0113693113031
3900,1.02496816166,0.0246615503148,0.0122550626668
3901,1.02465874899,0.0243596293434,0.0121059409559
3902,1.01996015524,0.0197635630453,0.00983311714843
3903,1.02541113071,0.0250936353003,0.0124684344958
3904,1.02048016188,0.0202732634746,0.0100854292388
3905,1.02384951847,0.023569561195,0.0117156120493
3906,1.02144339881,0.0212167238615,0.0105522917055
3907,1.02184920319,0.0216139301977,0.0107487796429
3908,1.02297217144,0.0227122837018,0.0112919042657
3909,1.02238588363,0.0221389974545,0.0110084572666
3910,1.02295501771,0.0226955150411,0.0112836145756
3911,1.02331517556,0.0230475290178,0.0114576202554
3912,1.02527157382,0.0249575275704,0.0124012268691
3913,1.0238312601,0.0235517279819,0.011706799867
3914,1.0245518445,0.024255292106,0.0120544025431
3915,1.02281081211,0.0225545354673,0.0112139177119
3916,1.02287589596,0.0226181657836,0.011245375597
3917,1.02199123226,0.0217529127438,0.010817521581
3918,1.02137905417,0.0211537280408,0.0105211256795
3919,1.02515008602,0.0248390272598,0.0123427097549
3920,1.02138087349,0.0211555092806,0.0105220069287
3921,1.01974271631,0.0195503565664,0.00972755652469
3922,1.02480411673,0.0245014886938,0.0121760094756
3923,1.02368775157,0.0234115500063,0.0116375289694
3924,1.02492059445,0.0246151407554,0.0122321419972
3925,1.01996395212,0.0197672856151,0.00983496012938
3926,1.02556808813,0.0252466913831,0.0125440054606
3927,1.0236939699,0.0234176244284,0.0116405308303
3928,1.02294153196,0.0226823318304,0.0112770973259
3929,1.02151100853,0.021282912043,0.010585036036
3930,1.02497504187,0.0246682628992,0.0122583778219
3931,1.02534388288,0.0250280518201,0.0124360510864
3932,1.02343567092,0.0231652720919,0.0115158155517
3933,1.02302903334,0.0227678671544,0.0113193817886
3934,1.02436777639,0.0240756187661,0.0119656448137
3935,1.02221882202,0.0219755804327,0.0109276449389
3936,1.02574499172,0.02541916977,0.0126291591973
3937,1.02629706972,0.0259572464724,0.0128947640898
3938,1.02092016432,0.0207043425157,0.010298771958
3939,1.02129572932,0.0210721439863,0.010480762007
3940,1.02289397622,0.0226358415441,0.0112541140534
3941,1.02073989967,0.0205277561593,0.0102113842333
3942,1.02348241084,0.0232109406617,0.0115383866235
3943,1.02423584867,0.0239468210641,0.0119020144876
3944,1.02208521983,0.0218448736605,0.0108630035991
3945,1.02055512663,0.0203467210471,0.0101217869318
3946,1.02078395659,0.0205709169777,0.0102327440462
3947,1.02395121667,0.0236688855107,0.0117646911659
3948,1.02089025982,0.0206750503659,0.0102842766136
3949,1.02647577321,0.0261313558475,0.0129806924874
3950,1.02600170643,0.0256694099319,0.0127526913885
3951,1.02374596434,0.0234684141441,0.0116656297598
3952,1.02545543724,0.0251368429176,0.0124897687083
3953,1.02289824556,0.0226400153191,0.0112561774527
3954,1.02507552397,0.0247662918026,0.0123067902494
3955,1.02622117917,0.0258832977512,0.0128582658301
3956,1.02452297947,0.0242271183773,0.0120404853894
3957,1.02222446576,0.0219811014807,0.0109303752931
3958,1.02501589559,0.02470812036,0.0122780620622
3959,1.02011691796,0.0199172461817,0.00990920020128
3960,1.02168117748,0.0214494836992,0.0106674368492
3961,1.02074049405,0.0205283384661,0.0102116724136
3962,1.02121112915,0.0209893044318,0.0104397754918
3963,1.02267334931,0.0224201293434,0.0111474660267
3964,1.02188916794,0.021653039658,0.0107681239944
3965,1.02617033175,0.025833748323,0.0128338093729
3966,1.02450344945,0.0242080556529,0.0120310687446
3967,1.02053163228,0.0203236996338,0.0101103926685
3968,1.02437464945,0.0240823283114,0.0119689594388
3969,1.02352689108,0.0232543994234,0.011559865049
3970,1.02218488694,0.0219423824055,0.0109112271771
3971,1.02032823299,0.0201243725749,0.0100117318601
3972,1.02105840293,0.0208397392369,0.0103657708408
3973,1.02195178305,0.0217143116531,0.0107984296355
3974,1.02321868518,0.022953232631,0.0114110111694
3975,1.02271628759,0.0224621147681,0.0111682245056
3976,1.02373068607,0.0234534901451,0.0116582547817
3977,1.0212874781,0.0210640647781,0.010476764733
3978,1.02146608258,0.0212389311836,0.0105632781365
3979,1.02834719056,0.0279528440217,0.0138792052658
3980,1.02606998764,0.025735958498,0.0127855407883
3981,1.02347831906,0.0232069427611,0.0115364107359
3982,1.02247394137,0.0222251233989,0.011051045265
3983,1.02126424371,0.0210413144238,0.0104655086669
3984,1.02232401257,0.0220784792761,0.0109785308305
3985,1.02494660994,0.0246405233707,0.0122446779834
3986,1.02292126043,0.0226625147351,0.0112673004694
3987,1.02258684641,0.0223355406878,0.0111056422891
3988,1.02583189807,0.0255038912869,0.0126709840891
3989,1.02119806019,0.0209765068477,0.0104334434815
3990,1.02360676577,0.0233324350639,0.0115984310761
3991,1.02353728466,0.0232645540486,0.0115648836558
3992,1.02245451741,0.0222061261918,0.0110416515863
3993,1.02732312488,0.0269565113368,0.0133878306934
3994,1.02449118563,0.0241960850811,0.0120251554503
3995,1.02353606353,0.0232633609965,0.0115642940283
3996,1.02535376099,0.0250376857156,0.0124408081189
3997,1.02153563479,0.0213070194361,0.0105969620718
3998,1.02093387991,0.0207177769628,0.0103054199801
3999,1.02086839856,0.0206536362257,0.0102736796013
4000,1.02240800334,0.0221606326043,0.0110191556988
4001,1.02104894146,0.0208304728618,0.0103611856692
4002,1.02625154751,0.0259128897133,0.0128728714524
4003,1.02202215697,0.0217831715588,0.0108324872127
4004,1.02143083772,0.0212044263995,0.010546207839
4005,1.02152940164,0.0213009176671,0.0105939435128
4006,1.02359715721,0.0233230480558,0.0115937919985
4007,1.02439945078,0.024106539203,0.0119809199226
4008,1.02521408647,0.024901455632,0.0123735381922
4009,1.02287543212,0.0226177123207,0.0112451514152
4010,1.02501559621,0.0247078282851,0.0122779178178
4011,1.02277403286,0.0225185758239,0.0111961393546
4012,1.02255003417,0.0222995409159,0.0110878421432
4013,1.02339473029,0.0231252681601,0.011496043727
4014,1.02648130272,0.0261367427133,0.0129833509541
4015,1.02381405649,0.0235349246719,0.0116984965336
4016,1.02129042638,0.0210669516001,0.0104781930207
4017,1.02137070471,0.0211455533135,0.0105170813113
4018,1.02395123508,0.0236689034924,0.011764700051
4019,1.02686514964,0.0265106171998,0.0131678438807
4020,1.02266708318,0.0224140021216,0.0111444365627
4021,1.02362540741,0.0233506466142,0.0116074311976
4022,1.0213317779,0.021107440261,0.0104982250244
4023,1.02377437405,0.0234961644974,0.0116793429786
4024,1.02515804268,0.0248467886844,0.0123465425612
4025,1.02447203024,0.0241773874316,0.0120159190035
4026,1.02139572614,0.0211700509044,0.0105292012109
4027,1.0204964881,0.0202892619081,0.0100933477483
4028,1.02363866172,0.0233635949321,0.0116138301875
4029,1.02430390103,0.0240132609409,0.0119348384967
4030,1.02234147162,0.0220955569304,0.0109869758779
4031,1.02265060031,0.0223978844565,0.0111364675092
4032,1.02166752714,0.0214361229485,0.0106608277142
4033,1.0227873145,0.0225315616372,0.0112025595449
4034,1.02446592708,0.0241714300448,0.0120129760975
4035,1.01956682805,0.0193778587115,0.00964214290521
4036,1.02265245804,0.0223997010351,0.0111373656829
4037,1.02694352079,0.0265869350734,0.0132054996281
4038,1.02296344253,0.0227037507819,0.0112876859732
4039,1.0207292804,0.0205173526067,0.010206235561
4040,1.02386684383,0.0235864828372,0.0117239737113
4041,1.02631131404,0.0259711257127,0.0129016142014
4042,1.02226737574,0.0220230776624,0.0109511337584
4043,1.0243316242,0.0240403259511,0.011948209403
4044,1.02434057162,0.0240490607925,0.0119525246314
4045,1.02218338857,0.0219409165577,0.0109105022501
4046,1.02639440426,0.0260520824939,0.0129415695467
4047,1.0248006273,0.0244980837243,0.0121743277189
4048,1.02279949117,0.0225434669428,0.0112084454953
4049,1.02329815404,0.0230308951812,0.011449398595
4050,1.02018634339,0.0199853002056,0.00994288945959
4051,1.02271093523,0.022456881287,0.011165636986
4052,1.02107684944,0.0208578051465,0.0103747101217
4053,1.02489766686,0.0245927703926,0.0122210935727
4054,1.02287077076,0.0226131551965,0.0112428984734
4055,1.02007007272,0.0198713236846,0.00988646621936
4056,1.02389932226,0.0236182036786,0.0117396480606
4057,1.02584115092,0.0255129110973,0.0126754368393
4058,1.02466702756,0.024367708652,0.0121099316983
4059,1.02227287359,0.022028455742,0.0109537933466
4060,1.02759949752,0.0272254972652,0.0135205141658
4061,1.02422904718,0.0239401804917,0.0118987337141
4062,1.02706430649,0.0267045448449,0.0132635262598
4063,1.02288425856,0.0226263413285,0.0112494173927
4064,1.02332506957,0.0230571975606,0.011462399126
4065,1.02364643114,0.0233711848995,0.0116175810897
4066,1.02142613634,0.0211998236406,0.0105439307278
4067,1.01924866628,0.0190657541897,0.00948758326308
4068,1.02639630717,0.0260539364653,0.0129424845354
4069,1.02347892586,0.0232075356393,0.0115367037551
4070,1.02164131466,0.0214104660473,0.0106481359441
4071,1.02386951741,0.0235890940904,0.01172526403
4072,1.0248111845,0.0245083853818,0.0121794158267
4073,1.02539622821,0.0250791019965,0.0124612584215
4074,1.02471881657,0.0244182496542,0.0121348958599
4075,1.0237522911,0.0234745941293,0.011668683701
4076,1.02259086607,0.0223394715581,0.0111075858948
4077,1.02160608098,0.0213759781281,0.0106310754534
4078,1.02168428876,0.0214525289505,0.0106689432311
4079,1.02182100021,0.0215863298806,0.010735127725
4080,1.02239651845,0.0221493993648,0.0110136009539
4081,1.02310846345,0.0228455062303,0.0113577611685
4082,1.02212998119,0.0218886668516,0.0108846620947
4083,1.0255110485,0.0251910722456,0.0125165443534
4084,1.0218711999,0.0216354563444,0.010759426969
4085,1.02385507711,0.0235749903462,0.0117182948183
4086,1.02334024113,0.0230720231943,0.0114697269471
4087,1.01971567763,0.0195238410163,0.00971442762835
4088,1.02387035214,0.0235899093633,0.0117256668867
4089,1.02473286187,0.0244319560568,0.0121416658751
4090,1.02962035183,0.0291901438359,0.0144890801349
4091,1.02230748261,0.0220623101461,0.0109705349899
4092,1.02328829912,0.0230212645874,0.0114446384189
4093,1.02208200322,0.0218417265454,0.0108614471339
4094,1.02329714558,0.02302990968,0.011448911486
4095,1.02450320787,0.0242078198497,0.0120309522615
4096,1.02308876931,0.0228262567237,0.011348245685
4097,1.02480491318,0.0245022658663,0.0121763933303
4098,1.02282464703,0.022568061751,0.0112206049898
4099,1.02375102974,0.0234733620364,0.0116680748428
4100,1.02064629446,0.0204360486653,0.010165997676
4101,1.0246750745,0.0243755618478,0.0121138107378
4102,1.02219943785,0.0219566174098,0.0109182669936
4103,1.02307331612,0.0228111521629,0.0113407790816
4104,1.02106122101,0.0208424991981,0.0103671365159
4105,1.02238614512,0.0221392532219,0.0110085837425
4106,1.02234971213,0.0221036173306,0.0109909617902
4107,1.02259356294,0.0223421088483,0.0111088898921
4108,1.02546808426,0.0251491759175,0.0124958581713
4109,1.02553368999,0.0252131502489,0.0125274451247
4110,1.02348251095,0.0232110384764,0.0115384349665
4111,1.02400968525,0.0237259848229,0.0117929045414
4112,1.02237939945,0.022132655233,0.0110053210599
4113,1.02592131537,0.02559105314,0.0127140118648
4114,1.02307779921,0.0228155341414,0.0113429452209
4115,1.0227314179,0.0224769089033,0.0111755389341
4116,1.02678998126,0.0264374127234,0.013131722954
4117,1.02117299864,0.0209519652186,0.0104213006193
4118,1.02525511336,0.0249414727083,0.0123932989562
4119,1.02465861133,0.0243594949991,0.0121058745969
4120,1.02301250538,0.0227517111209,0.0113113951778
4121,1.02296871929,0.0227089090773,0.011290236005
4122,1.02533398574,0.0250183992628,0.0124312848161
4123,1.02211687932,0.021875848566,0.010878322693
4124,1.02476609991,0.0244643913364,0.0121576864759
4125,1.01796261688,0.0178031953367,0.00886209574481
4126,1.02174001021,0.0215070662801,0.0106959206003
4127,1.02357614711,0.0233025220913,0.011583647951
4128,1.02075171923,0.0205393355018,0.0102171147674
4129,1.02070651286,0.020495047182,0.0101951966143
4130,1.0237008979,0.023424392058,0.01164387525
4131,1.0212935066,0.0210699676082,0.0104796852225
4132,1.0261486655,0.025812634399,0.0128233878419
4133,1.02427539132,0.0239854272935,0.0119210876723
4134,1.02065829773,0.0204478090494,0.0101718180729
4135,1.02569750854,0.0253728772913,0.012606305011
4136,1.02689863441,0.0265432254057,0.0131839331626
4137,1.02271061402,0.0224565672105,0.0111654817012
4138,1.0262701684,0.0259310341111,0.0128818268254
4139,1.02601764899,0.0256849483466,0.0127603614877
4140,1.02378671291,0.023508216751,0.0116852987063
4141,1.02226646805,0.0220221897463,0.0109506946621
4142,1.02357155386,0.0232980346313,0.0115814302092
4143,1.02088775694,0.0206725987002,0.0102830633868
4144,1.02126291486,0.0210400132395,0.0104648648833
4145,1.02364421469,0.0233690196481,0.011616511041
4146,1.02084692851,0.020632604836,0.0102632718865
4147,1.02191756523,0.0216808282814,0.010781868595
4148,1.0259559871,0.0256248482629,0.0127306944495
4149,1.02155456922,0.021325554522,0.0106061313645
4150,1.02174031753,0.0215073670607,0.010696069382
4151,1.02305498022,0.022793229629,0.0113319194027
4152,1.02509508978,0.024785378801,0.0123162162538
4153,1.02374792225,0.0234703266363,0.0116665748502
4154,1.02378865985,0.0235101184514,0.0116862384451
4155,1.02170307531,0.0214709166027,0.010678038927
4156,1.02263954648,0.0223870753952,0.0111311231514
4157,1.02311685845,0.0228537115766,0.0113618172361
4158,1.02288618705,0.022628226672,0.0112503494595
4159,1.02613495794,0.025799276049,0.0128167942945
4160,1.02260645475,0.0223547157435,0.0111151232958
4161,1.0238764268,0.0235958423867,0.0117285986097
4162,1.0249336096,0.0246278393743,0.0122384136211
4163,1.02261474056,0.022362818344,0.0111191295572
4164,1.02408686163,0.0238013488299,0.011830141463
4165,1.02532164869,0.0250063669681,0.0124253434393
4166,1.02416072363,0.0238734709669,0.0118657752815
4167,1.0231104959,0.0228474927686,0.0113587431558
4168,1.02414482582,0.0238579480787,0.0118581059032
4169,1.02053815679,0.0203300928564,0.0101135569557
4170,1.02132965143,0.0211053582062,0.0104971949254
4171,1.0219363879,0.0216992470882,0.0107909786618
4172,1.02432335591,0.0240322540281,0.011944221656
4173,1.02486093905,0.0245569341691,0.0122033942814
4174,1.02129592981,0.0210723402892,0.0104808591298
4175,1.02404033608,0.0237559165438,0.0118076938002
4176,1.02414508553,0.0238582016673,0.0118582311939
4177,1.02332021606,0.0230524546649,0.0114600548579
4178,1.02013566156,0.0199356199787,0.00991829602319
4179,1.02339813407,0.0231285941253,0.0114976875905
4180,1.02390297427,0.0236217704396,0.0117414105033
4181,1.02660898839,0.0262611266023,0.01304473353
4182,1.02260893178,0.022357138011,0.0111163209669
4183,1.02394729765,0.0236650581507,0.0117627999979
4184,1.02132393893,0.0210997649966,0.0104944276732
4185,1.02224404236,0.0220002522787,0.0109398459841
4186,1.01907342807,0.0188938105906,0.00940242346755
4187,1.02550997112,0.0251900216606,0.0125160256356
4188,1.02447740731,0.0241826360436,0.0120185117727
4189,1.02561645094,0.0252938473658,0.012567287415
4190,1.02828763476,0.0278949282433,0.0138506488757
4191,1.02452356757,0.0242276924033,0.0120407689466
4192,1.02302507821,0.0227640010527,0.0113174706169
4193,1.02279276799,0.022536893614,0.0112051956639
4194,1.02247005555,0.0222213229776,0.0110491660518
4195,1.02371127919,0.0234345329469,0.0116488866421
4196,1.02482077274,0.0245177414334,0.012184036866
4197,1.02119248024,0.0209710427033,0.0104307399105
4198,1.02406257591,0.02377763404,0.0118184242733
4199,1.02174073065,0.0215077713866,0.0106962693826
4200,1.02282750889,0.0225708597396,0.0112219882856
4201,1.0232698727,0.0230032573645,0.0114357378105
4202,1.02340913732,0.0231393457478,0.0115030015781
4203,1.01965574012,0.0194650606375,0.00968532252011
4204,1.02632924976,0.025988601467,0.0129102393081
4205,1.01774883914,0.0175931677886,0.00875800714762
4206,1.02139052649,0.0211649601664,0.0105266826394
4207,1.02531281388,0.0249977503039,0.0124210886306
4208,1.02357578256,0.0233021659362,0.0115834719363
4209,1.02142904445,0.0212026707488,0.010545339271
4210,1.021731661,0.0214988946836,0.0106918784951
4211,1.02399008244,0.0237068414519,0.0117834456886
4212,1.02406319156,0.0237782352182,0.0118187213098
4213,1.02150939359,0.0212813311084,0.0105842539355
4214,1.02254789614,0.0222974500333,0.011086808293
4215,1.02238505908,0.0221381909607,0.0110080584587
4216,1.02240988973,0.0221624776493,0.0110200680555
4217,1.02500432929,0.0246968362747,0.0122724892772
4218,1.02337975868,0.0231106386905,0.0114888130563
4219,1.02332740409,0.0230594788679,0.0114635267044
4220,1.0224446957,0.0221965201381,0.0110369015814
4221,1.02305844465,0.0227966159791,0.0113335933894
4222,1.0235015843,0.0232296740414,0.0115476451935
4223,1.02268984965,0.0224362637279,0.011155443258
4224,1.02731688607,0.0269504384334,0.0133848348886
4225,1.0193612614,0.0191762168324,0.00954228906193
4226,1.02485529782,0.024551429766,0.0122006756623
4227,1.02450820888,0.0242127012337,0.0120333635867
4228,1.02508289137,0.0247734789488,0.0123103395908
4229,1.02319839685,0.0229334044831,0.0114012101764
4230,1.02337715712,0.0231080965655,0.011487556596
4231,1.02406811212,0.0237830401431,0.0118210953754
4232,1.02557916357,0.0252574906505,0.0125493373469
4233,1.02447461473,0.0241799101852,0.0120171652229
4234,1.02322600233,0.0229603837137,0.0114145459038
4235,1.02140305035,0.0211772216656,0.0105327488339
4236,1.02361411342,0.0233396132326,0.0116019785264
4237,1.02259111959,0.0223397194798,0.0111077084788
4238,1.02693158803,0.0265753153169,0.0131997664555
4239,1.02249489391,0.0222456151935,0.0110611778825
4240,1.02111829108,0.0208983905342,0.010394792081
4241,1.0271100915,0.0267491223782,0.0132855191537
4242,1.02307571379,0.0228134957573,0.011341937589
4243,1.024645009,0.0243462199216,0.0120993173896
4244,1.02304709005,0.0227855172433,0.0113281069006
4245,1.02035921289,0.0201547347966,0.0100267608677
4246,1.02500176665,0.0246943361465,0.0122712545537
4247,1.02190667133,0.0216701679764,0.0107765958974
4248,1.02457236128,0.0242753170238,0.0120642942582
4249,1.02452963777,0.0242336172878,0.0120436957145
4250,1.02549970941,0.0251800151654,0.0125110849964
4251,1.02222275926,0.0219794320813,0.0109295497166
4252,1.02560934932,0.0252869230975,0.0125638687846
4253,1.02502021782,0.024712337097,0.0122801445419
4254,1.02253602564,0.0222858412097,0.011081068217
4255,1.01951810744,0.019330071977,0.00961847963852
4256,1.02405636851,0.0237715724709,0.0118154293032
4257,1.02360963118,0.0233352343833,0.011599814501
4258,1.02408963312,0.023804055134,0.0118314786062
4259,1.02277273053,0.0225173024958,0.0111955098186
4260,1.02206025403,0.0218204470199,0.0108509228784
4261,1.0263304481,0.0259897690683,0.0129108155716
4262,1.02246479688,0.0222161798632,0.0110466229049
4263,1.02184572197,0.0216105234051,0.0107470945546
4264,1.02660711003,0.0262592969241,0.0130438306243
4265,1.02347190228,0.0232006731552,0.0115333120925
4266,1.02560921844,0.0252867954867,0.0125638057808
4267,1.02220852919,0.0219655112731,0.0109226653626
4268,1.02251248479,0.0222628189272,0.011069684566
4269,1.02394472962,0.0236625501848,0.0117615607646
4270,1.02512705742,0.0248165633638,0.0123316163773
4271,1.02588368418,0.0255543720716,0.0126959043463
4272,1.02329148593,0.0230243788712,0.0114461777387
4273,1.02577467384,0.0254481064844,0.012643444728
4274,1.02140180921,0.021176006536,0.0105321476683
4275,1.02124769478,0.0210251099353,0.0104574911843
4276,1.02589893912,0.0255692420117,0.0127032448954
4277,1.02256703522,0.0223161669046,0.0110960629302
4278,1.02291632663,0.0226576914751,0.0112649160091
4279,1.02431629708,0.0240253627889,0.0119408171857
4280,1.02207904372,0.0218388309801,0.0108600150753
4281,1.02337118353,0.0231022594091,0.0114846715409
4282,1.01803209424,0.0178714443926,0.00889591728084
4283,1.02426201394,0.0239723668727,0.011914635288
4284,1.02500605373,0.0246985186498,0.012273320141
4285,1.02087034354,0.0206555414441,0.0102746224232
4286,1.02213780986,0.0218963259967,0.0108884499764
4287,1.02477873714,0.0244767230819,0.0121637773671
4288,1.02198935158,0.0217510725251,0.0108166114246
4289,1.02219336896,0.0219506803047,0.0109153308481
4290,1.02425455573,0.0239650853066,0.0119110378771
4291,1.02296086563,0.0227012317179,0.0112864406576
4292,1.02371184312,0.0234350838116,0.011649158866
4293,1.02508856903,0.0247790176649,0.0123130748533
4294,1.02163808318,0.0214073030209,0.0106465712698
4295,1.02323185598,0.0229661044737,0.0114173736299
4296,1.01972995667,0.019537843877,0.00972136101952
4297,1.02459651687,0.024298893012,0.0120759399699
4298,1.0244499708,0.0241558547055,0.0120052819509
4299,1.0217803233,0.0215465208277,0.0107154366802
4300,1.0212144501,0.0209925564073,0.0104413845033
4301,1.02415512525,0.0238680046446,0.0118630745477
4302,1.02102732207,0.0208092989319,0.0103507083423
4303,1.02260343476,0.0223517625107,0.0111136630911
4304,1.02309279012,0.0228301867828,0.011350188413
4305,1.02223814812,0.0219944862831,0.0109369945217
4306,1.02272078482,0.0224665121026,0.0111703986153
4307,1.0214979217,0.0212701007153,0.010578698156
4308,1.01942844819,0.0192421253323,0.00957492831511
4309,1.02104297102,0.0208246254851,0.0103582922695
4310,1.02465240817,0.0243534411023,0.0121028842878
4311,1.02022374708,0.020021963119,0.0099610384823
4312,1.02315653126,0.022892487252,0.011380984607
4313,1.02424424094,0.0239550147233,0.0119060625484
4314,1.02423992327,0.0239507992387,0.0119039798988
4315,1.01987364978,0.0196787468549,0.00979112516662
4316,1.02185896606,0.0216234842735,0.0107535053221
4317,1.02613475897,0.0257990821491,0.0128166985872
4318,1.02393825681,0.0236562287115,0.0117584371982
4319,1.02361219888,0.023337742861,0.0116010541901
4320,1.02163412158,0.0214034253185,0.0106446530589
4321,1.01690517831,0.016763876057,0.00834690752874
4322,1.02644873537,0.0261050150407,0.0129676929594
4323,1.02426395468,0.0239742616467,0.0119155713869
4324,1.02253022066,0.0222801641509,0.0110782611375
4325,1.02179602498,0.0215618876982,0.0107230377549
4326,1.02402448162,0.0237404341629,0.0118000439858
4327,1.02133410978,0.0211097234376,0.0104993546274
4328,1.02290706024,0.0226486326401,0.011260437605
4329,1.01997687873,0.019779959131,0.00984123454569
4330,1.02245019587,0.022201899552,0.0110395615987
4331,1.02514732099,0.0248363300575,0.0123413777982
4332,1.02109516452,0.0208757420051,0.0103835854663
4333,1.01979106944,0.0195977724278,0.00975103355683
4334,1.02009917251,0.0198998505192,0.00990058852115
4335,1.02289098427,0.0226329165459,0.0112526680124
4336,1.02190064124,0.021664267137,0.0107736772689
4337,1.02349675398,0.0232249546273,0.0115453127327
4338,1.02357048951,0.0232969947916,0.0115809163105
4339,1.02293934632,0.0226801951986,0.011276041057
4340,1.02709487768,0.0267343100117,0.0132782113384
4341,1.02540143747,0.0250841822268,0.0124637668805
4342,1.01972906672,0.0195369711469,0.00972092889647
4343,1.02251110877,0.0222614731947,0.0110690191479
4344,1.02190257055,0.0216661550975,0.0107746110786
4345,1.01999946469,0.0198021024812,0.00985219720114
4346,1.02411339341,0.0238272562433,0.0118429418426
4347,1.02152984042,0.0213013472024,0.0105941560052
4348,1.02284685399,0.0225897729184,0.011231338709
4349,1.02327423378,0.0230075192519,0.011437844383
4350,1.02169884287,0.0214667740638,0.0106759897725
4351,1.01989367927,0.0196983858569,0.00980084847591
4352,1.02235426231,0.0221080680285,0.010993162678
4353,1.0246740487,0.0243745607503,0.0121133162524
4354,1.02173168714,0.0214989202695,0.0106918911513
4355,1.0228262473,0.0225696263105,0.0112213784916
4356,1.02238083188,0.0221340563081,0.0110060138876
4357,1.02416490775,0.0238775563716,0.0118677937435
4358,1.02321661843,0.0229512127777,0.0114100127665
4359,1.02439953415,0.0241066205867,0.0119809601269
4360,1.02332085594,0.0230530799619,0.0114603639233
4361,1.02420196412,0.023913737756,0.0118856695774
4362,1.02043731489,0.020231275504,0.0100646467687
4363,1.02690031061,0.0265448576989,0.0131847385488
4364,1.02392548059,0.0236437511107,0.0117522717371
4365,1.02316880452,0.0229044826621,0.0113869140344
4366,1.02309814653,0.0228354222821,0.0113527764474
4367,1.02466863496,0.024369277357,0.012110706552
4368,1.02276166509,0.0225064833785,0.0111901608082
4369,1.02354490372,0.0232719978689,0.0115685625156
4370,1.02320226191,0.0229371819074,0.0114030773532
4371,1.02374118154,0.0234637422706,0.0116633210705
4372,1.02287131594,0.0226136881916,0.0112431619747
4373,1.01879681537,0.0186223382589,0.00926795442465
4374,1.02281508421,0.0225587122855,0.0112159826996
4375,1.02124629606,0.0210237403174,0.0104568135365
4376,1.02304430076,0.0227827907852,0.0113267591134
4377,1.0250944258,0.0247847310779,0.012315896381
4378,1.02321856136,0.0229531116149,0.0114109513518
4379,1.02093405912,0.020717952489,0.0103055068388
4380,1.0243595565,0.0240675943786,0.0119616806205
4381,1.02466006506,0.0243609137387,0.0121065753789
4382,1.02121733561,0.0209953819675,0.010442782531
4383,1.02466902263,0.0243696556907,0.0121108934279
4384,1.02535168315,0.0250356592596,0.0124398074957
4385,1.02515503061,0.0248438505296,0.0123450916208
4386,1.01854455683,0.0183747032339,0.00914527685256
4387,1.02450343053,0.0242080371786,0.0120310596185
4388,1.01945012645,0.0192633902138,0.009585458895
4389,1.02276556387,0.0225102953794,0.0111920454784
4390,1.01974905388,0.0195565714191,0.00973063371857
4391,1.02241238574,0.0221649189429,0.01102127525
4392,1.02598877837,0.0256568094228,0.0127464714595
4393,1.02148793277,0.0212603219568,0.0105738604882
4394,1.02245140754,0.0222030846135,0.011040147588
4395,1.0227846383,0.0225289450602,0.0112012659118
4396,1.02422920733,0.0239403368555,0.0118988109657
4397,1.01989391969,0.0196986215802,0.00980096518242
4398,1.0234463628,0.0231757190799,0.0115209788794
4399,1.02437149477,0.0240792486919,0.0119674380578
4400,1.0241030471,0.023817153492,0.0118379502775
4401,1.02337294121,0.0231039769469,0.0114855204467
4402,1.02232944832,0.0220837963105,0.0109811601576
4403,1.01978649634,0.0195932880752,0.00974881324159
4404,1.0225525315,0.0223019831616,0.0110890497257
4405,1.0251628048,0.0248514339277,0.0123488365039
4406,1.02256395487,0.0223131545318,0.0110945734554
4407,1.02208563588,0.0218452807175,0.0108632049167
4408,1.02546997049,0.0251510153027,0.0124967663711
4409,1.02663390816,0.0262854001715,0.0130567119208
4410,1.02172195369,0.0214893937967,0.0106871788317
4411,1.02353850732,0.0232657485887,0.0115654740183
4412,1.02288232565,0.0226244516612,0.0112484831874
4413,1.02170502194,0.0214728218846,0.0106789813952
4414,1.02259456266,0.0223430864796,0.0111093732775
4415,1.02634980056,0.0260086248656,0.0129201217045
4416,1.02226528311,0.0220210306143,0.0109501214426
4417,1.02054861515,0.0203403406937,0.0101186290403
4418,1.02455608455,0.0242594305335,0.0120564468116
4419,1.01874386493,0.0185703633975,0.00924220750975
4420,1.02611155284,0.0257764668012,0.0128055357772
4421,1.02131713809,0.0210931061183,0.0104911331691
4422,1.02429728058,0.0240067975503,0.011931645366
4423,1.02249803339,0.0222486855987,0.0110626961027
4424,1.02101130273,0.0207936093741,0.010342944732
4425,1.0223855531,0.0221386741578,0.0110082973978
4426,1.02603774477,0.0257045343463,0.012770029478
4427,1.02559634412,0.0252742425484,0.0125576081486
4428,1.02392559932,0.0236438670603,0.0117523290305
4429,1.02486579964,0.0245616768377,0.0122057366746
4430,1.02233608442,0.0220902874524,0.0109843700832
4431,1.02301778628,0.0227568732119,0.0113139470248
4432,1.02498153592,0.0246745986873,0.0122615068778
4433,1.02546457692,0.0251457556842,0.0124941694226
4434,1.0236627543,0.0233871308638,0.0116254614137
4435,1.0217689136,0.0215353542815,0.0107099132189
4436,1.02837615715,0.0279810117305,0.0138930935497
4437,1.02265928382,0.0224063755989,0.0111406657908
4438,1.02410667787,0.0238206987968,0.0118397019438
4439,1.02456964603,0.0242726668921,0.0120629851775
4440,1.02334489317,0.0230765691237,0.0114719738389
4441,1.02334821306,0.0230798132738,0.0114735773042
4442,1.02609567755,0.0257609953783,0.0127978990961
4443,1.02050440883,0.0202970235191,0.0100971893761
4444,1.02600314646,0.0256708134737,0.0127533842097
4445,1.02409189442,0.0238062632349,0.0118325695935
4446,1.02358591957,0.0233120694159,0.0115883663057
4447,1.02838245391,0.0279871347252,0.0138961125088
4448,1.01874411339,0.0185706072847,0.00924232832631
4449,1.02378128421,0.0235029141626,0.0116826783898
4450,1.02490416603,0.0245991116607,0.0122242254532
4451,1.02280634499,0.0225501679668,0.0112117584477
4452,1.02206982353,0.0218298099294,0.0108555535242
4453,1.02404403799,0.0237595315439,0.0118094799562
4454,1.0194083937,0.0192224528494,0.00956518620703
4455,1.02238268057,0.0221358645216,0.0110069080433
4456,1.02209743662,0.0218568264004,0.0108689150301
4457,1.02316003983,0.0228959164077,0.0113826796698
4458,1.02465562376,0.02435657932,0.0121044344047
4459,1.02562086351,0.0252981497144,0.0125694115526
4460,1.02046470049,0.0202581122635,0.0100779300081
4461,1.02299091041,0.0227306016994,0.0113009598005
4462,1.02288937339,0.0226313417172,0.0112518894582
4463,1.02404644074,0.0237618778694,0.0118106392638
4464,1.02474753987,0.0244462796831,0.0121487407066
4465,1.02632547577,0.0259849242895,0.0129084244544
4466,1.02104556691,0.0208271678717,0.0103595502946
4467,1.02352033967,0.0232479985887,0.011556701623
4468,1.02665243986,0.0263034509426,0.0130656194243
4469,1.02482081726,0.0245177848834,0.0121840583263
4470,1.02391020557,0.0236288328998,0.0117449002656
4471,1.02377482614,0.0234966060922,0.0116795611973
4472,1.02275813329,0.0225030301741,0.0111884535255
4473,1.02067157601,0.0204608184892,0.0101782566071
4474,1.02138848847,0.0211629648207,0.0105256954682
4475,1.02261275168,0.0223608734434,0.0111181679193
4476,1.02478631587,0.0244841185318,0.012167430107
4477,1.02255974222,0.0223090348243,0.0110925364527
4478,1.02110382963,0.0208842280699,0.010387784432
4479,1.02191297722,0.0216763386674,0.0107796479887
4480,1.02344383405,0.0231732482626,0.0115197577031
4481,1.02504305027,0.0247346119705,0.012291145148
4482,1.02306723192,0.0228052051661,0.0113378393006
4483,1.02138698846,0.0211614962253,0.0105249688993
4484,1.02658967912,0.0262423176342,0.0130354516812
4485,1.02286527042,0.0226077778311,0.0112402400157
4486,1.02268206233,0.022428649149,0.0111516784334
4487,1.0235686901,0.0232952368173,0.0115800475025
4488,1.02318655359,0.0229218296654,0.0113954887345
4489,1.02375107822,0.0234734093907,0.0116680982437
4490,1.01972873417,0.0195366450379,0.00972076742698
4491,1.02793336094,0.027550340944,0.0136807269671
4492,1.0213282875,0.0211040227603,0.0104965342115
4493,1.02308213381,0.0228197709523,0.0113450395952
4494,1.02116153592,0.0209407401054,0.0104157465372
4495,1.02603769054,0.0257044814951,0.0127700033899
4496,1.0233304689,0.0230624738038,0.011465007005
4497,1.02421613871,0.0239275773015,0.0118925070803
4498,1.0228772318,0.022619471757,0.0112460212405
4499,1.01946470547,0.0192776909856,0.00959254071589
4500,1.02521675281,0.0249040563904,0.0123748224803
4501,1.02495195437,0.0246457377075,0.0122472532246
4502,1.02476369339,0.0244620429747,0.0121565265696
4503,1.02625559015,0.0259168289347,0.0128748157067
4504,1.02210492597,0.0218641538041,0.0108725389049
4505,1.02241971407,0.0221720866009,0.0110248195742
4506,1.02558355461,0.0252617721573,0.012551451233
4507,1.02128746777,0.0210640546677,0.0104767597308
4508,1.02571061586,0.025385656147,0.0126126138716
4509,1.02380679551,0.0235278325587,0.0116949919543
4510,1.02286281089,0.0226053732746,0.0112390512506
4511,1.02328467101,0.0230177190422,0.0114428859335
4512,1.02348954474,0.023217910863,0.0115418315057
4513,1.02251558522,0.0222658510873,0.0110711838623
4514,1.02042191114,0.0202161801486,0.0100571750275
4515,1.02016231002,0.0199617421056,0.00993122745868
4516,1.0230218451,0.0227608407015,0.0113159083237
4517,1.02463831503,0.0243396869337,0.0120960904127
4518,1.02471597404,0.0244154756928,0.0121335257091
4519,1.02088145387,0.0206664245768,0.0102800080648
4520,1.02481401074,0.0245111431884,0.0121807779348
4521,1.02535194795,0.0250359175056,0.0124399350124
4522,1.02444905299,0.0241549588014,0.0120048393766
4523,1.02388253829,0.023601811337,0.0117315480767
4524,1.02405057059,0.0237659107354,0.0118126318794
4525,1.02593393369,0.0256033525576,0.0127200833675
4526,1.02854871552,0.0281487945909,0.0139758159986
4527,1.02504032774,0.0247319559564,0.0122898334628
4528,1.02453094057,0.0242348888983,0.012044323862
4529,1.02120117918,0.0209795610832,0.010434954665
4530,1.02172175668,0.0214892009779,0.0106870834526
4531,1.02160196097,0.0213719452439,0.0106290804462
4532,1.02693858775,0.0265821314443,0.0132031295278
4533,1.02449386157,0.024198697048,0.0120264457283
4534,1.02451201027,0.0242164116865,0.0120351964867
4535,1.02277283567,0.0225174052964,0.0111955606434
4536,1.02446605191,0.0241715518981,0.0120130362922
4537,1.02342770992,0.0231574933605,0.0115119709677
4538,1.02253973865,0.0222894723868,0.0110828636852
4539,1.02396301942,0.0236804121174,0.0117703866493
4540,1.02148647002,0.0212588899771,0.0105731520689
4541,1.02274039994,0.0224856912689,0.0111798810335
4542,1.02780731015,0.0274277079793,0.0136202474846
4543,1.02369696115,0.0234205464416,0.0116419748289
4544,1.02307314764,0.0228109874855,0.0113406976767
4545,1.02515779337,0.0248465454967,0.0123464224686
4546,1.02686815427,0.0265135432249,0.0131692876274
4547,1.02498645001,0.0246793930011,0.0122638746391
4548,1.02091217972,0.0206965214922,0.0102949017122
4549,1.02184828372,0.0216130303921,0.0107483345759
4550,1.0212949137,0.0210713453662,0.010480366882
4551,1.02683677649,0.0264829859804,0.0131542100985
4552,1.02140866587,0.0211827195031,0.0105354687953
4553,1.02217810654,0.0219357491432,0.0109079467291
4554,1.02734915386,0.0269818477195,0.0134003292059
4555,1.02353061722,0.02325803991,0.0115616642489
4556,1.0239380202,0.0236559976343,0.0117583230181
4557,1.02256798394,0.0223170946876,0.0110965216742
4558,1.0210335708,0.020815418953,0.0103537366749
4559,1.02318471031,0.0229200281619,0.0113945982469
4560,1.02363155526,0.0233566525553,0.0116103993069
4561,1.02384697429,0.0235670762835,0.0117143841489
4562,1.02087527161,0.0206603687484,0.0102770112731
4563,1.0198723242,0.0196774471089,0.00979048165642
4564,1.02259178736,0.0223403724938,0.011108031359
4565,1.02162532391,0.0213948139037,0.0106403931751
4566,1.02355094108,0.0232778963327,0.0115714776249
4567,1.0217352528,0.0215024100842,0.0106936174008
4568,1.02176117726,0.0215277827344,0.0107061679836
4569,1.02259691037,0.0223453823077,0.0111105084382
4570,1.025346781,0.0250308783033,0.0124374467518
4571,1.02503403041,0.0247258124389,0.0122867994508
4572,1.02276054687,0.0225053900403,0.0111896202562
4573,1.02558259969,0.0252608410549,0.012550991525
4574,1.02251829395,0.0222685001643,0.0110724937358
4575,1.02516482814,0.0248534076018,0.0123498111542
4576,1.02290227853,0.0226439580028,0.0112581266028
4577,1.02152188072,0.0212935552341,0.0105903012882
4578,1.02309640556,0.0228337206106,0.0113519352706
4579,1.02748803644,0.02711702395,0.0134670093647
4580,1.02057140937,0.0203626757019,0.0101296834829
4581,1.02697097011,0.0266136638602,0.0132186874499
4582,1.02137279963,0.0211476043961,0.0105180960664
4583,1.02608889325,0.0257543835881,0.0127946355042
4584,1.02160089086,0.0213708977574,0.0106285622698
4585,1.02018287286,0.0199818983408,0.00994120543792
4586,1.02360133694,0.0233271314136,0.0115958100045
4587,1.02397630621,0.0236933878839,0.0117767981469
4588,1.02503165598,0.0247234959971,0.0122856554601
4589,1.02397494621,0.0236920597244,0.0117761418877
4590,1.02419733392,0.0239092169545,0.0118834360405
4591,1.0221879167,0.0219453464054,0.0109126930056
4592,1.02300291364,0.0227423350956,0.0113067601823
4593,1.02552905893,0.025208634483,0.0125252155248
4594,1.02353040052,0.0232578281882,0.0115615596119
4595,1.02330808121,0.0230405962844,0.0114541935991
4596,1.02634146351,0.0260005018181,0.012916112648
4597,1.02236032138,0.0221139945971,0.0109960933821
4598,1.02183113496,0.0215962481466,0.0107400336089
4599,1.02415115235,0.0238641254448,0.0118611579556
4600,1.02358964819,0.0233157121142,0.0115901665467
4601,1.02379663121,0.0235179045559,0.0116900859947
4602,1.02436412953,0.0240720586489,0.0119638860531
4603,1.02313036472,0.0228669125979,0.0113683427315
4604,1.02249548028,0.0222461886649,0.0110614614465
4605,1.02130409369,0.0210803339076,0.0104848140411
4606,1.02387558925,0.0235950243607,0.0117281943938
4607,1.0248460238,0.024542380623,0.0121962062835
4608,1.02291520631,0.0226565962492,0.0112643745648
4609,1.02354325174,0.0232703838919,0.0115677648625
4610,1.02286092269,0.0226035272824,0.0112381386277
4611,1.02592058863,0.0255903447585,0.0127136621772
4612,1.02411475283,0.0238285836498,0.0118435976855
4613,1.02619896595,0.025861651879,0.0128475820003
4614,1.0232174122,0.0229519885359,0.0114103962198
4615,1.02226541741,0.0220211619838,0.0109501864081
4616,1.02228785441,0.0220431100548,0.0109610402163
4617,1.02257139404,0.0223204295221,0.0110981705876
4618,1.02296458364,0.0227048662699,0.0112882374214
4619,1.02115265928,0.0209320473813,0.0104114454364
4620,1.02023361871,0.0200316390246,0.00996582823247
4621,1.02332639105,0.0230584889138,0.0114630374014
4622,1.02510596397,0.0247959867336,0.0123214548814
4623,1.02523509094,0.0249219433094,0.0123836552265
4624,1.02256372158,0.0223129263896,0.0110944606499
4625,1.02231235653,0.0220670776985,0.010972892612
4626,1.0218507954,0.0216154883638,0.0107495503514
4627,1.01997078576,0.0197739854785,0.00983827710909
4628,1.02368617053,0.0234100055547,0.0116367657301
4629,1.02378146792,0.0235030936029,0.0116827670617
4630,1.02489731171,0.0245924238733,0.0122209224305
4631,1.02393589228,0.0236539194628,0.0117572961498
4632,1.02225411724,0.0220101078836,0.0109447198651
4633,1.02208624648,0.0218458781258,0.0108635003759
4634,1.02524273412,0.0249293983262,0.0123873365679
4635,1.02428110482,0.0239910053696,0.0119238434581
4636,1.02408751305,0.0238019849275,0.0118304557492
4637,1.02090948896,0.0206938858463,0.0102935974553
4638,1.01983917646,0.0196449447294,0.00977438944288
4639,1.02244291762,0.0221947810914,0.0110360416545
4640,1.02425119844,0.0239618075055,0.0119094184962
4641,1.02114293067,0.0209225202474,0.0104067314539
4642,1.02134372401,0.0211191367976,0.0105040118793
4643,1.02253221665,0.0222821161681,0.0110792263332
4644,1.02116244679,0.0209416321018,0.0104161878899
4645,1.02424630426,0.0239570292007,0.0119070577944
4646,1.01851223022,0.0183429646872,0.00912955258336
4647,1.02347748258,0.0232061254698,0.0115360068045
4648,1.02179589752,0.0215617629517,0.0107229760505
4649,1.0248929237,0.0245881424536,0.0122188078799
4650,1.02083437261,0.0206203052661,0.0102571851998
4651,1.0213908258,0.0211652532022,0.010526827615
4652,1.02615961742,0.0258233071848,0.0128286557901
4653,1.02371222326,0.0234354551441,0.0116493423693
4654,1.02340176453,0.0231321415694,0.0114994409173
4655,1.02280666049,0.0225504764332,0.0112119109516
4656,1.02391794361,0.0236363902119,0.0117486345346
4657,1.02611780453,0.0257825593838,0.0128085430545
4658,1.02183155016,0.0215966544789,0.010740234593
4659,1.02462219238,0.0243239518403,0.012088318002
4660,1.02014985777,0.0199495358835,0.00992518494059
4661,1.021745712,0.0215126467312,0.0106986809779
4662,1.02426586496,0.0239761266723,0.0119164927878
4663,1.02126095801,0.0210380971287,0.0104639168534
4664,1.02005804042,0.0198595280473,0.00988062669204
4665,1.0261990006,0.0258616856449,0.0128475986664
4666,1.02247917711,0.0222302440399,0.011053577288
4667,1.02377110121,0.0234929676545,0.0116777632245
4668,1.02218939162,0.021946789307,0.0109134065831
4669,1.02603941443,0.0257061616319,0.0127708327302
4670,1.02194698998,0.0217096215314,0.0107961098949
4671,1.0263446946,0.0260036499762,0.0129176663949
4672,1.02955094244,0.0291227289629,0.0144558605283
4673,1.0223123229,0.0220670448013,0.0109728763438
4674,1.02640350515,0.0260609493122,0.0129459455709
4675,1.0253411341,0.0250253709811,0.0124347273355
4676,1.02365045984,0.0233751205277,0.0116195260407
4677,1.02200299857,0.0217644257972,0.01082321582
4678,1.01960398619,0.0194143030712,0.00966018921977
4679,1.02492708328,0.0246214717976,0.0122352687922
4680,1.0224868246,0.0222377233707,0.0110572756098
4681,1.02431183425,0.024021005893,0.0119386647479
4682,1.02593756412,0.0256068912086,0.0127218301855
4683,1.0240769008,0.0237916222313,0.0118253356855
4684,1.02267015893,0.0224170096948,0.0111459235893
4685,1.02116915571,0.0209482019656,0.0104194386
4686,1.0249444418,0.0246384080003,0.0122436332487
4687,1.02206125469,0.0218214260832,0.0108514070981
4688,1.02029348093,0.0200903123146,0.00999487208748
4689,1.02840884305,0.0280127952117,0.0139087643804
4690,1.02182642781,0.0215916415509,0.0107377550459
4691,1.02417747744,0.0238898294077,0.011873857416
4692,1.02341453129,0.0231446163176,0.0115056065459
4693,1.02156459756,0.0213353712248,0.0106109876454
4694,1.02270802435,0.0224540350415,0.0111642297523
4695,1.02389694205,0.0236158790242,0.011738499378
4696,1.02309006566,0.0228275238203,0.0113488720435
4697,1.02713525684,0.026773623193,0.013297606734
4698,1.02536960494,0.0250531377785,0.0124484380028
4699,1.02015994659,0.019959425384,0.00993008060118
4700,1.02431323224,0.0240223707052,0.0119393390068
4701,1.01992272957,0.0197268691055,0.0098149504198
4702,1.02428206653,0.0239919442836,0.0119243073173
4703,1.02618314573,0.0258462354301,0.0128399727786
4704,1.02486469862,0.0245606025322,0.012205206078
4705,1.02724492447,0.0268803878765,0.0133502778125
4706,1.02326989964,0.023003283684,0.0114357508197
4707,1.02336791097,0.0230990615815,0.0114830909888
4708,1.020257968,0.0200555051216,0.00997764228776
4709,1.026111045,0.0257759718896,0.0128052914902
4710,1.02211863384,0.0218775651234,0.0108791716347
4711,1.02432049253,0.0240294586354,0.0119428406531
4712,1.02705881545,0.0266991984867,0.0132608885329
4713,1.02431943655,0.0240284277271,0.0119423313548
4714,1.02328828688,0.0230212526313,0.0114446325093
4715,1.02122390647,0.0210018162812,0.0104459660867
4716,1.02206073714,0.0218209197037,0.0108511566557
4717,1.02261889934,0.0223668851472,0.0111211403471
4718,1.02985466308,0.0294176884796,0.0146011976224
4719,1.02277237777,0.0225169575877,0.0111953392952
4720,1.02268234469,0.0224289252534,0.0111518149461
4721,1.01988354125,0.0196884455304,0.00979592701223
4722,1.02307463473,0.022812441032,0.0113414162075
4723,1.02292648452,0.022667621746,0.0112698252005
4724,1.02305323646,0.0227915251614,0.011331076826
4725,1.02398547328,0.0237023402707,0.0117812216152
4726,1.02348468821,0.0232131657789,0.0115394863443
4727,1.02492136519,0.02461589276,0.0122325134001
4728,1.02404519374,0.0237606601506,0.0118100375953
4729,1.02520924072,0.0248967290494,0.0123712041404
4730,1.01948587407,0.0192984551914,0.00960282317464
4731,1.02163503477,0.0214043191679,0.0106450952261
4732,1.0230876515,0.0228251641374,0.0113477055912
4733,1.02308887918,0.0228263641177,0.0113482987727
4734,1.02332245946,0.0230546469397,0.0114611384329
4735,1.02304007704,0.0227786621905,0.0113247181957
4736,1.02067097407,0.0204602287446,0.010177964736
4737,1.02197645023,0.0217384486886,0.0108103677602
4738,1.02486390415,0.0245598273348,0.01220482321
4739,1.02122028602,0.0209982710771,0.0104442119996
4740,1.02549963353,0.0251799411775,0.0125110484653
4741,1.02134954403,0.0211248351764,0.0105068311368
4742,1.02333033713,0.023062345037,0.0114649433597
4743,1.0246750675,0.0243755550178,0.0121138073641
4744,1.02118870102,0.020967341905,0.0104289088107
4745,1.02587274006,0.0255437040263,0.0126906380299
4746,1.02251893609,0.0222691281664,0.01107280426
4747,1.0230128316,0.022752030003,0.0113115528153
4748,1.01925768247,0.0190746000661,0.00949196422862
4749,1.02345412461,0.0231833030397,0.0115247271649
4750,1.02156108446,0.0213319322753,0.0106092864145
4751,1.02264126001,0.0223887509953,0.0111319516255
4752,1.02245113039,0.0222028135494,0.0110400135522
4753,1.02304518794,0.0227836579802,0.0113271877995
4754,1.02148573778,0.0212581731384,0.0105727974391
4755,1.02140599221,0.0211801018763,0.01053417377
4756,1.01917170575,0.0189902442157,0.00945018577371
4757,1.02180376598,0.0215694635445,0.0107267850529
4758,1.02548362192,0.0251643275797,0.0125033393075
4759,1.02362402407,0.0233492951996,0.0116067633333
4760,1.02621834165,0.0258805327319,0.0128569010962
4761,1.02240786111,0.0221604934893,0.0110190869078
4762,1.02346332044,0.0231922880908,0.0115291679053
4763,1.02459105136,0.024293558696,0.0120733050168
4764,1.01991798817,0.0197222203088,0.00981264883262
4765,1.02312773928,0.0228643465025,0.0113670742691
4766,1.02464942132,0.0243505261039,0.0121014444275
4767,1.02145375812,0.021226865644,0.0105573090746
4768,1.02385404656,0.0235739838061,0.0117177974456
4769,1.02205748996,0.021817742608,0.0108495853443
4770,1.02370378188,0.0234272092582,0.0116452674476
4771,1.01852544333,0.0183559375472,0.00913597977431
4772,1.02471879319,0.0244182268381,0.0121348845903
4773,1.02329390128,0.0230267392397,0.0114473444137
4774,1.02161565403,0.021385348669,0.0106357109035
4775,1.02329168989,0.0230245781879,0.0114462762563
4776,1.02162777231,0.0213972104766,0.0106415787106
4777,1.02477432247,0.0244724151524,0.0121616496004
4778,1.02276871027,0.0225133717429,0.0111935664436
4779,1.02205906244,0.0218192811492,0.0108503462683
4780,1.02215403164,0.0219121963141,0.0108962987025
4781,1.02166595625,0.021434585371,0.010660067121
4782,1.02278725698,0.0225315053998,0.0112025317412
4783,1.0209473412,0.0207309621457,0.0103119446106
4784,1.02055260561,0.0203442508012,0.0101205643098
4785,1.02641406152,0.026071234066,0.0129510213618
4786,1.02193820217,0.0217010224054,0.0107918567413
4787,1.02221379673,0.0219706643527,0.0109252137565
4788,1.02431291001,0.0240220561227,0.0119391835934
4789,1.02355214097,0.023279068617,0.0115720569843
4790,1.0227809315,0.022525320829,0.0111994740925
4791,1.02013919803,0.019939086641,0.00992001216114
4792,1.01949100791,0.0193034908936,0.00960531684415
4793,1.02299322968,0.0227328688427,0.0113020805611
4794,1.02168388433,0.021452133099,0.010668747417
4795,1.02527769727,0.0249635000662,0.0124041760795
4796,1.02858158372,0.0281807499784,0.0139915702652
4797,1.02319749266,0.0229325207863,0.0114007733655
4798,1.02661500566,0.0262669878871,0.0130476259387
4799,1.02224707158,0.0220032155754,0.0109413114223
4800,1.02302413652,0.0227630805557,0.0113170155771
4801,1.02631433873,0.0259740728555,0.0129030687603
4802,1.02163284637,0.0214021771093,0.0106440355975
4803,1.02110281289,0.0208832323413,0.0103872917392
4804,1.02229785727,0.0220528947849,0.0109658789441
4805,1.02382186902,0.023542555454,0.0117022672831
4806,1.02401404964,0.0237302468701,0.0117950104318
4807,1.02451430894,0.0242186553534,0.0120363048181
4808,1.02566638558,0.0253425336204,0.0125913243227
4809,1.02252758818,0.0222775896773,0.0110769881603
4810,1.02164206857,0.021411203985,0.010648500984
4811,1.0258682412,0.0255393186197,0.012688473151
4812,1.02094845557,0.0207320536491,0.0103124847345
4813,1.02214079219,0.0218992437285,0.0108898929565
4814,1.02469836415,0.0243982904047,0.0121250372877
4815,1.02660269561,0.0262549969091,0.0130417086588
4816,1.02052284014,0.0203150843377,0.0101061285632
4817,1.01720659452,0.0170602375566,0.00849384054094
4818,1.02472445504,0.0244237520983,0.0121376136924
4819,1.02121688033,0.0209949361468,0.0104425619485
4820,1.02254162508,0.0222913172357,0.0110837758861
4821,1.0230860044,0.0228235542123,0.0113469097628
4822,1.02417065932,0.0238831722231,0.0118705683415
4823,1.02066222656,0.0204516583529,0.0101737231456
4824,1.02661990399,0.0262717592185,0.0130499804743
4825,1.02339133497,0.0231219504473,0.0114944039396
4826,1.02593386453,0.025603285152,0.0127200500934
4827,1.02535899125,0.0250427866388,0.0124433268474
4828,1.02351634891,0.0232440995207,0.0115547746173
4829,1.02454314887,0.0242468048164,0.0120502100439
4830,1.02092886422,0.0207128641006,0.0103029888606
4831,1.02459938754,0.0243016947711,0.0120773239315
4832,1.02245625825,0.0222078288009,0.0110424934907
4833,1.02308243943,0.0228200696733,0.0113451872612
4834,1.02495085258,0.0246446627393,0.012246722323
4835,1.02483326404,0.0245299301283,0.0121900569414
4836,1.02468497952,0.0243852283005,0.0121185854038
4837,1.02522602677,0.0249131022034,0.0123792894065
4838,1.0220170725,0.0217781966345,0.0108300266928
4839,1.02282244442,0.0225659082886,0.0112195403396
4840,1.02450234154,0.0242069742336,0.0120305345401
4841,1.0248466608,0.0245430021777,0.0121965132705
4842,1.02493325281,0.0246274912582,0.0122382416932
4843,1.02011971938,0.0199199923518,0.00991055967925
4844,1.02062633295,0.0204164907522,0.010156318085
4845,1.02176879676,0.0215352399277,0.0107098566544
4846,1.02249326318,0.0222440203333,0.0110603892725
4847,1.02361235563,0.0233378959893,0.011601129866
4848,1.02456809139,0.0242711495336,0.0120622356499
4849,1.02287789343,0.0226201185852,0.0112463410174
4850,1.02593243598,0.0256018927069,0.0127193627266
4851,1.02202164719,0.021782672763,0.0108322405163
4852,1.02141175792,0.0211857467391,0.0105369664655
4853,1.02458889777,0.0242914567955,0.0120722667544
4854,1.01883973826,0.0186644683339,0.00928882401251
4855,1.02032251572,0.020118769199,0.010008958218
4856,1.02092067889,0.0207048465415,0.0102990213755
4857,1.0223281307,0.0220825074691,0.0109805228132
4858,1.02393429101,0.0236523556222,0.0117565234224
4859,1.02498721422,0.0246801385826,0.0122642428579
4860,1.02347148569,0.0232002661196,0.0115331109219
4861,1.0263093503,0.0259692123158,0.0129006698455
4862,1.02413659539,0.0238499116582,0.0118541353333
4863,1.02312353771,0.0228602399002,0.0113650443059
4864,1.02123299912,0.0210107199233,0.0104503713944
4865,1.02376647035,0.023488444313,0.0116755279624
4866,1.02432389755,0.0240327828018,0.0119444828849
4867,1.02407280696,0.0237876246411,0.0118233605249
4868,1.02461746618,0.0243193392064,0.0120860395619
4869,1.02261456066,0.0223626424239,0.0111190425752
4870,1.0249262132,0.0246206228807,0.0122348495271
4871,1.02529166318,0.0249771215574,0.0124109023205
4872,1.02397464128,0.0236917619405,0.0117759947491
4873,1.02565275485,0.0253292438958,0.0125847631062
4874,1.02523108672,0.0249180376389,0.0123817265727
4875,1.02431471317,0.0240238164787,0.0119400532625
4876,1.02351057066,0.0232384540212,0.0115519844798
4877,1.02490199339,0.0245969918134,0.0122231784858
4878,1.02276816847,0.0225128419987,0.0111933045363
4879,1.02778740062,0.0274083369085,0.0136106938223
4880,1.02302043683,0.0227594641214,0.011315227822
4881,1.02374531007,0.0234677750424,0.0116653139367
4882,1.02136523977,0.0211402027012,0.010514434138
4883,1.02598905834,0.0256570823052,0.0127466061616
4884,1.02390863365,0.0236272976838,0.0117441416727
4885,1.02289877968,0.0226405374789,0.0112564355938
4886,1.02360485058,0.0233305640386,0.0115975064135
4887,1.02547377733,0.0251547275837,0.0124985993142
4888,1.02317645092,0.0229119558879,0.0113906080919
4889,1.0229937942,0.022733420678,0.0113023533602
4890,1.0240787252,0.02379340374,0.011826215906
4891,1.02436087334,0.0240688799021,0.0119623156935
4892,1.02196698129,0.0217291833222,0.0108057851474
4893,1.02423177727,0.023942845996,0.0119000506073
4894,1.02169212073,0.0214601946666,0.0106727351894
4895,1.02345800429,0.0231870938033,0.0115266007012
4896,1.02020758764,0.0200061238823,0.00995319772054
4897,1.02227678947,0.0220322863021,0.0109556876453
4898,1.02557856873,0.0252569106437,0.0125490509828
4899,1.02066586287,0.0204552210416,0.0101754863655
4900,1.02360471443,0.0233304310322,0.0115974406816
4901,1.0218078386,0.0215734492516,0.0107287565276
4902,1.02516172842,0.0248503839704,0.012348318008
4903,1.02417377075,0.0238862102188,0.0118720693068
4904,1.02394991459,0.0236676138856,0.0117640628333
4905,1.01999094353,0.0197937483606,0.00984806128546
4906,1.0219412867,0.0217040407215,0.0107933496116
4907,1.02575506694,0.0254289920702,0.0126340083118
4908,1.02139045634,0.0211648914852,0.0105266486603
4909,1.02145755386,0.0212305816599,0.0105591474652
4910,1.02341818275,0.0231481842323,0.0115073699762
4911,1.02011078893,0.0199112379999,0.00990622587406
4912,1.02182853427,0.0215937030198,0.0107387747121
4913,1.02241178062,0.0221643270863,0.0110209825831
4914,1.02426666372,0.0239769065089,0.0119168780596
4915,1.02527467468,0.0249605519897,0.0124027203244
4916,1.02016539779,0.0199647688437,0.00993272579699
4917,1.02257221362,0.0223212310107,0.0110985668843
4918,1.0266993573,0.0263491493387,0.0130881698258
4919,1.02288798881,0.0226299881182,0.0112512202738
4920,1.02374995474,0.0234723119761,0.0116675559386
4921,1.02421811605,0.0239295078894,0.0118934608941
4922,1.02592303462,0.0255927289474,0.0127148391151
4923,1.02405648748,0.0237716886542,0.0118154867085
4924,1.02205457402,0.0218148895938,0.0108481743131
4925,1.02615148332,0.0258153804133,0.0128247432415
4926,1.02256280702,0.0223120320024,0.0110940184175
4927,1.02337561675,0.0231065913775,0.0114868126472
4928,1.02129639513,0.0210727959114,0.0104810845532
4929,1.02238529785,0.0221384245002,0.0110081739431
4930,1.02286228504,0.022604859178,0.0112387970913
4931,1.0233839526,0.0231147367849,0.0114908385603
4932,1.0233646089,0.0230958349084,0.0114814961771
4933,1.02260004832,0.0223484509168,0.0111120256947
4934,1.02161574969,0.0213854423064,0.0106357572243
4935,1.02127567244,0.0210525051311,0.0104710454469
4936,1.01999883349,0.0198014836603,0.00985189083904
4937,1.02521966519,0.0249068971331,0.0123762252738
4938,1.0226104735,0.0223586456373,0.0111170664001
4939,1.02387852145,0.0235978881841,0.0117296095107
4940,1.02121216523,0.020990318995,0.0104402774774
4941,1.01989657789,0.0197012279286,0.00980225558338
4942,1.02497505639,0.0246682770671,0.012258384819
4943,1.02607662342,0.0257424256551,0.0127887330187
4944,1.02144603534,0.021219305045,0.0105535686778
4945,1.0204004282,0.0201951269288,0.0100467542307
4946,1.0223265422,0.0220809536639,0.0109797544411
4947,1.0240865814,0.023801075187,0.0118300062602
4948,1.02207854384,0.0218383419021,0.0108597731919
4949,1.02232441754,0.0220788754066,0.0109787267213
4950,1.02162953087,0.021398931812,0.010642430219
4951,1.02811753967,0.0277294986946,0.013769076381
4952,1.02427500617,0.023985051279,0.0119209019063
4953,1.02034975116,0.0201454618125,0.0100221708539
4954,1.02232059607,0.0220751373771,0.0109768782242
4955,1.0224294737,0.0221816321778,0.0110295397323
4956,1.02453000647,0.0242339771635,0.0120438734851
4957,1.02606014558,0.0257263664575,0.0127808060764
4958,1.02360143248,0.0233272247575,0.0115958561352
4959,1.02256394722,0.0223131470524,0.0110945697572
4960,1.02164134605,0.0214104967704,0.0106481511421
4961,1.01808995179,0.0179282755123,0.00892407965809
4962,1.02306685604,0.0228048377545,0.0113376576776
4963,1.02471155842,0.024411166569,0.0121313972874
4964,1.02302708815,0.0227659657473,0.011318441846
4965,1.02531394349,0.02499885203,0.0124216326511
4966,1.02443257714,0.0241388760319,0.0119968944954
4967,1.02494273093,0.0246367387623,0.0122428088481
4968,1.02174404147,0.0215110117504,0.0106978722333
4969,1.02339722903,0.0231277097747,0.0114972504991
4970,1.0238152785,0.0235361182537,0.0116990863428
4971,1.02108231091,0.0208631538628,0.0103773567306
4972,1.02377321113,0.0234950285784,0.0116787816523
4973,1.02358046376,0.0233067393087,0.0115857321322
4974,1.02310176044,0.0228389545944,0.0113545225512
4975,1.02328825991,0.0230212262713,0.0114446194801
4976,1.02390218156,0.0236209962385,0.0117410279477
4977,1.02408397969,0.0237985346688,0.0118287510274
4978,1.02387920599,0.0235985567606,0.0117299398778
4979,1.02251713187,0.0222673636819,0.0110719317862
4980,1.01911928244,0.0189388057195,0.00942470924966
4981,1.02433654877,0.0240451335285,0.0119505844679
4982,1.02410743608,0.0238214391559,0.0118400677405
4983,1.02102982403,0.0208117493628,0.0103519208752
4984,1.01975517134,0.0195625703878,0.00973360401159
4985,1.02244780142,0.0221995576729,0.0110384035851
4986,1.02504241024,0.0247339875793,0.0122908367896
4987,1.02131218816,0.0210882595013,0.010488735281
4988,1.01978257526,0.0195894430602,0.00974690947441
4989,1.02372168565,0.0234446983148,0.0116539101057
4990,1.02621833423,0.0258805255074,0.0128568975303
4991,1.0266407839,0.0262920975162,0.0130600168649
4992,1.02329108293,0.0230239850434,0.0114459830787
4993,1.019436463,0.0192499873627,0.00957882168349
4994,1.02777945661,0.0274006076417,0.0136068817819
4995,1.02229991033,0.0220549030707,0.0109668720752
4996,1.0214214786,0.0211952635972,0.0105416747439
4997,1.02357486874,0.023301273168,0.0115830307228
4998,1.02281884605,0.0225623902018,0.0112178010303
4999,1.02193801056,0.0217008349163,0.0107917640085
