replicate,RZ_ratio,log_RZ_ratio,coupling_advantage
0,1.00959335724,0.00954763318818,0.00476244004204
1,1.0092124421,0.0091702663803,0.00457463751445
2,1.00690130492,0.00687759991885,0.00343289405852
3,1.00598312191,0.00596529410956,0.00297820338212
4,1.00559462731,0.00557903551047,0.00278563066579
5,1.00729114596,0.00726469404924,0.00362575803242
6,1.00821270193,0.00817916121009,0.00408122965812
7,1.00496163934,0.00494937096669,0.00247162597352
8,1.00762961069,0.00760065240883,0.00379311410379
9,1.00521183279,0.00519829819205,0.00259577423257
10,1.01038443583,0.0103308879692,0.00515212601973
11,1.00979628658,0.00974861405147,0.00486244686909
12,1.00549237815,0.00547735004651,0.00273492827397
13,1.00751602492,0.00748792034148,0.00373696029034
14,1.00582382248,0.00580692958475,0.00289925381494
15,1.00596342557,0.00594571472222,0.00296844279637
16,1.00785187045,0.00782120493029,0.00390296601694
17,1.00607861592,0.00606021566423,0.00302552168872
18,1.0077224897,0.00769282390563,0.00383902398578
19,1.00809786945,0.00806525764212,0.00402450869228
20,1.00483339593,0.00482175257826,0.00240797246095
21,1.00989780459,0.0098491421578,0.00491246525889
22,1.00638587426,0.00636557095316,0.00317772578428
23,1.00748078865,0.00745294632045,0.00371953847577
24,1.00768023833,0.00765089544496,0.00381814001872
25,1.00774728605,0.00771742993159,0.00385127969181
26,1.00738460988,0.0073574771436,0.0036719803029
27,1.00829121832,0.00825703498625,0.00412000688088
28,1.00652567184,0.00650447182521,0.0032469531219
29,1.00772371301,0.00769403784049,0.00383962862287
30,1.00938038625,0.00933666363892,0.00465745209511
31,1.00762138339,0.00759248737041,0.00378904706174
32,1.00721268047,0.00718679349376,0.00358694822314
33,1.00822256544,0.00818894432554,0.00408610124036
34,1.00761580922,0.007586955346,0.00378629152627
35,1.00933744162,0.00929411720038,0.00463627772962
36,1.0062335781,0.00621422971363,0.003102292771
37,1.00518693872,0.00517353288624,0.00258342364577
38,1.00693812974,0.00691417167501,0.00345111699651
39,1.00893030207,0.00889066274158,0.00443546550971
40,1.00987545977,0.00982701609276,0.00490145651223
41,1.00866999525,0.0086326266731,0.00430701144425
42,1.00671584649,0.00669339565537,0.00334110387667
43,1.00916191187,0.00912019615991,0.00454971661886
44,1.00641248778,0.00639201525403,0.00319090583121
45,1.00725883744,0.00723261888242,0.00360977846927
46,1.00777677161,0.00774668838767,0.00386585247201
47,1.00774201512,0.00771219951455,0.00384867455178
48,1.00848772645,0.00845190823355,0.00421703733773
49,1.00957632625,0.00953076388341,0.00475404552378
50,1.00753952414,0.0075112439828,0.0037485784635
51,1.0080588058,0.00802650703886,0.00400521117977
52,1.00811134229,0.0080786221692,0.00403116404075
53,1.01083472516,0.0107764500786,0.00537373459236
54,1.00894141457,0.00890167682563,0.00444094811035
55,1.00738510978,0.00735797338052,0.00367222751025
56,1.00722716497,0.00720117416791,0.00359411274309
57,1.00719166853,0.00716593180468,0.00357655473929
58,1.00887518811,0.00883603511759,0.00440827247582
59,1.00814035615,0.00810740217032,0.00404549592974
60,1.00762336998,0.00759445893737,0.00379002910955
61,1.00840302639,0.00836791750683,0.00417521819229
62,1.00694306876,0.00691907665021,0.00345356101729
63,1.00789522025,0.0078642160767,0.00392438742428
64,1.00581545127,0.00579860680238,0.00289510448005
65,1.00637242103,0.00635220299779,0.00317106302418
66,1.00736819771,0.00734118514876,0.00366386418437
67,1.00867230311,0.00863491469647,0.00430815052801
68,1.00751520391,0.00748710545692,0.00373655437057
69,1.00860212605,0.0085653385844,0.00427351174165
70,1.00562818964,0.00561241055945,0.00280227156615
71,1.00957397461,0.00952843454658,0.00475288639158
72,1.00697452546,0.00695031596325,0.00346912660881
73,1.00721336916,0.0071874772484,0.0035872888741
74,1.00797324582,0.00794162745114,0.00396294046927
75,1.00721052716,0.00718465560459,0.00358588311223
76,1.00778042658,0.00775031514766,0.0038676588401
77,1.00625570064,0.00623621496533,0.00311325123427
78,1.00821774674,0.00818416491401,0.00408372129633
79,1.00989326542,0.00984464746869,0.00491022895182
80,1.00835654756,0.00832182492758,0.00415226786149
81,1.00658103126,0.0065594708194,0.00327436295254
82,1.00453988177,0.00452960758821,0.00226224106105
83,1.00504052971,0.00502786876795,0.00251077709722
84,1.00920594587,0.00916382943536,0.00457143376017
85,1.00881123437,0.00877264198092,0.00437671513447
86,1.00972774462,0.00968073473195,0.00482867166596
87,1.00834919156,0.0083145298554,0.00414863546432
88,1.00543691358,0.00542218692146,0.0027074217657
89,1.00655982029,0.00653839830397,0.00326386113903
90,1.00835637219,0.00832165100759,0.00415218126258
91,1.00756809577,0.00753960140737,0.00376270392563
92,1.00589815214,0.00588082613392,0.0029360942865
93,1.006555084,0.00653369286491,0.00326151609569
94,1.00424721287,0.00423821891964,0.00211686573255
95,1.00891137283,0.00887190087548,0.00442612614166
96,1.00762169148,0.00759279313222,0.00378919936336
97,1.00787720489,0.00784634168479,0.00391548526157
98,1.00501959376,0.00500703759722,0.00250038760897
99,1.0076357389,0.00760673419879,0.0037961434597
100,1.0070253317,0.00700076903086,0.00349426531149
101,1.006142214,0.00612342748694,0.00305703147775
102,1.00809590421,0.00806330818648,0.00402353788679
103,1.00722126442,0.00719531593378,0.00359119414932
104,1.00513874483,0.00512558653646,0.00255951211713
105,1.00849469399,0.00845881711043,0.00422047720274
106,1.00623583914,0.00621647674547,0.00310341280081
107,1.00750306709,0.00747505909313,0.00373055367655
108,1.00382470701,0.00381741141206,0.00190688528569
109,1.00780548892,0.00777518368878,0.00388004494214
110,1.00658441602,0.00656283344429,0.00327603875835
111,1.00754873141,0.00752038231626,0.00375313049195
112,1.00932574435,0.00928252807244,0.00463051001415
113,1.00576488049,0.00574832715838,0.00287003712536
114,1.00807673371,0.00804429146658,0.00401406773906
115,1.0061446369,0.0061258355946,0.00305823185003
116,1.00955352598,0.00950817963464,0.00474280701922
117,1.0066576112,0.00663554717726,0.00331227585959
118,1.00817924952,0.00814598074467,0.0040647069969
119,1.00874940791,0.00871135364686,0.00434620462074
120,1.00916969312,0.00912790673981,0.00455355436094
121,1.0089461491,0.00890636938564,0.0044432839679
122,1.00586478744,0.00584765652264,0.00291955803828
123,1.00658874671,0.00656713579423,0.00327818288368
124,1.00705412891,0.00702936493664,0.00350851320168
125,1.00690060422,0.00687690402128,0.00343254730415
126,1.00594318309,0.00592559203802,0.00295841127033
127,1.00748301774,0.007455158858,0.00372064062912
128,1.0078508824,0.00782022458019,0.00390247775491
129,1.00872690264,0.00868904332958,0.00433509788276
130,1.00783759695,0.00780704253637,0.00389591243268
131,1.01047621039,0.0104217151693,0.00519730461733
132,1.00961946964,0.00957349712508,0.00477531033955
133,1.00910458571,0.00906338882989,0.00452144178092
134,1.00914658056,0.0091050039188,0.00454215502978
135,1.00611255358,0.00609394770994,0.00304233654125
136,1.00742197777,0.00739457041818,0.00369045866595
137,1.00703482026,0.00701019135147,0.00349895999869
138,1.00616679608,0.00614785920217,0.00306920991672
139,1.00739338552,0.007366188415,0.00367631993534
140,1.00730223183,0.00727569961592,0.00363124084891
141,1.00720428236,0.00717845548819,0.00358279416569
142,1.00651877031,0.00649761501046,0.00324353584055
143,1.00843026304,0.00839492683043,0.00418866637837
144,1.00972154075,0.00967459060832,0.00482561443343
145,1.00630359633,0.00628381176212,0.00313697525998
146,1.00665194851,0.0066299219273,0.00330947254686
147,1.00730133396,0.00727480825732,0.00363079678788
148,1.00574820493,0.00573174703493,0.00286177082216
149,1.00980830664,0.00976051743076,0.00486836960133
150,1.00841076696,0.00837559354441,0.00417904017918
151,1.0075225312,0.00749437805768,0.00374017707714
152,1.00608324521,0.006064816976,0.00302781538128
153,1.00788777573,0.00785682985308,0.00392070879888
154,1.00866679994,0.00862945883117,0.004305434344
155,1.00727428696,0.00724795694463,0.00361741978757
156,1.00731069412,0.00728410053092,0.00363542604475
157,1.00931474798,0.00927163324305,0.00462508780899
158,1.00684948515,0.0068261339954,0.00340724910537
159,1.00721900924,0.00719307692297,0.00359007866366
160,1.00714821833,0.00712279092283,0.00355506121442
161,1.00790331445,0.00787224684154,0.00392838704075
162,1.00714375752,0.00711836176042,0.00355285450374
163,1.00404758075,0.00403941132854,0.00201766743122
164,1.00662808351,0.00660621434494,0.00329765791545
165,1.00892832632,0.00888870447389,0.00443449071831
166,1.00927154424,0.00922882730568,0.00460378360293
167,1.00671453758,0.00669209547551,0.00334045595855
168,1.00525048692,0.0052367511758,0.00261495063247
169,1.00630188969,0.00628211581194,0.00313612994461
170,1.0086791425,0.00864169525969,0.00431152619805
171,1.0075074503,0.00747940964535,0.00373272083533
172,1.00840480008,0.00836967641587,0.00417609397451
173,1.00683166914,0.00680843903217,0.00339843173032
174,1.00813251235,0.0080996216746,0.00404162141233
175,1.00722340692,0.00719744307242,0.0035922538986
176,1.00716158444,0.00713606207453,0.00356167317845
177,1.00750406905,0.00747605358962,0.00373104906967
178,1.00886030703,0.0088212848357,0.00440092981943
179,1.00475773396,0.0047464517193,0.00237041198559
180,1.0084312849,0.00839594014777,0.00418917091469
181,1.00633468688,0.00631470708708,0.00315237434458
182,1.00688062131,0.00685705786234,0.00342265823705
183,1.00483249662,0.00482085759062,0.00240752604458
184,1.00630864217,0.00628882598505,0.00313947450356
185,1.00875852963,0.00872039621307,0.00435070624325
186,1.00770522576,0.00767569212269,0.00383049094243
187,1.00635722717,0.00633710523508,0.0031635380524
188,1.01009703035,0.0100463958961,0.0050106027874
189,1.00808272897,0.00805023867602,0.00401702940312
190,1.00673230948,0.00670974868931,0.00334925304173
191,1.00817555752,0.0081423186869,0.00406288340894
192,1.00723520949,0.00720916092811,0.00359809176258
193,1.00690347316,0.0068797532891,0.00343396704692
194,1.00803254811,0.00800045891525,0.00399223919761
195,1.00701021327,0.00698575595422,0.00348678497493
196,1.01099415637,0.0109341599768,0.00545216270366
197,1.00850599082,0.00847001872188,0.00422605435477
198,1.00470714408,0.00469610011834,0.00234529554596
199,1.00731729496,0.00729065344026,0.00363869058276
200,1.00493458533,0.00492245016461,0.00245819875119
201,1.00606122409,0.00604292876577,0.00301690435319
202,1.00741930205,0.00739191441245,0.00368913556314
203,1.0087146382,0.00867688492101,0.00432904501402
204,1.00684855251,0.00682520769566,0.00340678753346
205,1.00518837489,0.00517496165004,0.00258413618186
206,1.00660528338,0.00658356408611,0.00328637006852
207,1.00803000827,0.0079979393131,0.00399098442517
208,1.0083939905,0.00835895687271,0.00417075657153
209,1.00575526993,0.00573877163516,0.00286527306473
210,1.00876914922,0.00873092354281,0.00435594699367
211,1.00857053046,0.00853401196919,0.00425791524923
212,1.00687726413,0.00685372361342,0.00342099681721
213,1.00958436238,0.00953872375964,0.00475800653321
214,1.00438129633,0.0043717263894,0.00218347593547
215,1.00678143605,0.00675854553736,0.00337356945262
216,1.00915017596,0.00910856673013,0.00454392834245
217,1.00555053037,0.00553518293865,0.0027637652187
218,1.00650369615,0.00648263836756,0.00323607177979
219,1.0080349042,0.00800279623324,0.00399340319036
220,1.00721082611,0.0071849524092,0.00358603098237
221,1.00722021077,0.00719426984381,0.00359067298256
222,1.01022175365,0.0101698648245,0.00507202602873
223,1.00646512184,0.00644431257663,0.00321697071381
224,1.00823614022,0.00820240830123,0.00409280569805
225,1.00971653389,0.00966963194561,0.00482314706331
226,1.00830577995,0.00827147676749,0.00412719799542
227,1.00615662935,0.00613775473273,0.00306417317564
228,1.00737278509,0.00734573896443,0.00366613274734
229,1.00777453716,0.00774447117497,0.00386474815076
230,1.0053301057,0.0053159509625,0.00265444619204
231,1.01017527175,0.0101238521874,0.0050491361355
232,1.0091454676,0.00910390104655,0.00454160609821
233,1.00949258703,0.0094478155304,0.00471276766142
234,1.00661651477,0.00659472171041,0.00329193053112
235,1.00524797803,0.00523425538512,0.00261370599953
236,1.00694483793,0.0069208336162,0.00345443646601
237,1.0070793189,0.00705437816041,0.00352097585602
238,1.0087467725,0.00870874109585,0.00434490402173
239,1.00637466884,0.00635443657581,0.00317217627116
240,1.00874308252,0.00870508310467,0.00434308297129
241,1.00603391388,0.00601578271738,0.00300337218567
242,1.00614269363,0.00612390419242,0.00305726910181
243,1.00909212501,0.00905104048308,0.00451529550471
244,1.00912521403,0.00908383082447,0.00453161651257
245,1.00825593584,0.00822204202415,0.00410258233302
246,1.00674672993,0.00672407259997,0.0033563909843
247,1.00730912233,0.00728254014939,0.00363464869001
248,1.00845274877,0.00841722433335,0.00419976836954
249,1.00955631843,0.00951094565499,0.00474418346909
250,1.00826975776,0.00823575067223,0.00410940851323
251,1.01094283917,0.0108833995423,0.00542692054315
252,1.00853147441,0.00849528705311,0.00423863504824
253,1.00971251647,0.0096656531763,0.00482116727178
254,1.01052837379,0.0104733364281,0.00522298076968
255,1.00755168509,0.00752331385904,0.00375459076104
256,1.00994240088,0.00989330039555,0.00493443567231
257,1.00767300958,0.00764372176614,0.00381456686796
258,1.00631281973,0.0062929773447,0.0031415436647
259,1.00779222873,0.00776202611333,0.00387349165885
260,1.00877751753,0.00873921906788,0.0043600766802
261,1.00834910531,0.0083144443235,0.00414859287579
262,1.00856296956,0.00852651529442,0.00425418286495
263,1.00639888758,0.00637850161298,0.00318417054831
264,1.00644932099,0.0064286131047,0.00320914619951
265,1.00863246316,0.00859541650321,0.00428848631929
266,1.00778764125,0.00775747409202,0.00387122446173
267,1.00888078174,0.00884157952389,0.00441103245452
268,1.00790124827,0.00787019686326,0.00392736607764
269,1.00753081142,0.00750259642918,0.00374427088539
270,1.0080824648,0.00804997662005,0.00401689890148
271,1.00827787657,0.00824380286157,0.00411341805496
272,1.00610520507,0.00608664381642,0.0030386956983
273,1.00974268143,0.00969552753199,0.00483603232397
274,1.0072315162,0.00720549416482,0.00359626497594
275,1.00670365239,0.00668128282775,0.00333506767969
276,1.00838888597,0.00835389481916,0.00416823609787
277,1.00797327133,0.00794165275592,0.00396295307152
278,1.00810637344,0.00807369328971,0.00402870953254
279,1.00649095901,0.00646998345153,0.00322976477793
280,1.00656796428,0.00654648918702,0.00326789336864
281,1.00511757309,0.00510452281715,0.00254900715858
282,1.0053347381,0.00532055879079,0.00265674398792
283,1.00740221227,0.00737495034359,0.00368068478425
284,1.00914628696,0.00910471298425,0.00454201022323
285,1.00576994851,0.00575336611069,0.00287254936737
286,1.00943150003,0.0093873011273,0.00468265259944
287,1.00630910788,0.00628928877253,0.00313970517082
288,1.00960502365,0.0095591886711,0.00476819025074
289,1.00771611747,0.00768650048583,0.00383587440878
290,1.0087797142,0.00874139662799,0.00436116071251
291,1.00807179523,0.00803939253962,0.0040116281049
292,1.01192028758,0.0118498005469,0.00590738266559
293,1.00916821749,0.00912644451296,0.00455282657641
294,1.0103128036,0.0102599894426,0.00511685877043
295,1.0066360017,0.00661408036688,0.00330157794899
296,1.00840074242,0.00836565256747,0.00417409045028
297,1.00970959121,0.00966275605435,0.00481972569352
298,1.01103360926,0.0109731830635,0.00547156767757
299,1.00595369529,0.00593604208388,0.00296362082188
300,1.00701204348,0.0069875734245,0.00348769054109
301,1.00859084301,0.00855415170785,0.00426794219143
302,1.0080916744,0.00805911234195,0.0040214484034
303,1.0085874305,0.0085507682636,0.00426625768805
304,1.00645891374,0.00643814434498,0.00321389651476
305,1.00629615007,0.00627641212366,0.00313328704017
306,1.01009591216,0.0100452888781,0.00501005205163
307,1.00854044852,0.00850418521708,0.00424306526234
308,1.00747907913,0.00745124948678,0.00371869321429
309,1.00641857702,0.00639806568131,0.00319392138712
310,1.00984800332,0.0097998277642,0.00488792888721
311,1.00716927595,0.00714369886367,0.00356547796588
312,1.00823589153,0.00820216164341,0.0040926828739
313,1.01027823598,0.0102257740848,0.00509983848351
314,1.00771050908,0.00768093503272,0.00383310235256
315,1.00765260896,0.00762347628197,0.00380448268871
316,1.01023374776,0.0101817375036,0.00507793224146
317,1.00684834899,0.00682500556696,0.00340668681341
318,1.00584932632,0.00583228542799,0.00291189489991
319,1.00711970273,0.00709447730865,0.00354095463579
320,1.0071442112,0.00711881221935,0.00355307893297
321,1.00777700104,0.00774691605217,0.00386596586419
322,1.00686600729,0.00684254360633,0.00341542592147
323,1.00716168282,0.00713615975751,0.00356172184598
324,1.00663308906,0.00661118692842,0.00330013600517
325,1.0093168464,0.00927371229326,0.00462612252566
326,1.00565145402,0.00563554447187,0.0028138060419
327,1.00923111034,0.00918876404041,0.00458384399189
328,1.00966359092,0.00961719707343,0.00479705573575
329,1.008279201,0.00824511641961,0.00411407213216
330,1.00574954505,0.00573307949855,0.00286243514715
331,1.00844091328,0.0084054879764,0.00419392481891
332,1.00787100897,0.00784019417036,0.0039124235349
333,1.00819664146,0.00816323143405,0.00407329724504
334,1.00900601731,0.00896570498666,0.00447281950782
335,1.00967950883,0.00963296251109,0.00480490060982
336,1.00859956808,0.00856280241912,0.00427224907738
337,1.01040214276,0.0103484127544,0.00516084322921
338,1.00874365033,0.00870564598986,0.00434336319151
339,1.00733482206,0.00730805307166,0.00364735870482
340,1.00920683315,0.00916470861504,0.00457187134035
341,1.00605024711,0.00603201785137,0.00301146533975
342,1.00616917476,0.00615022330394,0.00307038833895
343,1.00464591957,0.00463516059477,0.00231489678166
344,1.00798354333,0.00795184345883,0.00396802821741
345,1.00707301951,0.00704812303789,0.00351785930196
346,1.00878542753,0.0087470602174,0.00436398015331
347,1.0084599739,0.00842438888196,0.00420333559274
348,1.0103224586,0.0102695458375,0.00512161250718
349,1.00763037484,0.0076014107775,0.00379349184976
350,1.00897205943,0.00893204963858,0.00445606695998
351,1.00695763074,0.00693353811898,0.00346076675384
352,1.00595229902,0.00593465407463,0.00296292887378
353,1.0059723979,0.00595463382502,0.00297288909994
354,1.00693285343,0.00690893170395,0.00344850604943
355,1.00775080768,0.00772092447941,0.00385302023496
356,1.00501861639,0.00500606511148,0.00249990258177
357,1.00758358643,0.00755497559264,0.00377036206457
358,1.01006733307,0.0100169950342,0.00499597590694
359,1.01191671258,0.0118462676519,0.00590562665161
360,1.00662704613,0.00660518379141,0.00329714433776
361,1.0062383014,0.00621892374337,0.003104632502
362,1.00741129964,0.00738397090792,0.00368517845536
363,1.00951579532,0.00947080532071,0.00472420831805
364,1.00758770844,0.00755906657764,0.00377239984274
365,1.00584801674,0.00583098346328,0.00291124581294
366,1.00671654467,0.00669408917272,0.00334144947673
367,1.00771242168,0.00768283299486,0.00383404769564
368,1.00607301129,0.0060546448797,0.00302274471985
369,1.00958919635,0.00954351182983,0.00476038917462
370,1.00895222026,0.00891238669013,0.00444627924734
371,1.01050317691,0.0104484017551,0.00521057847255
372,1.00560593769,0.00559028290062,0.00279123867956
373,1.01037197129,0.01031855146,0.00514598952588
374,1.00943329768,0.00938908197402,0.00468353885286
375,1.00812629286,0.00809345234112,0.0040385492079
376,1.00778518113,0.00775503298061,0.00387000863033
377,1.00813815537,0.00810521915326,0.00404440883631
378,1.0087720868,0.00873383557563,0.00435739666669
379,1.00841394029,0.0083787404012,0.00418060703092
380,1.00862989142,0.00859286676804,0.00428721691814
381,1.00964666884,0.00960043681255,0.00478871577032
382,1.00689987249,0.00687617730013,0.00343218519076
383,1.00976437998,0.0097170164907,0.00484672478524
384,1.00886671575,0.00882763725754,0.00440409204705
385,1.00843796952,0.00840256885329,0.00419247137759
386,1.00968227049,0.00963569768764,0.00480626162603
387,1.00838103643,0.00834611055513,0.00416436018164
388,1.00700440709,0.00697999017866,0.00348391213502
389,1.00868975578,0.00865221716586,0.00431676445462
390,1.0095730662,0.00952753475799,0.00475243863548
391,1.00829045037,0.00825627334696,0.00411962763014
392,1.00842506527,0.00838977249762,0.00418610000355
393,1.00830961198,0.0082752772279,0.00412909038119
394,1.00534015339,0.00532594533516,0.00265943010115
395,1.00689759956,0.00687391994457,0.00343106038617
396,1.01085587043,0.0107973684773,0.00538413753235
397,1.00530119303,0.00528719116891,0.00264010436279
398,1.00719375558,0.00716800394287,0.00357758710229
399,1.00749968512,0.00747170229941,0.00372888153964
400,1.00646873462,0.00644790214854,0.00321875972439
401,1.00813733643,0.00810440682819,0.00404400431638
402,1.00923432177,0.00919194609371,0.00458542772426
403,1.00800035941,0.00796852620612,0.0039763364576
404,1.0088517806,0.00881283325826,0.00439672261922
405,1.00795043935,0.00791900112557,0.00395167207614
406,1.00843066984,0.00839533023001,0.00418886723329
407,1.00968490143,0.00963830339246,0.00480755821575
408,1.00833484199,0.00830029900387,0.00414154953266
409,1.00813193315,0.00809904714749,0.00404133530974
410,1.00652153534,0.00650036213261,0.00324490494549
411,1.007117103,0.00709189594923,0.00353966852549
412,1.00986507881,0.00981673659012,0.00489634194004
413,1.00790734043,0.00787624124923,0.00393037639682
414,1.00839826746,0.00836319821742,0.00417286839684
415,1.00709919361,0.00707411296285,0.00353080846585
416,1.00654031728,0.0065190222056,0.00325420466352
417,1.00993577324,0.00988673797566,0.00493117064793
418,1.00883087649,0.00879211234898,0.00438640766319
419,1.01085260519,0.0107941382988,0.00538253113768
420,1.00558919404,0.00557363245608,0.00278293666041
421,1.0074533587,0.00742571966968,0.00370597569335
422,1.00579006647,0.00577336845583,0.0028825217612
423,1.0096821562,0.00963558449499,0.00480620530172
424,1.0087446116,0.00870659892514,0.00434383758957
425,1.00507488721,0.00506205337511,0.00252782634013
426,1.00896494075,0.00892499423324,0.00445255497079
427,1.00653833368,0.00651705148897,0.00325322251128
428,1.01031765517,0.0102647914716,0.00511924749641
429,1.00643725291,0.00641662228324,0.00320317001101
430,1.00696554016,0.00694139285787,0.00346468052389
431,1.00682202267,0.00679885796248,0.00339365746435
432,1.00730463519,0.00727808555157,0.00363242948407
433,1.00900759178,0.0089672654048,0.00447359622685
434,1.00770203753,0.00767252825882,0.00382891506882
435,1.00892583698,0.008886237165,0.00443326253373
436,1.00815837955,0.00812527987169,0.00405439857856
437,1.00826976414,0.00823575700012,0.00410941166418
438,1.00647693665,0.00645605142579,0.00322282123946
439,1.00641076085,0.00639029932344,0.00319005060324
440,1.00846115242,0.00842555751452,0.00420391745277
441,1.00610936617,0.00609077965616,0.00304075733226
442,1.00964924567,0.00960298901905,0.00478998576186
443,1.00757242176,0.00754389489542,0.00376484258979
444,1.0088400987,0.00880125378551,0.00439095832202
445,1.00683274891,0.00680951147417,0.00339896612887
446,1.00871639355,0.00867862510516,0.00432991133905
447,1.00888724954,0.00884799037058,0.00441422373352
448,1.00957402855,0.00952848797907,0.00475291298084
449,1.00775954598,0.0077295955382,0.00385733905011
450,1.00752250964,0.00749435665985,0.00374016641824
451,1.00655145913,0.00653009160004,0.00325972133443
452,1.00936256677,0.00931900960467,0.00464866615062
453,1.00864425349,0.00860710584997,0.00429430591086
454,1.0085478334,0.00851150752794,0.00424671087657
455,1.00659997033,0.00657828588482,0.00328373963747
456,1.00777088378,0.00774084597996,0.00386294255684
457,1.00677319667,0.00675036162617,0.00336949129318
458,1.00629016714,0.00627046661093,0.0031303235939
459,1.00807571736,0.00804328326134,0.00401356565982
460,1.00819078562,0.00815742318382,0.0040704049451
461,1.00750253941,0.0074745353392,0.0037302927765
462,1.00652437146,0.00650317986826,0.00324630924068
463,1.00652309505,0.00650191173759,0.00324567723352
464,1.00617420915,0.00615522681749,0.00307288241124
465,1.00872628508,0.00868843111489,0.00433479310237
466,1.00568015191,0.00566408068058,0.00282803389707
467,1.00568970737,0.00567358211705,0.00283277116886
468,1.01119746548,0.0111352379594,0.0055521485137
469,1.00753872637,0.00751045218256,0.00374818404736
470,1.00662610543,0.00660424928614,0.00329667862562
471,1.0082159409,0.00818237378757,0.00408282938994
472,1.00725061061,0.00722445130806,0.00360570941534
473,1.00937731429,0.00933362022189,0.00465593747273
474,1.00871825516,0.00868047062284,0.004330830102
475,1.00678931845,0.00676637481977,0.00337747087988
476,1.00824889953,0.00821506330449,0.00409910728251
477,1.00733433744,0.0073075719743,0.00364711903348
478,1.00652009875,0.00649893484541,0.00324419361734
479,1.00814358425,0.00811060419586,0.00404709046434
480,1.00797422027,0.00794259419212,0.00396342192408
481,1.00754358407,0.00751527352478,0.00375058567994
482,1.00865118584,0.00861397876907,0.00429772760732
483,1.00825625838,0.00822236192672,0.00410274162807
484,1.00751551898,0.00748741817328,0.0037367101445
485,1.00910578007,0.00906457241593,0.00452203089801
486,1.0064194313,0.00639891450405,0.00319434444286
487,1.00745317945,0.00742554175162,0.003705887064
488,1.00963352338,0.00958741686869,0.0047822369517
489,1.00577333078,0.00575672897172,0.00287422596648
490,1.00937035408,0.00932672465273,0.0046525057349
491,1.00872250358,0.00868468232094,0.00433292682877
492,1.0099328952,0.00988388825293,0.00492975281179
493,1.00617633626,0.00615734086781,0.00307393618772
494,1.0083617967,0.00832703054834,0.00415485986093
495,1.00775924918,0.00772930102231,0.00385719236018
496,1.00687177618,0.00684827313501,0.00341828089733
497,1.00820884943,0.00817534008033,0.00407932688887
498,1.00508952898,0.00507662110906,0.0025350917683
499,1.0103253276,0.010272385527,0.00512302507904
500,1.00489433733,0.00488239900121,0.00243822219633
501,1.0065292947,0.00650807118846,0.00324874695843
502,1.00742817066,0.00740071766213,0.00369352094014
503,1.01031352106,0.0102606995722,0.00511721201838
504,1.00521532662,0.00520177390787,0.00259750757789
505,1.0074023518,0.00737508884647,0.0036807537808
506,1.01138649124,0.0113221530812,0.00564508284153
507,1.00687642919,0.00685289437919,0.00342058361841
508,1.00788151827,0.00785062134212,0.00391761670948
509,1.00990033476,0.00985164753302,0.00491371179193
510,1.00883290868,0.00879412675034,0.00438741044537
511,1.00982416025,0.00977621693375,0.00487618110668
512,1.00882484815,0.00878613675553,0.00438343296771
513,1.00614452459,0.0061257239705,0.00305817620866
514,1.00712293241,0.0070976841487,0.0035425523769
515,1.00715524013,0.00712976285942,0.00355853478383
516,1.00729972263,0.00727320860727,0.00362999986654
517,1.00593186834,0.00591434407226,0.00295280390973
518,1.00703637028,0.00701173054473,0.00349972690224
519,1.00758443529,0.00755581806905,0.00377078171447
520,1.00804739962,0.00801519197901,0.00399957629351
521,1.00404511168,0.00403695220902,0.00201644035156
522,1.00768514026,0.00765576000287,0.00382056300795
523,1.00900244013,0.00896215973501,0.00447105480907
524,1.00610083955,0.00608230477667,0.00303653276859
525,1.01056073525,0.010505360207,0.00523890890184
526,1.00489715274,0.00488520068743,0.00243961962289
527,1.0086965013,0.00865890454737,0.00432009370589
528,1.00869413769,0.00865656131759,0.0043189271518
529,1.00727914381,0.00725277870628,0.00361982194433
530,1.00629114038,0.00627143376875,0.00313080565893
531,1.00704701254,0.00702229838239,0.00350499231489
532,1.00857793523,0.00854135379412,0.00426157052455
533,1.0099740142,0.00992460201214,0.00495000913083
534,1.00936802688,0.00932441905252,0.00465135829754
535,1.00701994901,0.00699542388104,0.00349160207171
536,1.00904873386,0.00900803937087,0.00449389179988
537,1.00886313185,0.00882408484645,0.0044023236625
538,1.00524961485,0.00523588365508,0.00261451800627
539,1.01008139889,0.0100309205703,0.00500290386507
540,1.00689862434,0.00687493770123,0.00343156751839
541,1.00803492974,0.00800282157313,0.00399341580971
542,1.00848722374,0.00845140975329,0.00421678914863
543,1.0100094853,0.00995972219226,0.00496748214487
544,1.00755716836,0.00752875602163,0.0037573016221
545,1.00835334613,0.00831865002368,0.00415068699981
546,1.00816965338,0.00813646241356,0.00405996716468
547,1.00862823546,0.00859122497695,0.00428639954162
548,1.00997894155,0.00992948068684,0.00495243639048
549,1.00840791492,0.00837276528614,0.00417763195875
550,1.00568569847,0.00566959589732,0.00283078370304
551,1.00884873577,0.00880981513418,0.00439522019097
552,1.00635762733,0.0063375028641,0.00316373623793
553,1.00989997049,0.00985128682757,0.00491353232539
554,1.00698017624,0.00695592758229,0.0034719226807
555,1.0069858588,0.00696157074203,0.00347473446029
556,1.0064028899,0.00638247847855,0.00318615264762
557,1.0088606249,0.00882159991646,0.00440108666647
558,1.00937689102,0.00933320088562,0.00465572878077
559,1.00744704123,0.00741944892604,0.00370285193624
560,1.00896277279,0.00892284553947,0.00445148540692
561,1.00816814425,0.00813496550921,0.00405922175092
562,1.01070174996,0.0106448915303,0.00530830664669
563,1.0073477139,0.00732085096221,0.00365373429044
564,1.0100848715,0.0100343585067,0.00500461423194
565,1.00505542064,0.00504268490471,0.00251816653822
566,1.01040062908,0.0103469146624,0.00516009804866
567,1.00714927807,0.00712384314002,0.00355558545252
568,1.00976654941,0.0097191649385,0.00484779380209
569,1.00766087613,0.00763168063379,0.00380856924958
570,1.00936138781,0.00931784157392,0.00464808484996
571,1.00920645282,0.0091643317575,0.00457168377304
572,1.00810670841,0.00807402556586,0.00402887500129
573,1.00778818537,0.00775801400308,0.00387149337216
574,1.00871080644,0.008673086258,0.00432715390301
575,1.01083425307,0.010775983045,0.00537350233039
576,1.00768332551,0.00765395908632,0.00381966598953
577,1.00746549199,0.00743776312413,0.00371197508614
578,1.00969574551,0.00964904340568,0.00481290239139
579,1.00950126087,0.00945640777167,0.00471704352625
580,1.00610326275,0.00608471328332,0.00303773336443
581,1.00975725482,0.0097099602075,0.00484321373737
582,1.00592307122,0.00590559879543,0.00294844417333
583,1.00642539548,0.00640484062632,0.00319729803458
584,1.00640325381,0.00638284007332,0.00318633286894
585,1.00690381925,0.00688009700612,0.00343413831526
586,1.00910576843,0.00906456088588,0.00452202515906
587,1.00649468303,0.00647368344702,0.00323160879891
588,1.00629608081,0.00627634329525,0.00313325273379
589,1.00724036746,0.00721428183387,0.00360064299945
590,1.00705364964,0.00702888901566,0.00350827607605
591,1.0077193339,0.00768969228319,0.00383746418453
592,1.00796468117,0.00793313051348,0.00395870882789
593,1.00881948279,0.00878081831868,0.00438078540227
594,1.00954102269,0.00949579459062,0.00473664384806
595,1.00587465586,0.00585746735234,0.00292444911949
596,1.00881211899,0.00877351886889,0.00437715165941
597,1.00618474018,0.00616569316439,0.00307809949011
598,1.00741770964,0.00739033372538,0.00368834813498
599,1.0101608505,0.0101095760981,0.00504203410649
600,1.0057716524,0.00575506022681,0.00287339399185
601,1.00684321673,0.00681990820058,0.00340414680955
602,1.00878811101,0.00874972032117,0.00436530439999
603,1.00766008093,0.00763089147782,0.0038081761743
604,1.00812506919,0.00809223852573,0.00403794475105
605,1.0078165251,0.00778613433135,0.003885499004
606,1.00664170652,0.00661974756411,0.00330440218826
607,1.00720581406,0.00717997622914,0.00358355181163
608,1.00720944553,0.00718358171308,0.00358534809176
609,1.00854902044,0.00851268450746,0.00424729686701
610,1.00909508746,0.0090539762409,0.00451675675464
611,1.00855461949,0.00851823608781,0.00425006086375
612,1.00900578275,0.00896547252434,0.00447270379654
613,1.00645419533,0.00643345619929,0.00321155997278
614,1.00630468026,0.00628488890037,0.00313751213948
615,1.006915614,0.00689181082192,0.00343997509264
616,1.00725328092,0.007227102392,0.00360703017692
617,1.00845461482,0.00841907474393,0.00420068968876
618,1.00836163872,0.00832687387723,0.00415478185085
619,1.00919883357,0.00915678199045,0.00456792614
620,1.00830885174,0.00827452325009,0.00412871494884
621,1.01024823634,0.0101960792123,0.00508506665712
622,1.00672852105,0.00670598558566,0.00334737778994
623,1.00622385143,0.00620456326024,0.00309747452674
624,1.00976374993,0.00971639253195,0.00484641431789
625,1.00820289572,0.00816943483288,0.00407638630553
626,1.00870776303,0.00867006912163,0.0043256518615
627,1.008822296,0.00878360693015,0.00438217359889
628,1.00828175382,0.00824764826758,0.00411533284725
629,1.00548642677,0.00547143115866,0.00273197691954
630,1.00895753374,0.00891765301547,0.00444890069879
631,1.00831403286,0.00827966166152,0.00413127354375
632,1.00834473713,0.00831011230596,0.00414643585058
633,1.00924346884,0.00920100942736,0.00458993860123
634,1.00706159514,0.00703677883517,0.00351220713822
635,1.00809259127,0.00806002184863,0.00402190132787
636,1.00591096772,0.0058935664875,0.00294244573962
637,1.00764470294,0.00761563027127,0.0038005746007
638,1.00746435611,0.00743663566435,0.00371141344864
639,1.01010579019,0.0100550681282,0.00501491716752
640,1.00828840886,0.0082542486243,0.00411861943885
641,1.00903100509,0.00899046942888,0.00448514626918
642,1.00921665875,0.00917444453335,0.00457671703203
643,1.00672107988,0.00669859411584,0.00334369441924
644,1.00750169858,0.00747370076789,0.00372987704736
645,1.00733530407,0.00730853157215,0.0036475970824
646,1.00749642961,0.0074684710192,0.00372727192277
647,1.00852563817,0.00848950016795,0.00423575386574
648,1.00711101585,0.00708585180022,0.00353665714358
649,1.00720533072,0.00717949634585,0.0035833127298
650,1.00551011041,0.0054949852831,0.00274372173794
651,1.00708659847,0.00706160652889,0.0035245773083
652,1.00799668311,0.00796487907695,0.00397452014246
653,1.00820550542,0.00817202329501,0.00407767525997
654,1.00698846652,0.00696416036758,0.0034760247731
655,1.00697810172,0.00695386744145,0.00347089618607
656,1.00719141232,0.00716567741728,0.0035764280005
657,1.00770183767,0.0076723299285,0.00382881628335
658,1.00685152072,0.00682815571523,0.00340825652052
659,1.0083648464,0.00833005495841,0.00415636578183
660,1.01141535542,0.0113506918879,0.00565927159172
661,1.00602473321,0.00600665707455,0.00299882305773
662,1.00621749555,0.00619824666639,0.00309432600759
663,1.00746785385,0.00744010748147,0.00371314291302
664,1.0082943703,0.0082601610435,0.0041215634686
665,1.00805923437,0.00802693217648,0.00400542289717
666,1.00716511488,0.00713956740875,0.0035634196016
667,1.00762372213,0.00759480841898,0.00379020318807
668,1.00542788431,0.00541320643286,0.00270294366834
669,1.00772949125,0.00769977177739,0.00384248457913
670,1.00756096335,0.00753252253586,0.00375917780148
671,1.00849091731,0.00845507223378,0.00421861266525
672,1.00713193946,0.00710662745754,0.00354700818028
673,1.00701269173,0.00698821715921,0.00348801128583
674,1.00823625156,0.00820251873349,0.00409286068819
675,1.00853570084,0.00849947772279,0.00424072149953
676,1.00975436332,0.00970709663912,0.0048417888866
677,1.00913790585,0.00909640780227,0.00453787648477
678,1.00888327846,0.00884405425976,0.00441226436362
679,1.010109842,0.0100590793998,0.00501691274323
680,1.00818341642,0.00815011382586,0.00406676513549
681,1.0056076976,0.00559203299801,0.0027921112854
682,1.00840755544,0.00837240880295,0.00417745446177
683,1.00890693074,0.00886749801371,0.00442393445217
684,1.00886850361,0.00882940939776,0.00440497421443
685,1.00848447007,0.0084486792577,0.00421542965686
686,1.00663854481,0.00661660670606,0.00330283694733
687,1.00799691222,0.00796510636913,0.00397463333686
688,1.00785647056,0.00782576919313,0.00390523923868
689,1.00870079114,0.00866315739158,0.0043222109394
690,1.00546660367,0.00545171602505,0.00272214623493
691,1.00948248064,0.00943780412489,0.00470778553691
692,1.00541922888,0.00540459769407,0.00269865092417
693,1.0086292593,0.0085922400536,0.00428690490431
694,1.01086465778,0.0108060614225,0.00538846059354
695,1.01000129922,0.00995161721042,0.00496344977646
696,1.00601304025,0.00599503406786,0.00299302896522
697,1.00850918668,0.00847318762665,0.00422763210992
698,1.00596508109,0.00594736042525,0.00296926320496
699,1.00764180124,0.00761275058046,0.00379914022651
700,1.00802904694,0.00799698563968,0.0039905094914
701,1.0060729514,0.00605458535368,0.0030227150468
702,1.01136389039,0.0112998064296,0.00563397252804
703,1.01078081665,0.010723117973,0.00534721148225
704,1.00625048278,0.00623102952839,0.00311066658424
705,1.00719783052,0.00717204977602,0.00357960277967
706,1.00531548954,0.00530141219328,0.00264719607726
707,1.0072570172,0.00723081175874,0.00360887816868
708,1.00566373182,0.00564775319396,0.00281989320788
709,1.00900564579,0.00896533678199,0.00447263622893
710,1.00712217749,0.00709693456516,0.00354217891278
711,1.00582843078,0.00581151119171,0.00290153797418
712,1.00715151076,0.00712605997221,0.00355668992694
713,1.00600675069,0.00598878208731,0.00298991232625
714,1.00879948605,0.00876099620313,0.00437091771382
715,1.00781399873,0.00778362755717,0.00388425048617
716,1.0110384085,0.0109779299224,0.00547392811783
717,1.00718564704,0.00715995328756,0.00357357616752
718,1.00930284701,0.00925984203511,0.00461921945541
719,1.0081246444,0.00809181716284,0.00403773492031
720,1.00700157559,0.00697717837691,0.0034825111312
721,1.00756006994,0.00753163582775,0.00375873611397
722,1.0065957206,0.00657406400941,0.00328163562931
723,1.01010740094,0.010056662769,0.00501571048911
724,1.00831291145,0.00827854949983,0.00413071976008
725,1.00987125425,0.00982285169077,0.0048993845149
726,1.0057812634,0.00576461603008,0.00287815815331
727,1.00657767099,0.00655613251271,0.00327269926322
728,1.00926279103,0.00922015446405,0.00459946713669
729,1.00686752391,0.00684404988253,0.003416176487
730,1.00696989997,0.00694572249453,0.00346683783948
731,1.00829227214,0.00825808014016,0.00412052730468
732,1.00981780324,0.0097699217484,0.0048730488573
733,1.00770257983,0.00767306641559,0.00382918311689
734,1.01041869722,0.010364796652,0.00516899286727
735,1.00964478303,0.00959856902388,0.0047877863477
736,1.00792302009,0.0078917977728,0.00393812405698
737,1.0072002711,0.00717447291372,0.00358081001085
738,1.00747502654,0.00744722697377,0.00371668943501
739,1.00687733861,0.00685379759117,0.00342103367954
740,1.0095245605,0.00947948784665,0.00472852906261
741,1.00846006352,0.00842447774729,0.00420337983864
742,1.00791498606,0.00788382686857,0.00393415429216
743,1.00949856595,0.00945373821778,0.00471571504463
744,1.01167720027,0.0116095479189,0.00578795881085
745,1.00574249832,0.00572607303084,0.00285894193495
746,1.00710965654,0.00708450208312,0.00353598467154
747,1.00705919701,0.00703439752428,0.0035110206639
748,1.00743352195,0.00740602949048,0.00369616704113
749,1.00761367485,0.00758483710774,0.00378523641672
750,1.00664067223,0.00661872009677,0.00330389015204
751,1.01076504565,0.0107075150622,0.00533945171262
752,1.00517515496,0.00516180986848,0.00257757726252
753,1.0078191519,0.00778874075147,0.0038867971496
754,1.00726275098,0.00723650420963,0.00361171411841
755,1.00806983994,0.00803745290275,0.00401066217655
756,1.01058014089,0.0105245628706,0.00524845988724
757,1.00665994186,0.00663786242691,0.00331342964938
758,1.00781767639,0.00778727669112,0.00388606796441
759,1.00680105064,0.00677802782013,0.0033832776843
760,1.00876403309,0.00872585187485,0.00435342220244
761,1.00873565995,0.00869772484281,0.00433941981238
762,1.00464849016,0.00463771930025,0.00231617317201
763,1.00955081951,0.00950549877383,0.00474147294532
764,1.00835654438,0.00832182176832,0.00415226628842
765,1.0050710078,0.00505819354309,0.00252590130076
766,1.0093778823,0.00933418295235,0.0046562175279
767,1.00835059812,0.00831592477085,0.00414933002831
768,1.00786556234,0.00783479006109,0.00390973204821
769,1.00891948726,0.0088799435967,0.00443012969517
770,1.00807856982,0.00804611286363,0.00401497478156
771,1.00751548539,0.00748738483645,0.00373669353837
772,1.00790057951,0.00786953334361,0.00392703562071
773,1.00856681812,0.00853033117254,0.00425608268548
774,1.00855509985,0.00851871236359,0.00425029798951
775,1.00783785609,0.00780729966054,0.00389604049389
776,1.00812923205,0.00809636782992,0.00404000106407
777,1.00584420851,0.00582719737045,0.00290935827586
778,1.00728655267,0.00726013400298,0.00362348627351
779,1.00704512994,0.00702042895859,0.00350406087871
780,1.00925611282,0.00921353753027,0.00459617388155
781,1.00739862464,0.00737138907128,0.00367891070047
782,1.00746971288,0.00744195273132,0.00371406211169
783,1.00973921374,0.00969209329674,0.00483432350891
784,1.00739802589,0.00737079472343,0.00367861461978
785,1.00752856518,0.00750036696921,0.00374316032864
786,1.00857568827,0.00853912593666,0.00426046134229
787,1.0076889668,0.00765955734719,0.00382245442432
788,1.00737132362,0.00734428819285,0.00366541002065
789,1.00608513197,0.00606669232312,0.0030287502153
790,1.00841904982,0.00838380728711,0.00418312987935
791,1.00587783671,0.00586062961844,0.00292602562735
792,1.00891801184,0.00887848122644,0.00442940174902
793,1.00875717322,0.00871905157433,0.00435003684872
794,1.00822207438,0.00818845727015,0.00408585870771
795,1.00508908179,0.00507617618381,0.00253486986961
796,1.00693548207,0.00691154223729,0.00344980681403
797,1.00689665939,0.00687298621821,0.00343059512472
798,1.00637356183,0.00635333657374,0.00317162801467
799,1.00651200688,0.00649089536636,0.00324018691058
800,1.00889407052,0.00885475124459,0.00441758924283
801,1.00763036686,0.00760140285477,0.00379348790342
802,1.00688076967,0.00685720520381,0.00342273165563
803,1.00851719947,0.00848113276863,0.00423158787848
804,1.00901123691,0.00897087799406,0.00447539443923
805,1.00828520816,0.00825107423494,0.00411703877997
806,1.00824490253,0.00821109899924,0.00409713325298
807,1.00668330133,0.00666106708616,0.00332499346842
808,1.00655671482,0.00653531306556,0.00326232355354
809,1.00691202633,0.00688824778496,0.00343819970095
810,1.00761802339,0.00758915278154,0.00378738608338
811,1.00716901529,0.00714344006343,0.00356534902713
812,1.01052742168,0.0104723942331,0.0052225121326
813,1.00738733648,0.00736018375181,0.00367332863679
814,1.00853877208,0.00850252296902,0.00424223766448
815,1.00640443642,0.00638401516503,0.0031869185425
816,1.009133412,0.00909195462873,0.00453565999951
817,1.00886250261,0.0088234611309,0.00440201317757
818,1.00652745156,0.00650624000321,0.00324783433992
819,1.00596158952,0.00594388955514,0.00296753292137
820,1.00760960513,0.00758079813005,0.00378322457008
821,1.00753957962,0.00751129904762,0.0037486058927
822,1.00736959228,0.00734256951458,0.00366455383097
823,1.00972729237,0.009680286836,0.00482844879933
824,1.0072060845,0.00718024473222,0.00358368558206
825,1.00948282712,0.00943814735181,0.00470795634244
826,1.00692491891,0.00690105178312,0.00344457966826
827,1.00773492259,0.0077051614423,0.00384516905311
828,1.00905676466,0.00901599812748,0.0044978532874
829,1.00613132828,0.00611260816414,0.00305163833927
830,1.00835269442,0.00831800370982,0.00415036518416
831,1.00847346843,0.00843777011393,0.00420999806353
832,1.00822632908,0.00819267726239,0.00408796008047
833,1.00647838579,0.00645749124633,0.00322353882933
834,1.00801885041,0.00798687027432,0.00398547197871
835,1.00809869866,0.00806608019645,0.00402491831417
836,1.00640102908,0.00638062949796,0.00318523110246
837,1.00789093433,0.00785996372514,0.00392226959019
838,1.00817845076,0.00814518846433,0.00406431246685
839,1.00784733313,0.00781670295454,0.00390072381207
840,1.00647726654,0.00645637919896,0.00322298459785
841,1.00865379089,0.00861656147042,0.00429901340729
842,1.00824577454,0.00821196387875,0.00409756392088
843,1.00423390542,0.00422496766265,0.00211025410772
844,1.00852875255,0.00849258821812,0.00423729134953
845,1.0104838716,0.0104292969198,0.00520107578312
846,1.00681348348,0.00679037659623,0.00338943116369
847,1.01021044458,0.0101586701207,0.00506645705115
848,1.00849211557,0.00845626040185,0.00421920424289
849,1.00680508515,0.00678203507213,0.00338527452948
850,1.00812807379,0.00809521890872,0.00403942892413
851,1.00864796724,0.00861078776389,0.0042961389605
852,1.00690446292,0.00688073626227,0.00343445684564
853,1.00919510397,0.00915308637827,0.00456608677285
854,1.00822103374,0.00818742511062,0.00408534473645
855,1.00936627683,0.00932268524277,0.00465049542458
856,1.00888136581,0.00884215845196,0.00441132064167
857,1.00837511376,0.00834023708741,0.0041614356731
858,1.00765113445,0.00762201296444,0.00380375381326
859,1.00792790048,0.00789663978636,0.00394053552662
860,1.01041782648,0.0103639348905,0.00516856421363
861,1.0076229984,0.00759409016463,0.003789845422
862,1.00574360397,0.0057271723693,0.00285949003256
863,1.01088078051,0.0108220107456,0.00539639225232
864,1.00612233867,0.00610367329613,0.00304718452831
865,1.00687248523,0.00684897734606,0.0034186317992
866,1.00806143866,0.00802911884454,0.00400651185135
867,1.01039875369,0.0103450585674,0.00515917478954
868,1.00816645856,0.00813329347383,0.00405838912646
869,1.00783657201,0.00780602556078,0.00389540592577
870,1.00569695397,0.00568078769418,0.00283636374508
871,1.00918115613,0.00913926552078,0.00455920787395
872,1.00713774379,0.00711239067152,0.00354987956205
873,1.0086345088,0.00859744463456,0.00428949603564
874,1.00851166907,0.00847564906023,0.00422885762294
875,1.00680529276,0.0067822412815,0.00338537728512
876,1.00648196262,0.00646104504281,0.00322530999809
877,1.0073040163,0.00727747114968,0.00363212339896
878,1.00765850383,0.00762932636434,0.00380739659737
879,1.00666040129,0.00663831881886,0.00331365708921
880,1.00745109754,0.00742347524038,0.00370485763697
881,1.00596183908,0.00594413763975,0.00296765659557
882,1.01038586578,0.0103323032227,0.00515283000049
883,1.00938346836,0.00933971709942,0.00465897171353
884,1.00990209112,0.00985338666546,0.00491457708498
885,1.00812519197,0.00809236031933,0.00403800540195
886,1.00732652806,0.00729981942848,0.00364325689031
887,1.00688413845,0.00686055095698,0.00342439880502
888,1.00714805445,0.0071226282006,0.00355498014254
889,1.00854582237,0.00850951353863,0.00424571811537
890,1.00816344319,0.00813030253017,0.00405689972272
891,1.00533143807,0.00531727626933,0.00265510708625
892,1.00730797739,0.0072814035139,0.00363408243773
893,1.00736915966,0.00734214005807,0.00366433988958
894,1.00617216351,0.00615319372275,0.00307186898708
895,1.00668343623,0.00666120108267,0.0033250602439
896,1.00883167734,0.00879290618218,0.00438680283867
897,1.00583544391,0.00581848365867,0.00290501408616
898,1.00728179707,0.00725541279097,0.00362113421835
899,1.00993580402,0.00988676845202,0.00493118581097
900,1.00755880121,0.00753037661898,0.00375810887591
901,1.00841140233,0.00837622361631,0.00417935389853
902,1.00859249215,0.00855578680109,0.00426875624847
903,1.0101290284,0.0100780735814,0.0050263621431
904,1.01098401,0.0109241238932,0.00544717200851
905,1.00816658055,0.00813341447619,0.0040584493821
906,1.00442592476,0.00441615915784,0.00220564356451
907,1.00535588366,0.00534159192303,0.00266723255906
908,1.00805150863,0.00801926817608,0.00400160623844
909,1.00760785867,0.00757906486537,0.00378236121604
910,1.00589861376,0.00588128505058,0.00293632307108
911,1.00926482242,0.00922216721166,0.00460046888121
912,1.00792614485,0.00789489796263,0.00393966804623
913,1.01121522165,0.011152797348,0.00556087942349
914,1.00666004143,0.00663796133599,0.00331347894005
915,1.0070975324,0.00707246346934,0.00352998663077
916,1.01040425541,0.010350503651,0.00516188328156
917,1.00828710164,0.00825295214974,0.00411797387121
918,1.00897032953,0.00893033511896,0.00445521351981
919,1.00849696751,0.0084610714759,0.00422159962759
920,1.00789842924,0.00786739993017,0.00392597310242
921,1.00988847406,0.0098399030357,0.00490786838065
922,1.00872788837,0.00869002053283,0.00433558436613
923,1.00755218592,0.00752381093835,0.0037548383675
924,1.00708809724,0.00706309476067,0.00352531880122
925,1.00747259119,0.00744480969692,0.003715485288
926,1.00603113087,0.00601301639945,0.0030019931799
927,1.00839551451,0.00836046819511,0.00417150908077
928,1.00639505506,0.00637469345723,0.00318227253154
929,1.00653754802,0.00651627093957,0.00325283350615
930,1.00892987595,0.008890240393,0.00443525527206
931,1.00933930835,0.00929596665911,0.00463719817126
932,1.00896269185,0.00892276531498,0.00445144547323
933,1.00953898074,0.00949377193613,0.00473563731061
934,1.00648577334,0.00646483121592,0.00322719697707
935,1.00711833542,0.00709311966213,0.00354027821598
936,1.00429301133,0.00428382264368,0.00213961906668
937,1.00712208013,0.00709683789535,0.00354213074908
938,1.00583891277,0.00582193238448,0.00290673343829
939,1.00693819285,0.00691423434981,0.00345114822576
940,1.00637107865,0.00635086912512,0.00317039820252
941,1.00784186038,0.00781127280067,0.00389801932223
942,1.00683527302,0.00681201845004,0.00340021535546
943,1.00857838179,0.00854179655642,0.00426179096224
944,1.00801296321,0.00798102989747,0.00398256342437
945,1.00857829781,0.00854171328272,0.00426174950284
946,1.01010603448,0.0100553099721,0.00501503748308
947,1.00681800606,0.00679486856583,0.00339166953336
948,1.00729933319,0.00727282198789,0.00362980725855
949,1.00754852128,0.00752017375367,0.00375302660203
950,1.00823956167,0.00820580179685,0.00409449549997
951,1.00807833221,0.00804587715252,0.00401485739919
952,1.00726224874,0.00723600558825,0.00361146570813
953,1.00607680783,0.00605841849055,0.00302462582017
954,1.00621794622,0.00619869455734,0.00309454926008
955,1.00613511913,0.00611637590548,0.00305351645928
956,1.00892026217,0.00888071166138,0.00443051202613
957,1.00756565944,0.00753718337578,0.00376149945827
958,1.00806908715,0.00803670614387,0.00401029029454
959,1.00831755721,0.0082831569488,0.00413301396588
960,1.00709135295,0.00706632754454,0.00352692949355
961,1.00852350409,0.0084873841335,0.00423470032946
962,1.00585445979,0.00583738903708,0.00291443927062
963,1.00986573207,0.00981738347002,0.00489666379626
964,1.00880806399,0.0087694992874,0.00437515066381
965,1.00967602811,0.00962951514589,0.00480318520786
966,1.00824146748,0.00820769203226,0.00409543674745
967,1.0078158277,0.00778544233765,0.00388515435146
968,1.01013266003,0.0100816687902,0.00502815071044
969,1.01042627525,0.0103722965199,0.00517272341084
970,1.00827292935,0.00823889624128,0.00411097483331
971,1.00667375171,0.00665158081652,0.00332026609327
972,1.00804994641,0.00801771843441,0.00400083446804
973,1.0072804418,0.00725406731984,0.00362046391862
974,1.00677320527,0.00675037016423,0.00336949554782
975,1.00660238945,0.00658068914502,0.00328493732101
976,1.00663794178,0.00661600765174,0.00330253840941
977,1.00878200874,0.00874367119072,0.00436229303336
978,1.00602614972,0.00600806510171,0.00299952495985
979,1.0056341495,0.00561833704035,0.00280522649842
980,1.00500935129,0.00499684623444,0.0024953046558
981,1.00956194279,0.00951651676245,0.00474695580378
982,1.00937167789,0.00932803617259,0.00465315844369
983,1.00675339215,0.00673069014883,0.00335968864774
984,1.00686425176,0.00684080003693,0.00341455711391
985,1.0100712439,0.010020866883,0.00499790215766
986,1.01000395452,0.00995424621254,0.0049647577522
987,1.00615023534,0.0061313998364,0.0030610054587
988,1.00515081025,0.00513759020507,0.0025654985717
989,1.01077850636,0.0107208323146,0.00534607476331
990,1.00735271784,0.00732581839036,0.00365620892662
991,1.0060832495,0.0060648212355,0.00302781750458
992,1.00938338399,0.00933963351605,0.00465893011655
993,1.00367323932,0.00366650945547,0.00183157534269
994,1.00723332775,0.00720729270588,0.00359716101205
995,1.00777592542,0.0077458487308,0.00386543426648
996,1.00842620876,0.00839090643913,0.00418666460075
997,1.00722451503,0.00719854323109,0.00359280200176
998,1.00483045348,0.00481882427299,0.00240651183289
999,1.00738085612,0.00735375089774,0.00367012401959
1000,1.0072219682,0.00719601466512,0.00359154226029
1001,1.00738220418,0.00735508907124,0.00367079065049
1002,1.00954419604,0.00949893794193,0.00473820807802
1003,1.00865081028,0.00861360643005,0.0042975422379
1004,1.00881818272,0.00877952961244,0.00438014387172
1005,1.00689614486,0.00687247520602,0.00343034049513
1006,1.00846876677,0.00843310794253,0.00420767678899
1007,1.00756322498,0.00753476718927,0.00376029590853
1008,1.0068113023,0.006788210178,0.00338835162545
1009,1.01217819134,0.0121046337608,0.0060340385047
1010,1.00790688323,0.00787578763367,0.00393015048046
1011,1.00983765467,0.0097895799841,0.00488283002931
1012,1.00608236464,0.00606394172478,0.00302737908062
1013,1.00559879485,0.00558317985536,0.00278769706379
1014,1.00858545248,0.0085488070754,0.00426528127693
1015,1.00682752638,0.00680432437082,0.00339638138924
1016,1.00793127864,0.00789999137362,0.00394220471532
1017,1.00815282656,0.00811977180686,0.00405165570831
1018,1.00701036525,0.00698590687863,0.00348686017401
1019,1.00787171257,0.00784089227076,0.00391277121941
1020,1.0081902642,0.00815690600475,0.00407014740809
1021,1.00910274725,0.00906156695667,0.00452053496265
1022,1.00810502751,0.00807235817657,0.00402804466515
1023,1.00651747529,0.00649632837709,0.00324289461028
1024,1.00939977904,0.00935587602201,0.00466701350036
1025,1.00764707134,0.00761798069781,0.0038017453468
1026,1.00647031691,0.00644947427032,0.00321954325483
1027,1.00747629628,0.00744848729459,0.00371731725312
1028,1.0061049184,0.00608635888543,0.0030385536657
1029,1.00725263146,0.00722645760632,0.00360670894691
1030,1.00787743449,0.00784656949266,0.0039155987195
1031,1.00867208755,0.0086347009925,0.00430804413635
1032,1.00569817131,0.00568199814307,0.00283696725271
1033,1.00631659537,0.00629672929362,0.00314341374395
1034,1.00596488424,0.00594716474373,0.00296916565471
1035,1.00979218578,0.00974455302845,0.00486042622878
1036,1.00591858836,0.00590114232175,0.00294622250385
1037,1.0086346994,0.00859763360256,0.00428959011435
1038,1.00707415513,0.00704925068087,0.00351842113984
1039,1.00816620532,0.00813304228535,0.00405826404192
1040,1.00919274209,0.00915074601539,0.00456492193388
1041,1.00417360194,0.00416491661748,0.00208029149679
1042,1.00808844032,0.00805590421536,0.00401985078948
1043,1.00781624447,0.00778585587817,0.00388536031837
1044,1.00920079421,0.00915872475013,0.00456889308218
1045,1.00660968176,0.00658793359116,0.00328854763876
1046,1.0093775636,0.00933386721115,0.00465606039237
1047,1.0071586376,0.00713313618814,0.00356021544472
1048,1.00754792959,0.00751958650485,0.00375273407956
1049,1.0076374537,0.00760843600402,0.00379699113181
1050,1.00758660626,0.00755797269675,0.00377185496542
1051,1.00879177046,0.00875334788567,0.00436711026289
1052,1.0108332814,0.0107750217863,0.00537302428361
1053,1.00796757251,0.00793599900562,0.00396013739517
1054,1.00712269447,0.00709744788885,0.00354243466545
1055,1.00761535424,0.00758650381279,0.00378606661446
1056,1.00625765774,0.00623815990042,0.00311422067381
1057,1.008368382,0.00833356122128,0.00415811162508
1058,1.00987909265,0.0098306134419,0.00490324636907
1059,1.00775967173,0.00772972031895,0.00385740119982
1060,1.00755514199,0.0075267448414,0.00375629980978
1061,1.00608328273,0.00606485426661,0.00302783397013
1062,1.0067050641,0.00668268513599,0.00333576649517
1063,1.00924353446,0.00920107445226,0.00458997096445
1064,1.00671436682,0.00669192585863,0.0033403714334
1065,1.00942833206,0.00938416274448,0.00468109075478
1066,1.00755865011,0.00753022665259,0.00375803417451
1067,1.00883402093,0.00879522926153,0.00438795928223
1068,1.00820696131,0.00817346733824,0.00407839433715
1069,1.00885479544,0.00881582163835,0.00439821023861
1070,1.00846062434,0.00842503386373,0.00420365672803
1071,1.00611601705,0.00609739013079,0.0030440525137
1072,1.00529342492,0.00527946398837,0.00263625096535
1073,1.00896782638,0.00892785422401,0.00445397859802
1074,1.00862542533,0.00858843887879,0.00428501246274
1075,1.00741499269,0.00738763677338,0.00368700463172
1076,1.00603927034,0.00602110703609,0.00300602634604
1077,1.00979066035,0.00974304239432,0.00485967458259
1078,1.00908068534,0.00903970381926,0.004509652751
1079,1.00650477193,0.00648370720259,0.00323660446775
1080,1.00665647671,0.00663442019091,0.0033117142327
1081,1.00742986609,0.00740240058958,0.00369435929555
1082,1.00821825417,0.00818466821043,0.00408397191684
1083,1.00889401854,0.00885469971949,0.00441756359409
1084,1.00681680209,0.00679367274954,0.00339107365295
1085,1.00670769645,0.00668529995298,0.0033370695416
1086,1.00675094657,0.00672826097379,0.00335847814012
1087,1.00644300852,0.00642234106826,0.00320602024033
1088,1.00564161318,0.00562575888109,0.00280892700195
1089,1.00800941749,0.00797751235353,0.00398081165528
1090,1.00909430313,0.00905319897778,0.00451636987836
1091,1.00666133157,0.00663924294073,0.00331411761893
1092,1.00915419901,0.00911255329069,0.00454591256342
1093,1.00889546972,0.00885613810848,0.00441827961124
1094,1.00737453334,0.00734747441679,0.00366699729195
1095,1.00605752435,0.00603925130811,0.00301507116994
1096,1.00823406757,0.00820035258738,0.00409178204742
1097,1.00631882881,0.006298948713,0.00314451996475
1098,1.00608755622,0.0060691019015,0.00302995135476
1099,1.00879562153,0.00875716538564,0.00436901067534
1100,1.00794201673,0.00791064491405,0.00394751047219
1101,1.00777454913,0.00774448305304,0.00386475406683
1102,1.00524138344,0.00522769519606,0.00261043447284
1103,1.00846781332,0.00843216250565,0.00420720605949
1104,1.00844103481,0.00840560849275,0.00419398482437
1105,1.00682228815,0.00679912165253,0.00339378886193
1106,1.00511323893,0.00510021071252,0.00254685659974
1107,1.00960854848,0.00956267996392,0.00476992757206
1108,1.00601684215,0.00599881324032,0.00299491289408
1109,1.00841926233,0.00838401802377,0.0041832348069
1110,1.00713739592,0.00711204526667,0.00354970747269
1111,1.00786641174,0.00783563282625,0.00391015178321
1112,1.00541315461,0.00539855614595,0.00269563829758
1113,1.00863918482,0.00860208061023,0.0042918040778
1114,1.00757125737,0.0075427392576,0.00376426694611
1115,1.00775472286,0.00772480954488,0.00385495528119
1116,1.00828037428,0.00824628006432,0.00411465156069
1117,1.00610824904,0.00608966931247,0.0030402038484
1118,1.00763322226,0.007604236625,0.0037948994126
1119,1.00906683235,0.00902597540095,0.00450281947359
1120,1.00885031479,0.00881138030811,0.00439599933799
1121,1.00618909881,0.00617002500006,0.00308025873869
1122,1.00843310855,0.00839774855128,0.00419007132818
1123,1.0090455554,0.00900488940702,0.00449232389451
1124,1.00587432628,0.00585713970167,0.00292428577324
1125,1.00837547257,0.00834059292026,0.00416161284912
1126,1.00624994727,0.00623049734702,0.00311040132124
1127,1.00703888415,0.00701422684044,0.00350097068114
1128,1.00674779224,0.00672512779031,0.00335691680852
1129,1.00676672131,0.00674392981074,0.00336628621628
1130,1.00876271002,0.00872454029774,0.0043527692686
1131,1.00941472561,0.00937068329459,0.0046743825565
1132,1.0050562119,0.00504347218442,0.00251855918675
1133,1.00460592669,0.00459535186797,0.00229503829717
1134,1.00816880555,0.0081356214489,0.00405954838941
1135,1.00592837405,0.00591087039024,0.00295107219577
1136,1.00782840143,0.00779791848137,0.00389136816807
1137,1.00812737123,0.00809452201848,0.00403908188647
1138,1.00596074714,0.00594305217359,0.00296711547299
1139,1.00881879765,0.00878013916725,0.00438044731411
1140,1.00665319391,0.0066311590942,0.00331008908293
1141,1.00542518913,0.00541052580513,0.00270160697637
1142,1.00714870776,0.00712327687214,0.00355530332525
1143,1.00770187992,0.00767237185646,0.00382883716707
1144,1.0068413774,0.00681808136766,0.00340323650207
1145,1.00544087297,0.005426124894,0.00270938541916
1146,1.0072971947,0.00727069899005,0.0036287496121
1147,1.00686958789,0.00684609978169,0.00341719793465
1148,1.00927235894,0.00922963452379,0.00460418535377
1149,1.0106407818,0.0105845671078,0.00527830409325
1150,1.00784610055,0.00781547997022,0.00390011470499
1151,1.00742688032,0.00739943683967,0.00369288289408
1152,1.00731503094,0.00728840586558,0.00363757088391
1153,1.01050589986,0.0104510963958,0.00521191877164
1154,1.00752729954,0.00749911078741,0.00374253458858
1155,1.00725786211,0.0072316505794,0.00360929606532
1156,1.01019210969,0.0101405203767,0.00505742811566
1157,1.00957614008,0.00953057948638,0.00475395376358
1158,1.00705090454,0.00702616314655,0.00350691792212
1159,1.00880276904,0.00876425055469,0.00437253777603
1160,1.00873384525,0.00869592585216,0.00433852421995
1161,1.00741820723,0.00739082765494,0.00368859418884
1162,1.00887018445,0.00883107546277,0.0044058035771
1163,1.00767672421,0.00764740810302,0.00381640300382
1164,1.00577459439,0.00575798532856,0.00287485233917
1165,1.00694323849,0.00691924520475,0.0034536450035
1166,1.00669082314,0.00666853892311,0.00332871695803
1167,1.00683750253,0.00681423281794,0.00340131877413
1168,1.00808410032,0.0080515990309,0.00401770684804
1169,1.00763294386,0.00760396033987,0.00379476179427
1170,1.00699407332,0.00696972823459,0.00347879902572
1171,1.00633015404,0.00631020276801,0.00315012928217
1172,1.00780960061,0.00777926352258,0.003882076942
1173,1.00707796858,0.00705303733114,0.00352030780167
1174,1.00684586012,0.00682253362148,0.00340545505048
1175,1.00847333727,0.00843764005972,0.00420993331019
1176,1.00877109581,0.00873285320633,0.00435690762221
1177,1.00894505582,0.00890528580051,0.00444274458253
1178,1.0086203315,0.00858338860004,0.00428249814045
1179,1.008090618,0.00805806441919,0.00402092654897
1180,1.00690867241,0.00688491688299,0.00343653997474
1181,1.00923005727,0.00918772060911,0.00458332466756
1182,1.00887838012,0.00883919904126,0.00440984746269
1183,1.00709494631,0.00706989560071,0.00352870722791
1184,1.01173516172,0.0116668387087,0.00581643799953
1185,1.00632498292,0.00630506415744,0.00314756806724
1186,1.0054524239,0.00543761325307,0.00271511401905
1187,1.00924919165,0.0092066798067,0.00459276077355
1188,1.00682238433,0.00679921717357,0.00339383646036
1189,1.00640893,0.0063884801345,0.00318914391001
1190,1.00703092935,0.00700632761551,0.00349703488838
1191,1.00875525427,0.00871714928072,0.00434908983899
1192,1.00400792985,0.00399991949048,0.00199796115833
1193,1.00774072119,0.00771091552156,0.00384803502592
1194,1.00892149047,0.00888192910187,0.00443111804924
1195,1.00458303798,0.00457256783652,0.00228367236182
1196,1.00612238399,0.00610371834058,0.0030472069819
1197,1.00822902479,0.00819535097083,0.00408929146879
1198,1.01017011791,0.0101187502456,0.00504659804159
1199,1.00992321627,0.00987430447242,0.00492498453295
1200,1.00592318311,0.00590571002608,0.00294849962467
1201,1.00619696664,0.00617784440315,0.00308415638973
1202,1.00831451196,0.00828013681618,0.00413151013956
1203,1.00524250594,0.00522881184237,0.00261099133838
1204,1.00727493229,0.00724859761862,0.00361773896572
1205,1.00848478052,0.00844898709521,0.00421558292678
1206,1.00991033855,0.00986155320432,0.00491864027857
1207,1.00703082746,0.00700622644051,0.00349698447778
1208,1.00757076952,0.00754225507148,0.00376402576433
1209,1.00660573026,0.00658400803014,0.00328659131103
1210,1.00443283513,0.00442303905378,0.00220907591927
1211,1.0052750302,0.00526116596783,0.00262712603243
1212,1.00709478433,0.00706973476049,0.00352862709158
1213,1.00872001753,0.00868221776511,0.00433169988947
1214,1.00827577545,0.00824171898706,0.00411238040309
1215,1.00813598764,0.00810306891824,0.00404333806644
1216,1.00951399294,0.00946901993519,0.00472331984216
1217,1.0082907174,0.00825653819006,0.00411975950616
1218,1.00906310505,0.00902228158764,0.00450098088153
1219,1.00600448264,0.00598652756728,0.00298878843601
1220,1.00732766186,0.0073009449793,0.00364381761523
1221,1.00753873191,0.00751045768194,0.00374818678674
1222,1.0072711628,0.00724485534121,0.00361587459456
1223,1.0091275188,0.00908611475774,0.0045327533036
1224,1.00786086167,0.0078301260631,0.003907409164
1225,1.00549305757,0.00547802575242,0.00273526520287
1226,1.00389795402,0.0038903766847,0.0019432976896
1227,1.00601072672,0.00599273436378,0.00299188255406
1228,1.00841054894,0.0083753773437,0.00417893253057
1229,1.00699231038,0.00696797754471,0.00347792672555
1230,1.00911144635,0.00907018755567,0.00452482576804
1231,1.00768412549,0.00765475296876,0.00382006141449
1232,1.00919626024,0.00915423211166,0.00456665702362
1233,1.00671869066,0.00669622085113,0.00334251175392
1234,1.0077559869,0.00772606385911,0.00385558002045
1235,1.00836465664,0.00832986676469,0.00415627207606
1236,1.00796801659,0.00793643957503,0.00396035680749
1237,1.00919841809,0.00915637029703,0.00456772123356
1238,1.01022481049,0.0101728907311,0.00507353130715
1239,1.00669195992,0.00666966815335,0.00332927969355
1240,1.00749981782,0.00747183401465,0.00372894715169
1241,1.00812546108,0.00809262725698,0.00403813833182
1242,1.00708735208,0.0070623548362,0.00352495014315
1243,1.00916066148,0.00911895712449,0.00454909991959
1244,1.00678849161,0.00676555355482,0.00337706163421
1245,1.0079480557,0.00791663628166,0.00395049432603
1246,1.00836878296,0.00833395885331,0.00415830961438
1247,1.00820477687,0.0081713006709,0.00407731542116
1248,1.00877251051,0.00873425560808,0.00435760576777
1249,1.0083647463,0.00832995568106,0.00415631634947
1250,1.00896336495,0.00892343243343,0.00445177754758
1251,1.00684748758,0.00682415001513,0.0034062604947
1252,1.00753797246,0.007509703917,0.00374781131683
1253,1.00944149881,0.00939720643667,0.00468758205036
1254,1.00786050802,0.00782977517478,0.00390723440535
1255,1.0094387438,0.0093944771869,0.00468622382133
1256,1.0078098701,0.00777953092307,0.0038822101232
1257,1.00878393184,0.0087455775459,0.00436324205246
1258,1.00823337556,0.00819966622463,0.00409144027021
1259,1.00931575639,0.00927263235118,0.00462558505245
1260,1.00802246209,0.00799045322148,0.00398725631082
1261,1.00729287006,0.00726640567562,0.00362661074227
1262,1.00834196945,0.00830736752406,0.00414506914922
1263,1.00669971601,0.00667737265297,0.00333311911075
1264,1.00744300347,0.00741544100401,0.0037008553936
1265,1.00817786268,0.00814460515756,0.00406402199879
1266,1.00559559796,0.00558000075676,0.00278611194441
1267,1.00816708529,0.00813391513143,0.00405869869375
1268,1.00537963631,0.00536521775299,0.00267901389666
1269,1.00921107165,0.00916890844454,0.00457396165237
1270,1.00882815682,0.0087894164838,0.00438506564228
1271,1.00756269883,0.00753424499458,0.00376003579296
1272,1.00752743969,0.00749924989695,0.00374260388304
1273,1.00938627809,0.00934250070536,0.00466035703116
1274,1.00584448536,0.00582747261253,0.0029094954965
1275,1.00864199174,0.00860486348889,0.00429318954438
1276,1.00524793567,0.00523421324035,0.00261368498223
1277,1.00652803449,0.00650681915645,0.003248122976
1278,1.00924637724,0.00920389118561,0.00459137286577
1279,1.00699536899,0.0069710149116,0.00347944012598
1280,1.00897020537,0.00893021206539,0.00445515226714
1281,1.0086299038,0.00859287903807,0.00428722302686
1282,1.00872335672,0.00868552807632,0.00433334787407
1283,1.00586058304,0.00584347662352,0.00291747418827
1284,1.00804391696,0.00801173711579,0.00399785576941
1285,1.01039408721,0.0103404401063,0.00515687747005
1286,1.00931679794,0.0092736642794,0.00462609862979
1287,1.00691082229,0.00688705201255,0.00343760387023
1288,1.00847611904,0.00844039845394,0.00421130670002
1289,1.00809174084,0.00805917824821,0.00402148122401
1290,1.00906333328,0.00902250776219,0.00450109345979
1291,1.00858435404,0.00854771798841,0.00426473905593
1292,1.0062066783,0.0061874962004,0.00308896739292
1293,1.00734976974,0.00732289180172,0.00365475098134
1294,1.00658051971,0.00655896261461,0.00327410968213
1295,1.0081264405,0.00809359878799,0.00403862213562
1296,1.00936338814,0.00931982335346,0.00464907113351
1297,1.00857710005,0.00854052571239,0.00426115824807
1298,1.0092085715,0.00916643111377,0.00457272865183
1299,1.00669335714,0.00667105608214,0.0033299713473
1300,1.00786783757,0.00783704753158,0.00391085636977
1301,1.00873202914,0.00869412546468,0.00433762793131
1302,1.00686544901,0.00684198913106,0.00341514963068
1303,1.00653295825,0.00651171096771,0.00325056093405
1304,1.00848742288,0.00845160722286,0.00421688746706
1305,1.00840121064,0.00836611688465,0.00417432163979
1306,1.00727562538,0.00724928569693,0.00361808176017
1307,1.0092920951,0.00924918916665,0.00461391761103
1308,1.00999250096,0.0099429060317,0.00495911579641
1309,1.00925273582,0.00921019148896,0.00459450854899
1310,1.00530287494,0.00528886420513,0.00264093867205
1311,1.00687834397,0.00685479607895,0.00342153121537
1312,1.00853453894,0.00849832565609,0.00424014790882
1313,1.00853204311,0.00849585095141,0.00423891580227
1314,1.00910119692,0.00906003061615,0.00451977026464
1315,1.00922741937,0.00918510683164,0.00458202376787
1316,1.00713343199,0.00710810941232,0.00354774652915
1317,1.00712866702,0.00710337818676,0.00354538930617
1318,1.00494911312,0.00493690652189,0.00246540913547
1319,1.00872207233,0.00868425479953,0.00433271399425
1320,1.00450046258,0.00449036578435,0.00224266435428
1321,1.00804616769,0.0080139698812,0.00399896768836
1322,1.00786778848,0.00783699882334,0.00391083211089
1323,1.00564773789,0.00563184921677,0.00281196361151
1324,1.00861964983,0.0085827127499,0.00428216166248
1325,1.00803514708,0.00800303717484,0.00399352318006
1326,1.00746769845,0.00743995322806,0.0037130660727
1327,1.00603964887,0.00602148329342,0.00300621390917
1328,1.00858061836,0.00854401409515,0.00426289500566
1329,1.00808577618,0.00805326144277,0.00401853471409
1330,1.00598180298,0.00596398302686,0.00297754979289
1331,1.00735322249,0.00732631935612,0.00365645849365
1332,1.00822774927,0.00819408586013,0.00408866149995
1333,1.01028886235,0.0102362922866,0.00510507075008
1334,1.00664577653,0.0066237907149,0.00330641708151
1335,1.00744572322,0.00741814065665,0.0037022002235
1336,1.01011894631,0.0100680925428,0.00502139669558
1337,1.00766141842,0.00763221879465,0.00380883730517
1338,1.00955992499,0.00951451806673,0.00474596119928
1339,1.00737293839,0.00734589114518,0.00366620855875
1340,1.00575571856,0.00573921769395,0.00286549545506
1341,1.00947513507,0.0094305275304,0.0047041643614
1342,1.00867644513,0.00863902109364,0.004310194879
1343,1.01059073882,0.0105350497966,0.00525367581649
1344,1.00722659042,0.0072006037343,0.00359382855134
1345,1.00777466761,0.0077446006187,0.00386481262248
1346,1.00828481055,0.00825067988835,0.00411684241842
1347,1.00708116664,0.00705621291301,0.00352189000184
1348,1.00634038057,0.00632036491937,0.00315519433894
1349,1.00629357788,0.00627385602374,0.00313201299389
1350,1.00891665316,0.00887713455113,0.00442873139363
1351,1.00652025991,0.00649909496475,0.00324427341727
1352,1.00637891293,0.00635865377437,0.00317427817937
1353,1.01041507413,0.0103612109122,0.00516720926308
1354,1.00812612822,0.00809328902125,0.00403846787775
1355,1.00700727167,0.00698283483485,0.00348532950684
1356,1.00897046393,0.00893046833151,0.00445527982934
1357,1.00825367208,0.00821979679499,0.00410146432343
1358,1.00788784456,0.00785689813716,0.00392074280706
1359,1.01124200627,0.0111792845608,0.0055740492966
1360,1.00943298288,0.00938877011379,0.00468338365304
1361,1.00783511884,0.00780458368756,0.00389468779725
1362,1.00815689005,0.00812380243072,0.00405366285286
1363,1.00802633204,0.0079942923645,0.00398916822667
1364,1.0061266035,0.00610791216996,0.00304929750467
1365,1.00834385246,0.0083092349534,0.00414599899314
1366,1.00875926435,0.00872112454997,0.00435106882725
1367,1.00723091801,0.00720490027085,0.00359596909681
1368,1.00774212128,0.00771230485768,0.00384872702063
1369,1.00843817209,0.00840276973553,0.00419257139761
1370,1.00735149027,0.00732459977922,0.00365560184861
1371,1.00848116236,0.00844539936399,0.00421379662175
1372,1.00968956902,0.00964292620093,0.00480985850512
1373,1.0048578834,0.00484612196244,0.00242012773858
1374,1.00540278276,0.00538824008547,0.00269049415826
1375,1.00780327509,0.00777298700458,0.00387895086106
1376,1.00633942086,0.00631941125469,0.00315471901098
1377,1.00782061975,0.00779019722059,0.00388752255339
1378,1.00686486198,0.00684140610048,0.00341485911092
1379,1.00749383605,0.00746589675089,0.00372598958529
1380,1.0071329465,0.00710762736698,0.00354750636153
1381,1.00765071158,0.00762159331198,0.00380354478514
1382,1.0100494013,0.00999924183931,0.00498714361757
1383,1.0093601064,0.00931657205119,0.00464745303883
1384,1.00645424135,0.00643350192944,0.00321158276442
1385,1.00456544647,0.00455505643305,0.00227493661699
1386,1.00865738024,0.00862012002309,0.00430078503292
1387,1.0070903123,0.00706529422648,0.00352641465661
1388,1.00605264447,0.00603440079363,0.00301265322209
1389,1.00647765188,0.00645676205943,0.00322317541109
1390,1.00735998185,0.00733302934497,0.00365980121506
1391,1.00583579203,0.00581882975938,0.00290518663379
1392,1.00763839538,0.00760937054194,0.00379745662644
1393,1.00837182439,0.00833697503525,0.0041598114331
1394,1.00794046598,0.00790910637692,0.00394674424002
1395,1.00827982974,0.00824573999602,0.0041143826376
1396,1.00703833613,0.00701368264968,0.00350069953832
1397,1.00732462122,0.00729792645842,0.00364231385312
1398,1.00911947147,0.00907814017793,0.00452878407919
1399,1.0070414201,0.00701674506658,0.0035022253853
1400,1.00711885748,0.00709363803515,0.00354053648487
1401,1.00881322336,0.00877461358842,0.00437769662315
1402,1.00655568537,0.00653429032203,0.0032618138499
1403,1.01049430068,0.0104396177475,0.00520620934399
1404,1.00746856793,0.00744081626374,0.00371349598819
1405,1.00707533369,0.00705042096275,0.00351900422184
1406,1.0087217635,0.00868394863944,0.00433256157745
1407,1.00856719214,0.00853070201677,0.00425626731841
1408,1.00814595235,0.00811295316396,0.00404826019447
1409,1.00723611355,0.00721005850088,0.0035985389341
1410,1.00841632723,0.00838110742138,0.00418178559252
1411,1.00735584257,0.00732892029968,0.00365775420946
1412,1.00995464256,0.00990542148429,0.00494046629304
1413,1.00869779554,0.00866018762818,0.00432073247457
1414,1.00693465047,0.00691071637027,0.00344939530498
1415,1.00458633796,0.00457585275729,0.00228531107001
1416,1.00723250351,0.00720647438447,0.00359675332308
1417,1.00604706896,0.00602885881545,0.00300989057721
1418,1.00536964798,0.00535528282446,0.002674059728
1419,1.00839732045,0.00836225909839,0.00417240079663
1420,1.0078337759,0.00780325119055,0.00389402414335
1421,1.0082008025,0.00816735863705,0.00407535243876
1422,1.00963704337,0.00959090326296,0.00478397181094
1423,1.00921992093,0.00917767691671,0.00457832582556
1424,1.01068884706,0.0106321251732,0.00530195733176
1425,1.0090544842,0.00901373813136,0.00449672837127
1426,1.00500494597,0.00499246285826,0.00249311843425
1427,1.00757019944,0.0075416892786,0.00376374393268
1428,1.00820922257,0.00817571018513,0.00407951118637
1429,1.00875173631,0.00871366185373,0.00434735370755
1430,1.00636527121,0.00634509843294,0.00316752199997
1431,1.00749805643,0.00747008573476,0.00372807627098
1432,1.01055191821,0.0104966352712,0.00523456927904
1433,1.00937645067,0.00933276462143,0.00465551166422
1434,1.00779135991,0.00776116401082,0.00387306227718
1435,1.00895930568,0.00891940921915,0.00444977489366
1436,1.00645523229,0.00643448651388,0.00321207347549
1437,1.00838769232,0.00835271109866,0.00416764670445
1438,1.00861645532,0.00857954553887,0.00428058483697
1439,1.00806258398,0.00803025499989,0.00400707765285
1440,1.00912422627,0.0090828520017,0.00453112931889
1441,1.00719735112,0.00717157379788,0.00357936564247
1442,1.00585110238,0.00583405115893,0.00291277519418
1443,1.00861812681,0.00858120274583,0.0042814098932
1444,1.00603901925,0.00602085745248,0.00300590192935
1445,1.00579048176,0.00577378135895,0.00288272761764
1446,1.00720899042,0.00718312985803,0.00358512297423
1447,1.00611293215,0.0060943239716,0.00304252409971
1448,1.00896635069,0.00892639165153,0.00445325056865
1449,1.00869959292,0.00866196950562,0.00432161956339
1450,1.00937095927,0.00932732421677,0.00465280412214
1451,1.00691038285,0.00688661558117,0.00343738640465
1452,1.00513666286,0.00512351521362,0.00255847910596
1453,1.00748303427,0.00745517526598,0.00372064880258
1454,1.00660712333,0.00658539195925,0.00328728100114
1455,1.0079317045,0.0079004138821,0.00394241513673
1456,1.00930274451,0.00925974047568,0.00461916891025
1457,1.00945931254,0.0094148533874,0.00469636412621
1458,1.01062661533,0.0105705497003,0.00527133235916
1459,1.00919295027,0.00915095229855,0.00456502460462
1460,1.00514314383,0.00512996304327,0.00256169476729
1461,1.00612465041,0.00610597096938,0.00304832986356
1462,1.00793128073,0.00789999344619,0.00394220574752
1463,1.00767933926,0.0076500032285,0.0038176956137
1464,1.00548057006,0.00546560638779,0.00272907248645
1465,1.00952665575,0.00948156332535,0.00472956189445
1466,1.00531606354,0.00530198315726,0.00264748080349
1467,1.00692679264,0.00690291262798,0.00344550688535
1468,1.00920998843,0.00916783511113,0.00457342744022
1469,1.00734173762,0.00731491825032,0.00365077876839
1470,1.00806039897,0.00802808746642,0.00400599822826
1471,1.00770615918,0.00767661840001,0.00383095230694
1472,1.00861871764,0.00858178853007,0.00428170153129
1473,1.00697033357,0.00694615308937,0.00346705239048
1474,1.00836698098,0.00833217182317,0.00415741981442
1475,1.00577183303,0.00575523982378,0.00287348353231
1476,1.00623739466,0.00621802263017,0.00310418334411
1477,1.00871561296,0.00867785125937,0.00432952609142
1478,1.00605946921,0.0060411844558,0.00301603482903
1479,1.00845676304,0.00842120495108,0.0042017503176
1480,1.00966970583,0.00962325344175,0.00480006938898
1481,1.00720071955,0.00717491815655,0.00358103183508
1482,1.01074118614,0.0106839093796,0.00532771182271
1483,1.00599718211,0.00597927059044,0.00298517078581
1484,1.00747767312,0.00744985392017,0.00371799802558
1485,1.00830148628,0.00826721846,0.00412507762685
1486,1.00692628643,0.00690240989377,0.0034452563843
1487,1.00888990065,0.00885061812448,0.00441553180986
1488,1.00452110365,0.00451091416524,0.0022529154505
1489,1.00810591514,0.00807323867052,0.00402848313869
1490,1.00950697259,0.00946206572418,0.00471985915413
1491,1.00866509515,0.00862776868641,0.00430459290967
1492,1.00627838277,0.00625875583045,0.00312448651583
1493,1.0068472576,0.00682392159819,0.00340614667525
1494,1.00749078777,0.00746287114832,0.00372448241954
1495,1.00855883597,0.00852241678771,0.00425214232741
1496,1.00728191126,0.00725552615302,0.00362119069412
1497,1.00590638538,0.00588901106992,0.00294017473027
1498,1.00810315983,0.00807050550924,0.00402712206237
1499,1.00562379546,0.00560804096193,0.00280009288741
1500,1.00973940529,0.00969228299328,0.00483441789865
1501,1.00810124445,0.00806860553033,0.00402617589819
1502,1.0075464443,0.0075181123349,0.00375199976039
1503,1.00685987786,0.0068364559518,0.00341239248556
1504,1.00707982194,0.00705487766795,0.00352122473038
1505,1.00706853296,0.00704366798204,0.00351563960769
1506,1.0065522637,0.00653089093385,0.00326011969846
1507,1.00853783767,0.00850159646831,0.00424177637923
1508,1.00799549511,0.00796370050196,0.00397393319693
1509,1.00815653993,0.00812345514102,0.0040534899119
1510,1.00625073648,0.00623128165152,0.00311079225366
1511,1.00727226246,0.00724594706204,0.00361641848106
1512,1.00765802922,0.00762885535852,0.00380716199108
1513,1.00561682669,0.00560111114404,0.00279663767455
1514,1.00588399119,0.0058667481239,0.00292907592396
1515,1.00933015477,0.0092868977287,0.00463268472303
1516,1.00767558148,0.00764627408111,0.00381583815665
1517,1.0069189621,0.00689513592011,0.00344163192123
1518,1.00818636213,0.00815303562539,0.00406822009305
1519,1.00792549539,0.00789425361417,0.00393934714121
1520,1.00939029098,0.00934647626936,0.00466233554742
1521,1.00703129889,0.00700669457325,0.0034972177256
1522,1.01000489904,0.00995518137786,0.00496522301331
1523,1.00802700645,0.00799496140466,0.00398950141224
1524,1.0071394557,0.00711409044757,0.00355072643272
1525,1.0076057991,0.00757702083429,0.00378134306561
1526,1.0093841882,0.00934043024824,0.0046593266266
1527,1.00815714086,0.00812405121262,0.00405378673957
1528,1.00874677718,0.0087087457296,0.00434490632854
1529,1.00907584326,0.00903490530125,0.00450726430896
1530,1.00913215087,0.00909070491842,0.00453503797829
1531,1.00962876543,0.00958270430204,0.00477989193392
1532,1.00699843699,0.006974061595,0.00348095816615
1533,1.0087280117,0.00869014278967,0.00433564522952
1534,1.00989822136,0.00984955484092,0.00491267058678
1535,1.0069969011,0.0069725363749,0.00348019821042
1536,1.00707113298,0.00704624974756,0.00351692595134
1537,1.00534628699,0.0053320463326,0.00266247248264
1538,1.00670904633,0.00668664083147,0.00333773774332
1539,1.00876120522,0.00872304856935,0.0043520266507
1540,1.00651978473,0.00649862286431,0.00324403813284
1541,1.00448869262,0.0044786484872,0.00223681882756
1542,1.00827387362,0.00823983276912,0.0041114411721
1543,1.00739812921,0.00737089727509,0.00367866570699
1544,1.00760187273,0.00757312409824,0.00377940206314
1545,1.01003685616,0.00998682143481,0.00498096436731
1546,1.00848347638,0.00844769392362,0.00421493906651
1547,1.00649695291,0.00647593867683,0.00323273276917
1548,1.00992875077,0.00987978457537,0.00492771108598
1549,1.00968445863,0.00963786484639,0.00480733999686
1550,1.00837549781,0.00834061795312,0.00416162531346
1551,1.00856075402,0.00852431856513,0.00425308917235
1552,1.01241159134,0.0123351989883,0.00614861889403
1553,1.0059944185,0.00597652345293,0.00298380131645
1554,1.0080392902,0.0080071472607,0.00399557001403
1555,1.00813727899,0.00810434984706,0.00404397594103
1556,1.00718997232,0.00716424769976,0.00357571569812
1557,1.00541320469,0.00539860596104,0.00269566313798
1558,1.00831325237,0.00827888761045,0.00413088811705
1559,1.00626721189,0.00624765459215,0.00311895322416
1560,1.01084407617,0.0107857008181,0.00537833509597
1561,1.00848099709,0.00844523548469,0.00421371502738
1562,1.00680007658,0.00677706034465,0.00338279558306
1563,1.00906963017,0.00902874807835,0.00450419956891
1564,1.0069971358,0.00697276944493,0.00348031433986
1565,1.00748544238,0.00745756548233,0.00372183946347
1566,1.00569434613,0.00567819462194,0.00283507088557
1567,1.01156677454,0.0115003908069,0.00573369467249
1568,1.00677805986,0.00675519208873,0.00337189838345
1569,1.01046499448,0.0104106154756,0.00519178359941
1570,1.00475807142,0.00474678757798,0.00237057951685
1571,1.00684124349,0.00681794836764,0.00340317022838
1572,1.00700267371,0.00697826885952,0.00348305447354
1573,1.0067315886,0.00670903262507,0.00334889620869
1574,1.00958290806,0.00953728324695,0.00475728970359
1575,1.00678866509,0.00676572586242,0.00337714749706
1576,1.00992976991,0.00988079369285,0.00492821315827
1577,1.00736648593,0.00733948588892,0.00366301766702
1578,1.00622424578,0.006204955168,0.00309766987364
1579,1.00814705914,0.00811405101565,0.00404880689797
1580,1.00788793025,0.00785698315685,0.00392078515023
1581,1.00762141755,0.00759252127666,0.00378906395063
1582,1.0049656682,0.00495337993569,0.00247362550168
1583,1.00661916396,0.00659735349037,0.00329324208842
1584,1.00892163702,0.00888207434964,0.00443119035132
1585,1.01025031934,0.0101981410811,0.00508609234862
1586,1.00762800393,0.00759905781463,0.00379231983061
1587,1.00735515247,0.0073282352449,0.0036574129349
1588,1.00640845152,0.00638800470761,0.00318890695464
1589,1.00690735549,0.00688360899631,0.00343588827849
1590,1.01023245264,0.010180455505,0.0050772944969
1591,1.00782108087,0.00779065476065,0.00388775043405
1592,1.00755845732,0.00753003531048,0.00375793886298
1593,1.00912362319,0.00908225437528,0.0045308318596
1594,1.00687926409,0.00685570991073,0.00342198656781
1595,1.00853830686,0.00850206168461,0.00424200800068
1596,1.00608664599,0.00606819717998,0.00302950036453
1597,1.00644227831,0.00642161553172,0.00320565863504
1598,1.00882664344,0.00878791634207,0.00438431886024
1599,1.00705338379,0.00702862503584,0.00350814454919
1600,1.0064777459,0.00645685546916,0.00322322196542
1601,1.00552993853,0.00551470455543,0.00275355427354
1602,1.00945418781,0.00940977667594,0.00469383768832
1603,1.00881218327,0.00877358259227,0.00437718338163
1604,1.01205665048,0.0119845480369,0.00597435615196
1605,1.00788410681,0.00785318963917,0.00391889582638
1606,1.00498465964,0.00497227735177,0.00248305079263
1607,1.00536355514,0.00534922250142,0.00267103766473
1608,1.00608061916,0.00606220679322,0.00302651424061
1609,1.00878829467,0.00874990237631,0.00436539503019
1610,1.00905929892,0.00901850963711,0.00449910339323
1611,1.00797904335,0.007947379104,0.00396580489485
1612,1.00782966158,0.00779916884036,0.00389199091457
1613,1.00696408852,0.00693995125141,0.00346396221775
1614,1.00564171837,0.00562586348394,0.00280897915647
1615,1.00756076094,0.00753232164325,0.00375907773277
1616,1.00700178028,0.00697738163673,0.00348261240717
1617,1.00790628162,0.00787519074438,0.0039298532087
1618,1.01009061263,0.0100400423084,0.00500744190618
1619,1.00642596696,0.00640540845692,0.00319758104208
1620,1.01084886824,0.010790441462,0.00538069266675
1621,1.00859367353,0.00855695811043,0.00426933940295
1622,1.00524500869,0.00523130153605,0.00261223293416
1623,1.00714838684,0.00712295822982,0.00355514457052
1624,1.00732538532,0.00729868500315,0.00364269174399
1625,1.00623543317,0.00621607329456,0.00310321170138
1626,1.00787650596,0.00784564821296,0.00391513988323
1627,1.00668855581,0.00666628666337,0.0033275945761
1628,1.00551149634,0.00549636362507,0.0027444090178
1629,1.00624781847,0.00622838176688,0.00310934682076
1630,1.00872738425,0.00868952077267,0.00433533556939
1631,1.00665347717,0.00663144047976,0.00331022931
1632,1.00754599364,0.00751766505655,0.00375177696029
1633,1.0076304266,0.00760146214484,0.003793517436
1634,1.00505453899,0.00504180768677,0.00251772903365
1635,1.0086340562,0.00859699590182,0.00428927263167
1636,1.00573648362,0.00572009264801,0.00285596028786
1637,1.01246649821,0.012389431259,0.00617556793721
1638,1.00600986866,0.00599188143413,0.00299145736508
1639,1.00805825317,0.00802595882577,0.00400493817104
1640,1.00721404552,0.00718814876567,0.00358762342822
1641,1.00856448232,0.00852801521105,0.00425492963253
1642,1.00722568561,0.00719970541627,0.00359338100643
1643,1.01012450523,0.0100735957637,0.00502413448531
1644,1.00895499752,0.00891513930272,0.00444764943326
1645,1.00880654597,0.00876799451142,0.00437440156735
1646,1.00781508384,0.0077847042502,0.00388478674146
1647,1.00950302888,0.00945815914718,0.00471791508297
1648,1.00623647254,0.00621710621759,0.00310372656007
1649,1.00635297605,0.00633288096457,0.00316143259674
1650,1.00675694069,0.0067342148763,0.00336144508893
1651,1.00717743792,0.00715180270034,0.00356951542901
1652,1.00939508921,0.00935122985675,0.0046647012569
1653,1.00844807922,0.00841259391693,0.004197462882
1654,1.00848012387,0.00844436961488,0.00421328391664
1655,1.00896027487,0.00892036980312,0.00445025304834
1656,1.00558416209,0.00556862846137,0.00278044162284
1657,1.00630418636,0.00628439810333,0.00313726751087
1658,1.00850900118,0.00847300369042,0.00422754053061
1659,1.00755410245,0.00752571310027,0.00375578587685
1660,1.00806835063,0.0080359755107,0.00400992644291
1661,1.01032021176,0.0102673219564,0.0051205062609
1662,1.00854095966,0.00850469202489,0.004243317591
1663,1.00738789299,0.00736073617665,0.00367360383455
1664,1.00339800575,0.00339224557779,0.00169468518554
1665,1.00852988014,0.00849370627061,0.00423784800686
1666,1.00727380975,0.00724748318304,0.00361718376364
1667,1.0078629401,0.00783218828208,0.00390843624399
1668,1.00821445601,0.0081809010013,0.0040820960031
1669,1.00595124572,0.00593360700256,0.00296240688881
1670,1.00570527863,0.00568906516685,0.00284049073392
1671,1.00718661754,0.00716091686308,0.00357405623346
1672,1.00937894609,0.00933523685533,0.00465674202565
1673,1.00623755169,0.00621817868104,0.00310426112733
1674,1.00766204438,0.00763283999809,0.00380914672381
1675,1.00777388193,0.00774382099789,0.00386442431855
1676,1.00691173103,0.0068879545095,0.00343805356738
1677,1.00823594322,0.00820221291004,0.0040927084023
1678,1.00832084062,0.00828641327173,0.00413463539681
1679,1.0067551696,0.00673245568018,0.00336056844721
1680,1.00705086678,0.00702612565323,0.0035068992412
1681,1.00789117058,0.00786019812849,0.00392238633216
1682,1.0096612634,0.00961489182303,0.00479590863909
1683,1.00778047739,0.00775036556138,0.00386768394947
1684,1.00796039752,0.00792888070134,0.00395659233145
1685,1.00760930186,0.00758049715742,0.00378307465308
1686,1.00722649528,0.00720050927584,0.00359378149185
1687,1.00580575375,0.00578896530688,0.00289029767728
1688,1.00498041851,0.00496805725549,0.00248094598162
1689,1.00754755886,0.00751921854596,0.00375255079052
1690,1.00955343815,0.00950809263803,0.00474276372722
1691,1.00781690823,0.00778651449265,0.00388568834608
1692,1.00880390883,0.00876538039332,0.00437310022505
1693,1.00980129213,0.00975357102839,0.00486491330297
1694,1.01052742661,0.0104723991158,0.00522251456121
1695,1.00967579863,0.00962928787184,0.00480307211665
1696,1.00764066352,0.00761162149371,0.00379857782775
1697,1.0065615434,0.00654011017838,0.00326471428221
1698,1.01020268327,0.0101509872255,0.00506263505876
1699,1.0068393433,0.00681606109282,0.00340222980188
1700,1.00806888107,0.00803650171315,0.00401018848909
1701,1.00608675448,0.00606830502012,0.00302955412125
1702,1.00670831395,0.00668591333302,0.00333737520813
1703,1.00887959384,0.00884040208046,0.0044104463295
1704,1.01027939719,0.0102269234788,0.00510041024949
1705,1.00686538561,0.00684192616593,0.00341511825564
1706,1.00765999209,0.00763080331022,0.00380813225838
1707,1.00693330742,0.00690938256534,0.0034487307027
1708,1.00778886467,0.00775868806041,0.00387182909596
1709,1.00598917281,0.00597130900511,0.0029812018686
1710,1.00759236206,0.00756368514218,0.00377470041082
1711,1.00508396911,0.0050710893753,0.00253233290933
1712,1.00819165605,0.00815828655092,0.00407083487142
1713,1.00610786118,0.00608928379847,0.0030400116774
1714,1.009955145,0.00990591897933,0.0049407138116
1715,1.00482100239,0.00480941856974,0.00240182028769
1716,1.00773236574,0.00770262421861,0.00384390531849
1717,1.00679876676,0.00677575936421,0.00338214729311
1718,1.00592924201,0.00591173323035,0.00295150234258
1719,1.00546383715,0.00544896454219,0.00272077423753
1720,1.00691841006,0.00689458767174,0.00344135874044
1721,1.00830120792,0.00826694239131,0.0041249401619
1722,1.00782687718,0.00779640606885,0.0038906149042
1723,1.00651170674,0.00649059717183,0.0032400382964
1724,1.00743079638,0.00740332402623,0.00369481930802
1725,1.00682501681,0.00680183181034,0.00339513934106
1726,1.00728149085,0.00725510878947,0.003620982768
1727,1.01050023622,0.0104454916285,0.00520913098988
1728,1.00786655722,0.00783577717467,0.0039102236752
1729,1.0059221378,0.00590467086772,0.00294798157734
1730,1.00663748473,0.00661555361571,0.00330231214111
1731,1.0091028602,0.00906167888868,0.00452059067566
1732,1.00576176239,0.00574522692159,0.00286849145467
1733,1.00818360193,0.0081502978378,0.00406685676729
1734,1.00640497088,0.00638454621702,0.00318718322225
1735,1.00782669812,0.00779622839516,0.00389052641298
1736,1.00884872239,0.00880980187798,0.004395213592
1737,1.00678642083,0.00676349673387,0.00337603669622
1738,1.00685774832,0.00683434091779,0.00341133857666
1739,1.00655389106,0.00653250769826,0.00326092544491
1740,1.00765119204,0.0076220701233,0.00380378228398
1741,1.00890706162,0.00886762773222,0.0044239990245
1742,1.0071773915,0.00715175661362,0.0035694924679
1743,1.00957592997,0.00953037136718,0.00475385019867
1744,1.00753489649,0.00750665095281,0.00374629055454
1745,1.00878174651,0.00874341124276,0.00436216362635
1746,1.00785830676,0.00782759107691,0.00390614662271
1747,1.00476199048,0.00475068807464,0.00237252514006
1748,1.00603646746,0.00601832098552,0.00300463750726
1749,1.00692859733,0.00690470489789,0.00344639993226
1750,1.00715177941,0.00712632671861,0.00355682282576
1751,1.00689051796,0.00686688683267,0.00342755588958
1752,1.00756950468,0.00754099973692,0.00376340045941
1753,1.00907681624,0.00903586953422,0.0045077442523
1754,1.00623818416,0.0062188072358,0.00310457442906
1755,1.00737121577,0.00734418112511,0.003665356683
1756,1.0078335354,0.00780301256297,0.00389390529417
1757,1.00632217772,0.00630227658468,0.00314617866693
1758,1.00698429244,0.00696001524071,0.00347395941181
1759,1.008047729,0.00801551872517,0.00399973901315
1760,1.00725544917,0.00722925502177,0.00360810260893
1761,1.00747261717,0.00744483548273,0.003715498133
1762,1.00876943086,0.00873120273126,0.00435608597982
1763,1.00842275068,0.00838747724733,0.00418495718182
1764,1.00583660895,0.00581964193892,0.00290559154371
1765,1.00791569256,0.0078845278153,0.00393450338665
1766,1.00856687519,0.00853038775152,0.00425611085457
1767,1.00750828788,0.00748024098713,0.00373313495454
1768,1.0071845275,0.00715884173584,0.00357302237762
1769,1.00719609049,0.00717032217911,0.0035787420729
1770,1.00562990572,0.0056141170285,0.00280312240932
1771,1.00938510803,0.00934134152969,0.00465978014424
1772,1.00726381563,0.00723756118502,0.00361224069722
1773,1.00843083389,0.00839549290396,0.00418894822955
1774,1.00760266179,0.00757390720741,0.00377979213781
1775,1.00675853936,0.00673580282046,0.0033622363918
1776,1.00656965954,0.00654817337675,0.00326873271128
1777,1.00763199045,0.00760301414726,0.00379429049314
1778,1.0082419037,0.00820812468494,0.00409565218781
1779,1.00722929123,0.00720328517023,0.0035951644501
1780,1.00773980189,0.00771000328161,0.003847580661
1781,1.00786391135,0.00783315195309,0.00390891619616
1782,1.00735614069,0.00732921624452,0.00365790164062
1783,1.01021298152,0.0101611814144,0.00506770633554
1784,1.00735944714,0.00733249854578,0.00365953678675
1785,1.00680641539,0.00678335631959,0.0033859329166
1786,1.00747268077,0.00744489860975,0.00371552957923
1787,1.00619738529,0.00617826047307,0.00308436378306
1788,1.00749457359,0.00746662880713,0.00372635424952
1789,1.00818824119,0.0081548994274,0.00406914820245
1790,1.00586575503,0.0058486184648,0.00292003760503
1791,1.0072631866,0.00723693668667,0.00361192957591
1792,1.00551470631,0.00549955599109,0.00274600081896
1793,1.00825505178,0.00822116520222,0.00410214572057
1794,1.00637696524,0.00635671842583,0.0031733135763
1795,1.00656898422,0.00654750247223,0.00326839835546
1796,1.00533818678,0.00532398916722,0.00265845461785
1797,1.00859485642,0.00855813092211,0.00426992330505
1798,1.00778080291,0.00775068857063,0.00386784482944
1799,1.00639394448,0.00637358993857,0.0031817225279
1800,1.00896434751,0.00892440627158,0.00445226229889
1801,1.0085131394,0.00847710697949,0.00422958349964
1802,1.00917425612,0.0091324282602,0.00455580482409
1803,1.00927962909,0.00923683784829,0.00460777042685
1804,1.00846745533,0.00843180752452,0.00420702931564
1805,1.00598684492,0.00596899496858,0.00298004829897
1806,1.00688722684,0.006863618231,0.00342592718907
1807,1.00842707716,0.00839176757656,0.00418709336673
1808,1.00560215056,0.00558651687079,0.00278936091882
1809,1.0090887524,0.00904769825689,0.0045136319358
1810,1.00973385522,0.00968678644454,0.00483168290683
1811,1.00637927139,0.00635900996489,0.00317445570929
1812,1.00641860906,0.00639809750897,0.00319393725012
1813,1.00450856643,0.00449843329434,0.0022466890548
1814,1.00438114186,0.00437157259561,0.00218339920648
1815,1.00613728023,0.00611852382446,0.00305458713884
1816,1.00897603768,0.00893599251082,0.00445802960931
1817,1.00936972982,0.009326106184,0.0046521979392
1818,1.00719197689,0.0071662379624,0.00357670727064
1819,1.00928547905,0.00924263400948,0.00461065514957
1820,1.00596299402,0.00594528573379,0.00296822893885
1821,1.00639618236,0.0063758135955,0.00318283081823
1822,1.00763663889,0.00760762736623,0.00379658834803
1823,1.00650754387,0.00648646121764,0.0032379770175
1824,1.01126842848,0.0112054126954,0.00558704045929
1825,1.00496906156,0.00495675652383,0.00247530961812
1826,1.00838641993,0.0083514492933,0.00416701843096
1827,1.00800113305,0.00796929370482,0.00397671868096
1828,1.00548756937,0.005472567522,0.0027325435488
1829,1.00852745708,0.00849130370347,0.00423665181343
1830,1.0054282761,0.00541359611318,0.00270313798184
1831,1.00833842763,0.00830385499205,0.00414332016152
1832,1.00879618987,0.00875772877139,0.00436929113746
1833,1.0064266877,0.0064061245934,0.00319793796531
1834,1.00873309109,0.00869517821647,0.00433815202385
1835,1.00585810462,0.00584101263982,0.00291624578997
1836,1.00632605804,0.00630613252174,0.00314810056787
1837,1.00662414136,0.00660229814231,0.00329570626938
1838,1.0091836976,0.00914178386923,0.00456046130655
1839,1.01039149298,0.0103378725638,0.00515560031823
1840,1.0065747029,0.00655318381253,0.00327122973715
1841,1.00669653184,0.00667420967071,0.00333154288967
1842,1.00882415927,0.00878545390327,0.00438309303815
1843,1.01000864584,0.00995889105836,0.00496706864216
1844,1.00851449551,0.00847845164618,0.00423025298907
1845,1.00880849422,0.0087699257545,0.00437536296441
1846,1.00684753859,0.00682420067762,0.00340628573966
1847,1.00670456744,0.00668219178585,0.00333552064292
1848,1.0064878207,0.00646686537493,0.00322821077374
1849,1.00937013543,0.00932650803048,0.00465239792769
1850,1.0074752584,0.00744745711882,0.00371680407985
1851,1.01097726452,0.0109174516756,0.00544385406655
1852,1.00832424717,0.00828979170776,0.0041363176291
1853,1.00764949572,0.00762038667619,0.00380294376181
1854,1.00635559208,0.00633548047585,0.00316272824245
1855,1.00567395133,0.00565791509489,0.00282495981773
1856,1.00689330353,0.00686965333543,0.00342893439884
1857,1.0069088062,0.00688504975497,0.00343660618242
1858,1.00569676637,0.00568060116338,0.00283627074421
1859,1.00727984521,0.00725347503593,0.0036201688488
1860,1.00742784458,0.00740039398673,0.00369335970018
1861,1.00762572293,0.00759679407683,0.00379119225348
1862,1.00637832189,0.00635806648044,0.00317398546448
1863,1.00707754951,0.0070526212103,0.00352010047367
1864,1.0085852031,0.00854855981629,0.00426515817469
1865,1.00916783878,0.00912606923959,0.00455263979399
1866,1.00562278236,0.00560703352809,0.00279959058082
1867,1.00646892214,0.00644808846484,0.00321885258268
1868,1.00639396609,0.00637361140712,0.00318173322803
1869,1.0094446586,0.00940033666094,0.00468913982468
1870,1.00650841225,0.00648732398245,0.00323840700301
1871,1.00891913307,0.00887959254041,0.00442995494463
1872,1.00727881865,0.00725245590156,0.0036196611262
1873,1.00758188107,0.00755328306733,0.00376951899228
1874,1.00988698918,0.00983843269524,0.00490713681827
1875,1.00746075931,0.00743306550084,0.00370963499047
1876,1.00801854635,0.0079865686378,0.00398532176152
1877,1.00495198803,0.00493976726066,0.00246683597739
1878,1.00939625741,0.00935238717987,0.00466527721901
1879,1.01010658704,0.0100558570123,0.00501530963141
1880,1.00666771936,0.00664558844131,0.00331727984934
1881,1.00615766033,0.00613877941249,0.00306468394549
1882,1.00800916292,0.00797725980902,0.00398068588568
1883,1.00694353339,0.00691953807491,0.00345379093283
1884,1.0084204033,0.00838514946835,0.00418379816249
1885,1.00624475225,0.00622533458036,0.00310782796372
1886,1.00695667512,0.00693258910152,0.00346029388716
1887,1.0087070714,0.0086693834603,0.00432531051374
1888,1.0091926289,0.0091506338581,0.00456486611123
1889,1.00690672102,0.00688297888211,0.00343557430384
1890,1.00785336935,0.00782269215172,0.00390370672509
1891,1.00663279519,0.00661089499372,0.00329999051953
1892,1.00741864494,0.00739126214378,0.00368881063191
1893,1.00797180485,0.00794019787576,0.00396222851399
1894,1.00773092586,0.00770119538241,0.0038431936463
1895,1.00760015945,0.00757142374018,0.00377855509692
1896,1.00560708192,0.00559142074648,0.00279180601433
1897,1.01081209325,0.0107540604982,0.00536259989769
1898,1.0095950919,0.00954935135812,0.00476329503531
1899,1.00570144067,0.00568524897136,0.00283858805429
1900,1.00679585333,0.00677286561008,0.00338070530855
1901,1.00791906914,0.00788787787007,0.00393617182224
1902,1.00765911179,0.00762992970038,0.00380769711677
1903,1.0068744597,0.00685093833884,0.00341960894315
1904,1.00937528341,0.00933160820347,0.00465493614693
1905,1.00563224434,0.00561644255578,0.00280428191291
1906,1.0069969339,0.00697256894231,0.00348021443745
1907,1.00781765469,0.0077872551594,0.00388605724038
1908,1.00546118253,0.00544632434304,0.00271945772877
1909,1.00829111273,0.00825693026855,0.00411995473775
1910,1.00686198535,0.00683854907578,0.00341343547572
1911,1.00943402224,0.00938979976132,0.00468389606555
1912,1.0084897117,0.00845387676978,0.00421801745467
1913,1.00974395072,0.00969678457122,0.00483665780385
1914,1.00878004042,0.00874172000799,0.00436132169734
1915,1.00805085459,0.00801861935437,0.0040012831257
1916,1.00991460689,0.00986577964353,0.00492074310179
1917,1.00743210381,0.00740462180618,0.00369546580025
1918,1.00861808747,0.00858116374169,0.00428139047463
1919,1.00747515201,0.00744735151351,0.00371675147344
1920,1.00789201825,0.00786103915853,0.00392280519767
1921,1.00969612518,0.00964941942617,0.00481308949675
1922,1.00682907339,0.00680586088391,0.0033971470362
1923,1.0075938763,0.00756518796781,0.003775448987
1924,1.00801659033,0.00798462816953,0.00398435539361
1925,1.00617926595,0.00616025257308,0.0030753875641
1926,1.00939519254,0.00935133222611,0.00466475220282
1927,1.01051026914,0.0104554202482,0.00521406942777
1928,1.00971823585,0.00967131752241,0.00482398578646
1929,1.00568726146,0.00567115004832,0.00283155857851
1930,1.0088462201,0.00880732153284,0.00439397886949
1931,1.00593794292,0.00592038282023,0.00295581436356
1932,1.00710732408,0.00708218609422,0.00353483077107
1933,1.0045731988,0.00456277350309,0.00227878636666
1934,1.00611501572,0.00609639488855,0.00304355640724
1935,1.00776960767,0.00773957970832,0.00386231186659
1936,1.00868688854,0.00864937461969,0.00431534931583
1937,1.00494450176,0.00493231785214,0.00246312045444
1938,1.00794351999,0.00791213631994,0.00394825323119
1939,1.00901764147,0.00897722532748,0.00447855389752
1940,1.00839187103,0.00835685504604,0.00416971004075
1941,1.00896781152,0.00892783949523,0.00445397126644
1942,1.00745453117,0.00742688347064,0.00370655543715
1943,1.00710559136,0.0070804655995,0.00353397356417
1944,1.00993378969,0.00988477394311,0.00493019347366
1945,1.00964705888,0.00960082313391,0.00478890800599
1946,1.00759301989,0.00756433801081,0.00377502561289
1947,1.00744560705,0.0074180253392,0.00370214277824
1948,1.00764462427,0.00761555219936,0.0038005357131
1949,1.00842497826,0.00838968621773,0.00418605704419
1950,1.00762339785,0.00759448659286,0.00379004288489
1951,1.00706271312,0.00703788897407,0.003512760258
1952,1.00854917406,0.00851283682282,0.00424737270122
1953,1.00784921044,0.00781856564558,0.00390165152424
1954,1.00663929801,0.00661735493879,0.00330320982798
1955,1.00809532611,0.00806273472715,0.00402325231075
1956,1.00643948151,0.00641883662686,0.00320427363575
1957,1.00586481801,0.00584768691119,0.0029195731882
1958,1.00827786012,0.00824378653942,0.00411340992746
1959,1.01031114376,0.0102583465362,0.00511604152017
1960,1.00861012875,0.00857327299648,0.00427746198595
1961,1.00778460296,0.0077544592727,0.00386972288646
1962,1.00686312581,0.00683968177151,0.00341399989024
1963,1.00612559078,0.00610690561336,0.00304879576089
1964,1.00994370336,0.00989459005375,0.00493507731934
1965,1.00527028722,0.00525644786443,0.00262477317548
1966,1.00967783675,0.00963130645349,0.00480407655927
1967,1.00802090471,0.00798890823358,0.00398648689671
1968,1.00969527121,0.00964857365278,0.00481266864535
1969,1.00646711834,0.00644629625417,0.00321795936138
1970,1.00616846704,0.00614951992467,0.00307003772907
1971,1.00746079946,0.00743310535936,0.0037096548458
1972,1.00837728687,0.00834239214413,0.00416250871682
1973,1.00801813785,0.00798616338749,0.00398511994387
1974,1.00981676817,0.00976889673978,0.00487253885032
1975,1.00656754367,0.00654607131361,0.0032676851147
1976,1.00593669678,0.00591914403179,0.00295519679995
1977,1.00967627302,0.00962975771291,0.00480330590882
1978,1.00850354292,0.00846759146763,0.00422484585576
1979,1.00795994067,0.00792842746332,0.00395636660905
1980,1.00689100724,0.00686737276809,0.00342779802447
1981,1.00955974131,0.00951433613192,0.0047458706636
1982,1.00839115207,0.00835614206365,0.00416935503596
1983,1.00880108506,0.0087625812607,0.00437170677821
1984,1.00803866927,0.00800653128354,0.00399526325599
1985,1.00614886477,0.00613003763614,0.00306032644319
1986,1.00764521144,0.00761613491163,0.00380082596189
1987,1.00660129364,0.00657960051647,0.00328439479462
1988,1.006540024,0.00651873083176,0.00325405945068
1989,1.0068115291,0.00678843544863,0.00338846387911
1990,1.00894846532,0.0089086650662,0.00444442670735
1991,1.00667997154,0.00665775939597,0.00332334512098
1992,1.00851281548,0.00847678579608,0.00422942358716
1993,1.00701325933,0.00698878081429,0.00348829213031
1994,1.00859166759,0.00855496926645,0.00426834922599
1995,1.00535336789,0.00533908954904,0.00266598470849
1996,1.0059597433,0.0059420542764,0.0029666180047
1997,1.00754212628,0.00751382664454,0.00374986495288
1998,1.00862488989,0.00858790801569,0.00428474816853
1999,1.00658870355,0.006567092918,0.00327816151584
2000,1.00706632941,0.00704147989543,0.00351454941005
2001,1.00674780269,0.00672513816596,0.00335692197893
2002,1.00604833588,0.00603011811643,0.00301051833232
2003,1.00694987803,0.0069258389386,0.0034569304788
2004,1.00878362955,0.0087452778916,0.00436309287903
2005,1.00890331118,0.00886391040074,0.00442214857977
2006,1.00767144176,0.00764216588073,0.00381379189247
2007,1.00657515386,0.0065536318213,0.00327145300874
2008,1.00850242309,0.00846648107855,0.00422429300668
2009,1.00517826788,0.00516490675891,0.0025791217153
2010,1.00669171903,0.00666942886264,0.00332916044652
2011,1.00635790128,0.00633777509152,0.003163871921
2012,1.00551563737,0.00550048194218,0.00274646252306
2013,1.00779105616,0.00776086260431,0.0038729121576
2014,1.00882954073,0.00879078827481,0.00438574852985
2015,1.00971407902,0.00966720070063,0.00482193730321
2016,1.00888748202,0.0088482208066,0.00441433844293
2017,1.00761092982,0.00758211281996,0.00378387942794
2018,1.00883235712,0.00879358001671,0.00438713827789
2019,1.00722242052,0.00719646374209,0.00359176599231
2020,1.00901765645,0.00897724017824,0.00447856128964
2021,1.0071456679,0.00712025858471,0.00355379954587
2022,1.00606829089,0.00604995296449,0.00302040585073
2023,1.00463892729,0.00462820062815,0.00231142484811
2024,1.00821188965,0.00817835554169,0.0040808284679
2025,1.00759873024,0.00757000530841,0.00377784856059
2026,1.00915126197,0.00910964289535,0.0045444639799
2027,1.0071483384,0.00712291013879,0.00355512061049
2028,1.01000449194,0.00995477830405,0.00496502247706
2029,1.00825718753,0.00822328346786,0.00410320050812
2030,1.00634518776,0.00632514180507,0.00315757524294
2031,1.00733288784,0.0073061329313,0.0036464021359
2032,1.00536135576,0.0053470348557,0.00266994676292
2033,1.0075455588,0.00751723347379,0.00375156197849
2034,1.00826160902,0.00822766873614,0.00410538414304
2035,1.00769970796,0.00767021649147,0.00382776361027
2036,1.00850312425,0.00846717632728,0.00422463916252
2037,1.00715913024,0.00713362532049,0.00356045914015
2038,1.00822240191,0.00818878213256,0.00408602047523
2039,1.0080787593,0.00804630082534,0.00401506838509
2040,1.01094475485,0.01088529448,0.00542786286969
2041,1.01041608588,0.0103622122361,0.00516770733789
2042,1.00729653715,0.00727004620141,0.00362842440213
2043,1.00647486062,0.00645398875549,0.00322179322759
2044,1.00660665343,0.00658492514831,0.00328704836291
2045,1.00629411058,0.00627438538628,0.00313227684614
2046,1.0082952782,0.00826106147281,0.00412201182756
2047,1.00832812661,0.00829363910677,0.00413823336973
2048,1.00798272132,0.00795102795436,0.00396762208306
2049,1.00845408714,0.00841855148924,0.00420042916039
2050,1.0065185769,0.00649742285803,0.00324344007595
2051,1.00955702819,0.00951164869662,0.00474453332216
2052,1.00715106636,0.00712561873046,0.00355647009072
2053,1.00766436597,0.0076351439328,0.00381029430249
2054,1.00858767005,0.00855100576792,0.00426637593357
2055,1.00850953801,0.00847353599003,0.00422780555522
2056,1.00885907574,0.00882006436435,0.00440032226917
2057,1.00830042222,0.00826616316389,0.00412455215525
2058,1.00781879708,0.00778838868479,0.00388662180044
2059,1.00877139676,0.00873315154042,0.00435705613934
2060,1.0081229317,0.00809011826515,0.00403688890095
2061,1.00711726085,0.00709205269132,0.00353974661912
2062,1.00836393589,0.00832915199899,0.00415591617853
2063,1.00834923995,0.00831457784527,0.00414865935971
2064,1.00889168009,0.00885238187776,0.00441640979216
2065,1.00783722608,0.00780667454641,0.00389572915451
2066,1.00706574458,0.00704089916799,0.00351426006678
2067,1.00779760602,0.00776736181201,0.00387614917075
2068,1.00759660094,0.00756789207151,0.00377679593333
2069,1.00637132917,0.00635111805797,0.00317052227433
2070,1.01080825013,0.0107502584798,0.00536070908101
2071,1.00844798148,0.00841249699589,0.00419741462489
2072,1.00650216322,0.0064811153495,0.00323531273477
2073,1.00894120758,0.00890147166446,0.00444084598531
2074,1.00704372625,0.00701903508684,0.0035033663847
2075,1.00661186521,0.00659010270666,0.00328962862931
2076,1.00640537988,0.00638495261521,0.00318738577369
2077,1.00939387994,0.00935003183988,0.00466410504248
2078,1.00835767014,0.00832293819766,0.00415282218508
2079,1.00695455215,0.00693048079598,0.00345924338152
2080,1.00649986197,0.00647882896106,0.00323417323849
2081,1.00936693222,0.00932333455237,0.00465081856952
2082,1.00814248962,0.00810951840645,0.00404654976664
2083,1.009780524,0.00973300427061,0.00485467989921
2084,1.0062168943,0.00619764913709,0.00309402816737
2085,1.0074131309,0.00738578868527,0.0036860839942
2086,1.0113664367,0.0113023241172,0.00563522427878
2087,1.00706869578,0.00704382966547,0.00351572016519
2088,1.01143833508,0.011373411932,0.00567056726015
2089,1.00804375144,0.00801157291027,0.00399777399488
2090,1.00638637156,0.00636606510405,0.00317797207455
2091,1.0065006295,0.00647959153378,0.00323455329163
2092,1.00873128792,0.00869339065765,0.00433726212139
2093,1.00592318497,0.00590571187836,0.00294850054808
2094,1.00813990393,0.00810695359521,0.00404527254952
2095,1.00697102996,0.00694684466699,0.00346739698036
2096,1.00830252843,0.00826825202755,0.00412559227872
2097,1.00587509643,0.00585790535377,0.00292466747973
2098,1.0061254858,0.00610680127542,0.00304874375097
2099,1.00809320251,0.00806062817844,0.00402220327343
2100,1.0073295008,0.00730277053929,0.0036447270688
2101,1.00848909423,0.00845326450326,0.00421771261264
2102,1.00985619318,0.00980793772132,0.00489196403714
2103,1.00682566927,0.00680247984875,0.00339546226013
2104,1.00721246313,0.00718657770377,0.00358684071515
2105,1.00550991627,0.00549479220584,0.00274362546418
2106,1.00843070958,0.00839536963653,0.00418888685401
2107,1.00764792632,0.00761882919613,0.00380216798298
2108,1.00760957373,0.00758076696854,0.00378320904827
2109,1.00833372584,0.00829919207798,0.00414099836175
2110,1.00982091412,0.00977300237472,0.00487458166326
2111,1.00579848931,0.00578174277855,0.00288669684424
2112,1.00686687428,0.00684340467654,0.00341585498602
2113,1.00621564037,0.00619640294868,0.00309340700085
2114,1.00840424318,0.00836912416004,0.00417581899969
2115,1.00859211067,0.00855540857105,0.00426856794072
2116,1.00642181441,0.00640128241698,0.00319552461666
2117,1.0084050253,0.00836989975743,0.00417620517893
2118,1.00857536544,0.00853880585439,0.00426030198299
2119,1.01152273165,0.0114568505798,0.00571204914652
2120,1.00745267277,0.00742503881664,0.00370563652838
2121,1.00952003255,0.00947500260513,0.00472629704365
2122,1.00868091107,0.00864344861383,0.00431239909493
2123,1.00690163972,0.00687793242485,0.00343305974078
2124,1.00587371914,0.00585653610248,0.00292398485615
2125,1.00545328878,0.0054384734389,0.00271554294412
2126,1.00871961662,0.00868182031879,0.0043315020271
2127,1.00920098567,0.00915891447343,0.00456898751041
2128,1.00726556787,0.00723930078747,0.00361310735613
2129,1.00624144971,0.0062220525312,0.00310619203782
2130,1.00914097096,0.00909944515487,0.00453938826836
2131,1.00824508904,0.00821128398578,0.00409722536729
2132,1.0067967806,0.00677378661844,0.0033811642558
2133,1.00355910556,0.00355278693546,0.0017748166147
2134,1.00677456156,0.00675171733655,0.00337016686411
2135,1.01058322274,0.0105276124539,0.00524997667497
2136,1.00564943804,0.00563353981005,0.00281280653086
2137,1.00693694892,0.00691299898881,0.00345053267678
2138,1.00885479035,0.00881581659057,0.00439820772582
2139,1.00949612841,0.00945132360845,0.00471451343254
2140,1.00563129009,0.005615493656,0.0028038087934
2141,1.00702783325,0.00700325312448,0.00349550301749
2142,1.00640096428,0.00638056511027,0.00318519901116
2143,1.01085166151,0.0107932047486,0.00538206687489
2144,1.00651470944,0.00649358043796,0.00324152509541
2145,1.00896695041,0.00892698603808,0.00445354643841
2146,1.00750643521,0.00747840211979,0.00373221895282
2147,1.01010808229,0.0100573372954,0.00501604606064
2148,1.00634742867,0.0063273685828,0.00315868511558
2149,1.00776457356,0.00773458439575,0.00385982385393
2150,1.00701995225,0.00699542709298,0.00349160367207
2151,1.0087984472,0.00875996641162,0.0043704050685
2152,1.00658675413,0.00656515624933,0.00327719635539
2153,1.00879911313,0.00876062653137,0.00437073368583
2154,1.00601401348,0.00599600148234,0.00299351122459
2155,1.00832212918,0.00828769119626,0.00413527171699
2156,1.00573683369,0.00572044072164,0.00285613382762
2157,1.00635989131,0.00633975254389,0.0031648575185
2158,1.00494343225,0.00493125360994,0.00246258964388
2159,1.00793863463,0.00790728945017,0.00394583936171
2160,1.00520573718,0.0051922341686,0.00259275008668
2161,1.00761558535,0.00758673317147,0.00378618085961
2162,1.00628199837,0.0062623488714,0.00312627742149
2163,1.00735943611,0.00733248759248,0.00365953133014
2164,1.00852535952,0.00848922387571,0.00423561630476
2165,1.00894618721,0.00890640715591,0.00444330276912
2166,1.00902763682,0.00898713130831,0.00448348469348
2167,1.00812077028,0.00808797426216,0.00403582122643
2168,1.00652160672,0.00650043304602,0.00324494028714
2169,1.00875558968,0.00871748178064,0.0043492553659
2170,1.00801411075,0.00798216830742,0.00398313036229
2171,1.00545408538,0.0054392657162,0.00271593800696
2172,1.00608947098,0.00607100508115,0.00303090006086
2173,1.00640967332,0.0063892187254,0.00318951202765
2174,1.00775442256,0.00772451155683,0.00385480686152
2175,1.00594421553,0.00592661838422,0.00295892292512
2176,1.00525415244,0.00524039753967,0.00261676904521
2177,1.0066349394,0.00661302507418,0.00330105204456
2178,1.00939391536,0.00935006693336,0.00466412250738
2179,1.00669937572,0.00667703462933,0.00333295066224
2180,1.00630429397,0.00628450503072,0.00313732080684
2181,1.007533365,0.00750513091572,0.00374553338296
2182,1.00730804196,0.00728146761372,0.00363411437117
2183,1.00638791456,0.0063675983049,0.00317873623845
2184,1.0068302049,0.00680698472596,0.00339770704813
2185,1.00490705585,0.00489505549709,0.00244453499462
2186,1.00894539949,0.00890562641886,0.00444291413505
2187,1.00774629598,0.00771644747322,0.00385079035437
2188,1.00812536355,0.00809253051997,0.00403809015863
2189,1.00978649323,0.00973891566826,0.00485762124471
2190,1.00561132359,0.00559563875883,0.00279390913035
2191,1.00554387954,0.00552856880103,0.0027604672844
2192,1.00796914104,0.00793755513682,0.00396091237922
2193,1.00811576656,0.00808301083057,0.00403334952334
2194,1.00595081651,0.0059331803338,0.00296219418639
2195,1.00688778434,0.00686417191313,0.00342620308166
2196,1.00684200822,0.0068187079012,0.00340354870267
2197,1.00912993405,0.00908850815966,0.0045339445795
2198,1.00794120768,0.00790984223578,0.00394711071727
2199,1.0039390355,0.00393129781461,0.00196371828468
2200,1.00721592955,0.00719001930481,0.00358855534196
2201,1.00532297083,0.00530885389183,0.00265090706982
2202,1.00445776718,0.00444786076281,0.00222145928043
2203,1.00867837731,0.00864093665179,0.00431114852941
2204,1.00870141228,0.00866377318054,0.00432251750305
2205,1.00952783134,0.00948272781809,0.00473014138688
2206,1.01115418335,0.0110924341966,0.00553086523094
2207,1.00742509973,0.00739766937963,0.00369200242718
2208,1.00632040735,0.00630051733618,0.00314530180975
2209,1.01059013553,0.0105344528284,0.00525337890049
2210,1.00634577049,0.00632572086824,0.00315786386027
2211,1.00617359146,0.00615461291117,0.00307257640126
2212,1.00951969651,0.00947466973882,0.00472613139709
2213,1.00686411797,0.00684066716097,0.00341449090278
2214,1.00895454109,0.00891468693167,0.0044474242537
2215,1.00916762092,0.00912585335848,0.00455253234484
2216,1.00969442016,0.00964773078132,0.00481224923776
2217,1.00787871671,0.00784784168186,0.00391623232321
2218,1.00797446111,0.00794283312645,0.00396354091774
2219,1.00687949747,0.00685594170109,0.00342210206639
2220,1.00641146389,0.00639099789147,0.00319039877296
2221,1.00736138944,0.00733442665164,0.00366049731123
2222,1.00802312162,0.00799110749699,0.00398758214414
2223,1.01015421612,0.0101030084248,0.00503876682166
2224,1.00598078808,0.00596297416195,0.00297704686228
2225,1.00839443027,0.00835939298394,0.00417097371767
2226,1.00767041789,0.00764114980034,0.00381328578971
2227,1.008348626,0.00831396898163,0.00414835619083
2228,1.00467161278,0.00466073466004,0.00232765413207
2229,1.00586691198,0.00584976867537,0.00292061103081
2230,1.00969462783,0.00964793644906,0.00481235157677
2231,1.00706702198,0.007042167612,0.00351489205977
2232,1.00860578502,0.00856896633855,0.00427531786546
2233,1.01214152115,0.0120684041194,0.00601603282642
2234,1.00876094917,0.0087227947405,0.00435190028861
2235,1.0095132461,0.00946828013214,0.00472295168773
2236,1.00910210381,0.00906092932482,0.00452021758789
2237,1.00767086449,0.00764159300183,0.0038135065454
2238,1.00600281949,0.00598487435191,0.00298796429854
2239,1.00739297256,0.0073657784907,0.00367611572668
2240,1.00669058489,0.00666830226123,0.00332859902097
2241,1.00640686758,0.00638643084359,0.00318812253177
2242,1.008213178,0.00817963340106,0.00408146479002
2243,1.00676776578,0.0067449672622,0.0033668031957
2244,1.00570038225,0.00568419655586,0.00283806334009
2245,1.0061949193,0.00617580967307,0.00308314216188
2246,1.00590696343,0.0058895857161,0.00294046120854
2247,1.00808398995,0.00805148954073,0.0040176523229
2248,1.00893956078,0.00889983945492,0.00444003350441
2249,1.00665146458,0.00662944119395,0.00330923297564
2250,1.00979969652,0.00975199090429,0.00486412708419
2251,1.00876516221,0.00872697118263,0.00435397941977
2252,1.00759941556,0.00757068546426,0.0037781873537
2253,1.00784967592,0.00781902749793,0.00390188154939
2254,1.01077366204,0.0107160396432,0.00534369123575
2255,1.00665082015,0.00662880102594,0.00330891395082
2256,1.00710580547,0.00708067820018,0.00353407948884
2257,1.00537839259,0.00536398068452,0.0026783970193
2258,1.00791217971,0.00788104255307,0.00393276761041
2259,1.01038298604,0.0103294530773,0.00515141226991
2260,1.00933226588,0.00928898931923,0.00463372567291
2261,1.00764206602,0.00761301335632,0.00379927111527
2262,1.00654006987,0.00651877639851,0.00325408215992
2263,1.00569899905,0.00568282118925,0.00283737760823
2264,1.00644176953,0.00642111000568,0.00320540668226
2265,1.00818983151,0.00815647683084,0.00406993369451
2266,1.00748117825,0.00745333303058,0.00371973111162
2267,1.00514186779,0.00512869353302,0.00256106163801
2268,1.00670478612,0.00668240901182,0.00333562889362
2269,1.00693313171,0.00690920806921,0.00344864375553
2270,1.00765331215,0.00762417412954,0.00380483028496
2271,1.0066459797,0.00662399253766,0.00330651765924
2272,1.00650983847,0.00648874098765,0.00323911321093
2273,1.0058938736,0.00587657267701,0.00293397380006
2274,1.00891309792,0.00887361072496,0.00442697728203
2275,1.00636926058,0.00634906255449,0.00316949778057
2276,1.00706111579,0.0070363028507,0.00351196998184
2277,1.00685933296,0.00683591476799,0.00341212281698
2278,1.00588746012,0.00587019674721,0.0029307951835
2279,1.00648064201,0.0064597329332,0.00322465605906
2280,1.00850072988,0.00846480213939,0.00422345708292
2281,1.00621436773,0.00619513817473,0.0030927765699
2282,1.00787299786,0.00784216752329,0.00391340635058
2283,1.00758822888,0.00755958309385,0.00377265712656
2284,1.00558494839,0.00556941039315,0.00278083150159
2285,1.00735907396,0.00733212808804,0.00365935223571
2286,1.00704032211,0.00701565474773,0.003501682135
2287,1.00778403085,0.00775389158303,0.00386944013998
2288,1.0082148521,0.0081812938632,0.00408229163219
2289,1.00788887774,0.0078579232313,0.00392125334443
2290,1.00772904757,0.00769933150379,0.00384226528818
2291,1.0076925406,0.00766310387602,0.00382422090895
2292,1.00572106674,0.00570476359239,0.00284831762035
2293,1.00695265169,0.00692859345073,0.00345830297284
2294,1.00895857692,0.00891868692874,0.0044494153554
2295,1.00854271791,0.00850643538561,0.00424418557216
2296,1.00713886865,0.00711350755481,0.00355043602114
2297,1.00709322192,0.00706818335733,0.00352785412686
2298,1.00655777654,0.00653636786358,0.00326284923186
2299,1.0084004988,0.00836541097975,0.00417397016062
2300,1.00817713101,0.00814387942095,0.00406366060512
2301,1.00769110859,0.00766168279817,0.00382351308703
2302,1.01102141185,0.0109611187011,0.00546556848374
2303,1.00887566626,0.00883650906168,0.0044085084032
2304,1.00662143733,0.00659961190597,0.00329436757683
2305,1.0065954101,0.00657375554818,0.00328148190481
2306,1.00647601447,0.00645513517913,0.00322236459247
2307,1.005729765,0.00571341232831,0.00285262966181
2308,1.00710350497,0.0070783939309,0.00353294138995
2309,1.00704228312,0.00701760204616,0.00350265237434
2310,1.00819182526,0.00815845438461,0.00407091844665
2311,1.00712651728,0.00710124366352,0.00354432582785
2312,1.01030925516,0.0102564772149,0.00511511164082
2313,1.00761860826,0.0075897332294,0.00378767520807
2314,1.00619864869,0.00617951609138,0.00308498965562
2315,1.00745323233,0.00742559423493,0.0037059132084
2316,1.00744422322,0.00741665173998,0.00370145852102
2317,1.00921282954,0.00917065028494,0.00457482858864
2318,1.00875097218,0.00871290435358,0.00434697660396
2319,1.00988178201,0.00983327649126,0.00490457136408
2320,1.00761413973,0.00758529847281,0.00378546622604
2321,1.00477025852,0.00475891688794,0.00237662977674
2322,1.00568210009,0.00566601784867,0.00282899974146
2323,1.00587366156,0.00585647885955,0.00292395631837
2324,1.00919258117,0.00915058656261,0.00456484257143
2325,1.0089412786,0.00890154205439,0.00444088102398
2326,1.00616601665,0.00614708455587,0.00306882378227
2327,1.00684023919,0.00681695089622,0.00340267318983
2328,1.00868609634,0.00864858924312,0.00431495832206
2329,1.00718927092,0.00716355130782,0.00357536874714
2330,1.01072630907,0.0106691903057,0.00532039146832
2331,1.00924448023,0.00920201155921,0.00459043736717
2332,1.00719877893,0.00717299140419,0.00358007190832
2333,1.00771713344,0.00768750868141,0.00383637657279
2334,1.00690878535,0.00688502904726,0.00343659586414
2335,1.00719791837,0.00717213700087,0.00357964623598
2336,1.00739214668,0.00736495866901,0.00367570732263
2337,1.00750587984,0.00747785089267,0.00373194436788
2338,1.00976241168,0.00971506721569,0.00484575487105
2339,1.00957840638,0.00953282428665,0.00475507082725
2340,1.00913888384,0.00909737693729,0.00453835885325
2341,1.00583228774,0.00581534579165,0.0029034497092
2342,1.00654164903,0.00652034530436,0.00325486405986
2343,1.00833163396,0.00829711748846,0.00413996536189
2344,1.00827537962,0.00824132641001,0.00411218492176
2345,1.00895724745,0.00891736926936,0.0044487594569
2346,1.00954002469,0.00949480602234,0.00473615190505
2347,1.00659953034,0.00657784877901,0.00328352180221
2348,1.00723368949,0.00720765184736,0.00359733993683
2349,1.00874236306,0.00870436987461,0.004342727905
2350,1.00912793307,0.00908652527716,0.0045329576329
2351,1.00735735088,0.00733041759887,0.0036585001204
2352,1.00751577254,0.00748766984029,0.00373683550779
2353,1.00567389606,0.00565786014496,0.00282493242038
2354,1.00592562019,0.00590813275586,0.00294970741712
2355,1.0121114473,0.0120386905896,0.00600126533064
2356,1.00740272881,0.00737546309,0.00368094021379
2357,1.00596086783,0.00594317214723,0.00296717528181
2358,1.00919634382,0.00915431492681,0.0045666982421
2359,1.00822657204,0.00819291824174,0.00408808007758
2360,1.0066427734,0.00662080740737,0.00330493035867
2361,1.00767340216,0.00764411135348,0.00381476091856
2362,1.00865490235,0.00861766339586,0.00429956200127
2363,1.00632408508,0.00630417196949,0.00314712337727
2364,1.00743477731,0.00740727558413,0.00369678778488
2365,1.00772688116,0.00769718170039,0.00384119451596
2366,1.00752150956,0.00749336404658,0.00373967196774
2367,1.00781350493,0.00778313758475,0.00388400645151
2368,1.00750071963,0.00747272910694,0.00372939302886
2369,1.00743136013,0.00740388361727,0.00369509806971
2370,1.00820446425,0.00817099059719,0.00407716101643
2371,1.00567749522,0.00566143898321,0.00282671678292
2372,1.009449029,0.00940466616531,0.00469129442371
2373,1.00878057268,0.00874224762885,0.00436158435717
2374,1.00634178434,0.00632175983719,0.00315588959698
2375,1.0082781436,0.00824406769654,0.00411354992775
2376,1.0068514046,0.00682804038484,0.00340819905187
2377,1.00747155293,0.0074437791387,0.00371497192327
2378,1.00833203845,0.00829751863488,0.00414016510472
2379,1.00544930838,0.00543451461533,0.00271356890556
2380,1.00667572173,0.00665353777117,0.00332124132132
2381,1.00764611996,0.00761703654451,0.00380127506475
2382,1.00768899054,0.00765958090831,0.00382246615985
2383,1.01058533958,0.0105297071252,0.00525101851156
2384,1.00813047528,0.0080976010315,0.00404061517361
2385,1.00752584962,0.00749767170262,0.00374181773885
2386,1.00927823653,0.00923545809265,0.00460708372759
2387,1.00773204168,0.00770230264617,0.00384374515031
2388,1.0082596819,0.00822575740086,0.00410443239833
2389,1.00847426908,0.00843856403815,0.00421039335435
2390,1.01022300008,0.010171098637,0.00507263980583
2391,1.0092137614,0.00917157363759,0.00457528815277
2392,1.00711255904,0.00708738409412,0.00353742058064
2393,1.01133280508,0.0112690699246,0.00561869074241
2394,1.00777847563,0.00774837925253,0.00386669463577
2395,1.00937899074,0.00933528109055,0.00465676404026
2396,1.00685130076,0.00682793724848,0.00340814765944
2397,1.00781970135,0.00778928594107,0.00388706868484
2398,1.00868066057,0.00864320027134,0.00431227545915
2399,1.00651790976,0.00649676003846,0.00324310974102
2400,1.0081009182,0.00806828190436,0.00402601473667
2401,1.0082151208,0.00818156037206,0.00408242434262
2402,1.00870386783,0.00866620753873,0.00432372942012
2403,1.00630450628,0.00628471601821,0.00313742596961
2404,1.00743371051,0.00740621665258,0.00369626027629
2405,1.00850919874,0.00847319958353,0.00422763806309
2406,1.00799464295,0.00796285509839,0.00397351217485
2407,1.00821910627,0.00818551336013,0.00408439276582
2408,1.00926093085,0.00921831135475,0.00459854982029
2409,1.00699807411,0.00697370123552,0.00348077861359
2410,1.0063732291,0.00635300595735,0.00317146323076
2411,1.00586764564,0.00585049804797,0.00292097465194
2412,1.0080244931,0.00799246806851,0.00398825971698
2413,1.00649003121,0.00646906164084,0.0032293053611
2414,1.00714697724,0.00712155863751,0.00355444726199
2415,1.00850424843,0.00846829102384,0.00422519415605
2416,1.00854883696,0.0085125025848,0.00424720629202
2417,1.00684589153,0.00682256481115,0.00340547059221
2418,1.0052951533,0.00528118326584,0.0026371083375
2419,1.00923015457,0.00918781701211,0.00458337264814
2420,1.0089435367,0.00890378014106,0.00444199509715
2421,1.00602893585,0.00601083453851,0.0030009055238
2422,1.00923981498,0.00919738902653,0.0045881367079
2423,1.00820666973,0.00817317813228,0.00407825032391
2424,1.00779579607,0.00776556586154,0.0038752546758
2425,1.00804547524,0.00801328295573,0.00399862559906
2426,1.00827183239,0.00823780828823,0.00411043309292
2427,1.00882862574,0.00878988130179,0.00438529703211
2428,1.00529967653,0.00528568266036,0.00263935209954
2429,1.00872265404,0.00868483147574,0.00433300108303
2430,1.00736796612,0.00734095525429,0.00366374965828
2431,1.00976090663,0.00971357671972,0.00484501323408
2432,1.00781307773,0.00778271369249,0.00388379532856
2433,1.00610394506,0.00608539144714,0.00303807141625
2434,1.00907335155,0.00903243600367,0.00450603522429
2435,1.00829901505,0.00826476757166,0.00412385723699
2436,1.00637013615,0.00634993258722,0.00316993141806
2437,1.00833029263,0.00829578723531,0.0041393029887
2438,1.00665167042,0.00662964567469,0.00330933487767
2439,1.00548084161,0.0054658764563,0.00272920715218
2440,1.00795583733,0.00792435651663,0.00395433918672
2441,1.00566474498,0.00564876064653,0.00282039551358
2442,1.00867055244,0.00863317908145,0.00430728645877
2443,1.00846011604,0.00842452983062,0.00420340577084
2444,1.00768580183,0.00765641652068,0.00382089001267
2445,1.0095546544,0.00950929737263,0.00474336323745
2446,1.0068892208,0.00686559855061,0.00342691395617
2447,1.0086712008,0.00863382186295,0.00430760646515
2448,1.00746618362,0.00743844962751,0.00371231706363
2449,1.0069150321,0.00689123291276,0.00343968713201
2450,1.00889050555,0.00885121769805,0.00441583027289
2451,1.00587327617,0.00585609572484,0.00292376531113
2452,1.00405419791,0.00404600179599,0.00202095601085
2453,1.00820139443,0.00816794575761,0.00407564480264
2454,1.01141298509,0.0113483483115,0.00565810643429
2455,1.00591906649,0.00590161763751,0.0029464594615
2456,1.00861409867,0.00857720902052,0.00427942157795
2457,1.00742788863,0.00740043771768,0.0036933814849
2458,1.00859144685,0.00855475040903,0.00426824026436
2459,1.00703860734,0.00701395196488,0.00350083372452
2460,1.00810151207,0.00806887099649,0.00402630809685
2461,1.00835722958,0.00832250129135,0.0041526046391
2462,1.00538312183,0.00536868461828,0.00268074268392
2463,1.00721101287,0.00718513782786,0.00358612335924
2464,1.00916714117,0.00912537797477,0.00455229573506
2465,1.0073802919,0.00735319081049,0.00366984500372
2466,1.00699613573,0.00697177632522,0.00347981950807
2467,1.00789400948,0.00786301479075,0.00392378913828
2468,1.00628708889,0.00626740759185,0.00312879887105
2469,1.00962977457,0.00958370381776,0.00478038930287
2470,1.00921833823,0.00917610867335,0.00457754529354
2471,1.00787694155,0.00784608040218,0.00391535513178
2472,1.00662887523,0.00660700085079,0.00329804987149
2473,1.00576251761,0.00574597782026,0.00286886582696
2474,1.0062659879,0.00624643822444,0.00311834693702
2475,1.0060569279,0.00603865845071,0.00301477563495
2476,1.00841822902,0.00838299333717,0.00418272460673
2477,1.00655812061,0.00653670970089,0.00326301959282
2478,1.00735901164,0.00733206622391,0.00365932141684
2479,1.00745307929,0.00742544233417,0.00370583753948
2480,1.00505357014,0.00504084371099,0.00251724825916
2481,1.00644621147,0.00642552350734,0.00320760635713
2482,1.00650071397,0.00647967545313,0.00323459511558
2483,1.00931524364,0.00927212432465,0.00462533221411
2484,1.00634304724,0.00632301478201,0.00315651508896
2485,1.0063579166,0.00633779030887,0.00316387950561
2486,1.0081336435,0.00810074370272,0.00404218015882
2487,1.00712836498,0.00710307828242,0.00354523988563
2488,1.00562437472,0.0056086169846,0.00280038009225
2489,1.00864707693,0.00860990509069,0.00429569951984
2490,1.00634304781,0.00632301535088,0.0031565153725
2491,1.00777762056,0.00774753078954,0.00386627204455
2492,1.00909398259,0.00905288132855,0.00451621177105
2493,1.0103032435,0.0102505268749,0.00511215168475
2494,1.00591495314,0.00589752848401,0.00294442090693
2495,1.00412843036,0.0041199317715,0.00205784561217
2496,1.00694790381,0.00692387834986,0.00345595357276
2497,1.00894214189,0.00890239769572,0.00444130694466
2498,1.00666778899,0.00664565760941,0.00331731431866
2499,1.00679007893,0.00676713016956,0.00337784727911
2500,1.00823264683,0.00819894344921,0.00409108036103
2501,1.00762681025,0.00759787317611,0.00379172975744
2502,1.00935182075,0.0093083632014,0.00464336768067
2503,1.00908573985,0.00904471283386,0.00451214596072
2504,1.0069260132,0.00690213854516,0.00344512117742
2505,1.00660228662,0.00658058698061,0.0032848864066
2506,1.00894850181,0.00890870122414,0.00444444470597
2507,1.00533715223,0.00532296011211,0.00265794145801
2508,1.00557804603,0.00556254634235,0.0027774090142
2509,1.00618332412,0.00616428580835,0.00307739797783
2510,1.00974246402,0.00969531221542,0.00483592518632
2511,1.00773276338,0.00770301880318,0.00384410185239
2512,1.00953155546,0.00948641678268,0.00473197714282
2513,1.00842249686,0.00838722554072,0.0041848318552
2514,1.00837195091,0.0083371005009,0.00415987390497
2515,1.00993702148,0.0098879739351,0.0049317855801
2516,1.00949917376,0.00945434030789,0.00471601466999
2517,1.00822734597,0.00819368585767,0.00408846231644
2518,1.00692570107,0.0069018285624,0.00344496671998
2519,1.00811999415,0.00808720438328,0.00403543784047
2520,1.00868591513,0.00864840959124,0.00431486888371
2521,1.00833127363,0.00829676012809,0.00413978742142
2522,1.00927496706,0.0092322186748,0.00460547147949
2523,1.00628218167,0.00626253102506,0.00312636821359
2524,1.00898117248,0.00894108161458,0.00446056281428
2525,1.00688763932,0.00686402789124,0.00342613131743
2526,1.01043718434,0.0103830929793,0.00517809370249
2527,1.0067017751,0.00667941803328,0.00333413839163
2528,1.01005464295,0.0100044313238,0.00498972541612
2529,1.00681054612,0.00678745911297,0.0033879773653
2530,1.00715096519,0.00712551827939,0.00355642004381
2531,1.01133956632,0.011275755379,0.00562201468231
2532,1.00539261469,0.00537812660956,0.00268545101267
2533,1.00764470501,0.00761563232517,0.00380057562375
2534,1.00865106791,0.00861386185361,0.00429766940082
2535,1.00621401858,0.00619479117602,0.00309260360712
2536,1.00370751547,0.00370065957197,0.00184861898117
2537,1.00814601127,0.00811301161181,0.00404828930009
2538,1.00804680068,0.00801459781999,0.00399928040215
2539,1.01002612073,0.00997619262399,0.00497567641871
2540,1.00916289579,0.00912117114663,0.00455020189414
2541,1.00856937269,0.00853286403992,0.00425734372832
2542,1.00962494285,0.00957891817858,0.00477800791904
2543,1.00764832383,0.00761922369006,0.00380236447996
2544,1.00820511525,0.00817163629568,0.00407748254932
2545,1.00689922263,0.00687553189407,0.00343186359525
2546,1.00821823963,0.00818465377964,0.00408396473092
2547,1.00566865447,0.00565264811133,0.002822333762
2548,1.00987978823,0.0098313022183,0.00490358906859
2549,1.010914412,0.0108552796827,0.00541293681717
2550,1.00702959187,0.00700499947633,0.00349637314085
2551,1.00671682856,0.00669437117375,0.00334159000609
2552,1.00585450293,0.00583743192128,0.00291446065023
2553,1.00792866711,0.00789740038478,0.00394091432717
2554,1.00652776469,0.00650655110327,0.00324798938473
2555,1.00940061304,0.00935670225855,0.00466742469051
2556,1.00655427734,0.00653289146273,0.00326111670141
2557,1.00529488062,0.00528091202849,0.00263697307645
2558,1.00683280077,0.0068095629789,0.0033989917937
2559,1.00758808767,0.00755944294846,0.00377258731822
2560,1.00737119697,0.0073441624704,0.00366534738983
2561,1.00759670571,0.00756799605174,0.00377684772709
2562,1.00586330334,0.00584618106826,0.00291882246466
2563,1.00707518765,0.0070502759426,0.00351893196692
2564,1.00616385384,0.00614493499563,0.00306775229989
2565,1.00807869771,0.00804623972635,0.00401503795825
2566,1.00709040521,0.00706538647697,0.0035264606192
2567,1.00575263375,0.00573615054078,0.00286396627175
2568,1.00379271829,0.00378554406619,0.00189098186974
2569,1.00680722928,0.0067841647077,0.003386335742
2570,1.00606321202,0.00604490471215,0.00301788934527
2571,1.00841220145,0.00837701607417,0.0041797484714
2572,1.00634107655,0.00632105651447,0.00315553904537
2573,1.00756604005,0.00753756112903,0.00376168762442
2574,1.00635908499,0.00633895132039,0.00316445817455
2575,1.00842435312,0.00838906630098,0.00418574838327
2576,1.00936570901,0.00932212269481,0.00465021545862
2577,1.0100740793,0.010023674002,0.00499929870133
2578,1.00588284469,0.0058656083227,0.00292850769249
2579,1.00743710574,0.00740958682854,0.00369793913432
2580,1.00946697002,0.00942243908368,0.00470013915459
2581,1.00733025842,0.0073035226461,0.00364510175153
2582,1.00919377013,0.00915176468845,0.0045654289452
2583,1.00727646657,0.00725012081694,0.00361849780932
2584,1.00937861141,0.00933490528618,0.00465657701308
2585,1.01003545582,0.00998543500558,0.00498027460533
2586,1.0089203578,0.00888080643773,0.00443055920435
2587,1.00654348933,0.00652217364355,0.00325577525354
2588,1.00575483716,0.00573834134331,0.00286505853523
2589,1.00688584263,0.0068622434919,0.00342524217417
2590,1.01093690385,0.0108775284441,0.00542400092076
2591,1.00696215379,0.00693802989982,0.00346300486924
2592,1.01183491751,0.0117654325665,0.00586544698788
2593,1.00793266352,0.00790136535004,0.00394288899505
2594,1.00632000226,0.00630011479119,0.0031451011703
2595,1.00705797287,0.00703318195957,0.00351041501529
2596,1.00718581597,0.00716012101858,0.00357365973333
2597,1.01018949548,0.010137932546,0.00505614074333
2598,1.00687312416,0.00684961191382,0.00341894799835
2599,1.00852080126,0.00848470413492,0.00423336600377
2600,1.00833570953,0.00830115936726,0.00414197793264
2601,1.00837578544,0.00834090318841,0.00416176733757
2602,1.00787173198,0.00784091153333,0.003912780813
2603,1.00482907254,0.00481744997648,0.00240582633802
2604,1.00674981709,0.00672713906704,0.00335791907053
2605,1.0078924134,0.00786143121727,0.00392300045803
2606,1.00684376528,0.00682045302146,0.00340441829262
2607,1.00857347441,0.00853693089579,0.0042593684972
2608,1.00760921343,0.00758040938651,0.00378303093365
2609,1.00732945871,0.00730272875844,0.00364470625452
2610,1.00753399754,0.00750575872329,0.00374584611096
2611,1.00823118384,0.00819749240019,0.00409035780444
2612,1.00620532552,0.00618615176361,0.00308829725076
2613,1.00911202593,0.00907076189712,0.00452511163933
2614,1.01031343128,0.0102606107137,0.00511716781647
2615,1.0073556255,0.00732870482268,0.00365764686504
2616,1.00771408117,0.00768447978379,0.00383486793284
2617,1.00615889815,0.00614000965185,0.00306529717984
2618,1.006286236,0.00626656003697,0.00312837641944
2619,1.00859683293,0.00856009059465,0.00427089895702
2620,1.0064297753,0.00640919247863,0.0031994670013
2621,1.00751062449,0.007482560183,0.00373429022287
2622,1.00661138487,0.00658962552226,0.00328939082196
2623,1.00617994825,0.00616093067789,0.00307572557374
2624,1.00713483778,0.00710950524657,0.00354844197
2625,1.00883968538,0.00880084409168,0.00439075437456
2626,1.0080029365,0.007971082842,0.0039776096917
2627,1.00817610757,0.00814286427926,0.00406315509675
2628,1.00709161432,0.00706658708018,0.00352705880368
2629,1.00513539101,0.00512224985749,0.00255784804639
2630,1.00664427607,0.0066223001578,0.00330567426689
2631,1.00812705056,0.00809420393196,0.00403892348559
2632,1.00567229871,0.00565627179885,0.0028241404905
2633,1.00855420187,0.00851782200824,0.00424985470387
2634,1.00894691525,0.00890712873801,0.00444366195701
2635,1.00797051278,0.00793891602624,0.00396159012851
2636,1.00760851846,0.00757971967164,0.00378268738076
2637,1.00694968947,0.00692565168727,0.00345683717679
2638,1.00809034938,0.00805779795151,0.00402079385084
2639,1.00834205683,0.00830745417749,0.00414511229634
2640,1.00855302849,0.00851665857819,0.00424927546088
2641,1.00797454126,0.00794291264127,0.00396358051757
2642,1.0066375453,0.00661561379096,0.00330234212938
2643,1.0044118214,0.00440211784978,0.00219863837095
2644,1.00932613815,0.00928291822864,0.00463070418891
2645,1.00670971556,0.00668730560318,0.0033380690197
2646,1.00742288627,0.00739547222242,0.00369090790393
2647,1.00829410584,0.00825989875504,0.00412143286488
2648,1.00835371311,0.00831901396263,0.00415086821397
2649,1.00837234129,0.0083374876409,0.00416006666972
2650,1.00709150384,0.00706647737797,0.00352700414604
2651,1.00774187605,0.00771206151245,0.00384860581629
2652,1.00648930654,0.00646834163646,0.0032289465214
2653,1.00847554125,0.00843982551957,0.0042110214392
2654,1.00546108585,0.00544622819141,0.0027194097837
2655,1.00808847887,0.00805594245237,0.00401986983113
2656,1.00624960376,0.00623015596677,0.00311023116201
2657,1.00854038947,0.00850412666225,0.00424303610914
2658,1.00470842156,0.00469737161721,0.00234592980417
2659,1.0057724739,0.00575587701097,0.00287380121038
2660,1.00711341095,0.00708822998545,0.00353784203007
2661,1.01069412365,0.0106373459469,0.00530455387507
2662,1.00875920554,0.00872106625194,0.00435103980506
2663,1.00896214065,0.00892221900828,0.00445117353577
2664,1.01005425982,0.0100040520005,0.00498953670083
2665,1.00870919079,0.00867148455292,0.00432635651556
2666,1.00645165256,0.00643092973158,0.00321030079508
2667,1.00742447246,0.0073970467239,0.00369169224869
2668,1.00641337659,0.00639289840242,0.00319134599629
2669,1.00964614687,0.00959991983422,0.00478845851895
2670,1.00771236825,0.00768277996923,0.00383402128448
2671,1.00828357289,0.00824945239661,0.00411623119906
2672,1.005492296,0.00547726834014,0.00273488753252
2673,1.00621874236,0.00619948577069,0.00309494364245
2674,1.0124460551,0.0123692396615,0.0061655344351
2675,1.00657913178,0.00655758375451,0.00327342250912
2676,1.00740551367,0.00737822748119,0.00368231732066
2677,1.0097180388,0.00967112237134,0.00482388868163
2678,1.00737649029,0.007349417039,0.00366796504078
2679,1.0065448306,0.0065235061854,0.00325643935502
2680,1.00855566349,0.00851927122703,0.00425057623352
2681,1.00801939468,0.00798741022247,0.00398574087678
2682,1.00842218649,0.00838691776952,0.00418467861357
2683,1.00961524461,0.00956931234386,0.00477322793858
2684,1.00712730965,0.00710203042467,0.00354471781407
2685,1.00709309061,0.00706805296704,0.00352778916171
2686,1.00840560738,0.00837047699065,0.00417649259018
2687,1.00743056711,0.00740309644689,0.00369470593877
2688,1.00484867648,0.00483695950723,0.00241555758767
2689,1.00844330067,0.00840785538367,0.00419510355749
2690,1.00647132778,0.00645047863821,0.00322004382185
2691,1.00838157965,0.00834664925381,0.00416462840927
2692,1.00959051236,0.00954481533982,0.00476103782679
2693,1.00850018581,0.00846426265759,0.00422318848122
2694,1.0093228395,0.00927965005828,0.00462907766937
2695,1.00807784801,0.00804539683166,0.00401461820294
2696,1.00873089908,0.00869300518751,0.00433707022225
2697,1.00840333653,0.00836822506637,0.00417537132998
2698,1.00932915668,0.00928590886942,0.0046321925838
2699,1.0048331077,0.00482146573521,0.00240782938477
2700,1.00689987884,0.00687618360688,0.00343218833331
2701,1.00379720767,0.00379001647541,0.00189321384324
2702,1.00727296991,0.00724664940389,0.00361676838194
2703,1.00488554286,0.00487364732549,0.00243385701818
2704,1.00791082799,0.00787970144083,0.0039320996912
2705,1.00748147912,0.00745363165738,0.0037198798696
2706,1.00877941883,0.00874110382302,0.00436101494849
2707,1.01070408925,0.0106472060454,0.0053094577605
2708,1.00848019882,0.00844444393051,0.0042133209179
2709,1.00793145731,0.00790016863498,0.0039422929966
2710,1.00736595162,0.0073389554816,0.00366275343477
2711,1.00835640752,0.00832168604862,0.00415219871034
2712,1.00716081046,0.00713529359813,0.00356129030871
2713,1.00606092119,0.00604262769043,0.00301675426966
2714,1.00626427308,0.00624473407963,0.00311749752131
2715,1.00750852927,0.00748048058348,0.00373325430549
2716,1.00663045812,0.00660857331439,0.00329883350995
2717,1.0055061918,0.00549108814485,0.00274177851326
2718,1.0072424346,0.00721633411713,0.00360166544579
2719,1.00562596224,0.00561019561684,0.00280116719767
2720,1.0066655954,0.00664347854629,0.00331622840083
2721,1.00785908068,0.00782835896235,0.00390652906562
2722,1.01031735608,0.0102644954346,0.00511910023563
2723,1.00671673688,0.0066942801001,0.00334154462143
2724,1.00710407949,0.00707896439003,0.00353322561177
2725,1.00716539009,0.00713984066096,0.00356355574084
2726,1.00829901991,0.00826477239425,0.00412385963834
2727,1.00811425258,0.00808150904382,0.00403260165829
2728,1.00592552235,0.00590803548856,0.00294965892693
2729,1.00849867738,0.00846276694201,0.00422244378149
2730,1.00826454868,0.00823058430623,0.00410683594227
2731,1.00562995502,0.00561416606103,0.00280314685686
2732,1.00670237831,0.00668001723633,0.0033344369942
2733,1.00853722377,0.00850098776973,0.00424147332088
2734,1.00811055109,0.00807783733604,0.00403077320599
2735,1.00599328548,0.00597539717724,0.00298323985874
2736,1.01035119709,0.0102979902988,0.00513576179644
2737,1.00978775709,0.00974016727496,0.00485824400795
2738,1.00866710472,0.00862976098482,0.00430558477036
2739,1.00726648791,0.00724021418752,0.00361356240595
2740,1.01067326118,0.0106167040054,0.0052942875995
2741,1.00811840565,0.00808562867503,0.00403465316537
2742,1.00930564637,0.00926261558797,0.00462059982506
2743,1.00884588731,0.00880699165813,0.00439381465685
2744,1.00877576237,0.00873747918345,0.00435921053063
2745,1.00982315108,0.00977521758211,0.00487568386724
2746,1.00805147385,0.00801923367168,0.00400158905528
2747,1.00738738525,0.00736023216682,0.00367335275537
2748,1.00838867736,0.00835368794382,0.00416813309134
2749,1.00854722782,0.00851090708402,0.00424641192952
2750,1.00868591608,0.00864841053113,0.00431486935163
2751,1.00912187218,0.00908051918885,0.00452996819693
2752,1.00808841447,0.00805587857218,0.00401983801943
2753,1.00763593984,0.00760693362009,0.00379624279183
2754,1.00671189117,0.00668946671234,0.00333914596674
2755,1.00885866253,0.00881965477727,0.00440011837677
2756,1.0053815762,0.00536714726169,0.00267997606596
2757,1.00664745762,0.00662546070179,0.00330724931377
2758,1.0102084481,0.0101566938124,0.00506547390295
2759,1.00868232995,0.00864485527972,0.00431309939457
2760,1.00569862951,0.00568245374713,0.00283719440844
2761,1.00759981358,0.00757108047985,0.00377838411525
2762,1.00706297865,0.00703815264147,0.00351289162859
2763,1.00667319686,0.00665102964875,0.00331999142436
2764,1.00644073171,0.00642007882632,0.00320489274512
2765,1.0075744675,0.00754592525608,0.00376585394762
2766,1.00971559925,0.00966870629902,0.00482268647217
2767,1.00772215876,0.00769249550147,0.00383886041406
2768,1.00677594361,0.00675309008146,0.00337085092314
2769,1.00886289213,0.00882384722907,0.00440220537684
2770,1.00884898681,0.00881006397276,0.0043953440634
2771,1.00639703437,0.00637666019397,0.00318325277008
2772,1.0082509951,0.00821714172506,0.00410014223242
2773,1.00933182856,0.00928855604862,0.00463351004141
2774,1.0095010243,0.00945617343188,0.00471692690905
2775,1.00836330452,0.00832852585987,0.00415560441001
2776,1.00679461758,0.00677163819963,0.0033800936779
2777,1.00606299649,0.00604469048673,0.00301778255581
2778,1.00690398272,0.00688025936065,0.00343421921375
2779,1.00810059468,0.00806796097725,0.00402585491914
2780,1.00619566419,0.00617654996927,0.0030835111687
2781,1.00924760616,0.00920510884668,0.00459197890076
2782,1.01024932211,0.0101971539606,0.00508560129854
2783,1.00656886576,0.00654738478443,0.00326833970389
2784,1.00803133577,0.00799925623695,0.00399164025897
2785,1.01000343169,0.00995372856218,0.00496450021199
2786,1.0091604603,0.00911875776618,0.00454900069388
2787,1.00851930856,0.0084832240505,0.00423262909416
2788,1.00891016627,0.00887070496628,0.00442553083351
2789,1.00763748835,0.00760847039525,0.00379700826213
2790,1.00580475424,0.0057879715715,0.00288980224556
2791,1.00907676124,0.00903581502948,0.00450771712278
2792,1.00830054114,0.00826628110697,0.00412461088355
2793,1.01003184926,0.00998186427685,0.00497849813098
2794,1.00881992514,0.00878125680201,0.00438100368346
2795,1.00627025849,0.00625068221157,0.00312046231122
2796,1.00893111689,0.0088914703492,0.00443586752239
2797,1.00882282064,0.00878412698533,0.00438243248696
2798,1.00834489383,0.00831026770652,0.00414651322867
2799,1.01036290084,0.0103095740792,0.00514152392416
2800,1.00751309519,0.00748501246571,0.00373551178471
2801,1.00747402527,0.00744623313696,0.00371619436338
2802,1.00790044944,0.00786940429382,0.0039269713492
2803,1.00638684434,0.00636653487656,0.00317820621432
2804,1.00980428492,0.00975653476497,0.00486638796101
2805,1.00850054749,0.00846462129245,0.00422336704134
2806,1.00850522586,0.00846926021804,0.00422567670552
2807,1.00532341093,0.00530929165963,0.00265112537345
2808,1.00797593969,0.00794430001173,0.00396427145308
2809,1.00893490244,0.00889522238639,0.00443773521746
2810,1.00796214483,0.00793061420747,0.00395745565475
2811,1.00693476736,0.00691083245278,0.00344945314603
2812,1.0068135569,0.0067904495271,0.00338946750552
2813,1.00686828786,0.00684480861998,0.00341655455967
2814,1.00756011058,0.00753167616143,0.00375875620501
2815,1.00752279381,0.0074946387084,0.00374030691505
2816,1.00705372669,0.00702896552764,0.00350831419783
2817,1.00841479163,0.00837958464026,0.00418102738564
2818,1.00762024583,0.00759135842023,0.00378848472531
2819,1.00751237089,0.00748429356063,0.00373515367485
2820,1.00829423146,0.00826002334061,0.00412149490092
2821,1.00869044199,0.00865289745734,0.00431710313198
2822,1.00742779115,0.00740034095299,0.00369333328124
2823,1.01095164406,0.0108921090832,0.00543125167117
2824,1.0071097445,0.00708458943052,0.00353602819081
2825,1.00419447768,0.00418570537783,0.00209066419972
2826,1.00822025072,0.0081866484836,0.00408495800925
2827,1.00921575288,0.00917354693651,0.00457627028754
2828,1.0059536144,0.00593596166631,0.00296358073226
2829,1.00569652168,0.00568035785994,0.00283614943752
2830,1.00935206682,0.00930860699288,0.00464348901039
2831,1.00735569838,0.0073287771678,0.00365768290529
2832,1.00726325703,0.00723700661436,0.00361196441347
2833,1.00723426386,0.00720822209011,0.00359762403249
2834,1.00663762411,0.00661569208141,0.00330238114533
2835,1.00870567715,0.00866800125135,0.00432462239827
2836,1.00956046336,0.00951505134355,0.0047462265722
2837,1.00747450197,0.00744670630368,0.00371643006752
2838,1.0068640408,0.0068405905155,0.0034144527109
2839,1.00381332951,0.00380607719877,0.00190122896954
2840,1.00941056889,0.00936656533891,0.00467233320099
2841,1.00968642382,0.00963981118652,0.00480830848809
2842,1.00629687272,0.00627713025393,0.00313364498018
2843,1.00811878927,0.00808600920403,0.0040348426622
2844,1.00656349371,0.00654204777701,0.00326567991821
2845,1.00615449943,0.00613563784672,0.00306311797533
2846,1.00641689416,0.00639639355286,0.00319308799287
2847,1.00689495252,0.00687129103936,0.00342975044267
2848,1.00712423257,0.00709897511393,0.00354319557265
2849,1.00803482698,0.0080027196266,0.00399336504
2850,1.0040528202,0.0040446296467,0.0020202713225
2851,1.0081867466,0.00815341697162,0.00406840999045
2852,1.01026362237,0.0102113090432,0.00509264282139
2853,1.00844542439,0.00840996131879,0.00419615210719
2854,1.00692518373,0.00690131478238,0.00344471071492
2855,1.00662401376,0.00660217138692,0.00329564310055
2856,1.00835231103,0.00831762349807,0.00415017586727
2857,1.01205127136,0.0119792329764,0.0059717144952
2858,1.00791391716,0.00788276635604,0.00393362612186
2859,1.00875529735,0.0087171919905,0.004349111101
2860,1.00726476321,0.00723850192974,0.00361270937037
2861,1.00827500058,0.00824095047321,0.0041119977263
2862,1.00818227061,0.00814897731722,0.00406619919197
2863,1.00583481518,0.00581785857289,0.00290470245117
2864,1.00463297756,0.00462227835782,0.00230847055301
2865,1.00813474411,0.00810183543259,0.00404272381713
2866,1.00838910894,0.00835411593217,0.00416834619354
2867,1.0076826147,0.00765325369581,0.00381931464139
2868,1.00898961933,0.00894945323643,0.00446472994541
2869,1.00620839968,0.00618920696703,0.00308982013362
2870,1.00970559559,0.00965879884678,0.00481775662411
2871,1.00844435289,0.00840889879157,0.0041956230727
2872,1.00551919485,0.00550401990104,0.0027482266425
2873,1.0078855794,0.00785465070301,0.00391962349516
2874,1.0073485157,0.00732164690551,0.00365413080793
2875,1.01021620201,0.0101643693434,0.00506929222103
2876,1.00698835056,0.00696404520665,0.00347596739278
2877,1.00641305628,0.00639258013362,0.00319118736973
2878,1.00618292336,0.00616388751251,0.00307719944275
2879,1.00913693697,0.00909544768879,0.00453739860636
2880,1.00979371357,0.00974606600679,0.0048611790408
2881,1.00916166126,0.00911994782639,0.00454959301702
2882,1.0087114265,0.00867370096477,0.00432745992638
2883,1.00989360181,0.00984498056554,0.00491039468244
2884,1.00703045842,0.00700585996839,0.00349680188248
2885,1.01133592458,0.0112721544649,0.00562022434585
2886,1.00541054082,0.00539595642561,0.00269434194052
2887,1.00835009339,0.00831542422398,0.00414908079331
2888,1.00758759207,0.00755895108297,0.00377234231325
2889,1.00399641519,0.00398845073443,0.00199223822097
2890,1.00576390044,0.00574735272519,0.00286955130698
2891,1.00793314979,0.00790184779856,0.00394312926816
2892,1.00783892326,0.00780835852556,0.00389656786357
2893,1.0074656672,0.00743793703871,0.00371206172064
2894,1.00626683025,0.00624727532038,0.00311876417972
2895,1.00746697979,0.007439239897,0.00371271073143
2896,1.00683850596,0.00681522943441,0.00340181538734
2897,1.00664135973,0.00661940306555,0.00330423050814
2898,1.0085663754,0.00852989221167,0.00425586413914
2899,1.00738834802,0.00736118787654,0.00367382885479
2900,1.00707526483,0.00705035258458,0.00351897015307
2901,1.00688763194,0.00686402056228,0.00342612766551
2902,1.00536576528,0.00535142085158,0.00267213390327
2903,1.00847445978,0.00843875312953,0.00421048750197
2904,1.00714960898,0.00712417169542,0.00355574914611
2905,1.00934681141,0.00930340025979,0.00464089772918
2906,1.00529215806,0.00527820380694,0.00263562253552
2907,1.00551669383,0.00550153261121,0.00274698641463
2908,1.00930046279,0.00925747978512,0.00461804378559
2909,1.00806346895,0.00803113289397,0.0040075148409
2910,1.00908741116,0.00904636909558,0.0045129703546
2911,1.00997599268,0.00992656095137,0.00495098375159
2912,1.00811708726,0.00808432089558,0.00403400191365
2913,1.00812761085,0.0080947597011,0.00403920024776
2914,1.00837708557,0.00834219251798,0.00416240931921
2915,1.0068712052,0.00684770605126,0.00341799832464
2916,1.00525589456,0.00524213055808,0.00261763328659
2917,1.00811101765,0.00807830014301,0.00403100367671
2918,1.00759205862,0.00756338398329,0.00377455039976
2919,1.01016652067,0.010115189216,0.00504482651075
2920,1.00807449906,0.00804207471462,0.00401296381156
2921,1.00660933446,0.00658758857613,0.00328837569853
2922,1.00663913144,0.00661718947049,0.00330312736712
2923,1.00632327955,0.00630337149616,0.00314672440013
2924,1.00883223961,0.00879346353234,0.00438708029122
2925,1.00757897452,0.00755039838311,0.00376808208607
2926,1.00618639229,0.00616733512124,0.00307891794115
2927,1.0077460739,0.00771622709962,0.00385068059186
2928,1.00812071476,0.00808791918195,0.00403579379748
2929,1.00884057602,0.00880172692797,0.00439119385445
2930,1.00801729026,0.00798532253872,0.00398470119484
2931,1.00779635548,0.00776612094761,0.00387553114325
2932,1.0084654472,0.00842981624413,0.00420603786365
2933,1.00904039002,0.00899977032526,0.00448977584866
2934,1.00773029586,0.00770057022111,0.0038428822669
2935,1.00507242543,0.00505960401795,0.00252660475658
2936,1.01123550913,0.0111728596231,0.00557085472906
2937,1.00842171815,0.0083864533418,0.00418444737143
2938,1.00743130965,0.00740383350382,0.00369507310557
2939,1.0076367027,0.00760769069444,0.00379661989192
2940,1.00876281976,0.00872464908402,0.00435282342498
2941,1.00679602811,0.00677303920538,0.00338079181276
2942,1.00809637624,0.008063776428,0.00402377106552
2943,1.00882160105,0.00878291805922,0.00438183067274
2944,1.00638288743,0.00636260307689,0.0031762465606
2945,1.00607030824,0.00605195814668,0.00302140541309
2946,1.005476543,0.00546160126212,0.00272707538676
2947,1.00867372645,0.00863632579663,0.00430885303822
2948,1.0084058894,0.00837075665871,0.00417663184019
2949,1.00793056812,0.00789928644103,0.00394185363846
2950,1.00824111111,0.00820733858015,0.00409526074515
2951,1.00856074327,0.00852430790692,0.00425308386591
2952,1.00787581101,0.00784495869889,0.00391479647591
2953,1.00943556571,0.00939132880544,0.00468465700638
2954,1.00688520801,0.00686161321113,0.00342492811316
2955,1.00639897997,0.00637859341671,0.00318421630402
2956,1.00776360601,0.00773362429844,0.00385934565806
2957,1.00644093138,0.00642027722195,0.00320499162501
2958,1.0092359577,0.00919356705334,0.00458623448735
2959,1.01183150148,0.0117620564893,0.00586376884896
2960,1.00757185554,0.00754333293306,0.00376456266642
2961,1.00760935522,0.00758055011357,0.00378310103099
2962,1.00945404508,0.00940963528261,0.00469376732349
2963,1.00669755179,0.00667522282947,0.00333204778123
2964,1.00760173523,0.0075729876401,0.00377933409193
2965,1.00820816245,0.00817465869817,0.00407898758752
2966,1.00897057432,0.00893057773917,0.00445533428945
2967,1.00846836332,0.00843270788091,0.00420747759983
2968,1.00780624335,0.00777593227256,0.00388041778169
2969,1.00880897213,0.00877039949578,0.00437559879863
2970,1.00605926962,0.00604098606957,0.00301593593508
2971,1.00734080449,0.00731399192033,0.0036503172942
2972,1.0090082165,0.00896788454884,0.00447390441393
2973,1.00608458445,0.00606614811684,0.00302847893625
2974,1.00751965629,0.00749152460978,0.00373875568837
2975,1.00852823354,0.00849207359775,0.0042370351296
2976,1.00845578314,0.0084202332646,0.00420126651564
2977,1.00640092507,0.00638052614643,0.00318517959129
2978,1.00775156685,0.00772167781301,0.00385339545039
2979,1.009025684,0.00898519595525,0.00448252135505
2980,1.00638615331,0.00636584823845,0.00317786398635
2981,1.00682431059,0.00680113038534,0.00339478981922
2982,1.00697605007,0.00695183001127,0.00346988100632
2983,1.00818362541,0.00815032112288,0.00406686836248
2984,1.00718378858,0.0071581080839,0.00357265686226
2985,1.00975743519,0.00971013882751,0.00484330261483
2986,1.00702734656,0.00700276983115,0.00349526221547
2987,1.01050355253,0.0104487734741,0.00521076336357
2988,1.00806432347,0.00803198057695,0.00400793698375
2989,1.00806196322,0.00802963920835,0.00400677099079
2990,1.00834686848,0.00831222601141,0.00414748832057
2991,1.00725789453,0.00723168276862,0.00360931210184
2992,1.00907125838,0.00903036165555,0.00450500272324
2993,1.00938138089,0.00933764903546,0.00465794249854
2994,1.00988014812,0.00983165858848,0.00490376637992
2995,1.0069349325,0.00691099645602,0.00344953486478
2996,1.00936473447,0.00932115719638,0.00464973495418
2997,1.00778496654,0.00775482004332,0.00386990257371
2998,1.00531625762,0.00530217620776,0.00264757707318
2999,1.00744281151,0.00741525045586,0.00370076047212
3000,1.00860167103,0.00856488744052,0.00427328713367
3001,1.00701231977,0.006987847795,0.00348782724788
3002,1.00877362295,0.00873535836572,0.00435815474375
3003,1.00729969947,0.00727318561416,0.00362998841172
3004,1.0067676993,0.00674490122083,0.00336677028619
3005,1.00614246744,0.00612367938223,0.00305715704036
3006,1.00719963963,0.0071738459534,0.00358049765315
3007,1.00781225352,0.00778189587077,0.00388338800574
3008,1.00887120778,0.00883208979613,0.00440630850917
3009,1.00828488895,0.00825075764128,0.00411688113484
3010,1.00736572591,0.00733873143064,0.0036626418196
3011,1.00881982926,0.00878116176432,0.0043809563728
3012,1.01114543144,0.0110837787908,0.00552656145469
3013,1.0054701931,0.00545528593674,0.00272392633028
3014,1.00584698341,0.00582995614691,0.00291073365
3015,1.00677951727,0.00675663968639,0.00337261974144
3016,1.00831102675,0.00827668034134,0.00412978904088
3017,1.00707606287,0.00705114501031,0.00351936497159
3018,1.0073047298,0.00727817947327,0.00363247627434
3019,1.00867828446,0.00864084460162,0.00431110270275
3020,1.00633890483,0.00631889847154,0.00315446342822
3021,1.00715677255,0.00713128438727,0.00355929284026
3022,1.00767263095,0.00764334602007,0.00381437971156
3023,1.00582729132,0.00581037833226,0.00290097318781
3024,1.00610378021,0.00608522759485,0.00303798973899
3025,1.00877536188,0.0087370821753,0.00435901289185
3026,1.00604770885,0.00602949485921,0.00301020764182
3027,1.00493015196,0.00491803855929,0.00245599836841
3028,1.00619535589,0.00617624356738,0.00308335844014
3029,1.00928368111,0.00924085261099,0.00460976855664
3030,1.00772365827,0.00769398352113,0.00383960156747
3031,1.00680223338,0.00677920256947,0.00338386307155
3032,1.00546397248,0.00544909913168,0.00272084134918
3033,1.00785310868,0.00782243351564,0.00390357791186
3034,1.00695890073,0.0069347993315,0.00346139517752
3035,1.00905601494,0.00901525513395,0.00449748346151
3036,1.00717482863,0.00714921200819,0.00356822470586
3037,1.00677932984,0.00675645352023,0.00337252697229
3038,1.00691282095,0.00688903695354,0.00343859292851
3039,1.00921868829,0.00917645554295,0.00457771793442
3040,1.00758159881,0.00755300293008,0.00376937945163
3041,1.006587047,0.00656544720653,0.00327734135723
3042,1.00674672741,0.00672407009496,0.003356389736
3043,1.00938543386,0.00934166432186,0.00465994078825
3044,1.00957663917,0.00953107383381,0.00475419976221
3045,1.00733409692,0.00730733321358,0.0036470000885
3046,1.00732172847,0.00729505473497,0.00364088322023
3047,1.00750725321,0.00747921403186,0.00373262339366
3048,1.00709210729,0.0070670765789,0.00352730268977
3049,1.01085915464,0.0108006174187,0.00538575325538
3050,1.00737878034,0.00735169032149,0.00366909751222
3051,1.00672673066,0.00670420715975,0.00334649155312
3052,1.00625597727,0.00623648987795,0.00311338826264
3053,1.00783550896,0.00780497078091,0.0038948805901
3054,1.0065315692,0.0065103309326,0.0032498731592
3055,1.0096432899,0.00959709015653,0.004787050454
3056,1.00767361166,0.00764431925433,0.00381486447243
3057,1.0074015055,0.00737424877296,0.00368033529
3058,1.00678543989,0.00676252240725,0.00337555117747
3059,1.00735100045,0.00732411353246,0.00365535961396
3060,1.00723781012,0.00721174287708,0.00359937809119
3061,1.00811419119,0.00808144814571,0.00403257133203
3062,1.00561653956,0.00560082561158,0.00279649530757
3063,1.00723823011,0.00721215984494,0.00359958582469
3064,1.0076799411,0.0076506004764,0.00381799309755
3065,1.0103961389,0.0103424706892,0.00515788752524
3066,1.00835594455,0.00832122690927,0.00415197009386
3067,1.00712157932,0.0070963406258,0.00354188299497
3068,1.00848408639,0.00844829880074,0.00421524023026
3069,1.00881511967,0.00877649333497,0.0043786323815
3070,1.00604856095,0.00603034183402,0.00301062985435
3071,1.00800019262,0.00796836074271,0.00397625405486
3072,1.00840868845,0.00837353236647,0.00417801389655
3073,1.00841574533,0.00838053037666,0.00418149827666
3074,1.00680283023,0.00677979539155,0.00338415847953
3075,1.00688431911,0.0068607303817,0.00342448821016
3076,1.00737743359,0.00735035343265,0.00366843152017
3077,1.00611646405,0.00609783440869,0.00304427397642
3078,1.00910140239,0.00906023423034,0.00451987161158
3079,1.00834336572,0.00830875223515,0.00414575863466
3080,1.00426084502,0.00425179332207,0.00212363854319
3081,1.00576435518,0.00574780485625,0.00286977672378
3082,1.00775338353,0.00772348051933,0.00385429332987
3083,1.00891107979,0.00887161042234,0.00442598155787
3084,1.00911233702,0.00907107018021,0.00452526508335
3085,1.00582602479,0.00580911913849,0.00290034541717
3086,1.0066623956,0.00664029993125,0.00331464436256
3087,1.00913462819,0.00909315981446,0.00453625985903
3088,1.00704969957,0.00702496661168,0.00350632175258
3089,1.00859598906,0.00855925391093,0.00427048240177
3090,1.00847861585,0.00844287427071,0.00421253939443
3091,1.00619595112,0.00617683513722,0.003083653313
3092,1.00758482846,0.00755620827204,0.00377097608026
3093,1.00776288493,0.00773290877228,0.00385898927565
3094,1.00849833149,0.00846242396422,0.00422227301669
3095,1.00697561643,0.00695139937649,0.00346966643603
3096,1.00818474546,0.00815143208672,0.00406742158517
3097,1.00810881741,0.00807611760268,0.00402991680487
3098,1.00776711859,0.00773710980961,0.00386108168624
3099,1.00555602556,0.00554064778181,0.00276649008479
3100,1.00753189854,0.00750367541642,0.00374480835886
3101,1.00729662633,0.00727013473881,0.0036284685102
3102,1.00416211156,0.00415347393383,0.0020745820407
3103,1.00705928976,0.0070344896206,0.00351106655038
3104,1.00696617647,0.00694202475719,0.00346499537883
3105,1.00646378329,0.00644298263127,0.00321630788011
3106,1.00685724941,0.00683384540492,0.00341109166538
3107,1.00639779839,0.00637741935572,0.00318363114258
3108,1.00954254303,0.00949730055435,0.00473739326304
3109,1.00603630294,0.00601815744613,0.00300455598325
3110,1.00696978846,0.00694561176136,0.00346678266484
3111,1.00726708823,0.00724081018235,0.00361385932648
3112,1.00468902131,0.00467806209111,0.00233629764402
3113,1.00860429324,0.00856748727998,0.00427458149763
3114,1.00862035093,0.00858340786572,0.00428250773203
3115,1.01043751468,0.0103834199045,0.00517825631868
3116,1.00880255566,0.0087640390316,0.00437243247693
3117,1.00761235678,0.00758352899931,0.00378458483804
3118,1.00599475305,0.00597685600982,0.00298396709874
3119,1.00853183555,0.00849564514596,0.00423881333573
3120,1.0073336286,0.00730686830145,0.00364676848018
3121,1.01035161563,0.0102984045521,0.00513596785929
3122,1.00741795136,0.00739057366556,0.00368846766258
3123,1.00682221722,0.00679905120334,0.00339375375688
3124,1.00658166023,0.0065600956712,0.00327467435539
3125,1.00717539592,0.00714977525428,0.00356850532397
3126,1.01038103654,0.0103275236075,0.00515045250433
3127,1.0077737324,0.00774367262216,0.00386435041737
3128,1.00573526727,0.00571888324257,0.00285535731197
3129,1.01126263466,0.0111996834095,0.00558419181712
3130,1.00844261684,0.00840717728051,0.00419476592821
3131,1.00828055428,0.00824645857797,0.00411474045025
3132,1.00704117382,0.00701650051181,0.00350210353615
3133,1.005737868,0.0057214691349,0.00285664656547
3134,1.00735435076,0.00732743938175,0.00365701645864
3135,1.00705625592,0.00703147704322,0.00350956554924
3136,1.00775655783,0.00772663038745,0.00385586219243
3137,1.00813936722,0.00810642122748,0.0040450074424
3138,1.0095222052,0.00947715476085,0.00472736803507
3139,1.00688807987,0.00686446541967,0.00342634933211
3140,1.00922549189,0.00918319696472,0.00458107320948
3141,1.00751364342,0.00748555660744,0.00373578283922
3142,1.00760755449,0.00757876297553,0.00378221084203
3143,1.00302691289,0.00302234101416,0.00151002926387
3144,1.00858373447,0.00854710368635,0.00426443321476
3145,1.00766178413,0.0076325817305,0.00380901808189
3146,1.00886464437,0.00882558407943,0.00440306997866
3147,1.00942521312,0.00938107293208,0.00467955307924
3148,1.00722602684,0.00720004420432,0.00359354979174
3149,1.00791272134,0.00788157993281,0.00393303524355
3150,1.00910972799,0.00906848470129,0.00452397819305
3151,1.00915872965,0.00911704282509,0.0045481471236
3152,1.00734844464,0.00732157636374,0.00365409566593
3153,1.00820325234,0.00816978855258,0.00407656244441
3154,1.00610759891,0.00608902312812,0.00303988173844
3155,1.00802335256,0.00799133660483,0.00398769624126
3156,1.00838391744,0.00834896760874,0.00416578275852
3157,1.00858972667,0.00855304487426,0.00426739113643
3158,1.00596718924,0.00594945607377,0.00297030791741
3159,1.00802499024,0.00799296124245,0.00398850532046
3160,1.00613918684,0.00612041880827,0.0030555317361
3161,1.00932881284,0.00928556820295,0.00463202303957
3162,1.00990615144,0.00985740717438,0.00491657745788
3163,1.00560739643,0.00559173350699,0.00279196195799
3164,1.00829190041,0.00825771146333,0.00412034372582
3165,1.00687020916,0.00684671681478,0.00341750539689
3166,1.00994365271,0.00989453990263,0.00493505236753
3167,1.00638337444,0.00636308699387,0.00317648775054
3168,1.00539117337,0.00537669301373,0.00268473613942
3169,1.00665082612,0.00662880694889,0.00330891690249
3170,1.00682900665,0.00680579460349,0.00339711400857
3171,1.01096446669,0.0109047927214,0.00543755902625
3172,1.00684942699,0.00682607623077,0.00340722032146
3173,1.00564151504,0.00562566128831,0.00280887834263
3174,1.00557401713,0.00555853978242,0.00277541129617
3175,1.00727262254,0.00724630454909,0.00361659657816
3176,1.00644884955,0.00642814469075,0.00320891274411
3177,1.00770851268,0.00767895389817,0.00383211558174
3178,1.00790223762,0.00787117845902,0.00392785494786
3179,1.00728310208,0.00725670836428,0.00362177965907
3180,1.00947763926,0.0094330082127,0.00470539886702
3181,1.00621747794,0.00619822916589,0.00309431728442
3182,1.00842407126,0.00838878679658,0.00418560921603
3183,1.00463536756,0.00462465732638,0.00230965729069
3184,1.00954299576,0.00949774900701,0.00473761642709
3185,1.00597472775,0.00595694984251,0.00297404366538
3186,1.00801340528,0.00798146844726,0.00398278182596
3187,1.00911905876,0.00907773120403,0.00452858051829
3188,1.00939693046,0.00935305396854,0.00466560905791
3189,1.00608964463,0.0060711776736,0.00303098609553
3190,1.00749512067,0.00746717181769,0.00372662474304
3191,1.00766183253,0.0076326297655,0.00380904200791
3192,1.00695304031,0.0069289793933,0.00345849527676
3193,1.00870396638,0.00866630524499,0.00432377806203
3194,1.00937055852,0.00932692719107,0.00465260653291
3195,1.00729399207,0.00726751955971,0.00362716566435
3196,1.00737386556,0.00734681152586,0.00366666706184
3197,1.00710196502,0.00707686483602,0.00353217954332
3198,1.00807687053,0.0080444271919,0.00401413532931
3199,1.00644732059,0.00642662552085,0.00320815559632
3200,1.00586783915,0.00585069043379,0.00292107056387
3201,1.00472075315,0.00470964534304,0.00235205225165
3202,1.00733829729,0.00731150299262,0.00364907737226
3203,1.00912464873,0.00908327063627,0.00453133768771
3204,1.00741156284,0.00738423216463,0.00368530860231
3205,1.00806919677,0.00803681487825,0.0040103444437
3206,1.00759626058,0.00756755427066,0.0037766276708
3207,1.00708788902,0.00706288800062,0.00352521578563
3208,1.00833259069,0.00829806631094,0.00414043780898
3209,1.01000813505,0.00995838532848,0.00496681703318
3210,1.00804996144,0.00801773333796,0.00400084189
3211,1.00702763372,0.00700305498765,0.00349540429537
3212,1.00604346817,0.0060252796628,0.00300810638571
3213,1.0088399218,0.00880107843579,0.00439087103213
3214,1.00744421992,0.00741664846294,0.00370145688857
3215,1.00881167911,0.00877308283147,0.00437693459498
3216,1.00667920316,0.00665699611592,0.0033229647492
3217,1.00895839498,0.00891850660885,0.00444932559661
3218,1.00851735919,0.00848129114868,0.00423166673341
3219,1.00839797027,0.00836290351194,0.00417272165897
3220,1.00702123322,0.0069966991372,0.00349223747324
3221,1.00710688154,0.00708174667815,0.00353461183964
3222,1.00673254061,0.0067099782659,0.00334936744556
3223,1.00844200935,0.00840657487489,0.00419446598883
3224,1.00877650861,0.00873821893225,0.0043595787926
3225,1.00907314705,0.00903223334526,0.00450593435168
3226,1.00625084339,0.00623138790296,0.00311084521412
3227,1.00630020871,0.00628044535818,0.00313529733676
3228,1.00940794227,0.00936396320233,0.00467103821089
3229,1.00687712968,0.00685359008124,0.00342093027952
3230,1.00917707606,0.00913522256754,0.00455719561163
3231,1.00658565808,0.00656406737616,0.00327665370289
3232,1.00838106206,0.00834613597128,0.00416437283679
3233,1.00610482098,0.00608626205862,0.0030385053994
3234,1.00778225128,0.00775212576155,0.00386856064522
3235,1.0050311002,0.00501848650478,0.00250609773305
3236,1.00935870808,0.00931518670014,0.00464676358224
3237,1.00712994656,0.00710464866712,0.00354602229398
3238,1.00893943011,0.00889970994675,0.00443996903783
3239,1.00898161531,0.00894152049976,0.00446078127801
3240,1.00829203129,0.00825784127008,0.00412040836176
3241,1.00745250657,0.00742487384902,0.00370555435023
3242,1.00737149788,0.00734446117428,0.00366549619433
3243,1.00869807246,0.00866046215944,0.0043208691471
3244,1.00791596681,0.0078847999144,0.0039346389009
3245,1.00913235719,0.00909090936544,0.00453513973821
3246,1.00604576488,0.00602756257427,0.00300924440718
3247,1.0081401764,0.00810722386591,0.0040454071382
3248,1.00577394784,0.00575734249015,0.00287453184395
3249,1.00746210118,0.00743439743681,0.00371029848774
3250,1.0062561293,0.00623664096508,0.00311346357101
3251,1.00762176317,0.00759286427801,0.00378923480146
3252,1.0074385958,0.00741106588599,0.00369867592805
3253,1.00698747246,0.00696317319939,0.00347553290459
3254,1.0076339294,0.00760493841555,0.00379524897621
3255,1.00898152703,0.00894143300811,0.00446073772733
3256,1.00696176303,0.00693764184653,0.0034628115145
3257,1.00811816543,0.00808539038764,0.00403453450237
3258,1.00657159206,0.0065500932854,0.00326968952731
3259,1.01042066588,0.0103667450089,0.0051699620097
3260,1.00720954554,0.00718368100389,0.00358539755917
3261,1.00927247113,0.0092297456805,0.00460424067623
3262,1.00898734243,0.00894719662503,0.00446360667666
3263,1.00653149968,0.00651026186718,0.00324983873871
3264,1.00862622096,0.00858922770551,0.00428540518596
3265,1.00858215571,0.00854553836991,0.00426365389384
3266,1.00948559595,0.00944089016639,0.00470932129227
3267,1.00490397639,0.00489199106498,0.00244300652295
3268,1.00626427956,0.00624474051746,0.00311750073019
3269,1.00931842778,0.00927527907283,0.00462690229108
3270,1.00677653593,0.00675367841403,0.00337114409779
3271,1.00636121356,0.00634106644039,0.00316551238739
3272,1.00759271718,0.00756403757906,0.00377487596407
3273,1.00830490946,0.00827061345373,0.00412676811998
3274,1.00740422391,0.00737694720109,0.0036816795376
3275,1.00718379092,0.00715811041162,0.00357265802196
3276,1.00682020563,0.00679705324189,0.00339275816595
3277,1.00694462998,0.00692062709826,0.00345433356373
3278,1.00823770098,0.00820395631372,0.00409357653614
3279,1.00762463291,0.00759571230598,0.00379065341851
3280,1.00760317759,0.00757441911178,0.00378004712251
3281,1.01158828103,0.0115216511622,0.00574426384377
3282,1.00755487719,0.00752648202573,0.00375616889555
3283,1.00725552014,0.00722932548511,0.00360813771348
3284,1.0092684138,0.00922572561314,0.00460223989522
3285,1.00823297676,0.00819927067921,0.00409124330666
3286,1.00714273893,0.00711735039818,0.0035523506191
3287,1.01115304755,0.0110913109289,0.00553030670326
3288,1.00685459703,0.00683121108973,0.00340977899986
3289,1.00957441974,0.00952887545881,0.00475310579987
3290,1.00728044559,0.00725407108354,0.00362046579366
3291,1.00943896581,0.00939469712483,0.00468633327495
3292,1.0087185854,0.00868079801228,0.00433099308778
3293,1.00845937729,0.00842379727077,0.00420304103047
3294,1.00896964389,0.00892965557798,0.00445487526301
3295,1.00718094515,0.00715528493467,0.00357125032972
3296,1.0090123038,0.00897193535317,0.00447592075259
3297,1.00891173284,0.00887225770768,0.00442630376805
3298,1.00879162435,0.00875320304671,0.00436703815967
3299,1.00603710502,0.00601895471173,0.00300495341826
3300,1.0074049243,0.0073776424446,0.00368202587946
3301,1.00787644072,0.00784558348379,0.00391510764536
3302,1.00639331711,0.00637296654727,0.00318141182393
3303,1.00721681968,0.00719090304954,0.00358899562854
3304,1.00704387235,0.00701918016252,0.00350343866841
3305,1.01004154835,0.00999146698804,0.00498327557157
3306,1.00607678434,0.00605839514979,0.00302461418509
3307,1.00639121116,0.00637087398159,0.0031803688692
3308,1.00914386909,0.00910231702537,0.00454081768431
3309,1.00502410884,0.00501153011435,0.0025026282485
3310,1.00700288585,0.00697847952181,0.00348315943781
3311,1.00694731135,0.00692328997905,0.003455660404
3312,1.00573337767,0.00571700441769,0.00285442058145
3313,1.00934037769,0.00929702610014,0.00463772543521
3314,1.00811554775,0.00808279378858,0.00403324144004
3315,1.00725429725,0.00722811139493,0.00360753285851
3316,1.00399843745,0.00399046494757,0.00199324332064
3317,1.00815443999,0.00812137218453,0.00405245265473
3318,1.00764464011,0.00761556791439,0.00380054354076
3319,1.00697195826,0.00694776653543,0.00346785631623
3320,1.00497939212,0.00496703594655,0.00248043659393
3321,1.00828704651,0.00825289747827,0.00411794664804
3322,1.00850092924,0.00846499981549,0.00422355550353
3323,1.00896813645,0.00892816153395,0.00445413156861
3324,1.00798967156,0.00795792313226,0.00397105598736
3325,1.00657131708,0.00654982010464,0.00326955338353
3326,1.00621758411,0.00619833468494,0.00309436988069
3327,1.00804149245,0.00800933194557,0.00399665799134
3328,1.00566536515,0.00564937732228,0.00282070298178
3329,1.00797046731,0.00793887091967,0.00396156766458
3330,1.0092565229,0.00921394384406,0.00459637610468
3331,1.00446763161,0.00445768136762,0.00222635866276
3332,1.00603817003,0.0060200133291,0.00300548113625
3333,1.00597425504,0.0059564799364,0.00297380941106
3334,1.00689493165,0.00687127030707,0.00342974011208
3335,1.00751799981,0.00748988049222,0.00373793670273
3336,1.00981464783,0.00976679701242,0.00487149410159
3337,1.00751603097,0.00748792634411,0.00373696328044
3338,1.00821400025,0.00818044895094,0.00408187090055
3339,1.00758375712,0.00755514500153,0.00377044644965
3340,1.00763871413,0.00760968687948,0.00379761419456
3341,1.00868308437,0.00864560320637,0.00431347174488
3342,1.00721453219,0.00718863194986,0.00358786415354
3343,1.00898423099,0.00894411289837,0.00446207169442
3344,1.00781132449,0.00778097403998,0.00388292888015
3345,1.00904188692,0.00900125380883,0.00449051425992
3346,1.00831055149,0.00827620899158,0.00412955433926
3347,1.00864612194,0.00860895828651,0.00429522815124
3348,1.00635896981,0.00633883686265,0.00316440112678
3349,1.00647435699,0.00645348836845,0.00322154384011
3350,1.00668016224,0.00665794882596,0.0033234395212
3351,1.00726040915,0.00723417925898,0.00361055584094
3352,1.00803354693,0.00800144977587,0.00399273264992
3353,1.00536478393,0.00535044474285,0.00267164715294
3354,1.00983589445,0.00978783691237,0.00488196274863
3355,1.00799114421,0.00795938410334,0.00397178357184
3356,1.00775881522,0.00772887040501,0.00385697788199
3357,1.00645382429,0.00643308753578,0.003211376233
3358,1.00802845992,0.00799640330105,0.00399021948395
3359,1.00602823773,0.00601014059922,0.00300055959532
3360,1.00918802595,0.00914607281991,0.00456259599981
3361,1.00684462703,0.00682130890961,0.00340484477971
3362,1.00748343473,0.00745557274331,0.0037208468018
3363,1.0083894591,0.0083544631795,0.00416851909346
3364,1.00766867876,0.00763942391395,0.00381242613679
3365,1.00883200888,0.00879323482855,0.00438696644099
3366,1.01111156639,0.0110502864577,0.00550990769742
3367,1.00745482573,0.00742717584404,0.00370670108199
3368,1.00948245025,0.00943777402663,0.00470777055863
3369,1.00766342738,0.00763421248615,0.0038098303536
3370,1.00876872706,0.00873050504557,0.0043557386565
3371,1.00889827984,0.00885892344159,0.00441966612364
3372,1.00684707896,0.00682374416824,0.00340605826245
3373,1.00938020416,0.0093364832446,0.00465736231803
3374,1.005939398,0.0059218293046,0.00295653546771
3375,1.00758571578,0.00755708891646,0.00377141474193
3376,1.00612687816,0.00610818516039,0.00304943358366
3377,1.00727036047,0.00724405880689,0.00361547776741
3378,1.00537185535,0.00535747839644,0.00267515457784
3379,1.00652947688,0.00650825219126,0.00324883716581
3380,1.00845385533,0.00841832161628,0.00420031470669
3381,1.00920931145,0.00916716430851,0.00457309357278
3382,1.00921347278,0.00917128765492,0.00457514581565
3383,1.00639061946,0.00637028603389,0.00318007583026
3384,1.00770539605,0.00767586110527,0.00383057511007
3385,1.00732348755,0.0072968010291,0.00364175318789
3386,1.00679260077,0.00676963499905,0.00337909546261
3387,1.00940835444,0.00936437152728,0.00467124141969
3388,1.00957287013,0.0095273405428,0.00475234198938
3389,1.00836561008,0.00833081230335,0.00415674288033
3390,1.00615129711,0.00613245511084,0.00306153148068
3391,1.00658346688,0.00656189050552,0.0032755688334
3392,1.00837035746,0.00833552028159,0.00415908708176
3393,1.00836573565,0.00833093682769,0.00415680488369
3394,1.00807112612,0.00803872878322,0.00401129755802
3395,1.00862844549,0.00859143320786,0.00428650321079
3396,1.00732644073,0.00729973273333,0.00364321370066
3397,1.00693141892,0.00690750706981,0.00344779618854
3398,1.0089118614,0.00887238513185,0.00442636719813
3399,1.0078436713,0.00781306962742,0.00389891423317
3400,1.0089460024,0.00890622397823,0.00444321158724
3401,1.0092991865,0.0092562152554,0.00461741444036
3402,1.00733216508,0.00730541543027,0.00364604469347
3403,1.00772693812,0.00769723822556,0.00384122266998
3404,1.00618258334,0.00616354958228,0.00307703099756
3405,1.00649335262,0.00647236162918,0.00323095002557
3406,1.00926043155,0.00921781664317,0.00459830360194
3407,1.00629967012,0.00627991013975,0.00313503056654
3408,1.0095098191,0.00946488542175,0.00472126234763
3409,1.00612627155,0.00610758224509,0.00304913304524
3410,1.00806092297,0.00802860727947,0.00400625709357
3411,1.0080559017,0.00802362614978,0.00400377650348
3412,1.00748516124,0.00745728643002,0.0037217004566
3413,1.00595175237,0.00593411065234,0.00296265796766
3414,1.00801346378,0.00798152648228,0.0039828107279
3415,1.006620571,0.00659875126866,0.00329393867571
3416,1.00896092723,0.0089210163675,0.00445057489178
3417,1.00835947702,0.00832473009739,0.00415371441382
3418,1.00646167961,0.00644089246039,0.00321526615544
3419,1.00632338805,0.00630347931184,0.00314677813833
3420,1.00559812565,0.00558251438032,0.00278736525378
3421,1.00525332281,0.00523957224528,0.00261635747773
3422,1.00586508328,0.00584795063777,0.00291970466649
3423,1.00898469392,0.00894457169973,0.00446230007147
3424,1.00683235897,0.00680912418017,0.00339877314005
3425,1.00772216421,0.00769250091479,0.00383886311034
3426,1.01052156188,0.0104665954665,0.00521962788719
3427,1.0051072897,0.0050942917312,0.00254390464211
3428,1.00708365699,0.00705868575076,0.00352312206542
3429,1.00958755075,0.00954188185347,0.00475957806577
3430,1.00919846979,0.00915642152068,0.0045677467284
3431,1.00646240989,0.00644161804755,0.00321562778248
3432,1.00637379119,0.00635356448539,0.00317174160906
3433,1.00932265773,0.00927946996312,0.00462898803862
3434,1.00665982654,0.00663774786293,0.00331337255718
3435,1.00886497966,0.00882591642622,0.00440323542037
3436,1.00608136616,0.00606294927967,0.0030268843602
3437,1.00571028605,0.00569404416692,0.00284297315946
3438,1.00813079154,0.00809791474572,0.00404077139691
3439,1.00798678704,0.00795506147203,0.00396963083814
3440,1.0066904277,0.00666814612004,0.00332852121024
3441,1.00752748731,0.00749929715292,0.0037426274226
3442,1.01016025486,0.0101089864452,0.00504174076652
3443,1.00878454918,0.0087461895086,0.00436354669869
3444,1.00875099278,0.00871292477025,0.00434698676792
3445,1.00687623431,0.00685270083398,0.00342048717682
3446,1.00595701289,0.00593934003721,0.00296526491025
3447,1.00849853176,0.0084626225418,0.00422237188625
3448,1.00700442252,0.0069800055045,0.00348391977124
3449,1.00867233193,0.00863494326688,0.00430816475167
3450,1.00639158529,0.00637124572952,0.00318055415201
3451,1.00909240312,0.00905131609259,0.00451543268723
3452,1.01079354264,0.0107357081422,0.00535347288597
3453,1.00905069318,0.00900998112385,0.00449485831288
3454,1.00813777507,0.00810484192946,0.00404422098722
3455,1.00515077792,0.00513755804163,0.00256548253124
3456,1.00677960748,0.00675672928634,0.00337266439032
3457,1.00755481169,0.00752641702162,0.00375613651558
3458,1.0070046202,0.00698020180678,0.00348401758042
3459,1.01049002006,0.0104353815731,0.00520410228177
3460,1.0057388895,0.00572248480247,0.00285715294843
3461,1.00700888272,0.00698443466575,0.003486126634
3462,1.00682884205,0.00680563111957,0.00339703254429
3463,1.00779845705,0.0077682062559,0.00387656975602
3464,1.00969441415,0.00964772482192,0.0048122462724
3465,1.00876958987,0.00873136035562,0.00435616444868
3466,1.01019508416,0.01014346484,0.00505889290049
3467,1.00710230727,0.00707720466951,0.00353234885987
3468,1.00786009393,0.00782936431563,0.00390702977842
3469,1.00791473808,0.0078835808296,0.00393403175665
3470,1.00562203497,0.00560629031421,0.00279922001416
3471,1.00545992736,0.0054450759952,0.00271883525208
3472,1.00609250643,0.00607402215594,0.0030324040249
3473,1.00885784201,0.00881884146221,0.0043997135085
3474,1.00540515505,0.00539059962304,0.00269167075218
3475,1.0084456422,0.00841017730902,0.00419625964913
3476,1.00847997637,0.00844422335256,0.0042132110936
3477,1.0088241821,0.00878547653418,0.004383104304
3478,1.00729927632,0.00727276552942,0.00362977913178
3479,1.00681589239,0.0067927692038,0.00339062341197
3480,1.00893819194,0.00889848274945,0.00443935816335
3481,1.0068626578,0.00683921694663,0.00341376827122
3482,1.00552377628,0.00550857617412,0.00275049851562
3483,1.00876394629,0.00872576582324,0.00435337936395
3484,1.0067830245,0.00676012329405,0.00337435566932
3485,1.00862365012,0.00858667884997,0.00428413621881
3486,1.00787038291,0.00783957300191,0.00391211416576
3487,1.00989019447,0.00984160660035,0.00490871598218
3488,1.00784211811,0.00781152852177,0.00389814668437
3489,1.00713914634,0.00711378327987,0.00355057339419
3490,1.00721055751,0.00718468573088,0.00358589812136
3491,1.00589295697,0.00587566141166,0.0029335195041
3492,1.0075443145,0.00751599848375,0.00375094679985
3493,1.00604110968,0.00602293533251,0.00300693774588
3494,1.00801437446,0.00798242992497,0.00398326065002
3495,1.00762448134,0.00759556188777,0.00379057849449
3496,1.00970753785,0.00966072243108,0.00481871378212
3497,1.00653365291,0.00651240111379,0.00325090488534
3498,1.0068892189,0.00686559666671,0.00342691301745
3499,1.0061534421,0.00613458698633,0.00306259415446
3500,1.00610248078,0.00608393605647,0.00303734593144
3501,1.00764231843,0.00761326384633,0.00379939588442
3502,1.00830537147,0.00827107165181,0.00412699627355
3503,1.00834642207,0.00831178329281,0.00414726787933
3504,1.00828464734,0.00825051802383,0.00411676181935
3505,1.00583602693,0.00581906329137,0.00290530306055
3506,1.00857125614,0.00853473148621,0.00425827347585
3507,1.00954442248,0.00949916223705,0.00473831969419
3508,1.00801058237,0.00797866798088,0.00398138716862
3509,1.00798623762,0.00795451640175,0.00396935938482
3510,1.00506124955,0.00504848448044,0.00252105901974
3511,1.00692008511,0.00689625120952,0.00344218764657
3512,1.00683151665,0.00680828756953,0.00339835625636
3513,1.00966423642,0.00961783639054,0.00479737386083
3514,1.0081117925,0.00807906876126,0.00403138643662
3515,1.00815248577,0.00811943377098,0.00405148737515
3516,1.00715902324,0.00713351908138,0.00356040620973
3517,1.01045967636,0.0104053524203,0.00518916573064
3518,1.00805287652,0.00802062514273,0.00400228200652
3519,1.00547784114,0.00546289233038,0.00272771916026
3520,1.00647520023,0.00645432617919,0.00322196139587
3521,1.00702396384,0.00699941070873,0.00349358852336
3522,1.00679826406,0.00677526006316,0.00338189848691
3523,1.00634158436,0.0063215611247,0.00315579055429
3524,1.00760728175,0.0075784923003,0.00378207601629
3525,1.0081314403,0.00809855827372,0.00404109186068
3526,1.00422020673,0.00421132663492,0.00210344796366
3527,1.00766990042,0.00764063627347,0.00381303000535
3528,1.00809695217,0.00806434773174,0.00402405556796
3529,1.0054855544,0.00547056354163,0.00273154429609
3530,1.00711732167,0.00709211308033,0.00353977670675
3531,1.00652486828,0.00650367347367,0.00324655524216
3532,1.00764058649,0.0076115450453,0.00379853974874
3533,1.00629531725,0.00627558450865,0.00313287452915
3534,1.00668817508,0.00666590846243,0.00332740610486
3535,1.00744829201,0.00742069045461,0.00370347040174
3536,1.0085428445,0.0085065609032,0.0042442480646
3537,1.00701627299,0.00699177347556,0.00348978324019
3538,1.00772886794,0.00769915324626,0.00384217650186
3539,1.00852363883,0.00848751772827,0.00423476684397
3540,1.0075995537,0.00757082256029,0.00377825564272
3541,1.00866642735,0.00862908943776,0.00430525044248
3542,1.00547698508,0.00546204093729,0.0027272946248
3543,1.00783371587,0.00780319162809,0.00389399447809
3544,1.00849040534,0.00845456457661,0.00421835990743
3545,1.00935147748,0.0093080231104,0.00464319842474
3546,1.00649315385,0.00647216413455,0.0032308515973
3547,1.00847172637,0.00843604268764,0.00420913798624
3548,1.00866237392,0.00862507082758,0.00430324978594
3549,1.00827574457,0.00824168835933,0.0041123651522
3550,1.00845887137,0.00842329559462,0.00420279124664
3551,1.00760659657,0.00757781229052,0.00378173729726
3552,1.00592858264,0.0059110777502,0.00295117556977
3553,1.00949767285,0.00945285351571,0.00471527477949
3554,1.00688079481,0.00685723017955,0.00342274410076
3555,1.00802279342,0.00799078191228,0.00398742000092
3556,1.00577162145,0.00575502945308,0.0028733786492
3557,1.00498679916,0.00497440625625,0.00248411260121
3558,1.00707190172,0.00704701309424,0.00351730628229
3559,1.00698924702,0.00696493544214,0.00347641096322
3560,1.00768334065,0.00765397411544,0.00381967347538
3561,1.01001618571,0.0099663561797,0.00497078265601
3562,1.0108647068,0.0108061099185,0.00538848471089
3563,1.00666668233,0.00664455827599,0.00331676647522
3564,1.00819475923,0.00816136450569,0.00407236758271
3565,1.0083293702,0.00829487243071,0.00413884747962
3566,1.00771833823,0.00768870424742,0.0038369720623
3567,1.00887157422,0.00883245301757,0.00440648931965
3568,1.0062228483,0.00620356633364,0.0030969776073
3569,1.00768383232,0.00765446203554,0.00381991650356
3570,1.00947863129,0.00943399093157,0.00470588791429
3571,1.00506438897,0.00505160808776,0.00252261688479
3572,1.00750841778,0.00748036991551,0.00373319917808
3573,1.0087993389,0.00876085033121,0.00437084509665
3574,1.00861973768,0.00858279985416,0.00428220502811
3575,1.00642913119,0.00640855248061,0.00319914802606
3576,1.00877631945,0.00873803141209,0.00435948544127
3577,1.0077835344,0.00775339896815,0.00386919478558
3578,1.00696860259,0.0069444340993,0.00346619587499
3579,1.00306424413,0.00305955889895,0.00152860993334
3580,1.00875267391,0.00871459131904,0.00434781641973
3581,1.00875901101,0.00872087341115,0.00435094380419
3582,1.00884892598,0.00881000368168,0.00439531405036
3583,1.00740602178,0.00737873185345,0.00368256857812
3584,1.00811075086,0.00807803549964,0.00403087188841
3585,1.00587885993,0.00586164686225,0.00292653276089
3586,1.0080649082,0.00803256063037,0.00400822584801
3587,1.01065462251,0.0105982620044,0.00528511537531
3588,1.00697691304,0.00695268699437,0.00347030801096
3589,1.00879547648,0.00875702159764,0.00436893909545
3590,1.01006460038,0.0100142895846,0.00499462993942
3591,1.00945941401,0.00941495391098,0.00469641415195
3592,1.00749712346,0.00746915970337,0.00372761498134
3593,1.00746056671,0.00743287433179,0.00370953976053
3594,1.00651643761,0.00649529742166,0.00324238080407
3595,1.00663838376,0.0066164467164,0.0033027572167
3596,1.00598808965,0.0059702322971,0.00298066511939
3597,1.00641846474,0.00639795410996,0.00319386577962
3598,1.00526401048,0.00525020400664,0.00262165943608
3599,1.01074654104,0.0106892073585,0.00533034669562
3600,1.01052084331,0.0104658843811,0.00521927420022
3601,1.00739018995,0.00736301629549,0.0036747397052
3602,1.00718832254,0.00716260970064,0.00357489962674
3603,1.00765780412,0.00762863197537,0.00380705072473
3604,1.00822081037,0.0081872035704,0.00408523441886
3605,1.00734373432,0.0073169003955,0.00365176622231
3606,1.00858356829,0.00854693892736,0.00426435118657
3607,1.00779297395,0.00776276556415,0.00387385995207
3608,1.00778978098,0.00775959728309,0.00387228194703
3609,1.00961310818,0.00956719625799,0.00477217494536
3610,1.00726681478,0.00724053869784,0.00361372407478
3611,1.00480016583,0.00478868176507,0.00239147673478
3612,1.00828588946,0.00825174993181,0.00411737523741
3613,1.0072303159,0.00720430247912,0.00359567127572
3614,1.00664576189,0.00662377616703,0.00330640983163
3615,1.00814164816,0.00810868374185,0.00404613412301
3616,1.00800339877,0.00797154143435,0.0039778380758
3617,1.00887809768,0.00883891908752,0.00440970810309
3618,1.00695046997,0.00692642679445,0.00345722339059
3619,1.00996685378,0.00991751227934,0.0049464818053
3620,1.00850600859,0.00847003633917,0.00422606312619
3621,1.00677580228,0.00675294969926,0.00337078096864
3622,1.00974423892,0.00969706999453,0.00483679982525
3623,1.00718918393,0.00716346493914,0.0035753257172
3624,1.00811438493,0.00808164032846,0.0040326670359
3625,1.00742737489,0.00739992776335,0.00369312744943
3626,1.0074780854,0.00745026313407,0.00371820187179
3627,1.00918553664,0.0091436061734,0.00456136830295
3628,1.00926754814,0.00922486791156,0.00460181301801
3629,1.00856852062,0.00853201921007,0.00425692311167
3630,1.00755448443,0.00752609221272,0.00375597472112
3631,1.00915132084,0.00910970122962,0.00454449301449
3632,1.00946470879,0.00942019906435,0.00469902440851
3633,1.00809334134,0.00806076590231,0.00402227185838
3634,1.00961449126,0.00956856616409,0.00477285662946
3635,1.01241156743,0.0123351753727,0.00614860715882
3636,1.00775931147,0.00772936283588,0.00385722314775
3637,1.00827077617,0.00823676072708,0.00410991146517
3638,1.00718687689,0.00716117435945,0.00357418452149
3639,1.0097244164,0.00967743857025,0.0048270315418
3640,1.0062308286,0.00621149724391,0.00310093077367
3641,1.00726031237,0.00723408317695,0.00361050797338
3642,1.00818965282,0.00815629958586,0.00406984543271
3643,1.00704556909,0.00702086503545,0.0035042781531
3644,1.00475874391,0.00474745688679,0.00237091337787
3645,1.00797004634,0.00793845327276,0.00396135966837
3646,1.00623337877,0.00621403161885,0.00310219403088
3647,1.01005206545,0.0100018794774,0.00498845585863
3648,1.00848132456,0.00844556020415,0.00421387670295
3649,1.00798874737,0.00795700626018,0.0039705993717
3650,1.00637185559,0.00635164114598,0.00317078298907
3651,1.0070949683,0.00706991742949,0.00352871810379
3652,1.00782513213,0.00779467457417,0.00388975252478
3653,1.00779737878,0.00776713633029,0.00387603686689
3654,1.00819700884,0.00816359583187,0.00407347870179
3655,1.0071864509,0.00716075141765,0.0035739738064
3656,1.00712656732,0.00710129334387,0.00354435057998
3657,1.00734141505,0.00731459802818,0.00365061924184
3658,1.00766728064,0.00763803642856,0.0038117350387
3659,1.00856211129,0.00852566430702,0.00425375918129
3660,1.00559608706,0.00558048713534,0.00278635445612
3661,1.00762452965,0.00759560982594,0.00379060237272
3662,1.00882546923,0.00878675240475,0.00438373944295
3663,1.00806411739,0.00803177614339,0.00400783517664
3664,1.00749524395,0.00746729417745,0.00372668569493
3665,1.0092150567,0.00917285711469,0.00457592695497
3666,1.00762954246,0.00760058469683,0.00379308037621
3667,1.00757505384,0.00754650719123,0.00376614381941
3668,1.00748106882,0.00745322441177,0.00371967700423
3669,1.01077369884,0.0107160760487,0.00534370934124
3670,1.00879517367,0.00875672142584,0.00436878966525
3671,1.0076004015,0.00757166396479,0.00377867475537
3672,1.0076394953,0.00761046212939,0.00379800034739
3673,1.00769802168,0.00766854309867,0.00382693011619
3674,1.0054491456,0.00543435271686,0.00271348817598
3675,1.00566981169,0.005653798805,0.00282290748485
3676,1.01022422046,0.0101723066736,0.00507324076
3677,1.00539829934,0.0053837807471,0.0026882704855
3678,1.00803364179,0.00800154388178,0.00399277951501
3679,1.010906751,0.010847701365,0.00540916816165
3680,1.00711433902,0.00708915150059,0.00353830115745
3681,1.00831539591,0.00828101347217,0.0041319466565
3682,1.00967534411,0.00962883770808,0.00480284811583
3683,1.00593401357,0.0059164766513,0.00295386705014
3684,1.00866531851,0.0086279901263,0.004304703153
3685,1.00732497555,0.00729827820662,0.00364248908662
3686,1.00741830659,0.00739092628542,0.00368864332217
3687,1.00705425883,0.00702949394432,0.0035085774792
3688,1.00756560711,0.00753713143863,0.00376147358738
3689,1.01127888534,0.0112157529736,0.00559218169931
3690,1.00713093623,0.00710563133633,0.00354651188618
3691,1.00775910641,0.00772915934898,0.00385712179674
3692,1.00618626182,0.00616720545818,0.00307885330922
3693,1.00910160105,0.00906043109791,0.00451996960045
3694,1.00375035562,0.00374334056849,0.0018699198017
3695,1.00968963409,0.00964299064909,0.00480989057421
3696,1.00884666017,0.0088077577431,0.00439419601625
3697,1.006823851,0.00680067390872,0.00339456235571
3698,1.00699021368,0.00696589539767,0.00347688927227
3699,1.00781780667,0.00778740595679,0.00388613234607
3700,1.00646169653,0.00644090926533,0.0032152745309
3701,1.00848573534,0.00844993388249,0.00421605432467
3702,1.00652396302,0.00650277408193,0.00324610700615
3703,1.00840707832,0.00837193566659,0.00417721888181
3704,1.00803961631,0.00800747076752,0.00399573112113
3705,1.00958817867,0.00954250380884,0.00475988756328
3706,1.00643046596,0.00640987872814,0.00319980902818
3707,1.00916853389,0.00912675803552,0.00455298262397
3708,1.00649218237,0.00647119892126,0.00323037054977
3709,1.00673928551,0.00671667803612,0.00335270610509
3710,1.00685605385,0.00683265798606,0.00341049998096
3711,1.00651275793,0.00649164155721,0.00324055879703
3712,1.00896048998,0.00892058300136,0.00445035917306
3713,1.00672495843,0.00670244676521,0.00334561430103
3714,1.006929092,0.00690519616352,0.0034466447185
3715,1.00926445975,0.00922180787453,0.00460029003919
3716,1.0068947904,0.00687113002585,0.00342967021204
3717,1.0064572352,0.00643647657511,0.0032130653095
3718,1.00798302203,0.00795132628424,0.00396777065617
3719,1.00944630559,0.00940196824622,0.00468995179162
3720,1.00899079556,0.0089506189868,0.00446531021805
3721,1.00843267639,0.00839732000311,0.0041898579519
3722,1.00785904573,0.00782832428875,0.00390651179655
3723,1.00870331591,0.00866566038425,0.00432345702572
3724,1.00736614803,0.00733915045919,0.00366285056648
3725,1.00966314637,0.00961675677425,0.00479683664221
3726,1.00459512683,0.0045846014649,0.00228967541751
3727,1.00760718316,0.00757839444622,0.00378202727429
3728,1.0070299279,0.00700533315563,0.00349653939715
3729,1.01052156196,0.0104665955447,0.00521962792607
3730,1.00807921007,0.00804674798,0.00401529106471
3731,1.00841497723,0.00837976868585,0.00418111902368
3732,1.00749233802,0.00746440986402,0.00372524891164
3733,1.00778219495,0.00775206985976,0.00386853280246
3734,1.00853554285,0.00849932107011,0.00424064350535
3735,1.00555891915,0.00554352538269,0.00276792490377
3736,1.00631231871,0.00629247947434,0.00314129551153
3737,1.00624796096,0.00622852337404,0.00310941740419
3738,1.00821741525,0.00818383612381,0.00408355757256
3739,1.00635545771,0.00633534695276,0.00316266169205
3740,1.00804931309,0.00801709016506,0.00400052159011
3741,1.00878982312,0.00875141751071,0.00436614929003
3742,1.00479496779,0.00478350854894,0.00238889630919
3743,1.00810436383,0.00807169983811,0.00402771682177
3744,1.00721258866,0.00718670233635,0.00358690280792
3745,1.00691245263,0.00688867116305,0.00343841066215
3746,1.00849593065,0.00846004334726,0.00422108773331
3747,1.00863741296,0.00860032392526,0.00429092950461
3748,1.00854680607,0.00851048890673,0.00424620372873
3749,1.00765144996,0.00762232608621,0.00380390977862
3750,1.00647682238,0.0064559378969,0.00322276465795
3751,1.00634644722,0.00632639332484,0.00315819902675
3752,1.00701507922,0.00699058801994,0.0034891925807
3753,1.00788654538,0.00785560913253,0.00392010083146
3754,1.00659877219,0.00657709559635,0.00328314644735
3755,1.00821729504,0.00818371689336,0.00408349820077
3756,1.00737707584,0.00734999830263,0.00366825460653
3757,1.00708108765,0.00705613448041,0.00352185092366
3758,1.00654519958,0.00652387277259,0.00325662205171
3759,1.00995102111,0.00990183572641,0.00493868227016
3760,1.0070344679,0.0070098414533,0.00349878566173
3761,1.0066178834,0.00659608134589,0.00329260811072
3762,1.00799488501,0.00796309524484,0.00397363177095
3763,1.01020315378,0.0101514529788,0.00506286675638
3764,1.00656062642,0.00653919917573,0.00326426026787
3765,1.00793946177,0.00790811007828,0.00394624805665
3766,1.00715723707,0.00713174560966,0.00355952263061
3767,1.00664340529,0.00662143512812,0.00330524318171
3768,1.00703325194,0.00700863398772,0.00349818404109
3769,1.00723298696,0.0072069543589,0.00359699244709
3770,1.00764625331,0.00761716887713,0.00380134097955
3771,1.0066263292,0.00660447158928,0.00329678941075
3772,1.00886312478,0.00882407783558,0.0044023201725
3773,1.00736560416,0.00733861056829,0.00366258160976
3774,1.00547543337,0.0054604976783,0.00272652509947
3775,1.00771304967,0.00768345617328,0.00383435809016
3776,1.00780103213,0.00777076140355,0.00387784237642
3777,1.00714801894,0.0071225929422,0.00355496257601
3778,1.00767241781,0.00764313449549,0.00381427435268
3779,1.00808121269,0.0080487345468,0.0040162803593
3780,1.00677189608,0.00674906978536,0.00336884754899
3781,1.0096480185,0.00960177357516,0.00478938095071
3782,1.00793638744,0.00790505995937,0.0039447290143
3783,1.00683112111,0.006807894719,0.0033981604986
3784,1.00646235045,0.00644155899185,0.00321559834958
3785,1.01045540227,0.0104011225654,0.00518706177567
3786,1.00965557605,0.00960925887835,0.00479310567035
3787,1.00806448025,0.00803213610549,0.00400801443634
3788,1.00982691256,0.00977894246526,0.00487753722641
3789,1.00802719092,0.00799514440572,0.00398959254773
3790,1.00887691376,0.00883774558132,0.00440912393723
3791,1.00763049126,0.0076015263146,0.00379354939917
3792,1.00513148424,0.0051183630468,0.0025559096101
3793,1.00941796412,0.00937389159161,0.00467597920532
3794,1.00456272996,0.00455235226274,0.00227358760683
3795,1.00789056918,0.00785960143421,0.00392208915521
3796,1.00802464989,0.00799262360263,0.00398833717388
3797,1.00682976494,0.006806547746,0.00339748930049
3798,1.008680595,0.00864313526087,0.00431224309408
3799,1.00874838712,0.00871034170617,0.00434570084932
3800,1.00737041544,0.00734338665157,0.00366496090216
3801,1.00911001227,0.00906876642272,0.0045241184165
3802,1.00821182611,0.00817829252309,0.00408079708718
3803,1.00784191016,0.00781132219157,0.00389804392141
3804,1.00968199975,0.00963542954244,0.00480612819781
3805,1.00605983226,0.00604154531231,0.00301621471309
3806,1.0100778564,0.0100274134237,0.00500115906321
3807,1.00695520039,0.00693112455261,0.00345956414633
3808,1.00741846391,0.00739108244225,0.00368872111258
3809,1.00677188473,0.00674905851461,0.0033688419326
3810,1.00619759714,0.00617847102253,0.00308446873307
3811,1.00967019894,0.00962374182569,0.00480031240878
3812,1.00537740124,0.00536299464181,0.00267790531833
3813,1.00744216752,0.00741461123063,0.00370044204226
3814,1.0076658127,0.00763657966316,0.00381100943213
3815,1.00753804968,0.00750978055433,0.00374784949189
3816,1.00582992592,0.0058129976616,0.00290227905232
3817,1.00907491534,0.00903398573411,0.00450680659765
3818,1.00794351837,0.00791213471903,0.00394825243389
3819,1.00654656747,0.00652523175946,0.00325729933207
3820,1.00848949665,0.00845366353786,0.00421791128841
3821,1.00890991094,0.00887045189054,0.00442540485563
3822,1.00533891525,0.00532471377064,0.00265881595633
3823,1.00807436693,0.00804194364815,0.00401289854131
3824,1.00870969987,0.00867198923804,0.00432660776637
3825,1.00902042632,0.00897998529094,0.00447992769798
3826,1.00511150982,0.00509849040419,0.0025459986359
3827,1.00664790064,0.00662590080153,0.00330746863586
3828,1.01128363697,0.0112204516035,0.00559451787369
3829,1.0036018117,0.00359534070817,0.00179605551253
3830,1.006230248,0.00621092023836,0.00310064316548
3831,1.00904725443,0.00900657320546,0.0044931620113
3832,1.00836939381,0.00833456463036,0.00415861124335
3833,1.00888349514,0.00884426903497,0.0044123712774
3834,1.00804005697,0.00800790791707,0.00399594882251
3835,1.00742919294,0.00740173240899,0.00369402643945
3836,1.00644646854,0.00642577892686,0.00320773365723
3837,1.00859567214,0.00855893969118,0.00427032596282
3838,1.00671159402,0.00668917154692,0.00333899887681
3839,1.0071489918,0.00712355889676,0.00355544383621
3840,1.00604119617,0.00602302130802,0.00300698060437
3841,1.00769672899,0.0076672602855,0.00382629116402
3842,1.00921797552,0.00917574928068,0.00457736641976
3843,1.00784255488,0.0078119618942,0.00389836252589
3844,1.00827878922,0.00824470801524,0.00411386877006
3845,1.0065395215,0.00651823159887,0.00325381064647
3846,1.00637605386,0.00635581281703,0.00317286220869
3847,1.00882321025,0.00878451318085,0.00438262473846
3848,1.00804442583,0.008012241923,0.0039981071639
3849,1.00839713543,0.00836207562114,0.00417230944077
3850,1.00940722627,0.00936325387128,0.00467068520195
3851,1.00933560377,0.00929229634661,0.00463537152331
3852,1.007847155,0.00781652620956,0.00390063578429
3853,1.00830340328,0.00826911967216,0.00412602431116
3854,1.00788044554,0.00784955700217,0.0039170866242
3855,1.00710082915,0.00707573697685,0.00353161760548
3856,1.00662759742,0.00660573146021,0.00329741726925
3857,1.00952556539,0.009480483259,0.00472902441525
3858,1.0097263269,0.0096793306697,0.00482797302447
3859,1.00918993671,0.00914796618362,0.00456353836189
3860,1.00893067543,0.00889103279235,0.00443564971441
3861,1.00831675033,0.00828235672556,0.00413261550784
3862,1.00824541467,0.00821160695106,0.00409738618829
3863,1.00853582907,0.00849960487011,0.00424078480359
3864,1.00782656313,0.0077960944582,0.00389045970504
3865,1.00707364714,0.00704874625472,0.00351816981413
3866,1.00393605211,0.0039283261203,0.0019622353542
3867,1.0065527877,0.00653141151884,0.00326037914233
3868,1.00861901037,0.00858207875926,0.00428184602454
3869,1.00858571612,0.00854906847267,0.00426541141809
3870,1.00778786235,0.00775769348621,0.00387133373415
3871,1.00906495569,0.0090241156034,0.00450189376156
3872,1.00676157487,0.00673881794727,0.00336373888529
3873,1.00762996944,0.00760100844579,0.00379329144701
3874,1.00925154638,0.00920901295566,0.00459392198956
3875,1.00836227079,0.00832750071164,0.00415509396582
3876,1.00783527195,0.0078047356107,0.00389476346297
3877,1.00831900788,0.00828459564867,0.00413373034247
3878,1.00607414125,0.00605576801453,0.00302330458963
3879,1.00647094714,0.00645010044853,0.00321985533588
3880,1.00881462752,0.00877600548726,0.00437838952567
3881,1.00710427048,0.00707915403899,0.00353332010121
3882,1.00604951531,0.00603129045798,0.00301110273824
3883,1.00439243699,0.00438281839128,0.00218900981151
3884,1.00720773208,0.00718188052076,0.00358450054492
3885,1.00625412223,0.00623464636746,0.00311246937675
3886,1.00740065771,0.00737340720729,0.0036799160557
3887,1.01118368759,0.0111216125423,0.0055453736072
3888,1.00776976996,0.00773974074695,0.00386239207491
3889,1.00812497044,0.00809214057974,0.00403789597581
3890,1.00648555914,0.00646461839635,0.00322709091068
3891,1.01000440627,0.00995469348653,0.00496498027887
3892,1.00734281768,0.00731599043925,0.00365131290555
3893,1.00702257861,0.00699803514269,0.00349290314294
3894,1.00692125426,0.00689741232648,0.00344276620649
3895,1.0079965053,0.00796470267968,0.00397443229437
3896,1.00655708373,0.00653567956653,0.00326250620618
3897,1.00890154488,0.00886215968403,0.004421277092
3898,1.007229361,0.00720335444004,0.00359519896049
3899,1.00689153373,0.00686789565018,0.00342805856932
3900,1.00936239198,0.00931883643277,0.00464857996717
3901,1.00825562661,0.00822173532848,0.00410242961429
3902,1.00711387981,0.0070886955346,0.0035380739811
3903,1.00737347701,0.00734642582466,0.00366647491833
3904,1.00801554399,0.00798359015798,0.0039838384556
3905,1.00865651396,0.0086192611739,0.00430035745509
3906,1.00995781318,0.00990856085207,0.00494202822074
3907,1.00900969242,0.00896934729455,0.00447463251442
3908,1.00434441941,0.00433500966549,0.00216515749041
3909,1.00950472791,0.00945984217419,0.00471875262594
3910,1.00668244731,0.006660218732,0.00332457070163
3911,1.00904351729,0.0090028695671,0.00449131851093
3912,1.00831322389,0.00827885936595,0.00413087405314
3913,1.00738027815,0.00735317715886,0.00366983820296
3914,1.00706198308,0.00703716406024,0.00351239907424
3915,1.00938556505,0.00934179430139,0.00466000547516
3916,1.00843601472,0.00840063041106,0.00419150621944
3917,1.00798850751,0.00795676830006,0.00397048086405
3918,1.01082952444,0.0107713050908,0.00537117591906
3919,1.00873629985,0.00869835919518,0.00433973561216
3920,1.00984172818,0.00979361379935,0.00488483708669
3921,1.0061534921,0.00613463667827,0.00306261892433
3922,1.00347304748,0.00346703037385,0.00173201351732
3923,1.00768398346,0.00765461202503,0.00381999121183
3924,1.00646702426,0.00644620277555,0.00321791277247
3925,1.00990294439,0.00985423157585,0.00491499746389
3926,1.00737263646,0.00734559141865,0.0036660592449
3927,1.00785624189,0.00782554230315,0.00390512623672
3928,1.00750757481,0.00747953323629,0.00373278240013
3929,1.00664668712,0.00662469528503,0.00330686787103
3930,1.0083659009,0.00833110070849,0.00415688648347
3931,1.00624204489,0.00622264402027,0.00310648686367
3932,1.0077594451,0.0077294954367,0.00385728919242
3933,1.01072962724,0.01067247325,0.00532202420587
3934,1.00719990122,0.00717410567534,0.00358062704915
3935,1.0074434146,0.00741584909105,0.00370105868196
3936,1.00771517932,0.00768556952464,0.00383541071361
3937,1.00805520015,0.00802293020378,0.00400342992363
3938,1.00912524523,0.00908386174115,0.00453163190086
3939,1.00840456391,0.00836944221228,0.00417597736173
3940,1.00735814932,0.00733121020981,0.00365889497591
3941,1.00550811264,0.00549299845888,0.00274273105099
3942,1.00891126577,0.00887179475989,0.00442607331871
3943,1.01003749032,0.00998744929309,0.00498127673272
3944,1.00875490893,0.00871680693865,0.00434891941238
3945,1.00705475398,0.00702998562213,0.00350882245554
3946,1.00804420598,0.00801202382241,0.0039979985496
3947,1.00607710977,0.00605871860638,0.00302477542421
3948,1.00749862679,0.00747065184622,0.00372835827142
3949,1.0070786866,0.00705375030707,0.00352066303463
3950,1.00715382563,0.0071283584066,0.00355783505607
3951,1.00961321725,0.00956730429175,0.00477222870446
3952,1.0095052199,0.00946032953552,0.0047189951567
3953,1.00574416839,0.00572773356125,0.00285976982613
3954,1.0062990998,0.00627934339399,0.00313474808201
3955,1.00867081859,0.00863344293619,0.00430741781788
3956,1.00704178759,0.00701710998846,0.00350240720721
3957,1.0087385475,0.00870058737734,0.00434084486776
3958,1.00879697758,0.00875850961212,0.00436967985189
3959,1.00586338182,0.00584625909111,0.00291886136221
3960,1.00934542066,0.00930202238815,0.0046402119904
3961,1.00702302271,0.00699847614475,0.00349312287376
3962,1.00860977052,0.00857291782005,0.00427728515735
3963,1.00454132887,0.00453104814843,0.00226295971146
3964,1.00786390754,0.00783314817384,0.00390891431392
3965,1.00957157041,0.00952605314538,0.00475170134954
3966,1.00688920401,0.00686558187506,0.00342690564697
3967,1.00878413659,0.00874578051222,0.00436334309281
3968,1.00861813468,0.00858121055301,0.00428141378008
3969,1.00640249934,0.00638209040613,0.00318595922962
3970,1.00749274312,0.00746481195329,0.00372544920731
3971,1.01040424181,0.0103504901978,0.00516187658968
3972,1.00695920808,0.00693510455647,0.00346154726174
3973,1.00681725676,0.00679412434289,0.0033912986839
3974,1.00774088797,0.00771108102167,0.00384811745754
3975,1.00780234166,0.00777206079524,0.00387848955264
3976,1.00880703305,0.00876847734315,0.00437464192714
3977,1.00816808457,0.00813490631146,0.00405919227219
3978,1.00689806737,0.0068743845532,0.00343129189341
3979,1.00887004677,0.00883093899586,0.00440573564427
3980,1.00575095404,0.00573448043417,0.00286313360967
3981,1.00670340421,0.00668103629653,0.00333494482517
3982,1.00671234611,0.0066899186198,0.00333937116595
3983,1.00842282346,0.00838754941786,0.00418499311607
3984,1.01025924834,0.010206979442,0.00509048904302
3985,1.00669837912,0.00667604466307,0.00333245732875
3986,1.00648933697,0.00646837186881,0.00322896158876
3987,1.00746760616,0.00743986162662,0.00371302044204
3988,1.00569083972,0.00567470806487,0.00283333254784
3989,1.00750743055,0.0074793900452,0.00373271107183
3990,1.00868712012,0.00864960420204,0.00431546361164
3991,1.00843590336,0.00840051998577,0.00419145123822
3992,1.00850134311,0.00846541020439,0.0042237598313
3993,1.0075996252,0.00757089352289,0.00377829098996
3994,1.00911976838,0.00907843440521,0.00452893052657
3995,1.00678518364,0.00676226787753,0.00337542434219
3996,1.00909941334,0.00905826311735,0.00451889050919
3997,1.01005493876,0.0100047241863,0.00498987111668
3998,1.00894987802,0.00891006522962,0.00444512367735
3999,1.00692479286,0.00690092660161,0.0034445172931
4000,1.00733218173,0.00730543196316,0.00364605292978
4001,1.00791286752,0.00788172496315,0.00393310747351
4002,1.0073433195,0.00731648860007,0.00365156107646
4003,1.00712785965,0.00710257653144,0.00354498989952
4004,1.00939946971,0.00935556956862,0.00466686098876
4005,1.00859295832,0.00855624899737,0.00426898636008
4006,1.00764588143,0.00761679981593,0.00380115715039
4007,1.00950812543,0.00946320770622,0.00472042744998
4008,1.00767334168,0.00764405133746,0.00381473102502
4009,1.00521930174,0.0052057283932,0.0025994796827
4010,1.009086846,0.00904580902905,0.00451269158507
4011,1.00676188743,0.00673912840484,0.00336389359191
4012,1.01022185772,0.0101699678401,0.00507207727525
4013,1.00614714197,0.00612832536845,0.00305947292903
4014,1.00819051318,0.00815715295842,0.00407027038235
4015,1.00859065379,0.00855396410283,0.00426784878926
4016,1.00636948392,0.00634928448317,0.0031696083932
4017,1.00702150216,0.00699696620372,0.00349237054016
4018,1.00744043637,0.00741289286056,0.00369958603622
4019,1.00760657798,0.00757779383589,0.00378172810484
4020,1.00871006501,0.00867235122536,0.00432678797692
4021,1.00579131877,0.00577461354702,0.0028831425121
4022,1.00868981254,0.00865227343037,0.00431679246544
4023,1.01010003887,0.0100493743316,0.00501208454214
4024,1.00807358442,0.00804116740132,0.00401251197532
4025,1.00671200764,0.00668958240584,0.00333920362033
4026,1.0063043628,0.00628457343734,0.00313735490284
4027,1.00887502662,0.00883587504957,0.00440819279462
4028,1.00899796509,0.0089577246085,0.00446884715821
4029,1.0079554696,0.00792399169315,0.00395415749628
4030,1.00734949741,0.0073226214522,0.0036546163006
4031,1.00590389699,0.00588653728711,0.00293894147478
4032,1.00759138999,0.00756272039398,0.00377421985742
4033,1.00893370997,0.0088940404735,0.00443714688335
4034,1.00698890028,0.00696459110917,0.00347623939524
4035,1.00552441983,0.00550921619089,0.00275081764377
4036,1.00488538571,0.00487349094143,0.00243377901646
4037,1.00543655818,0.00542183344248,0.00270724550471
4038,1.00603656186,0.00601841481873,0.00300468428289
4039,1.00947753567,0.00943290559838,0.00470534780128
4040,1.00787980393,0.00784892040691,0.00391676957333
4041,1.00640647634,0.0063860420959,0.0031879287776
4042,1.00778931644,0.00775913633004,0.00387205236294
4043,1.0075383873,0.00751011565397,0.00374801641374
4044,1.0084000882,0.00836500379892,0.00417376741996
4045,1.00755809055,0.00752967129115,0.00375775753728
4046,1.00666909655,0.00664695650557,0.00331796161211
4047,1.00784523986,0.00781462598183,0.00389968937603
4048,1.00588446472,0.00586721887912,0.00292931061211
4049,1.00884503403,0.00880614586021,0.00439339361595
4050,1.00654684539,0.00652550787856,0.0032574369419
4051,1.00564502902,0.00562915555505,0.00281062056699
4052,1.00782837314,0.00779789040728,0.00389135418565
4053,1.00811156014,0.00807883827203,0.00403127165659
4054,1.0073498722,0.00732299351619,0.0036548016527
4055,1.00971997931,0.00967304420543,0.00482484496286
4056,1.0076193927,0.00759051173335,0.00378806298561
4057,1.00561019756,0.00559451901226,0.00279335082114
4058,1.00629837253,0.00627862067718,0.0031343878563
4059,1.00599891914,0.00598099726259,0.00298603154431
4060,1.00392899787,0.00392129951667,0.00195872894015
4061,1.00905749227,0.00901671920644,0.00449821220516
4062,1.00833951803,0.00830493637587,0.00414385861303
4063,1.00699765621,0.00697328623818,0.00348057183715
4064,1.00761945154,0.00759057012838,0.00378809207252
4065,1.00916279495,0.00912107122219,0.00455015215927
4066,1.00713484582,0.00710951323064,0.00354844594786
4067,1.00720570495,0.00717986789909,0.0035834978407
4068,1.00842389004,0.0083886070825,0.00418551973509
4069,1.00867795658,0.00864051954443,0.00431094087482
4070,1.00949231248,0.00944754357025,0.00471263232218
4071,1.00918552011,0.00914358979353,0.00456136015037
4072,1.01008476928,0.0100342573076,0.00500456388562
4073,1.00901080547,0.00897045039821,0.00447518159811
4074,1.00731877884,0.00729212653631,0.00363942445045
4075,1.00772951877,0.0076997990828,0.00384249817937
4076,1.00556354516,0.0055481258032,0.00277021874458
4077,1.00967172904,0.00962525726884,0.00480106649277
4078,1.00881369419,0.00877508030679,0.00437792896073
4079,1.00864637313,0.00860920732871,0.00429535213748
4080,1.00790322524,0.00787215833038,0.00392834295903
4081,1.00791508427,0.00788392430355,0.00393420281799
4082,1.0068308688,0.00680764412072,0.00339803562524
4083,1.0083765188,0.00834163045597,0.00416212945793
4084,1.00862878448,0.00859176929511,0.00428667053408
4085,1.00998602468,0.00993649380859,0.00495592557922
4086,1.00620073388,0.00618158843624,0.00308602263093
4087,1.00732894784,0.00730222160652,0.00364445360273
4088,1.00847484798,0.008439138067,0.00421067916029
4089,1.00539164083,0.00537715796726,0.00268496799202
4090,1.01064179622,0.0105855708456,0.00527880331302
4091,1.00888993949,0.00885065662251,0.00441555097388
4092,1.00890782665,0.00886838600743,0.00442437648472
4093,1.00469893722,0.00468793168169,0.00234122089802
4094,1.00750871081,0.00748066076455,0.00373334405969
4095,1.00761253365,0.00758370453589,0.00378467227416
4096,1.00749953758,0.00747155586318,0.00372880859455
4097,1.00318826407,0.00318319233173,0.00159033024838
4098,1.00802046409,0.00798847111778,0.00398626921006
4099,1.00681519064,0.00679207221121,0.00339027609723
4100,1.00689370322,0.00687005028663,0.00342913219386
4101,1.00618124671,0.0061622211631,0.00307636883155
4102,1.00851490334,0.00847885603324,0.00423045432725
4103,1.00611672071,0.00609808951243,0.00304440113998
4104,1.00908360396,0.0090425961733,0.00451109240522
4105,1.01091324225,0.0108541225575,0.00541236138612
4106,1.00758182423,0.00755322665974,0.0037694908948
4107,1.00951513736,0.00947015356805,0.00472388398118
4108,1.00854597189,0.00850966179291,0.00424579192778
4109,1.00691898126,0.006895154947,0.00344164140193
4110,1.00699860332,0.00697422676806,0.00348104046519
4111,1.00665838625,0.00663631710736,0.00331265954946
4112,1.00697397128,0.00694976562157,0.00346885239253
4113,1.00697701832,0.00695279155395,0.00347036010932
4114,1.00725206271,0.00722589295123,0.0036064276376
4115,1.00758388078,0.00755526773425,0.00377050758463
4116,1.00917552384,0.00913368445938,0.00455643006199
4117,1.00813541775,0.00810250362929,0.00404305656475
4118,1.00878864226,0.00875024693967,0.00436556655978
4119,1.0088351156,0.00879631434016,0.00438849944076
4120,1.01003794889,0.00998790330977,0.00498150261025
4121,1.01010957159,0.0100588116911,0.00501677956039
4122,1.00955120663,0.00950588222946,0.00474166376404
4123,1.00634359189,0.00632355599762,0.00315678484256
4124,1.00826366322,0.00822970609785,0.00410639864131
4125,1.0090917493,0.00905066815999,0.00451511018373
4126,1.00607155893,0.00605320128163,0.00302202510237
4127,1.00742552312,0.00739808964536,0.00369221178421
4128,1.00648556339,0.00646462261885,0.00322709301512
4129,1.00735294086,0.00732603978117,0.00365631921729
4130,1.00679188319,0.00676892226249,0.00337874029847
4131,1.00768135691,0.00765200549957,0.00381869292671
4132,1.00773761211,0.0077078303165,0.00384649835819
4133,1.00714572627,0.00712031654683,0.00355382842393
4134,1.00846839713,0.00843274141458,0.00420749429612
4135,1.00928741756,0.00924455468836,0.00461161106076
4136,1.0090953517,0.00905423809878,0.0045168870922
4137,1.00833834915,0.00830377716645,0.00414328140995
4138,1.00600497434,0.00598701633702,0.00298903209044
4139,1.0056820453,0.00566596336794,0.00282897257816
4140,1.01066557207,0.0106090960628,0.00529050376029
4141,1.0068408709,0.00681757831389,0.00340298583117
4142,1.00959209911,0.00954638700999,0.00476181992018
4143,1.00691059199,0.00688682329487,0.0034374899045
4144,1.00600096283,0.00598302876361,0.00298704426124
4145,1.0082930478,0.00825884941843,0.00412091035882
4146,1.00697133828,0.00694715084453,0.0034675495383
4147,1.00746881542,0.00744106191945,0.00371361835992
4148,1.00591848499,0.00590103955585,0.00294617127228
4149,1.00806179491,0.00802947224631,0.00400668784426
4150,1.00618841837,0.00616934874001,0.00307992165014
4151,1.00812362609,0.00809080705605,0.00403723190606
4152,1.00830428176,0.0082699909202,0.00412645813769
4153,1.00678205677,0.00675916207659,0.00337387668222
4154,1.00622039502,0.00620112821704,0.00309576232366
4155,1.0061255571,0.00610687213998,0.00304877907522
4156,1.00730790043,0.00728132710987,0.00363404437455
4157,1.0057503701,0.00573389982771,0.00286284413757
4158,1.00933669617,0.00929337864615,0.0046359101645
4159,1.00789452637,0.00786352763499,0.00392404455422
4160,1.00889612325,0.00885678587336,0.00441860206262
4161,1.00593494332,0.00591740091767,0.00295432781814
4162,1.01052093167,0.0104659718177,0.00521931769036
4163,1.00791219534,0.00788105806104,0.0039327753339
4164,1.00948559437,0.00944088860034,0.00470932051293
4165,1.00762777203,0.00759882767564,0.00379220519749
4166,1.00632325583,0.00630334792271,0.00314671265049
4167,1.00846288683,0.00842727737125,0.0042047737657
4168,1.00985513624,0.00980689109648,0.00489144328461
4169,1.00764380147,0.00761473564439,0.00380012898721
4170,1.00652864842,0.00650742909879,0.00324842695654
4171,1.01046022681,0.0104058971738,0.00518943669397
4172,1.00796674671,0.0079351797348,0.00395972938188
4173,1.00589204794,0.00587475770768,0.00293306897752
4174,1.00756880192,0.00754030225348,0.00376305303008
4175,1.00952140767,0.00947636475743,0.0047269749006
4176,1.00869044445,0.00865289989957,0.00431710434782
4177,1.00734991295,0.00732303396315,0.00365482180227
4178,1.00816665638,0.00813348968919,0.00405848683598
4179,1.00876117586,0.00872301945959,0.00435201215917
4180,1.00749529299,0.00746734285881,0.00372670994489
4181,1.00696118908,0.00693707186255,0.00346252750934
4182,1.00790785068,0.00787674749817,0.00393062852639
4183,1.00874064199,0.00870266372507,0.00434187853454
4184,1.00826702687,0.0082330421764,0.00410805982956
4185,1.00566213461,0.00564616497611,0.00281910133794
4186,1.00908100963,0.00904002519333,0.00450981271338
4187,1.00980688602,0.00975911060986,0.0048676696151
4188,1.01005286374,0.0100026698196,0.00498884905835
4189,1.0088493049,0.00881037927152,0.00439550101985
4190,1.00691215942,0.00688837996312,0.00343826556281
4191,1.00697865656,0.00695441843301,0.00347117072559
4192,1.00921809841,0.00917587104737,0.00457742702442
4193,1.00806138174,0.00802906237656,0.00400648373047
4194,1.00804006122,0.00800791212882,0.00399595091997
4195,1.01076889744,0.010711325815,0.00534134691354
4196,1.00894367646,0.00890391866687,0.00444206405239
4197,1.00516763518,0.00515432877622,0.00257384635096
4198,1.00607928026,0.00606087598611,0.00302585085069
4199,1.0059029755,0.00588562120576,0.00293848478015
4200,1.00569542538,0.00567926776321,0.00283560593485
4201,1.00838846587,0.00835347821865,0.00416802866584
4202,1.0072109572,0.0071850825575,0.00358609582316
4203,1.00885272087,0.00881376527935,0.00439718658074
4204,1.00559128816,0.00557571493565,0.00278397500196
4205,1.00815172949,0.00811868360702,0.00405111381274
4206,1.00632296127,0.00630305522025,0.00314656675977
4207,1.00742378803,0.00739636734252,0.00369135381198
4208,1.00597382803,0.00595605546077,0.00297359780437
4209,1.00880635734,0.00876780752837,0.0043743084848
4210,1.00824568724,0.00821187729107,0.00409752080444
4211,1.00819259753,0.00815922037712,0.00407129988369
4212,1.00920843546,0.0091662963077,0.00457266155701
4213,1.00849041768,0.00845457681097,0.00421836599881
4214,1.00975456728,0.00970729862611,0.0048418893911
4215,1.00773458367,0.00770482512612,0.00384500154161
4216,1.00841967048,0.00838442276174,0.00418343632931
4217,1.01009959212,0.0100489320504,0.0050118645099
4218,1.00723555088,0.00720949987092,0.0035982606242
4219,1.00621857719,0.0061993216275,0.00309486182486
4220,1.00743421207,0.00740671451004,0.00369650828488
4221,1.00640253757,0.00638212839292,0.0031859781625
4222,1.00936819944,0.00932459001241,0.00465144337989
4223,1.00770031182,0.00767081573842,0.0038280620868
4224,1.00672727482,0.0067047476772,0.00334676090739
4225,1.00813703565,0.00810410847939,0.00404385574524
4226,1.00865046943,0.00861326850202,0.004297374
4227,1.00796262109,0.00793108670778,0.00395769096993
4228,1.01070821127,0.0106512844017,0.00531148610966
4229,1.00796971908,0.00793812859892,0.00396119797451
4230,1.00864918311,0.00861199320969,0.00429673909383
4231,1.00915627635,0.00911461178735,0.00454693713236
4232,1.00753927867,0.00751100034783,0.00374845710265
4233,1.00697565627,0.00695143894044,0.00346968614937
4234,1.00866422089,0.00862690193072,0.00430416139724
4235,1.00632815513,0.00630821643192,0.00314913924224
4236,1.00912447326,0.00908309675249,0.00453125113978
4237,1.00459561122,0.00458508363626,0.00228991595115
4238,1.00833598715,0.00830143469834,0.00414211502796
4239,1.01080039567,0.0107424879767,0.00535684464969
4240,1.00637539946,0.0063551625715,0.00317253811744
4241,1.00919222192,0.0091502305803,0.00456466539276
4242,1.00668865311,0.00666638331677,0.00332764274198
4243,1.00713524063,0.00710990524672,0.00354864126036
4244,1.00966242125,0.00961603859995,0.00479647927747
4245,1.00537304397,0.00535866066492,0.00267574413054
4246,1.00734443356,0.00731759453656,0.00365211202536
4247,1.00551892675,0.00550375327908,0.00274809369788
4248,1.0056327057,0.00561690133364,0.00280451065855
4249,1.00653191057,0.00651067008611,0.00325004218484
4250,1.00746479241,0.00743706872573,0.00371162917567
4251,1.01031298981,0.0102601737436,0.0051169504494
4252,1.00900558683,0.00896527835113,0.00447260714417
4253,1.00555143217,0.00553607976752,0.00276421239372
4254,1.00765143692,0.00762231314246,0.00380390333136
4255,1.0080509896,0.00801875329433,0.00400134982771
4256,1.00878005753,0.00874173696535,0.00436133013904
4257,1.00696131141,0.00693719334709,0.00346258804129
4258,1.00848082398,0.00844506383729,0.00421362956531
4259,1.00869931558,0.00866169455798,0.00432148268367
4260,1.00552650978,0.00551129465538,0.00275185401673
4261,1.00934590197,0.009302499245,0.00464044931244
4262,1.00793773619,0.00790639808816,0.00394539543919
4263,1.00630334582,0.006283562824,0.00313685118137
4264,1.00659812003,0.00657644771218,0.00328282356877
4265,1.00595357318,0.00593592069704,0.00296356030833
4266,1.00820422774,0.00817075601253,0.00407704420231
4267,1.00574618371,0.00572973737258,0.00286076886608
4268,1.00518003802,0.00516666777573,0.00257999995239
4269,1.00795760366,0.0079261089019,0.00395521191421
4270,1.00655742873,0.00653602231972,0.00326267702365
4271,1.01021563637,0.0101638094202,0.00506901367859
4272,1.00659638906,0.00657472809302,0.00328196658142
4273,1.0095576826,0.0095122969086,0.00474485589037
4274,1.0094475346,0.00940318575262,0.00469055768962
4275,1.0085765384,0.00853996883937,0.00426088099798
4276,1.00743821685,0.00741068973331,0.00369848854732
4277,1.00856102863,0.00852459084401,0.00425322473277
4278,1.00649694604,0.00647593185963,0.00323272937159
4279,1.00709892013,0.00707384140956,0.00353067316859
4280,1.00860240422,0.0085656143817,0.00427364905098
4281,1.00580362782,0.00578685165217,0.00288924390391
4282,1.00727636308,0.0072500180711,0.00361844662229
4283,1.00724777067,0.00722163180277,0.00360430474487
4284,1.01063100156,0.0105748897972,0.00527349096619
4285,1.00689850821,0.00687482237021,0.00343151005076
4286,1.00542576623,0.00541109978739,0.00270189319212
4287,1.00962541281,0.00957938365159,0.0047782395435
4288,1.0087242712,0.00868643464965,0.00433379919639
4289,1.00823336035,0.0081996511436,0.00409143276055
4290,1.00923824396,0.00919583239124,0.00458736196097
4291,1.00755337092,0.00752498705151,0.00375542421585
4292,1.00748004233,0.00745220553644,0.00371916946138
4293,1.00782027189,0.0077898520565,0.00388735064225
4294,1.00545378213,0.00543896411531,0.00271578761607
4295,1.00697106058,0.00694687507461,0.00346741213145
4296,1.0091112234,0.00906996661268,0.00452471579641
4297,1.00664780303,0.00662580383067,0.00330742031079
4298,1.00892941635,0.00888978486459,0.00443502851802
4299,1.00627537078,0.00625576262936,0.00312299459028
4300,1.00568304188,0.00566695432161,0.00282946665318
4301,1.00883910864,0.00880027240618,0.00439046978684
4302,1.0103935995,0.0103399574182,0.00515663737055
4303,1.008312502,0.00827814343031,0.00413051756397
4304,1.00588838109,0.00587111232978,0.00293125163299
4305,1.00988363067,0.00983510705851,0.00490548215821
4306,1.00893122824,0.00889158071659,0.00443592246129
4307,1.00697186317,0.00694767210243,0.00346780926347
4308,1.01154180805,0.0114757094975,0.00572142469962
4309,1.00639829176,0.00637790959075,0.0031838754797
4310,1.00804421693,0.00801203469392,0.00399800396362
4311,1.00873499682,0.00869706745231,0.00433909254343
4312,1.00815864894,0.00812554708164,0.00405453164183
4313,1.00896398651,0.00892404847926,0.0044520841992
4314,1.00649947218,0.00647844168212,0.00323398022526
4315,1.0080003294,0.00796849643695,0.0039763216322
4316,1.00803253136,0.00800044230112,0.00399223092371
4317,1.00802996756,0.00799789892469,0.00399096431156
4318,1.00933058205,0.00928732106512,0.00463289541062
4319,1.00648378809,0.00646285875183,0.0032262139273
4320,1.00948541758,0.00944071347179,0.00470923336102
4321,1.00841797333,0.0083827397826,0.00418259835971
4322,1.00669222372,0.00666993020101,0.00332941028116
4323,1.00912477804,0.00908339877731,0.0045314014679
4324,1.00977121046,0.00972378089703,0.0048500905901
4325,1.00396732762,0.00395947853076,0.00197778087418
4326,1.00703385359,0.00700923143339,0.00349848171889
4327,1.00793421008,0.007902899741,0.00394365316527
4328,1.00892410833,0.00888452380585,0.00443240965168
4329,1.00755992051,0.00753148751722,0.00375866223744
4330,1.00686868612,0.00684520416314,0.00341675165553
4331,1.00717190463,0.00714630883239,0.0035667782965
4332,1.00814496189,0.00811197070493,0.00404777095345
4333,1.00725713692,0.00723093061359,0.00360893738164
4334,1.00744669923,0.00741910945347,0.00370268282845
4335,1.00761533007,0.0075864798249,0.00378605466592
4336,1.00788509566,0.00785417075483,0.00391938446165
4337,1.0097766978,0.00972921511941,0.00485279451938
4338,1.00902313785,0.00898267257833,0.00448126532134
4339,1.0050627624,0.00504998971127,0.00252180973749
4340,1.00884312028,0.00880424888626,0.0043924492956
4341,1.00768520999,0.00765582919773,0.0038205974732
4342,1.00955019478,0.00950487995606,0.00474116500344
4343,1.00755422162,0.00752583138032,0.00375584479475
4344,1.00703486701,0.00701023777251,0.003498983128
4345,1.00739186472,0.0073646787718,0.00367556788842
4346,1.00708167384,0.00705671654798,0.00352214093242
4347,1.00658718213,0.00656558144911,0.00327740825853
4348,1.00749131132,0.0074633908032,0.00372474127922
4349,1.007429064,0.00740160442066,0.00369396268168
4350,1.00677116543,0.00674834405304,0.0033684859052
4351,1.00868113563,0.00864367123716,0.00431250992656
4352,1.00701515556,0.00699066383431,0.00348923035561
4353,1.00808137729,0.00804889782804,0.00401636167202
4354,1.00729391946,0.00726744747531,0.00362712975288
4355,1.01280733287,0.0127260125809,0.00634280523512
4356,1.00674924858,0.00672657436668,0.00335763766842
4357,1.00985020431,0.00980200728701,0.00488901332135
4358,1.00693996409,0.00691599337731,0.00345202470379
4359,1.00562501911,0.00560925777215,0.00280069958875
4360,1.00881643625,0.00877779840659,0.00437928205989
4361,1.00708526508,0.00706028252363,0.00352391763873
4362,1.00908408789,0.00904307574563,0.00451133110966
4363,1.00767929295,0.0076499572665,0.00381767272043
4364,1.00878413341,0.00874577736658,0.00436334152686
4365,1.00666785582,0.00664572400016,0.00331734740392
4366,1.00918385843,0.00914194323142,0.00456054062426
4367,1.00642577822,0.00640522092723,0.00319748757706
4368,1.01044017237,0.010386050137,0.00517956462406
4369,1.00792630135,0.00789505323159,0.00393974537485
4370,1.00796603239,0.00793447105559,0.00395937644531
4371,1.00837471749,0.00833984411555,0.00416124000481
4372,1.0056251384,0.0056093763947,0.0028007587339
4373,1.00664408017,0.00662210555042,0.00330557728485
4374,1.00549454217,0.00547950224086,0.00273600142752
4375,1.00709224809,0.00706721638748,0.00352737234748
4376,1.00927448805,0.00923174407271,0.0046052352713
4377,1.00871896522,0.00868117454286,0.00433118053767
4378,1.0081657963,0.00813263657534,0.00405806201013
4379,1.00616050134,0.00614160302478,0.00306609142391
4380,1.00892374726,0.0088841659298,0.00443223150676
4381,1.007823758,0.0077933111081,0.00388907344328
4382,1.00688680715,0.00686320140822,0.00342571949166
4383,1.00568433836,0.00566824347277,0.00283010940475
4384,1.00817643628,0.00814319032112,0.00406331745528
4385,1.00898872117,0.00894856308514,0.00446428685681
4386,1.00683626524,0.00681300392854,0.00340070641917
4387,1.0090910974,0.0090500221333,0.00451478862877
4388,1.00496659201,0.00495429917959,0.00247408398659
4389,1.00605703194,0.00603876185634,0.00301482718189
4390,1.00846776761,0.00843211717624,0.00420718349014
4391,1.01129099372,0.0112277262402,0.00559813483645
4392,1.00868233564,0.00864486092398,0.00431310220453
4393,1.00757187704,0.00754335426451,0.003764573292
4394,1.0068891815,0.00686555951931,0.0034268945074
4395,1.00705238344,0.00702763168544,0.00350764961627
4396,1.00683509626,0.00681184289247,0.00340012787513
4397,1.00707352693,0.00704862688668,0.00351811034008
4398,1.00988107394,0.00983257534992,0.00490422251274
4399,1.00668633029,0.00666407593047,0.00332649288725
4400,1.0082503268,0.00821647889352,0.00409981217545
4401,1.00719767976,0.00717190009316,0.00357952820614
4402,1.00691322395,0.00688943717883,0.00343879235302
4403,1.00723549779,0.00720944715729,0.00359823436222
4404,1.00599935353,0.00598142906095,0.00298624679879
4405,1.00713638101,0.0071110375462,0.00354920540088
4406,1.00994508328,0.00989595638388,0.0049357571127
4407,1.00847378919,0.00843808817396,0.00421015642402
4408,1.00672794719,0.00670541555717,0.0033470937297
4409,1.0049283076,0.00491620324123,0.00245508296272
4410,1.00754366397,0.00751535282811,0.00375062518289
4411,1.00730743789,0.00728086792362,0.00363381561575
4412,1.00879385396,0.00875541322443,0.00436813842196
4413,1.0071538333,0.00712836602542,0.00355783885193
4414,1.00909053992,0.00904946967225,0.00451451364533
4415,1.00790269107,0.00787162835055,0.00392807901005
4416,1.00888404099,0.008844810084,0.00441264060822
4417,1.00914214835,0.00910061187358,0.00453996897945
4418,1.0080461431,0.00801394548868,0.00399895554087
4419,1.00881745426,0.00877880752201,0.00437978440787
4420,1.0079702216,0.00793862714508,0.00396144626014
4421,1.00734124707,0.00731443127801,0.00365053617112
4422,1.0068716768,0.00684817443929,0.00341823171815
4423,1.00794993715,0.00791850289252,0.00395142394401
4424,1.00826849016,0.0082344934675,0.00410878249386
4425,1.00918470502,0.00914278212299,0.00456095815706
4426,1.00777551692,0.00774544338105,0.00386523237501
4427,1.00499912585,0.00498667170666,0.00249023007328
4428,1.00428198524,0.00427284362666,0.00213414128859
4429,1.00684424039,0.00682092489717,0.00340465342722
4430,1.00707168595,0.00704679884096,0.00351719953244
4431,1.00819157102,0.0081582022085,0.00407079287189
4432,1.00673390352,0.00671133206447,0.00335004207744
4433,1.00859464655,0.00855792284561,0.00426981971103
4434,1.00716600457,0.00714045076085,0.00356385970368
4435,1.00731699666,0.00729035730811,0.00363854305544
4436,1.00463501758,0.00462430895958,0.00230948350958
4437,1.00648680127,0.0064658525232,0.0032277059826
4438,1.00911524481,0.00907395170631,0.00452669932554
4439,1.00811982359,0.00808703518946,0.00403535358494
4440,1.00772017551,0.0076905274451,0.00383788016294
4441,1.00706955583,0.0070446836745,0.00351614566838
4442,1.00746145296,0.00743375401685,0.00370997797135
4443,1.00695077522,0.00692672994096,0.00345737443982
4444,1.00627994805,0.00626031134685,0.00312526184363
4445,1.00829095982,0.00825677861704,0.00411987922439
4446,1.0084094481,0.0083742856875,0.0041783889833
4447,1.00716331252,0.00713777786719,0.00356252801887
4448,1.00709157148,0.00706654453272,0.00352703760498
4449,1.00901223947,0.00897187159677,0.00447588901708
4450,1.0080919533,0.00805938900257,0.00402158617741
4451,1.00750248663,0.0074744829506,0.00373026667991
4452,1.00755118457,0.00752281709216,0.00375434331014
4453,1.00925835865,0.00921576275722,0.00459728138064
4454,1.00693702682,0.0069130763538,0.00345057122579
4455,1.00806992857,0.00803754082741,0.00401070596256
4456,1.00735818572,0.00733124634148,0.00365891297564
4457,1.00806679617,0.00803443349601,0.00400915852696
4458,1.00770621334,0.0076766721489,0.00383097907842
4459,1.00654981128,0.00652845447142,0.00325890543808
4460,1.0053321335,0.00531796801279,0.00265545203959
4461,1.00639107355,0.00637073724323,0.00318030071746
4462,1.00622117819,0.00620190654849,0.00309615028454
4463,1.00641582461,0.0063953308164,0.0031925583212
4464,1.00937861721,0.00933491103553,0.00465657987437
4465,1.00842824391,0.00839292457643,0.00418766944426
4466,1.01233657819,0.0122611027121,0.00611179786873
4467,1.00854706875,0.00851074936009,0.00424633340243
4468,1.0094877961,0.0094430696433,0.0047104058982
4469,1.00758006806,0.00755148370352,0.00376862270134
4470,1.00861447901,0.00857758610958,0.0042796093156
4471,1.00816897698,0.00813579148899,0.00405963306431
4472,1.00614782596,0.00612900517683,0.00305981179323
4473,1.01025812287,0.010205865397,0.00508993485589
4474,1.00720838716,0.00718253091586,0.00358482457675
4475,1.00585405995,0.00583699152331,0.00291424109298
4476,1.00669290252,0.00667060448064,0.00332974629844
4477,1.00750310949,0.00747510117586,0.00373057463942
4478,1.00879578886,0.00875733125218,0.00436909324627
4479,1.00667972468,0.00665751417278,0.00332322291686
4480,1.00696386992,0.00693973416066,0.00346385404837
4481,1.00664530709,0.00662332436675,0.00330618467838
4482,1.00847172325,0.00843603959099,0.00420913644443
4483,1.00829834472,0.00826410276459,0.00412352620418
4484,1.00924381341,0.00920135084539,0.00459010852669
4485,1.00675434036,0.00673163200177,0.00336015799193
4486,1.00682715298,0.00680395349887,0.00339619658305
4487,1.00810521507,0.0080725442302,0.00402813731724
4488,1.00893965131,0.00889992918474,0.00444007817011
4489,1.00605357339,0.00603532412399,0.00301311349633
4490,1.0077136741,0.0076840758227,0.00383466672684
4491,1.00806421647,0.00803187443569,0.00400788412582
4492,1.0061536976,0.00613484091966,0.00306272073227
4493,1.00659778534,0.00657611522329,0.00328265787006
4494,1.00668654797,0.00666429216678,0.00332660064574
4495,1.00773858337,0.00770879411604,0.00384697840422
4496,1.00765525122,0.0076260984746,0.00380578879613
4497,1.0070113366,0.0069868714637,0.00348734078474
4498,1.00441446255,0.00440474738838,0.00219995024868
4499,1.009642653,0.00959645933637,0.00478673655376
4500,1.00908669888,0.00904566323357,0.00451261901629
4501,1.00722515685,0.00719918044772,0.00359311946533
4502,1.00769372372,0.00766427796426,0.00382480570791
4503,1.00754493676,0.00751661608305,0.00375125444116
4504,1.01004609162,0.00999596508331,0.00498551340906
4505,1.0098320861,0.00978406564977,0.00488008632114
4506,1.00675288804,0.00673018942045,0.00335943912466
4507,1.00591478165,0.00589735800144,0.00294433591663
4508,1.00682383686,0.00680065986065,0.00339455535552
4509,1.00767888259,0.00764955003242,0.00381746988072
4510,1.00774566302,0.00771581938071,0.00385047751739
4511,1.007961389,0.00792986435641,0.0039570822129
4512,1.00560890199,0.00559323066876,0.00279270844858
4513,1.00757235267,0.00754382632385,0.00376480843309
4514,1.0081084525,0.00807575562383,0.0040297365448
4515,1.00704820811,0.007023485586,0.00350558383595
4516,1.00553656013,0.00552128971652,0.00275683778238
4517,1.00991851943,0.00986965376853,0.00492267063063
4518,1.00727171265,0.00724540122114,0.00361614654757
4519,1.00768172728,0.0076523730472,0.00381887599873
4520,1.00828471932,0.00825058940664,0.00411679736382
4521,1.00731966462,0.00729300588788,0.00363986252597
4522,1.00836258698,0.0083278142713,0.00415525009421
4523,1.00947241314,0.00942783115009,0.00470282251245
4524,1.00572638076,0.00571004736987,0.00285095198067
4525,1.00838452284,0.00834956798105,0.00416608169412
4526,1.00499154847,0.00497913199614,0.00248646959874
4527,1.00724146409,0.00721537057964,0.0036011854121
4528,1.00831948917,0.00828507296881,0.00413396801596
4529,1.00553462663,0.00551936686179,0.00275587900505
4530,1.00659882226,0.00657714534615,0.00328317124059
4531,1.00954144284,0.00949621076189,0.00473685094805
4532,1.00849497193,0.00845909271046,0.00422061442116
4533,1.00967801258,0.00963148059729,0.00480416321287
4534,1.01006033968,0.0100100713224,0.00499253134045
4535,1.00933267358,0.00928939325902,0.00463392670691
4536,1.00963552374,0.0095893981369,0.00478322284787
4537,1.0084889392,0.00845311077255,0.00421763607148
4538,1.01051760511,0.0104626798842,0.00521768031308
4539,1.00623790381,0.00621852861706,0.00310443555218
4540,1.00953921366,0.00949400265273,0.0047357521226
4541,1.01037521736,0.0103217642035,0.00514758762994
4542,1.00896589609,0.00892594108346,0.00445302628784
4543,1.00690117565,0.0068774715318,0.00343283008536
4544,1.00835717419,0.00832244636486,0.0041525772899
4545,1.00629038113,0.00627067925728,0.00313042958424
4546,1.00577977781,0.00576313897311,0.00287742175015
4547,1.00852178205,0.00848567664178,0.00423385019859
4548,1.00422166214,0.00421277592675,0.00210417108506
4549,1.00679366353,0.0067706905824,0.00337962147069
4550,1.00643457846,0.00641396493915,0.00320184559405
4551,1.00821270476,0.00817916401281,0.00408123105376
4552,1.00886024662,0.00882122495787,0.00440090001227
4553,1.00953400743,0.00948884560221,0.00473318580529
4554,1.00793020874,0.00789892988803,0.00394167606468
4555,1.00514393995,0.00513075508545,0.00256208977381
4556,1.00849776197,0.00846185924371,0.0042219918486
4557,1.00665767812,0.00663561366357,0.00331230899263
4558,1.00954104699,0.00949581865464,0.00473665582308
4559,1.00851076245,0.00847475009926,0.00422841004314
4560,1.00651361351,0.00649249159955,0.00324098244081
4561,1.00546486217,0.00544998399437,0.00272128257664
4562,1.00830771167,0.00827339258268,0.00412815194908
4563,1.00856329628,0.00852683923526,0.00425434414631
4564,1.00673815133,0.00671555145281,0.00335214470183
4565,1.00946953468,0.00942497969553,0.0047014034891
4566,1.0080085662,0.007976667825,0.00398039107188
4567,1.00591055578,0.00589315696457,0.00294224158063
4568,1.00561612835,0.00560041669998,0.00279629142351
4569,1.00726706913,0.00724079121041,0.00361384987479
4570,1.0065364175,0.00651514776209,0.00325227374401
4571,1.01138420738,0.0113198949245,0.00564396013633
4572,1.00718514968,0.00715945947843,0.00357333014526
4573,1.00578304456,0.00576638694414,0.00287904106147
4574,1.00792129552,0.00789008675996,0.00393727191929
4575,1.00716416898,0.00713862823246,0.00356295168669
4576,1.00967602103,0.00962950813637,0.00480318171994
4577,1.00625335478,0.00623388368843,0.00311208922407
4578,1.00736780098,0.00734079131701,0.00366366798994
4579,1.00814067701,0.0081077204411,0.00404565442134
4580,1.00839914518,0.00836406863564,0.00417330178979
4581,1.00709966357,0.00707457961189,0.00353104096652
4582,1.00706888128,0.00704401386195,0.00351581193963
4583,1.00802951798,0.00799745292751,0.00399074220293
4584,1.00735495936,0.00732804354303,0.00365731743452
4585,1.00671930602,0.00669683209538,0.00334281635446
4586,1.00669173422,0.00666944394882,0.0033291679645
4587,1.00807679627,0.00804435352491,0.00401409864367
4588,1.00620701731,0.00618783312459,0.00308913533463
4589,1.00644438417,0.00642370790999,0.0032067014699
4590,1.00737055444,0.00734352464244,0.00366502964473
4591,1.00586913464,0.00585197836812,0.00292171264976
4592,1.00871629047,0.00867852290932,0.00432986046238
4593,1.00702337495,0.00699882593126,0.00349329715607
4594,1.00855442059,0.00851803887221,0.00424996267503
4595,1.00696744923,0.00694328871843,0.00346562516945
4596,1.00735356201,0.00732665639183,0.00365662639531
4597,1.00875119252,0.0087131227743,0.00434708533958
4598,1.00870414872,0.00866648601124,0.00432386805435
4599,1.0076591262,0.00762994400064,0.00380770423968
4600,1.00832314046,0.00828869412398,0.00413577110704
4601,1.00750715996,0.00747912147259,0.00373257728677
4602,1.00806223305,0.00802990688198,0.00400690429135
4603,1.00850552297,0.00846955481676,0.00422582338242
4604,1.00697315026,0.00694895028588,0.00346844613874
4605,1.00752469249,0.0074965232165,0.00374124564434
4606,1.00595221905,0.00593457457963,0.00296288924405
4607,1.00616647477,0.00614753986899,0.00306905074017
4608,1.00550722166,0.00549211236673,0.00274228921997
4609,1.00638527878,0.0063649792501,0.00317743087284
4610,1.00829048091,0.00825630363983,0.00411964271418
4611,1.00888215345,0.0088429391618,0.00441170927454
4612,1.00894330139,0.00890354692273,0.00444187900596
4613,1.00519341115,0.00517997189866,0.00258663482946
4614,1.00656571456,0.00654425413923,0.00326677949607
4615,1.00818812736,0.00815478651658,0.00406909197676
4616,1.00823368279,0.00819997094861,0.00409159200881
4617,1.00890167186,0.00886228554029,0.0044213397419
4618,1.00848739631,0.00845158087364,0.00421687434801
4619,1.00778669664,0.00775653677997,0.00387075761986
4620,1.00761535099,0.00758650057868,0.00378606500353
4621,1.00853400292,0.00849779417215,0.0042398832936
4622,1.00658131592,0.00655975360955,0.00327450388463
4623,1.00861581809,0.00857891375416,0.00428027029677
4624,1.00824073719,0.00820696771488,0.00409507607189
4625,1.00612029817,0.00610164521132,0.00304617357536
4626,1.00657440655,0.00655288939785,0.00327108301135
4627,1.00484086898,0.00482918964967,0.00241168203562
4628,1.00780697475,0.00777665801022,0.00388077924238
4629,1.00392215005,0.00391447847723,0.00195532509491
4630,1.00813479204,0.00810188297053,0.00404274749001
4631,1.0071358365,0.00711049689566,0.00354893603501
4632,1.00812647048,0.00809362852119,0.00403863694218
4633,1.00838794507,0.00835296174565,0.00416777150564
4634,1.00727328022,0.00724695747875,0.00361692186225
4635,1.00864078981,0.00860367185623,0.00429259628583
4636,1.00949214773,0.00944738036126,0.00471255110226
4637,1.00866610434,0.00862876920273,0.0043050910143
4638,1.00614639707,0.00612758501746,0.00305910388601
4639,1.00896141638,0.00892150117524,0.00445081621679
4640,1.00904904166,0.00900834440925,0.00449404363365
4641,1.00737007545,0.00734304915256,0.00366479277111
4642,1.00947414758,0.00942954930504,0.00470367754947
4643,1.00467968276,0.00466876708864,0.00233166098996
4644,1.00704802697,0.00702330572197,0.00350549421919
4645,1.00880122351,0.0087627185032,0.00437177509947
4646,1.00619514643,0.00617603540097,0.00308325467785
4647,1.00897393948,0.00893391297248,0.00445699447492
4648,1.00658906794,0.00656745491604,0.0032783419215
4649,1.00955710839,0.0095117281376,0.0047445728542
4650,1.00948371609,0.00943902797336,0.00470839458015
4651,1.00728435148,0.00725794873518,0.00362239759816
4652,1.00790415001,0.00787307585176,0.00392879991744
4653,1.00777997084,0.00774986292325,0.0038674336024
4654,1.0057179788,0.00570169320641,0.0028467867989
4655,1.00914015136,0.00909863297835,0.0045389840234
4656,1.00794400115,0.00791261369231,0.00394849097495
4657,1.00737523334,0.00734816929184,0.00366734345536
4658,1.00735118577,0.00732429750143,0.00365545126221
4659,1.00711173806,0.00708656890828,0.00353701442946
4660,1.00574148699,0.00572506747145,0.00285844059255
4661,1.00691332714,0.00688953966224,0.00343884341852
4662,1.0056430373,0.00562717501397,0.00280963307924
4663,1.00831077111,0.00827642680911,0.00412966279828
4664,1.00770483653,0.00767530586744,0.00383029855456
4665,1.00521429137,0.00520074402294,0.00259699397286
4666,1.00851725995,0.0084811927442,0.00423161773938
4667,1.00752924458,0.00750104129459,0.00374349622922
4668,1.00717246711,0.00714686730404,0.00356705653631
4669,1.00583937948,0.00582239638771,0.0029069647655
4670,1.00751648654,0.0074883785138,0.00373718852039
4671,1.00795542274,0.00792394519656,0.00395413433991
4672,1.00654348008,0.00652216445108,0.00325577067227
4673,1.00813732926,0.00810439971259,0.00404400077297
4674,1.00822182758,0.00818821247845,0.00408573681195
4675,1.00915789723,0.00911621796198,0.00454773656777
4676,1.00787111373,0.00784029811058,0.00391247530168
4677,1.00560396996,0.00558832613982,0.00279026302957
4678,1.00764927258,0.00762016523722,0.00380283346338
4679,1.00808597018,0.00805345389249,0.00401863055226
4680,1.01106474724,0.0110039807588,0.00548688215145
4681,1.00780928012,0.00777894551748,0.0038819185567
4682,1.00715295863,0.00712749756391,0.003557406166
4683,1.00476794899,0.00475661832659,0.00237548322682
4684,1.00804440123,0.00801221751759,0.00399809500999
4685,1.00962617057,0.00958013418702,0.00477861301802
4686,1.00850375557,0.00846780232427,0.00422495083866
4687,1.00878941113,0.00875100910827,0.00436594598036
4688,1.00893235192,0.00889269444356,0.00443647685442
4689,1.00662832959,0.00660645880504,0.00329777974242
4690,1.00991497385,0.00986614300229,0.00492092388715
4691,1.00767015972,0.00764089360327,0.00381315817964
4692,1.0082361498,0.00820241780421,0.00409281043009
4693,1.00635522769,0.00633511838324,0.00316254776873
4694,1.00953118059,0.0094860454548,0.00473179235742
4695,1.00714890563,0.00712347333775,0.0035554012088
4696,1.00757447691,0.00754593459855,0.00376585860126
4697,1.0084397792,0.00840436339035,0.00419336488395
4698,1.0069402914,0.006916318437,0.00345218667256
4699,1.0056839894,0.00566789648325,0.00282993640098
4700,1.00668204069,0.00665981480692,0.00332436941051
4701,1.00893646702,0.00889677310546,0.00443850713585
4702,1.0109252121,0.0108659631148,0.00541824960464
4703,1.00811955406,0.00808676783703,0.00403522044815
4704,1.00751961465,0.00749148328451,0.00373873510299
4705,1.0072427987,0.00721669559593,0.00360184553421
4706,1.00678128046,0.00675839099534,0.00337349244229
4707,1.00872836822,0.00869049623112,0.00433582118403
4708,1.00670953437,0.00668712562187,0.00333797932944
4709,1.00761522795,0.00758637847711,0.00378600418388
4710,1.00804729467,0.00801508786529,0.00399952444485
4711,1.00727913754,0.00725277248715,0.00361981884602
4712,1.00724009911,0.00721401541556,0.00360051026993
4713,1.0045077719,0.00449764232492,0.00224629445854
4714,1.00501587208,0.00500333450079,0.00249854068863
4715,1.00982798192,0.00978000142147,0.00487806412183
4716,1.00741365593,0.00738630986074,0.00368634362135
4717,1.00645465078,0.00643390872469,0.0032117855088
4718,1.00656518913,0.00654373213999,0.00326651934905
4719,1.00617244392,0.00615347241535,0.00307200790532
4720,1.00670668471,0.00668429495348,0.0033365687186
4721,1.0056973793,0.0056812106189,0.00283657460764
4722,1.00533857232,0.00532437265492,0.00265864585194
4723,1.00784416369,0.00781355818223,0.00389915755813
4724,1.00774463671,0.00771480095231,0.00384997026378
4725,1.00530082257,0.00528682266583,0.00263992059767
4726,1.0080837415,0.00805124308008,0.00401752958767
4727,1.00692553913,0.00690166773479,0.0034448865832
4728,1.005273132,0.00525927772458,0.00262618439068
4729,1.0056298404,0.0056140520829,0.00280309002754
4730,1.00521811542,0.00520454823229,0.00259889113597
4731,1.00601284887,0.00599484383234,0.00299293413215
4732,1.00964041191,0.00959423964925,0.00478563202212
4733,1.00874481183,0.00870679741939,0.00434393640557
4734,1.00542636497,0.00541169529405,0.00270219014091
4735,1.00524207754,0.00522838567565,0.00261077881135
4736,1.00965150592,0.00960522766573,0.00479109972304
4737,1.0077505143,0.00772063335576,0.00385287523398
4738,1.0063658763,0.00634569969091,0.00316782167666
4739,1.00608734409,0.00606889105542,0.00302984625114
4740,1.00985923013,0.00981094502931,0.00489346033419
4741,1.00857965276,0.00854305670901,0.00426241835309
4742,1.00891196861,0.00887249139091,0.00442642009249
4743,1.00627635689,0.00625674258724,0.0031234830389
4744,1.00677162478,0.00674880030652,0.00336871326347
4745,1.00538029695,0.00536587485909,0.00267934156946
4746,1.00404240652,0.00403425795106,0.00201509593808
4747,1.00634495437,0.00632490989377,0.00315745965342
4748,1.00627220386,0.00625261545791,0.00312142591762
4749,1.0092395702,0.00919714648616,0.0045880159941
4750,1.00698254944,0.0069582843318,0.00347309696353
4751,1.00888716979,0.00884791132667,0.00441418438602
4752,1.00611386543,0.00609525158283,0.00304298649408
4753,1.00914317579,0.0091016300056,0.00454047573419
4754,1.00692515553,0.00690128677194,0.00344469675794
4755,1.00944201996,0.00939772270779,0.00468783897585
4756,1.00801149969,0.00797957800513,0.00398184036906
4757,1.00775294964,0.00772304996371,0.00385407888178
4758,1.00690072866,0.0068770276055,0.00343260888415
4759,1.00724868889,0.0072225434172,0.00360475890911
4760,1.0053086266,0.00529458551704,0.00264379176911
4761,1.00925139108,0.00920885907591,0.00459384540314
4762,1.00757919699,0.00755061918419,0.0037681920706
4763,1.0074903076,0.00746239454482,0.00372424500532
4764,1.00934953277,0.00930609642097,0.00464223955256
4765,1.0073849158,0.00735778082359,0.00367213158533
4766,1.00783363592,0.00780311230239,0.00389395496969
4767,1.00768828554,0.00765888128564,0.0038221176856
4768,1.00824899317,0.00821515618127,0.00409915353054
4769,1.00824187561,0.00820809682978,0.00409563831728
4770,1.00846804703,0.00843239424818,0.00420732144325
4771,1.0062131781,0.00619395588457,0.00309218725293
4772,1.0055876945,0.00557214124185,0.002782193128
4773,1.0066073958,0.0065856626423,0.00328741589775
4774,1.0060400593,0.00602189126386,0.00300641728114
4775,1.01213818884,0.0120651117788,0.00601439655821
4776,1.00800762083,0.00797572996469,0.00397992400814
4777,1.00785543983,0.00782474650117,0.0039047298895
4778,1.00680716369,0.00678409956223,0.00338630327957
4779,1.00824335491,0.00820956403385,0.00409636891447
4780,1.00850790306,0.00847191483433,0.00422699840401
4781,1.00620456775,0.00618539866747,0.00308792186551
4782,1.00578939402,0.00577269988402,0.00288218843883
4783,1.00782740152,0.00779692634032,0.00389087402782
4784,1.00663622398,0.00661430118197,0.00330168799201
4785,1.00963227468,0.00958618008154,0.00478162151524
4786,1.00718034692,0.00715469097176,0.00357095440882
4787,1.00788665288,0.00785571578417,0.00392015394824
4788,1.00907592471,0.00903498602042,0.00450730448663
4789,1.00472483048,0.00471370350576,0.00235407655845
4790,1.00527308115,0.00525922713606,0.00262615916285
4791,1.00688526541,0.00686167021048,0.00342495651523
4792,1.00723021906,0.00720420634074,0.00359562337937
4793,1.00704044525,0.00701577702819,0.00350174306113
4794,1.00825865427,0.00822473818975,0.00410392488429
4795,1.00801654927,0.00798458743752,0.00398433510875
4796,1.00747102709,0.00744325719916,0.00371471192296
4797,1.00596656598,0.00594883650895,0.0029699990551
4798,1.00624420837,0.00622479407675,0.00310755855178
4799,1.00701228003,0.00698780833132,0.00348780758486
4800,1.00908593873,0.00904490992725,0.00451224406276
4801,1.00595088245,0.00593324588797,0.00296222686638
4802,1.00877284146,0.00873458367761,0.00435776908772
4803,1.00714998635,0.00712454639121,0.00355593582782
4804,1.00934431631,0.0093009282632,0.00463966746627
4805,1.00407840893,0.00407011476509,0.00203298805724
4806,1.00754703425,0.00751869786584,0.00375229142737
4807,1.00710206951,0.0070769685944,0.00353223123926
4808,1.006802014,0.00677898467718,0.00338375449406
4809,1.00873613069,0.00869819150028,0.00433965212858
4810,1.00758011771,0.0075515329782,0.00376864724583
4811,1.00624057219,0.00622118045209,0.0031057573526
4812,1.00651168233,0.00649057291549,0.00324002620753
4813,1.01052727199,0.0104722461103,0.00522243845798
4814,1.00699693316,0.00697256820744,0.00348021407129
4815,1.00787879375,0.00784791812713,0.00391627039616
4816,1.00814889766,0.00811587466919,0.00404971503251
4817,1.00886784788,0.00882875943387,0.00440465066397
4818,1.00690727487,0.00688352893393,0.00343584838484
4819,1.00679074867,0.00676779538973,0.00337817876563
4820,1.00777933671,0.00774923368666,0.00386712020082
4821,1.00771438367,0.0076847799605,0.00383501744561
4822,1.00874356758,0.00870556395437,0.00434332235192
4823,1.00705343305,0.0070286739508,0.00350816892087
4824,1.00942908244,0.0093849061234,0.00468146070426
4825,1.00735996972,0.00733301730498,0.0036597952171
4826,1.00738814232,0.00736098368564,0.00367372713442
4827,1.00851035843,0.00847434948527,0.00422821058311
4828,1.0071880086,0.00716229799857,0.00357474433284
4829,1.0083597601,0.00832501083411,0.00415385419913
4830,1.00850732762,0.00847134424876,0.00422671431711
4831,1.00504864242,0.005035940762,0.00251480295263
4832,1.00741912484,0.00739173850723,0.003689047935
4833,1.00857472981,0.00853817562578,0.00425998821112
4834,1.00885117258,0.00881223056963,0.00439642259978
4835,1.00843577659,0.00840039426807,0.00419138864283
4836,1.00903190537,0.00899136165288,0.0044855903802
4837,1.0075721459,0.00754362111258,0.00376470621374
4838,1.0092127067,0.00917052857177,0.00457476801046
4839,1.00983496356,0.00978691508451,0.00488150408476
4840,1.00752695791,0.00749877171511,0.00374236568691
4841,1.00898651842,0.00894637995232,0.00446320016287
4842,1.00683872713,0.00681544910052,0.00340192484676
4843,1.00744644191,0.00741885402902,0.0037025555891
4844,1.00549455182,0.0054795118402,0.00273600621406
4845,1.01044548814,0.0103913109691,0.00518218141225
4846,1.0043792574,0.00436969636063,0.00218246313683
4847,1.00504843691,0.00503573628098,0.00251470096924
4848,1.0087001152,0.00866248728568,0.00432187733456
4849,1.00881612171,0.00877748661267,0.00437912684563
4850,1.00833500356,0.0083004592354,0.00414162931662
4851,1.0075613495,0.00753290578786,0.0037593687071
4852,1.00813757473,0.00810464320115,0.00404412202491
4853,1.00961376994,0.00956785171821,0.00477250111143
4854,1.00735793976,0.0073310021748,0.00365879133899
4855,1.0093456042,0.00930220423476,0.0046403024918
4856,1.00656904594,0.00654756378506,0.00326842891168
4857,1.00756941272,0.00754090846436,0.00376335499487
4858,1.0100293096,0.00997934983495,0.00497724716832
4859,1.0048541625,0.00484241904442,0.00241828075863
4860,1.00927226005,0.00922953653757,0.00460413658624
4861,1.01140051342,0.0113360172935,0.00565197579151
4862,1.00911871296,0.00907738852025,0.00452840995232
4863,1.00712273017,0.00709748334493,0.00354245233068
4864,1.00677033654,0.00674752073335,0.00336807563194
4865,1.00904710398,0.00900642410936,0.0044930877982
4866,1.00550211222,0.0054870308924,0.00273975544702
4867,1.00752139554,0.00749325088443,0.00373961559827
4868,1.00986490143,0.00981656094775,0.00489625454885
4869,1.00780097639,0.00777070609515,0.00387781482946
4870,1.0045965169,0.00458598518005,0.00229036569072
4871,1.00831603165,0.0082816439703,0.00413226060292
4872,1.00772449838,0.00769481718892,0.0038400168008
4873,1.00780385418,0.00777356160944,0.00387923704902
4874,1.00724051816,0.00721443145088,0.0036007175386
4875,1.00505697014,0.00504422661526,0.00251893545206
4876,1.01042003242,0.0103661180818,0.00516965016671
4877,1.0077150716,0.00768546262351,0.00383535746805
4878,1.00805542429,0.00802315255224,0.00400354065277
4879,1.00898223256,0.00894213225872,0.00446108579298
4880,1.00705919433,0.00703439485502,0.00351101933395
4881,1.00690139089,0.00687768529439,0.00343293659975
4882,1.00741997113,0.00739257856317,0.00368946641338
4883,1.0072597175,0.00723349260107,0.00361021375153
4884,1.00735195812,0.00732506420995,0.00365583321506
4885,1.00952438483,0.00947931383774,0.00472844246956
4886,1.00678981284,0.00676686586821,0.00337771557481
4887,1.00940235171,0.00935842472861,0.00466828190542
4888,1.00645382442,0.00643308767052,0.00321137630016
4889,1.00857755499,0.00854097678461,0.00426138282311
4890,1.00858814119,0.00855147289575,0.00426660850099
4891,1.0053463317,0.00533209080794,0.00266249466111
4892,1.00768530354,0.00765592203788,0.00382064371592
4893,1.00994186029,0.00989276512664,0.00493416935845
4894,1.00724991793,0.00722376360677,0.00360536680447
4895,1.00885091351,0.00881197377056,0.00439629476474
4896,1.00987738553,0.0098289230143,0.0049024052992
4897,1.00682284414,0.00679967386852,0.00339406403283
4898,1.00859951412,0.00856274892069,0.00427222244244
4899,1.00774143594,0.00771162478488,0.00384838829288
4900,1.00703439322,0.00700976729604,0.00349874871283
4901,1.00818254982,0.00814925426785,0.0040663371042
4902,1.00827145033,0.00823742935604,0.00411024440559
4903,1.00686006975,0.00683664653105,0.00341248745001
4904,1.00891905179,0.00887951197831,0.00442991484202
4905,1.00901595745,0.00897555635837,0.00447772314989
4906,1.00605878262,0.00604050199981,0.00301569463013
4907,1.00731882658,0.00729217393631,0.00363944806419
4908,1.00910505204,0.00906385095766,0.00452167180004
4909,1.00711690408,0.00709169843535,0.00353957011811
4910,1.0089102137,0.00887075197778,0.00442555423523
4911,1.00636007388,0.0063399339627,0.00316494794082
4912,1.0063737986,0.00635357184967,0.00317174527953
4913,1.00843721592,0.00840182156354,0.00419209929914
4914,1.00702747907,0.0070029014134,0.00349532777664
4915,1.00918216684,0.00914026703716,0.00455970634896
4916,1.00836219786,0.00832742838504,0.00415505795279
4917,1.00931683006,0.0092736961085,0.00462611447072
4918,1.00916455738,0.00912281764916,0.00455102139911
4919,1.00873830525,0.00870034722796,0.00434072531429
4920,1.00686479209,0.00684133669094,0.00341482452466
4921,1.00589680049,0.00587948241066,0.00293542439729
4922,1.00617368128,0.00615470218562,0.00307262090134
4923,1.01000712763,0.00995738789048,0.00496632079111
4924,1.00790555297,0.00787446780955,0.00392949316174
4925,1.00879357031,0.00875513204592,0.00436799844681
4926,1.00814590676,0.00811290794432,0.00404823767618
4927,1.00667869455,0.00665649087345,0.00332271296739
4928,1.0081572181,0.00812412782639,0.00405382489117
4929,1.00852194491,0.00848583812159,0.00423393059665
4930,1.00740427091,0.00737699385775,0.00368170278005
4931,1.00811815681,0.00808538184115,0.00403453024637
4932,1.00734353724,0.00731670475247,0.00365166875801
4933,1.00348002087,0.00347397960682,0.0017354821097
4934,1.00819683888,0.00816342725124,0.00407339475483
4935,1.00887214698,0.00883302074056,0.00440677193027
4936,1.00707267122,0.00704777719222,0.00351768698742
4937,1.00808116864,0.00804869085607,0.00401625860167
4938,1.00859279075,0.00855608285794,0.00426890364499
4939,1.00962980135,0.00958373034267,0.00478040250192
4940,1.01052247705,0.0104675011072,0.00522007834391
4941,1.00917726057,0.00913540539863,0.00455728661058
4942,1.00622118644,0.00620191475155,0.00309615437337
4943,1.00639940112,0.00637901188914,0.00318442487396
4944,1.00606209042,0.00604378986859,0.00301733360557
4945,1.00601672182,0.00599869362615,0.00299485326611
4946,1.00811506512,0.00808231503637,0.00403300302936
4947,1.00871237852,0.00867464475535,0.00432792977945
4948,1.00811080243,0.00807808665639,0.00403089736368
4949,1.00972925428,0.00968222984401,0.00482941561201
4950,1.0055386627,0.00552338071307,0.00275788039784
4951,1.00578459241,0.00576792589611,0.0028798083218
4952,1.00823491111,0.00820118923376,0.00409219865883
4953,1.00595649182,0.00593882205134,0.00296500668526
4954,1.00816831959,0.00813513942805,0.00405930835735
4955,1.00763327352,0.00760428749934,0.00379492475324
4956,1.00647924917,0.00645834906594,0.00322396635643
4957,1.00725825864,0.00723204425336,0.00360949219184
4958,1.0081398819,0.00810693175003,0.00404526167111
4959,1.01014298705,0.0100918921714,0.0050332366857
4960,1.00832706856,0.00829258979943,0.00413771088706
4961,1.00674995076,0.00672727184065,0.00335798523442
4962,1.0080378331,0.00800570178263,0.00399485016249
4963,1.00704900866,0.00702428053874,0.00350597991885
4964,1.00601494505,0.00599692748205,0.00299397283835
4965,1.00809459437,0.00806200886574,0.00402289084014
4966,1.00803301476,0.00800092185339,0.00399246974257
4967,1.00721419842,0.00718830057305,0.00358769905959
4968,1.00683462741,0.00681137722426,0.00339989583267
4969,1.00763841872,0.00760939370643,0.00379746816471
4970,1.00773609491,0.00770632476082,0.00384574847563
4971,1.00870614276,0.00866846283772,0.00432485219334
4972,1.00644410312,0.00642342866149,0.00320656229337
4973,1.00821972753,0.00818612955735,0.00408469960599
4974,1.00708468455,0.00705970608287,0.00352363043397
4975,1.00736106186,0.00733410147105,0.00366033531608
4976,1.0082357636,0.00820203475728,0.00409261969048
4977,1.00494931342,0.00493710583613,0.00246550854689
4978,1.00775665349,0.00772672531047,0.00385590947094
4979,1.00841572915,0.0083805143379,0.00418149029081
4980,1.00663658854,0.00661466334092,0.0033018684736
4981,1.00829207065,0.00825788030854,0.00412042780057
4982,1.00679050362,0.00676755199391,0.00337805747884
4983,1.00730629584,0.00727973415672,0.00363325079209
4984,1.00780978804,0.0077794495028,0.00388216957111
4985,1.00994647044,0.00989732988521,0.00493644047349
4986,1.0088456905,0.00880679657235,0.00439371754255
4987,1.00704946454,0.0070247332282,0.00350620546999
4988,1.00801481907,0.00798287099804,0.00398348030808
4989,1.00527796857,0.00526408890901,0.00262858366248
4990,1.00780774894,0.00777742619734,0.00388116184528
4991,1.00739392307,0.00736672201659,0.00367658575525
4992,1.00950417044,0.00945928995592,0.00471847781965
4993,1.00719970072,0.00717390660751,0.00358052787162
4994,1.00952828396,0.00948317617095,0.0047303645029
4995,1.00714770955,0.00712228574721,0.00355480952454
4996,1.00631665902,0.00629679254928,0.00314344527236
4997,1.00904114454,0.00900051808584,0.00449014805024
4998,1.01087498484,0.0108162774326,0.00539354106133
4999,1.00949847819,0.00945365127791,0.00471567177968
